"```csv"
"DR_NO","Date_Reported","Incident_Date","Time_Occurred","Area_Code","Area_Name","Report_Dist_No","Crime_Description","Victim_Age","Location_Type","Status_Description","Incident_Location"
"190326475","03/01/2020 00:00","3/1/2020 0:00","2130","07","Wilsire","784","Vehicle Stolen","0","Street","Adult Arrest","1900 S  LONGWOOD                     AV"
"200106753","02/09/2020 00:00","2/8/2020 0:00","1800","01","Centrl","182","Burlary From Vehicle","47","Bus stop","Invest Cont","1000 S  FLOWER                       ST"
"200320258","11/11/2020 00:00","11/4/2020 0:00","1700","03","Southwes","356","Bike stolen","19","Appartment","Invest Cont","1400 W  37TH                         ST"
"200907217","05/10/2023 00:00","3/10/2020 0:00","2037","09","Vannuys","964","Shoplifting","19","Clothing Store","Invest Cont","14000    RIVERSIDE                    DR"
"200412582","09/09/2020 00:00","9/9/2020 0:00","630","04","Hollenbe","413","Vehicle - STOLEN","0","STREET","Invest Cont","200 E  AVENUE 28"
"200209713","05/03/2020 00:00","5/2/2020 0:00","1800","02","Rampat","245","VEHICLE - STOLEN","0","STREET","Invest Cont","2500 W  4TH                          ST"
"200200759","07/07/2020 00:00","7/7/2020 0:00","1340","02","Rampr","265","ARSON","0","STREET","Invest Cont","JAMES M WOOD"
"201308739","03/27/2020 00:00","3/27/2020 0:00","1210","13","Newto","1333","VEHICLE - STOLEN","0","STREET","Invest Cont","3200 S  SAN PEDRO                    ST"
"201112065","07/31/2020 00:00","7/30/2020 0:00","2030","11","Northeas","1161","VEHICLE - STOLEN","0","STREET","Adult Arrest","KENMORE                      ST"
"200121929","12/04/2020 00:00","12/3/2020 0:00","2300","01","Centrl","105","VEHICLE - STOLEN","0","STREET","Invest Cont","400    SOLANO                       AV"
"201215394","06/26/2020 00:00","6/25/2020 0:00","2200","12","77th Street","1259","VEHICLE - STOLEN","0","STREET","Invest Cont","FLORENCE"
"200406391","03/02/2020 00:00","3/1/2020 0:00","1430","04","Hollenbk","407","BURGLARY","27","PUBLIC STORAGE","Invest Cont","4500    HUNTINGTON DR"
"200114396","07/06/2020 00:00","7/4/2020 0:00","100","01","Central","157","VEHICLE - STOLEN","0","STREET","Invest Cont","6TH                          ST"
"200912561","07/20/2020 00:00","7/20/2020 0:00","700","09","Vannys","937","VEHICLE - STOLEN","0","STREET","Invest Cont","BESSEMER"
"200207955","03/19/2020 00:00","3/19/2020 0:00","130","02","Rampart","236","VEHICLE - STOLEN","0","STREET","Invest Cont","1900    MIRAMAR                      ST"
"200112598","06/01/2020 00:00","5/30/2020 0:00","30","01","Centrall","153","BURGLARY","0","JEWELRY STORE","Adult Arrest","600 S  BROADWAY"
"200905707","02/08/2020 00:00","2/7/2020 0:00","2000","09","VanNuys","939","VEHICLE - STOLEN","0","STREET","Adult Other","AETNA"
"200215463","09/26/2020 00:00","9/25/2020 0:00","1900","02","Ramp","237","VEHICLE - STOLEN","0","STREET","Invest Cont","1600 W  COURT                        ST"
"200308100","03/07/2020 00:00","3/6/2020 0:00","2200","03","Southwest","317","VEHICLE - STOLEN","0","STREET","Invest Cont","VERMONT"
"200606074","02/12/2020 00:00","2/7/2020 0:00","1615","06","Hollywood","646","PIMPING","23","STREET","Adult Arrest","HOLLYWOOD"
"200517540","12/07/2020 00:00","11/30/2020 0:00","2255","05","Harbor","541","VEHICLE - STOLEN","0","STREET","Invest Cont","1400    BRETT                        PL"
"200506977","03/10/2020 00:00","2/22/2020 0:00","30","05","Harbr","511","VEHICLE - STOLEN","0","STREET","Adult Arrest","1600 W  PACIFIC COAST                HY"
"201110303","06/11/2020 00:00","6/8/2020 0:00","2000","11","Northeas","1118","BURGLARY","0","OTHER BUSINESS","Invest Cont","100    AVENUE 56"
"201000767","07/14/2020 00:00","7/13/2020 0:00","2000","10","West valley","1043","BURGLARY FROM VEHICLE","41","PARKING LOT","Adult Arrest","18600    HATTERAS                     ST"
"200510354","06/08/2020 00:00","6/8/2020 0:00","330","05","Harbor","587","VEHICLE - STOLEN","0","STREET","Invest Cont","2900 S  KERCKHOFF                    AV"
"200410136","06/24/2020 00:00","6/24/2020 0:00","700","04","Hollenbeck","413","VEHICLE - STOLEN","0","STREET","Invest Cont","300 E  AVENUE 31"
"200814461","09/24/2020 00:00","9/24/2020 0:00","1710","08","West LA","898","VEHICLE - STOLEN","0","STREET","Invest Cont","ROBERTSON                    BL"
"201215562","06/29/2020 00:00","6/29/2020 0:00","730","12","77th Street","1263","VEHICLE - STOLEN","0","STREET","Invest Cont","81ST"
"200210168","05/14/2020 00:00","5/12/2020 0:00","2100","02","Rampart","266","VEHICLE - STOLEN","0","STREET","Invest Cont","700 S  UNION                        AV"
"200714301","09/27/2020 00:00","9/22/2020 0:00","1430","07","Wilshire","702","VEHICLE - STOLEN","0","STREET","Invest Cont","800 N  FULLER                       AV"
"200906009","02/14/2020 00:00","2/13/2020 0:00","2230","09","Van Nuys","914","PANDERING","0","STREET","Adult Other","SEPULVEDA"
"200218448","12/11/2020 00:00","12/10/2020 0:00","2000","02","Rampart","271","VEHICLE - STOLEN","0","STREET","Invest Cont","900 S  ALVARADO                     ST"
"200618540","11/27/2020 00:00","11/27/2020 00:00","950","06","Hollywood","642","VEHICLE - STOLEN","0","STREET","Invest Cont","ORANGE"
"200316510","08/30/2020 00:00","8/29/2020 0:00","2050","03","Southwest","333","VEHICLE - STOLEN","0","STREET","Adult Other","JEFFERSON"
"200504009","01/01/2020 00:00","1/1/2020 0:00","2100","05","Harbor","526","OTHER MISCELLANEOUS CRIME","0","STREET","Adult Arrest","G"
"200808682","04/25/2020 00:00","4/21/2020 0:00","1400","08","West LA","858","VEHICLE - STOLEN","0","STREET","Invest Cont","8800 W  PICO                         BL"
"200810737","06/17/2020 00:00","6/16/2020 0:00","1600","08","West LA","829","VEHICLE - STOLEN","0","STREET","Invest Cont","1300    WOODRUFF                     AV"
"201116973","12/26/2020 00:00","12/26/2020 0:00","332","11","Northeast","1169","VEHICLE - STOLEN","0","STREET","Invest Cont","200 S  AVENUE 51"
"200510994","06/25/2020 00:00","6/25/2020 0:00","230","05","Harbor","563","VEHICLE - STOLEN","0","PARKING LOT","Invest Cont","14TH                         ST"
"201107590","03/22/2020 00:00","3/21/2020 0:00","2000","11","Northeast","1137","VEHICLE - STOLEN","0","STREET","Invest Cont","700 N  AVENUE 50"
"200119680","10/19/2020 00:00","10/18/2020 0:00","1800","01","Central","159","VEHICLE - STOLEN","0","PARKING LOT","Invest Cont","1800    CONWAY                       PL"
"200410224","06/27/2020 00:00","6/27/2020 0:00","400","04","Hollenbeck","471","VEHICLE - STOLEN","0","PARKING LOT","Invest Cont","4TH"
"200412621","09/10/2020 00:00","9/9/2020 0:00","1800","04","Hollenbeck","467","VEHICLE - STOLEN","0","STREET","Invest Cont","100 S  SOTO                         ST"
"201106871","03/04/2020 00:00","3/2/2020 0:00","2130","11","Northeast","1107","VANDALISM - MISDEAMEANOR ($399 OR UNDER)","50","STREET","Invest Cont","6100    DELPHI                       ST"
"200111627","05/12/2020 00:00","5/10/2020 0:00","2200","01","Central","111","INTIMATE PARTNER - SIMPLE ASSAULT","30","MULTI-UNIT DWELLING (APARTMENT, DUPLEX, ETC)","Adult Arrest","700 N  HILL                         PL"
"200109800","03/29/2020 00:00","3/29/2020 0:00","930","01","Central","163","BURGLARY FROM VEHICLE","0","ALLEY","Invest Cont","9TH"
"201225656","12/02/2020 00:00","12/2/2020 0:00","2245","12","77th Street","1268","ROBBERY","21","STREET","Invest Cont","SAN PEDRO"
"200309451","04/04/2020 00:00","4/4/2020 0:00","1210","03","Southwest","361","BURGLARY","19","GAS STATION","Invest Cont","3700 S  LA BREA                      AV"
"200211094","06/08/2020 00:00","6/6/2020 0:00","1200","02","Rampart","237","THEFT-GRAND ($950.01 & OVER)EXCPT,GUNS,FOWL,LIVESTK,PROD","0","CAR WASH","Invest Cont","1600 W  TEMPLE                       ST"
"201212036","05/02/2020 00:00","5/1/2020 0:00","2330","12","77th Street","1268","ASSAULT WITH DEADLY WEAPON, AGGRAVATED ASSAULT","28","SINGLE FAMILY DWELLING","Invest Cont","100 E  82ND                         ST"
"200914517","09/10/2020 00:00","9/9/2020 0:00","1735","09","Van Nuys","909","THEFT OF IDENTITY","40","CONDOMINIUM/TOWNHOUSE","Invest Cont","13600    LEADWELL                     ST"
"200105246","01/18/2020 00:00","1/18/2020 0:00","940","01","Central","118","BATTERY - SIMPLE ASSAULT","42","MULTI-UNIT DWELLING (APARTMENT, DUPLEX, ETC)","Adult Arrest","200 E  BLOOM                        ST"
"201106067","02/15/2020 00:00","2/15/2020 0:00","1830","11","Northeast","1101","BURGLARY FROM VEHICLE","43","PARKING LOT","Invest Cont","2700 N  VERMONT                      AV"
"201116118","11/27/2020 00:00","11/23/2020 0:00","1200","11","Northeast","1141","THEFT OF IDENTITY","26","SINGLE FAMILY DWELLING","Invest Cont","2000 N  VERMONT                      AV"
"200716724","12/04/2020 00:00","12/3/2020 0:00","811","07","Wilshire","722","SHOPLIFTING - PETTY THEFT ($950 & UNDER)","19","OTHER BUSINESS","Invest Cont","8400    BEVERLY                      BL"
"200217442","11/15/2020 00:00","11/15/2020 0:00","310","02","Rampart","218","BURGLARY","36","RESTAURANT/FAST FOOD","Invest Cont","1500 W  SUNSET                       BL"
"200914052","08/27/2020 00:00","8/27/2020 0:00","1255","09","Van Nuys","935","BATTERY - SIMPLE ASSAULT","57","SIDEWALK","Invest Cont","14100    SYLVAN                       ST"
"200810920","06/20/2020 00:00","6/20/2020 0:00","1000","08","West LA","841","BATTERY - SIMPLE ASSAULT","78","NURSING/CONVALESCENT/RETIREMENT HOME","Adult Other","12100    SANTA MONICA                 BL"
"201112187","08/04/2020 00:00","7/16/2020 0:00","1900","11","Northeast","1144","BUNCO, GRAND THEFT","51","SINGLE FAMILY DWELLING","Invest Cont","2100    HYPERION                     AV"
"201212259","05/05/2020 00:00","5/5/2020 0:00","932","12","77th Street","1239","SHOPLIFTING-GRAND THEFT ($950.01 & OVER)","0","MARKET","Invest Cont","5900 S  FIGUEROA                     ST"
"200918185","12/07/2020 00:00","12/7/2020 0:00","1203","09","Van Nuys","935","VIOLATION OF COURT ORDER","52","GOVERNMENT FACILITY (FEDERAL,STATE, COUNTY & CITY)","Adult Arrest","6200    SYLMAR                       AV"
"200105289","01/19/2020 00:00","1/16/2020 0:00","1700","01","Central","119","VEHICLE - STOLEN","0","DRIVEWAY","Invest Cont","400    BAUCHET                      ST"
"200516527","11/12/2020 00:00","11/12/2020 0:00","430","05","Harbor","508","VEHICLE - STOLEN","0","DRIVEWAY","Invest Cont","23400    PRESIDENT                    AV"
"200609101","04/15/2020 00:00","4/12/2020 0:00","1300","06","Hollywood","648","VEHICLE - STOLEN","0","PARKING LOT","Adult Other","5700    HOLLYWOOD                    BL"
"201210786","04/11/2020 00:00","4/11/2020 0:00","2035","12","77th Street","1259","ASSAULT WITH DEADLY WEAPON, AGGRAVATED ASSAULT","26","ALLEY","Invest Cont","74TH                         ST"
"200706211","02/17/2020 00:00","2/16/2020 0:00","2350","07","Wilshire","734","BATTERY - SIMPLE ASSAULT","29","MULTI-UNIT DWELLING (APARTMENT, DUPLEX, ETC)","Adult Other","6000 W  6TH                          ST"
"200514277","09/17/2020 00:00","9/17/2020 0:00","2255","05","Harbor","558","VIOLATION OF RESTRAINING ORDER","46","MULTI-UNIT DWELLING (APARTMENT, DUPLEX, ETC)","Adult Other","200 W  AMAR                         ST"
"200506268","02/22/2020 00:00","2/22/2020 0:00","1900","05","Harbor","511","THEFT PLAIN - PETTY ($950 & UNDER)","29","SIDEWALK","Invest Cont","PACIFIC COAST"
"200119908","10/24/2020 00:00","10/23/2020 0:00","2330","01","Central","185","BURGLARY FROM VEHICLE","0","PARKING LOT","Invest Cont","1000 S  BROADWAY"
"200206940","02/27/2020 00:00","2/27/2020 0:00","1255","02","Rampart","216","ASSAULT WITH DEADLY WEAPON, AGGRAVATED ASSAULT","28","STREET","Invest Cont","BELLEVUE                     AV"
"200709456","05/20/2020 00:00","5/20/2020 0:00","1250","07","Wilshire","773","BURGLARY FROM VEHICLE","53","SINGLE FAMILY DWELLING","Invest Cont","1800 S  COCHRAN                      AV"
"201014375","10/24/2020 00:00","10/23/2020 0:00","2330","10","West Valley","1025","VANDALISM - FELONY ($400 & OVER, ALL CHURCH VANDALISMS)","0","RESTAURANT/FAST FOOD","Invest Cont","6800    RESEDA                       BL"
"200117110","08/28/2020 00:00","5/1/2020 0:00","100","01","Central","154","RAPE, FORCIBLE","22","MULTI-UNIT DWELLING (APARTMENT, DUPLEX, ETC)","Invest Cont","500 S  MAIN                         ST"
"200610130","05/11/2020 00:00","5/11/2020 0:00","1130","06","Hollywood","645","ROBBERY","0","MINI-MART","Adult Arrest","7000 W  SUNSET                       BL"
"200714035","09/20/2020 00:00","9/1/2020 0:00","1","07","Wilshire","715","THEFT FROM MOTOR VEHICLE - GRAND ($950.01 AND OVER)","70","STREET","Invest Cont","400 N  ALTA VISTA                   BL"
"200210863","06/01/2020 00:00","6/1/2020 0:00","1525","02","Rampart","235","VEHICLE - STOLEN","0","STREET","Invest Cont","2200    VALLEY                       ST"
"200911839","07/02/2020 00:00","6/26/2020 0:00","1200","09","Van Nuys","974","THEFT FROM MOTOR VEHICLE - GRAND ($950.01 AND OVER)","36","STREET","Invest Cont","4600    WILLIS                       AV"
"200615995","09/28/2020 00:00","9/27/2020 0:00","35","06","Hollywood","646","VANDALISM - FELONY ($400 & OVER, ALL CHURCH VANDALISMS)","0","OTHER BUSINESS","Invest Cont","6600 W  SUNSET                       BL"
"200200760","07/07/2020 00:00","7/7/2020 0:00","1620","02","Rampart","241","ASSAULT WITH DEADLY WEAPON, AGGRAVATED ASSAULT","45","SIDEWALK","Invest Cont","6TH                          ST"
"201115543","11/08/2020 00:00","11/8/2020 0:00","1500","11","Northeast","1183","BURGLARY FROM VEHICLE","42","STREET","Invest Cont","1600 N  ALVARADO                     ST"
"200320615","11/18/2020 00:00","11/11/2020 0:00","2300","03","Southwest","327","BIKE - STOLEN","22","YARD (RESIDENTIAL/BUSINESS)","Invest Cont","2600    ORCHARD                      AV"
"200200724","06/05/2020 00:00","6/4/2020 0:00","1850","02","Rampart","202","BATTERY - SIMPLE ASSAULT","39","MULTI-UNIT DWELLING (APARTMENT, DUPLEX, ETC)","Adult Arrest","4300    NORMAL                       AV"
"201007153","03/12/2020 00:00","3/12/2020 0:00","640","10","West Valley","1001","TRESPASSING","45","SINGLE FAMILY DWELLING","Adult Arrest","19500    INGOMAR                      ST"
"201308239","03/16/2020 00:00","2/28/2020 0:00","2300","13","Newton","1333","VANDALISM - MISDEAMEANOR ($399 OR UNDER)","62","NURSING/CONVALESCENT/RETIREMENT HOME","Invest Cont","1000 E  28TH                         ST"
"200506936","03/09/2020 00:00","3/8/2020 0:00","1830","05","Harbor","506","VEHICLE - STOLEN","0","STREET","Invest Cont","WESTERN                      AV"
"201217850","08/04/2020 00:00","8/4/2020 0:00","1000","12","77th Street","1249","INTIMATE PARTNER - SIMPLE ASSAULT","31","SINGLE FAMILY DWELLING","Adult Other","6700 S  FIGUEROA                     ST"
"200310566","04/25/2020 00:00","4/25/2020 0:00","950","03","Southwest","356","THEFT PLAIN - PETTY ($950 & UNDER)","37","MARKET","Invest Cont","1700 W  JEFFERSON                    BL"
"201222029","10/04/2020 00:00","10/4/2020 0:00","1800","12","77th Street","1268","INTIMATE PARTNER - SIMPLE ASSAULT","32","STREET","Invest Cont","100 E  84TH                         PL"
"201211083","04/17/2020 00:00","4/16/2020 0:00","1700","12","77th Street","1209","VEHICLE - STOLEN","0","STREET","Invest Cont","FLOWER                       ST"
"201209876","03/27/2020 00:00","3/27/2020 0:00","1650","12","77th Street","1263","ROBBERY","0","STREET","Invest Cont","2000 W  80TH                         ST"
"201009044","05/15/2020 00:00","5/13/2020 0:00","1315","10","West Valley","1049","THEFT FROM MOTOR VEHICLE - GRAND ($950.01 AND OVER)","0","DRIVEWAY","Invest Cont","16800    BURBANK                      BL"
"201110399","06/13/2020 00:00","6/11/2020 0:00","1700","11","Northeast","1145","BURGLARY FROM VEHICLE","34","STREET","Invest Cont","2400 N  ALVARADO                     ST"
"201307829","03/09/2020 00:00","2/28"
