Year,1966,Unnamed: 2,Unnamed: 3,Unnamed: 4
,,,,
Sum of Population,,,Indicator Name,
Country Name,Country Code,Indicator Code,"Population, total",Grand Total
Afghanistan,AFG,SP.POP.TOTL,10266395,10266395
Africa Eastern and Southern,AFE,SP.POP.TOTL,153281203,153281203
Africa Western and Central,AFW,SP.POP.TOTL,111246953,111246953
Albania,ALB,SP.POP.TOTL,1914573,1914573
Algeria,DZA,SP.POP.TOTL,12590069,12590069
American Samoa,ASM,SP.POP.TOTL,24136,24136
Andorra,AND,SP.POP.TOTL,14626,14626
Angola,AGO,SP.POP.TOTL,5581386,5581386
Antigua and Barbuda,ATG,SP.POP.TOTL,60900,60900
Arab World,ARB,SP.POP.TOTL,107403055,107403055
Argentina,ARG,SP.POP.TOTL,22453893,22453893
Armenia,ARM,SP.POP.TOTL,2246159,2246159
Aruba,ABW,SP.POP.TOTL,58694,58694
Australia,AUS,SP.POP.TOTL,11651000,11651000
Austria,AUT,SP.POP.TOTL,7322066,7322066
Azerbaijan,AZE,SP.POP.TOTL,4708150,4708150
"Bahamas, The",BHS,SP.POP.TOTL,154874,154874
Bahrain,BHR,SP.POP.TOTL,207543,207543
Bangladesh,BGD,SP.POP.TOTL,61669806,61669806
Barbados,BRB,SP.POP.TOTL,244996,244996
Belarus,BLR,SP.POP.TOTL,8696496,8696496
Belgium,BEL,SP.POP.TOTL,9527807,9527807
Belize,BLZ,SP.POP.TOTL,107906,107906
Benin,BEN,SP.POP.TOTL,2814317,2814317
Bermuda,BMU,SP.POP.TOTL,48534,48534
Bhutan,BTN,SP.POP.TOTL,269820,269820
Bolivia,BOL,SP.POP.TOTL,4199550,4199550
Bosnia and Herzegovina,BIH,SP.POP.TOTL,3610562,3610562
Botswana,BWA,SP.POP.TOTL,577866,577866
Brazil,BRA,SP.POP.TOTL,86139359,86139359
British Virgin Islands,VGB,SP.POP.TOTL,8413,8413
Brunei Darussalam,BRN,SP.POP.TOTL,115874,115874
Bulgaria,BGR,SP.POP.TOTL,8258057,8258057
Burkina Faso,BFA,SP.POP.TOTL,5237933,5237933
Burundi,BDI,SP.POP.TOTL,3217960,3217960
Cabo Verde,CPV,SP.POP.TOTL,252976,252976
Cambodia,KHM,SP.POP.TOTL,6201232,6201232
Cameroon,CMR,SP.POP.TOTL,5837295,5837295
Canada,CAN,SP.POP.TOTL,20048000,20048000
Caribbean small states,CSS,SP.POP.TOTL,1951498,1951498
Cayman Islands,CYM,SP.POP.TOTL,9560,9560
Central African Republic,CAF,SP.POP.TOTL,1918082,1918082
Central Europe and the Baltics,CEB,SP.POP.TOTL,96146336,96146336
Chad,TCD,SP.POP.TOTL,3440903,3440903
Channel Islands,CHI,SP.POP.TOTL,118186,118186
Chile,CHL,SP.POP.TOTL,9181722,9181722
China,CHN,SP.POP.TOTL,735400000,735400000
Colombia,COL,SP.POP.TOTL,18702688,18702688
Comoros,COM,SP.POP.TOTL,218663,218663
"Congo, Dem. Rep.",COD,SP.POP.TOTL,17931929,17931929
"Congo, Rep.",COG,SP.POP.TOTL,1242534,1242534
Costa Rica,CRI,SP.POP.TOTL,1638116,1638116
Cote d'Ivoire,CIV,SP.POP.TOTL,4617519,4617519
Croatia,HRV,SP.POP.TOTL,4310701,4310701
Cuba,CUB,SP.POP.TOTL,8193450,8193450
Curacao,CUW,SP.POP.TOTL,136682,136682
Cyprus,CYP,SP.POP.TOTL,623390,623390
Czechia,CZE,SP.POP.TOTL,9821040,9821040
Denmark,DNK,SP.POP.TOTL,4797381,4797381
Djibouti,DJI,SP.POP.TOTL,115269,115269
Dominica,DMA,SP.POP.TOTL,64507,64507
Dominican Republic,DOM,SP.POP.TOTL,3921847,3921847
Early-demographic dividend,EAR,SP.POP.TOTL,1128474732,1128474732
East Asia & Pacific,EAS,SP.POP.TOTL,1166223463,1166223463
East Asia & Pacific (excluding high income),EAP,SP.POP.TOTL,1004271490,1004271490
East Asia & Pacific (IDA & IBRD countries),TEA,SP.POP.TOTL,990719244,990719244
Ecuador,ECU,SP.POP.TOTL,5463748,5463748
"Egypt, Arab Rep.",EGY,SP.POP.TOTL,31406541,31406541
El Salvador,SLV,SP.POP.TOTL,3290961,3290961
Equatorial Guinea,GNQ,SP.POP.TOTL,304859,304859
Eritrea,ERI,SP.POP.TOTL,1124957,1124957
Estonia,EST,SP.POP.TOTL,1308597,1308597
Eswatini,SWZ,SP.POP.TOTL,398766,398766
Ethiopia,ETH,SP.POP.TOTL,24952689,24952689
Euro area,EMU,SP.POP.TOTL,284299197,284299197
Europe & Central Asia,ECS,SP.POP.TOTL,713443573,713443573
Europe & Central Asia (excluding high income),ECA,SP.POP.TOTL,145371529,145371529
Europe & Central Asia (IDA & IBRD countries),TEC,SP.POP.TOTL,336304737,336304737
European Union,EUU,SP.POP.TOTL,376058575,376058575
Faroe Islands,FRO,SP.POP.TOTL,36816,36816
Fiji,FJI,SP.POP.TOTL,486487,486487
Finland,FIN,SP.POP.TOTL,4580869,4580869
Fragile and conflict affected situations,FCS,SP.POP.TOTL,279902341,279902341
France,FRA,SP.POP.TOTL,50311637,50311637
French Polynesia,PYF,SP.POP.TOTL,99320,99320
Gabon,GAB,SP.POP.TOTL,554463,554463
"Gambia, The",GMB,SP.POP.TOTL,468516,468516
Georgia,GEO,SP.POP.TOTL,3966700,3966700
Germany,DEU,SP.POP.TOTL,76600311,76600311
Ghana,GHA,SP.POP.TOTL,8074521,8074521
Gibraltar,GIB,SP.POP.TOTL,24444,24444
Greece,GRC,SP.POP.TOTL,8613651,8613651
Greenland,GRL,SP.POP.TOTL,40500,40500
Grenada,GRD,SP.POP.TOTL,98121,98121
Guam,GUM,SP.POP.TOTL,80844,80844
Guatemala,GTM,SP.POP.TOTL,4840958,4840958
Guinea,GIN,SP.POP.TOTL,3964155,3964155
Guinea-Bissau,GNB,SP.POP.TOTL,566908,566908
Guyana,GUY,SP.POP.TOTL,648646,648646
Haiti,HTI,SP.POP.TOTL,4302639,4302639
Heavily indebted poor countries (HIPC),HPC,SP.POP.TOTL,190048827,190048827
High income,HIC,SP.POP.TOTL,972578524,972578524
Honduras,HND,SP.POP.TOTL,2446751,2446751
"Hong Kong SAR, China",HKG,SP.POP.TOTL,3629900,3629900
Hungary,HUN,SP.POP.TOTL,10178653,10178653
IBRD only,IBD,SP.POP.TOTL,2139608511,2139608511
Iceland,ISL,SP.POP.TOTL,195570,195570
IDA & IBRD total,IBT,SP.POP.TOTL,2600930009,2600930009
IDA blend,IDB,SP.POP.TOTL,141286940,141286940
IDA only,IDX,SP.POP.TOTL,320034558,320034558
IDA total,IDA,SP.POP.TOTL,461321498,461321498
India,IND,SP.POP.TOTL,500740247,500740247
Indonesia,IDN,SP.POP.TOTL,103792754,103792754
"Iran, Islamic Rep.",IRN,SP.POP.TOTL,25829270,25829270
Iraq,IRQ,SP.POP.TOTL,8485104,8485104
Ireland,IRL,SP.POP.TOTL,2888800,2888800
Isle of Man,IMN,SP.POP.TOTL,50749,50749
Israel,ISR,SP.POP.TOTL,2629000,2629000
Italy,ITA,SP.POP.TOTL,52519000,52519000
Jamaica,JAM,SP.POP.TOTL,1791475,1791475
Japan,JPN,SP.POP.TOTL,98851000,98851000
Jordan,JOR,SP.POP.TOTL,1178360,1178360
Kazakhstan,KAZ,SP.POP.TOTL,11288989,11288989
Kenya,KEN,SP.POP.TOTL,9717816,9717816
Kiribati,KIR,SP.POP.TOTL,54425,54425
"Korea, Dem. People's Rep.",PRK,SP.POP.TOTL,13569094,13569094
"Korea, Rep.",KOR,SP.POP.TOTL,29435571,29435571
Kosovo,XKX,SP.POP.TOTL,1152586,1152586
Kuwait,KWT,SP.POP.TOTL,572590,572590
Kyrgyz Republic,KGZ,SP.POP.TOTL,2655300,2655300
Lao PDR,LAO,SP.POP.TOTL,2431084,2431084
Late-demographic dividend,LTE,SP.POP.TOTL,1217220438,1217220438
Latin America & Caribbean,LCN,SP.POP.TOTL,257488362,257488362
Latin America & Caribbean (excluding high income),LAC,SP.POP.TOTL,229223426,229223426
Latin America & the Caribbean (IDA & IBRD countries),TLA,SP.POP.TOTL,246239963,246239963
Latvia,LVA,SP.POP.TOTL,2283217,2283217
Least developed countries: UN classification,LDC,SP.POP.TOTL,284221585,284221585
Lebanon,LBN,SP.POP.TOTL,2148260,2148260
Lesotho,LSO,SP.POP.TOTL,881870,881870
Liberia,LBR,SP.POP.TOTL,1324383,1324383
Libya,LBY,SP.POP.TOTL,1849063,1849063
Liechtenstein,LIE,SP.POP.TOTL,19610,19610
Lithuania,LTU,SP.POP.TOTL,3008050,3008050
Low & middle income,LMY,SP.POP.TOTL,2406483811,2406483811
Low income,LIC,SP.POP.TOTL,157659981,157659981
Lower middle income,LMC,SP.POP.TOTL,949086288,949086288
Luxembourg,LUX,SP.POP.TOTL,333895,333895
"Macao SAR, China",MAC,SP.POP.TOTL,262942,262942
Madagascar,MDG,SP.POP.TOTL,5974279,5974279
Malawi,MWI,SP.POP.TOTL,4197926,4197926
Malaysia,MYS,SP.POP.TOTL,9284688,9284688
Maldives,MDV,SP.POP.TOTL,108507,108507
Mali,MLI,SP.POP.TOTL,5902204,5902204
Malta,MLT,SP.POP.TOTL,315200,315200
Marshall Islands,MHL,SP.POP.TOTL,17927,17927
Mauritania,MRT,SP.POP.TOTL,974157,974157
Mauritius,MUS,SP.POP.TOTL,768813,768813
Mexico,MEX,SP.POP.TOTL,44629106,44629106
"Micronesia, Fed. Sts.",FSM,SP.POP.TOTL,52258,52258
Middle East & North Africa,MEA,SP.POP.TOTL,121421021,121421021
Middle East & North Africa (excluding high income),MNA,SP.POP.TOTL,113811829,113811829
Middle East & North Africa (IDA & IBRD countries),TMN,SP.POP.TOTL,113811829,113811829
Middle income,MIC,SP.POP.TOTL,2248823830,2248823830
Moldova,MDA,SP.POP.TOTL,2301871,2301871
Monaco,MCO,SP.POP.TOTL,23131,23131
Mongolia,MNG,SP.POP.TOTL,1163754,1163754
Montenegro,MNE,SP.POP.TOTL,526419,526419
Morocco,MAR,SP.POP.TOTL,13597065,13597065
Mozambique,MOZ,SP.POP.TOTL,7562990,7562990
Myanmar,MMR,SP.POP.TOTL,24836496,24836496
Namibia,NAM,SP.POP.TOTL,677655,677655
Nauru,NRU,SP.POP.TOTL,6043,6043
Nepal,NPL,SP.POP.TOTL,11408710,11408710
Netherlands,NLD,SP.POP.TOTL,12456251,12456251
New Caledonia,NCL,SP.POP.TOTL,95820,95820
New Zealand,NZL,SP.POP.TOTL,2675900,2675900
Nicaragua,NIC,SP.POP.TOTL,2137820,2137820
Niger,NER,SP.POP.TOTL,4165544,4165544
Nigeria,NGA,SP.POP.TOTL,51188234,51188234
North America,NAC,SP.POP.TOTL,216656534,216656534
North Macedonia,MKD,SP.POP.TOTL,1557349,1557349
Northern Mariana Islands,MNP,SP.POP.TOTL,10612,10612
Norway,NOR,SP.POP.TOTL,3753012,3753012
OECD members,OED,SP.POP.TOTL,877030636,877030636
Oman,OMN,SP.POP.TOTL,598804,598804
Other small states,OSS,SP.POP.TOTL,6079901,6079901
Pacific island small states,PSS,SP.POP.TOTL,1079689,1079689
Pakistan,PAK,SP.POP.TOTL,53678667,53678667
Palau,PLW,SP.POP.TOTL,10805,10805
Panama,PAN,SP.POP.TOTL,1348388,1348388
Papua New Guinea,PNG,SP.POP.TOTL,2285774,2285774
Paraguay,PRY,SP.POP.TOTL,2177584,2177584
Peru,PER,SP.POP.TOTL,12101297,12101297
Philippines,PHL,SP.POP.TOTL,33617170,33617170
Poland,POL,SP.POP.TOTL,31681000,31681000
Portugal,PRT,SP.POP.TOTL,8930990,8930990
Post-demographic dividend,PST,SP.POP.TOTL,809623605,809623605
Pre-demographic dividend,PRE,SP.POP.TOTL,218721527,218721527
Puerto Rico,PRI,SP.POP.TOTL,2624995,2624995
Qatar,QAT,SP.POP.TOTL,72192,72192
Romania,ROU,SP.POP.TOTL,19215450,19215450
Russian Federation,RUS,SP.POP.TOTL,127468000,127468000
Rwanda,RWA,SP.POP.TOTL,3521626,3521626
Samoa,WSM,SP.POP.TOTL,131073,131073
San Marino,SMR,SP.POP.TOTL,17523,17523
Sao Tome and Principe,STP,SP.POP.TOTL,72576,72576
Saudi Arabia,SAU,SP.POP.TOTL,3039887,3039887
Senegal,SEN,SP.POP.TOTL,3964299,3964299
Serbia,SRB,SP.POP.TOTL,6927969,6927969
Seychelles,SYC,SP.POP.TOTL,48699,48699
Sierra Leone,SLE,SP.POP.TOTL,2514638,2514638
Singapore,SGP,SP.POP.TOTL,1934400,1934400
Sint Maarten (Dutch part),SXM,SP.POP.TOTL,4664,4664
Slovak Republic,SVK,SP.POP.TOTL,4411666,4411666
Slovenia,SVN,SP.POP.TOTL,1669905,1669905
Small states,SST,SP.POP.TOTL,9111088,9111088
Solomon Islands,SLB,SP.POP.TOTL,160393,160393
Somalia,SOM,SP.POP.TOTL,3365106,3365106
South Africa,ZAF,SP.POP.TOTL,19690087,19690087
South Asia,SAS,SP.POP.TOTL,649326080,649326080
South Asia (IDA & IBRD),TSA,SP.POP.TOTL,649326080,649326080
South Sudan,SSD,SP.POP.TOTL,3236423,3236423
Spain,ESP,SP.POP.TOTL,32283194,32283194
Sri Lanka,LKA,SP.POP.TOTL,11183928,11183928
St. Kitts and Nevis,KNA,SP.POP.TOTL,49898,49898
St. Lucia,LCA,SP.POP.TOTL,98463,98463
St. Martin (French part),MAF,SP.POP.TOTL,5213,5213
St. Vincent and the Grenadines,VCT,SP.POP.TOTL,92052,92052
Sub-Saharan Africa,SSF,SP.POP.TOTL,264528156,264528156
Sub-Saharan Africa (excluding high income),SSA,SP.POP.TOTL,264479457,264479457
Sub-Saharan Africa (IDA & IBRD countries),TSS,SP.POP.TOTL,264528156,264528156
Sudan,SDN,SP.POP.TOTL,10197578,10197578
Suriname,SUR,SP.POP.TOTL,331135,331135
Sweden,SWE,SP.POP.TOTL,7807797,7807797
Switzerland,CHE,SP.POP.TOTL,5918002,5918002
Syrian Arab Republic,SYR,SP.POP.TOTL,5609047,5609047
Tajikistan,TJK,SP.POP.TOTL,2577184,2577184
Tanzania,TZA,SP.POP.TOTL,11827459,11827459
Thailand,THA,SP.POP.TOTL,32086071,32086071
Timor-Leste,TLS,SP.POP.TOTL,515696,515696
Togo,TGO,SP.POP.TOTL,1918513,1918513
Tonga,TON,SP.POP.TOTL,78002,78002
Trinidad and Tobago,TTO,SP.POP.TOTL,942937,942937
Tunisia,TUN,SP.POP.TOTL,4652287,4652287
Turkiye,TUR,SP.POP.TOTL,33177672,33177672
Turkmenistan,TKM,SP.POP.TOTL,1971737,1971737
Turks and Caicos Islands,TCA,SP.POP.TOTL,5654,5654
Tuvalu,TUV,SP.POP.TOTL,5686,5686
Uganda,UGA,SP.POP.TOTL,9122864,9122864
Ukraine,UKR,SP.POP.TOTL,45802519,45802519
United Arab Emirates,ARE,SP.POP.TOTL,173976,173976
United Kingdom,GBR,SP.POP.TOTL,54648500,54648500
United States,USA,SP.POP.TOTL,196560000,196560000
Upper middle income,UMC,SP.POP.TOTL,1299737542,1299737542
Uruguay,URY,SP.POP.TOTL,2707646,2707646
Uzbekistan,UZB,SP.POP.TOTL,10289294,10289294
Vanuatu,VUT,SP.POP.TOTL,76590,76590
"Venezuela, RB",VEN,SP.POP.TOTL,10024854,10024854
Viet Nam,VNM,SP.POP.TOTL,38024836,38024836
Virgin Islands (U.S.),VIR,SP.POP.TOTL,46200,46200
World,WLD,SP.POP.TOTL,3389087189,3389087189
"Yemen, Rep.",YEM,SP.POP.TOTL,6351494,6351494
Zambia,ZMB,SP.POP.TOTL,3812003,3812003
Zimbabwe,ZWE,SP.POP.TOTL,4601217,4601217
Grand Total,,,34361734179,34361734179
