"```csv"
"Yr","Year_1982","Unnam3d_2","Indicator","Add_total"
"","","","",""
"Header_indicator","","sum of Pop","Indicator Name",""
"Area_Name","Country_Cd","Indic_Code","Sum_of_Population_total","Final_total"
"Afganistan","AFG","SP.POP.TOTL","10991378","10991378"
"Africa East","AFE","SP.POP.TOTL","245822010","245822010"
"Africa West","AFW ","SP.POP.TOTL","168585118","168585118"
"ALbania","ALB","SP.POP.TOTL","2784278","2784278"
"Algiers","DZA","SP.POP.TOTL","19872348","19872348"
"America samoa","ASM","SP.POP.TOTL","34909","34909"
"Andora","AND","SP.POP.TOTL","38764","38764"
"Angora","AGO","SP.POP.TOTL","8751648","8751648"
"Antigua barbuda","ATG","SP.POP.TOTL","64785","64785"
"Arab Region","ARB","SP.POP.TOTL","175370356","175370356"
"Argentina","ARG","SP.POP.TOTL","28924262","28924262"
"Armenia","ARM","SP.POP.TOTL","3163144","3163144"
"Aruba","ABW","SP.POP.TOTL","61276","61276"
"Australia","AUS","SP.POP.TOTL","15184247","15184247"
"Austria","AUT","SP.POP.TOTL","7574140","7574140"
"Azerbaijan","AZE","SP.POP.TOTL","6357550","6357550"
"Bahamas","BHS","SP.POP.TOTL","240614","240614"
"Bahrain","BHR","SP.POP.TOTL","386983","386983"
"Bangladesh","BGD","SP.POP.TOTL","92814507","92814507"
"Barbados","BRB","SP.POP.TOTL","253095","253095"
"Belarus","BLR","SP.POP.TOTL","9776000","9776000"
"Belgium","BEL","SP.POP.TOTL","9856303","9856303"
"Belize","BLZ","SP.POP.TOTL","152548","152548"
"Benin","BEN","SP.POP.TOTL","4156596","4156596"
"Bermuda","BMU","SP.POP.TOTL","54387","54387"
"Bhutan","BTN","SP.POP.TOTL","462485","462485"
"Bolivia","BOL","SP.POP.TOTL","6018088","6018088"
"Bosnia","BIH","SP.POP.TOTL","4221100","4221100"
"Botswana","BWA","SP.POP.TOTL","1009269","1009269"
"Brazil","BRA","SP.POP.TOTL","126923155","126923155"
"British Islands","VGB","SP.POP.TOTL","11921","11921"
"Brunei","BRN","SP.POP.TOTL","198165","198165"
"Bulgaria","BGR","SP.POP.TOTL","8917457","8917457"
"Burkina","BFA","SP.POP.TOTL","7340197","7340197"
"Burundi","BDI","SP.POP.TOTL","4681390","4681390"
"Cabo","CPV","SP.POP.TOTL","332724","332724"
"Cambodia","KHM","SP.POP.TOTL","5436432","5436432"
"Cameroon","CMR","SP.POP.TOTL","9028678","9028678"
"Canada","CAN","SP.POP.TOTL","25116942","25116942"
"Caribbean","CSS","SP.POP.TOTL","2302968","2302968"
"Cayman","CYM","SP.POP.TOTL","18750","18750"
"Central africa","CAF","SP.POP.TOTL","2507375","2507375"
"Central Europ","CEB","SP.POP.TOTL","107730380","107730380"
"Chad","TCD","SP.POP.TOTL","4738483","4738483"
"Channel Islands","CHI","SP.POP.TOTL","132172","132172"
"Chile","CHL","SP.POP.TOTL","11850214","11850214"
"China","CHN","SP.POP.TOTL","1008630000","1008630000"
"Colombia","COL","SP.POP.TOTL","27338331","27338331"
"Comoros","COM","SP.POP.TOTL","357139","357139"
"Congo, dr","COD","SP.POP.TOTL","28338190","28338190"
"Congo, Rep","COG","SP.POP.TOTL","1910430","1910430"
"Costa rica","CRI","SP.POP.TOTL","2524806","2524806"
"Cote","CIV","SP.POP.TOTL","8907936","8907936"
"Croatia","HRV","SP.POP.TOTL","4634234","4634234"
"Cuba","CUB","SP.POP.TOTL","9912681","9912681"
"Curacao","CUW","SP.POP.TOTL","150101","150101"
"Cyprus","CYP","SP.POP.TOTL","696497","696497"
"Czechia","CZE","SP.POP.TOTL","10314826","10314826"
"Denmark","DNK","SP.POP.TOTL","5117810","5117810"
"Djibouti","DJI","SP.POP.TOTL","356880","356880"
"Dominica","DMA","SP.POP.TOTL","72688","72688"
"Dominican Rep","DOM","SP.POP.TOTL","6007114","6007114"
"Early-demographic","EAR","SP.POP.TOTL","1677532811","1677532811"
"East Asia","EAS","SP.POP.TOTL","1604459614","1604459614"
"East asia ex high","EAP","SP.POP.TOTL","1401081634","1401081634"
"East Asia ida","TEA","SP.POP.TOTL","1382326011","1382326011"
"Ecuador","ECU","SP.POP.TOTL","8611298","8611298"
"Egypt, Arab","EGY","SP.POP.TOTL","46407611","46407611"
"El salvador","SLV","SP.POP.TOTL","4622477","4622477"
"Equatorial","GNQ","SP.POP.TOTL","322216","322216"
"Eritrea","ERI","SP.POP.TOTL","1695461","1695461"
"Estonia","EST","SP.POP.TOTL","1498414","1498414"
"Eswatini","SWZ","SP.POP.TOTL","637652","637652"
"Ethiopia","ETH","SP.POP.TOTL","36701290","36701290"
"Euro Area","EMU","SP.POP.TOTL","308901125","308901125"
"Europe","ECS","SP.POP.TOTL","805247476","805247476"
"Europe ex high","ECA","SP.POP.TOTL","186272610","186272610"
"Europe ida","TEC","SP.POP.TOTL","399353523","399353523"
"Eu Union","EUU","SP.POP.TOTL","410988238","410988238"
"Faroe","FRO","SP.POP.TOTL","44171","44171"
"Fiji","FJI","SP.POP.TOTL","673414","673414"
"Finland","FIN","SP.POP.TOTL","4826933","4826933"
"Fragile","FCS","SP.POP.TOTL","404570090","404570090"
"France","FRA","SP.POP.TOTL","55806789","55806789"
"French Poly","PYF","SP.POP.TOTL","166646","166646"
"Gabon","GAB","SP.POP.TOTL","789286","789286"
"Gambia","GMB","SP.POP.TOTL","765753","765753"
"Georgia","GEO","SP.POP.TOTL","4542800","4542800"
"Germany","DEU","SP.POP.TOTL","78333366","78333366"
"Ghana","GHA","SP.POP.TOTL","12643819","12643819"
"Gibraltar","GIB","SP.POP.TOTL","28765","28765"
"Greece","GRC","SP.POP.TOTL","9789513","9789513"
"Greenland","GRL","SP.POP.TOTL","51500","51500"
"Grenada","GRD","SP.POP.TOTL","94383","94383"
"Guam","GUM","SP.POP.TOTL","115711","115711"
"Guatemala","GTM","SP.POP.TOTL","7240241","7240241"
"Guinea","GIN","SP.POP.TOTL","5247672","5247672"
"Guinea bisau","GNB","SP.POP.TOTL","855891","855891"
"Guyana","GUY","SP.POP.TOTL","776712","776712"
"Haiti","HTI","SP.POP.TOTL","5835937","5835937"
"heavily indebted","HPC","SP.POP.TOTL","290471550","290471550"
"High income","HIC","SP.POP.TOTL","1118134629","1118134629"
"Honduras","HND","SP.POP.TOTL","3958728","3958728"
"Hongkong,SAR","HKG","SP.POP.TOTL","5264500","5264500"
"Hungary","HUN","SP.POP.TOTL","10705535","10705535"
"IBRD","IBD","SP.POP.TOTL","2980033813","2980033813"
"Iceland","ISL","SP.POP.TOTL","233860","233860"
"IDA IBRD","IBT","SP.POP.TOTL","3685043956","3685043956"
"IDA blend","IDB","SP.POP.TOTL","226374922","226374922"
"IDA only","IDX","SP.POP.TOTL","478635221","478635221"
"IDA total","IDA","SP.POP.TOTL","705010143","705010143"
"India","IND","SP.POP.TOTL","720313473","720313473"
"Indonesia","IDN","SP.POP.TOTL","156052152","156052152"
"Iran Rep","IRN","SP.POP.TOTL","44272141","44272141"
"Iraq","IRQ","SP.POP.TOTL","14406083","14406083"
"Ireland","IRL","SP.POP.TOTL","3485800","3485800"
"Isle of Man","IMN","SP.POP.TOTL","64686","64686"
"Israel","ISR","SP.POP.TOTL","4031000","4031000"
"Italy","ITA","SP.POP.TOTL","56543548","56543548"
"Jamaica","JAM","SP.POP.TOTL","2203889","2203889"
"Japan","JPN","SP.POP.TOTL","118480000","118480000"
"Jordan","JOR","SP.POP.TOTL","2426927","2426927"
"Kazakhstan","KAZ","SP.POP.TOTL","15492595","15492595"
"Kenya","KEN","SP.POP.TOTL","17206175","17206175"
"Kiribati","KIR","SP.POP.TOTL","63134","63134"
"Korea dpr","PRK","SP.POP.TOTL","18776357","18776357"
"Korea rep","KOR","SP.POP.TOTL","39326352","39326352"
"Kosovo","XKX","SP.POP.TOTL","1683166","1683166"
"Kuwait","KWT","SP.POP.TOTL","1662480","1662480"
"Kyrgyz","KGZ","SP.POP.TOTL","3759300","3759300"
"Lao","LAO","SP.POP.TOTL","3450026","3450026"
"Late-demographic","LTE","SP.POP.TOTL","1639793804","1639793804"
"Latin America","LCN","SP.POP.TOTL","375568417","375568417"
"Latin America ex high","LAC","SP.POP.TOTL","336390934","336390934"
"Latin America ida","TLA","SP.POP.TOTL","361763155","361763155"
"Latvia","LVA","SP.POP.TOTL","2531080","2531080"
"Least developed","LDC","SP.POP.TOTL","422560922","422560922"
"Lebanon","LBN","SP.POP.TOTL","3054931","3054931"
"Lesotho","LSO","SP.POP.TOTL","1490732","1490732"
"Liberia","LBR","SP.POP.TOTL","2045073","2045073"
"Libya","LBY","SP.POP.TOTL","3724765","3724765"
"Liechtenstein","LIE","SP.POP.TOTL","26255","26255"
"Lithuania","LTU","SP.POP.TOTL","3457179","3457179"
"Low Middle Income","LMY","SP.POP.TOTL","3465282032","3465282032"
"Low income","LIC","SP.POP.TOTL","236940777","236940777"
"Lower Middle Income","LMC","SP.POP.TOTL","1402582461","1402582461"
"Luxembourg","LUX","SP.POP.TOTL","365525","365525"
"Macao sar","MAC","SP.POP.TOTL","254650","254650"
"Madagascar","MDG","SP.POP.TOTL","9557671","9557671"
"Malawi","MWI","SP.POP.TOTL","6778879","6778879"
"Malaysia","MYS","SP.POP.TOTL","13832798","13832798"
"Maldives","MDV","SP.POP.TOTL","174333","174333"
"Mali","MLI","SP.POP.TOTL","7860194","7860194"
"Malta","MLT","SP.POP.TOTL","325898","325898"
"Marshall","MHL","SP.POP.TOTL","33397","33397"
"Mauritania","MRT","SP.POP.TOTL","1561176","1561176"
"Mauritius","MUS","SP.POP.TOTL","992521","992521"
"Mexico","MEX","SP.POP.TOTL","70433260","70433260"
"Micronesia","FSM","SP.POP.TOTL","82219","82219"
"Middle east","MEA","SP.POP.TOTL","197590595","197590595"
"Middle east ex high","MNA","SP.POP.TOTL","181764163","181764163"
"Middle east ida","TMN","SP.POP.TOTL","181764163","181764163"
"Middle income","MIC","SP.POP.TOTL","3228341255","3228341255"
"Moldova","MDA","SP.POP.TOTL","2763101","2763101"
"Monaco","MCO","SP.POP.TOTL","27561","27561"
"Mongolia","MNG","SP.POP.TOTL","1785364","1785364"
"Montenegro","MNE","SP.POP.TOTL","587001","587001"
"Morocco","MAR","SP.POP.TOTL","20520318","20520318"
"Mozambique","MOZ","SP.POP.TOTL","11824370","11824370"
"Myanmar","MMR","SP.POP.TOTL","34482965","34482965"
"Namibia","NAM","SP.POP.TOTL","1010308","1010308"
"Nauru","NRU","SP.POP.TOTL","8040","8040"
"Nepal","NPL","SP.POP.TOTL","16297987","16297987"
"Netherlands","NLD","SP.POP.TOTL","14312690","14312690"
"New caledonia","NCL","SP.POP.TOTL","153001","153001"
"New Zealand","NZL","SP.POP.TOTL","3156100","3156100"
"Nicaragua","NIC","SP.POP.TOTL","3438745","3438745"
"Niger","NER","SP.POP.TOTL","6512732","6512732"
"Nigeria","NGA","SP.POP.TOTL","78378701","78378701"
"North America","NAC","SP.POP.TOTL","256835329","256835329"
"North macedonia","MKD","SP.POP.TOTL","1978956","1978956"
"Northern mariana","MNP","SP.POP.TOTL","22350","22350"
"Norway","NOR","SP.POP.TOTL","4114787","4114787"
"OECD","OED","SP.POP.TOTL","1037419356","1037419356"
"Oman","OMN","SP.POP.TOTL","1117678","1117678"
"Other states","OSS","SP.POP.TOTL","8098677","8098677"
"Pacific Islands","PSS","SP.POP.TOTL","1521261","1521261"
"Pakistan","PAK","SP.POP.TOTL","89089246","89089246"
"Palau","PLW","SP.POP.TOTL","12694","12694"
"Panama","PAN","SP.POP.TOTL","2052271","2052271"
"Papua","PNG","SP.POP.TOTL","3264291","3264291"
"Paraguay","PRY","SP.POP.TOTL","3226189","3226189"
"Peru","PER","SP.POP.TOTL","18246503","18246503"
"Philippines","PHL","SP.POP.TOTL","50695707","50695707"
"Poland","POL","SP.POP.TOTL","36230481","36230481"
"Portugal","PRT","SP.POP.TOTL","9911771","9911771"
"Post Demographic","PST","SP.POP.TOTL","921558505","921558505"
"Pre demographic","PRE","SP.POP.TOTL","339575832","339575832"
"Puerto rico","PRI","SP.POP.TOTL","3277453","3277453"
"Qatar","QAT","SP.POP.TOTL","311537","311537"
"Romania","ROU","SP.POP.TOTL","22475741","22475741"
"Russian Federation","RUS","SP.POP.TOTL","140823000","140823000"
"Rwanda","RWA","SP.POP.TOTL","5711549","5711549"
"Samoa","WSM","SP.POP.TOTL","166484","166484"
"San marino","SMR","SP.POP.TOTL","22055","22055"
"sao tome","STP","SP.POP.TOTL","102508","102508"
"saudi arabia","SAU","SP.POP.TOTL","6824486","6824486"
"Senegal","SEN","SP.POP.TOTL","6156961","6156961"
"Serbia","SRB","SP.POP.TOTL","7763335","7763335"
"Seychelles","SYC","SP.POP.TOTL","64413","64413"
"Sierra leone","SLE","SP.POP.TOTL","3408183","3408183"
"Singapore","SGP","SP.POP.TOTL","2646466","2646466"
"Sint","SXM","SP.POP.TOTL","14607","14607"
"Slovak","SVK","SP.POP.TOTL","5055099","5055099"
"Slovenia","SVN","SP.POP.TOTL","1910334","1910334"
"Small States","SST","SP.POP.TOTL","11922906","11922906"
"Solomon","SLB","SP.POP.TOTL","255200","255200"
"Somalia","SOM","SP.POP.TOTL","6003840","6003840"
"South Africa","ZAF","SP.POP.TOTL","31615339","31615339"
"South Asia","SAS","SP.POP.TOTL","945429976","945429976"
"South asia ida","TSA","SP.POP.TOTL","945429976","945429976"
"South Sudan","SSD","SP.POP.TOTL","4557686","4557686"
"Spain","ESP","SP.POP.TOTL","37986012","37986012"
"Sri lanka","LKA","SP.POP.TOTL","15286567","15286567"
"St kitts","KNA","SP.POP.TOTL","42532","42532"
"St lucia","LCA","SP.POP.TOTL","123087","123087"
"St martin","MAF","SP.POP.TOTL","9494","9494"
"St vincent","VCT","SP.POP.TOTL","105969","105969"
"Sub sharan","SSF","SP.POP.TOTL","414407128","414407128"
"Sub sharan ex high","SSA","SP.POP.TOTL","414342715","414342715"
"Sub sharan ida","TSS","SP.POP.TOTL","414407128","414407128"
"Sudan","SDN","SP.POP.TOTL","18486645","18486645"
"Suriname","SUR","SP.POP.TOTL","376555","376555"
"Sweden","SWE","SP.POP.TOTL","8325263","8325263"
"Switzerland","CHE","SP.POP.TOTL","6391309","6391309"
"Syrian","SYR","SP.POP.TOTL","9572511","9572511"
"Tajikistan","TJK","SP.POP.TOTL","4227171","4227171"
"Tanzania","TZA","SP.POP.TOTL","20398571","20398571"
"Thailand","THA","SP.POP.TOTL","47494577","47494577"
"Timor","TLS","SP.POP.TOTL","669149","669149"
"Togo","TGO","SP.POP.TOTL","3115042","3115042"
"Tonga","TON","SP.POP.TOTL","97980","97980"
"Trinidad","TTO","SP.POP.TOTL","1147927","1147927"
"Tunisia","TUN","SP.POP.TOTL","6908642","6908642"
"Turkiye","TUR","SP.POP.TOTL","47322096","47322096"
"Turkmenistan","TKM","SP.POP.TOTL","2985557","2985557"
"Turks","TCA","SP.POP.TOTL","8297","8297"
"Tuvalu","TUV","SP.POP.TOTL","7664","7664"
"Uganda","UGA","SP.POP.TOTL","13873631","13873631"
"Ukraine","UKR","SP.POP.TOTL","50402724","50402724"
"United Arab","ARE","SP.POP.TOTL","1166370","1166370"
"United Kingdom","GBR","SP.POP.TOTL","56313641","56313641"
"United States","USA","SP.POP.TOTL","231664000","231664000"
"Upper middle","UMC","SP.POP.TOTL","1825758794","1825758794"
"Uruguay","URY","SP.POP.TOTL","2975492","2975492"
"Uzbekistan","UZB","SP.POP.TOTL","16462736","16462736"
"Vanuatu","VUT","SP.POP.TOTL","121035","121035"
"Venezuela rb","VEN","SP.POP.TOTL","16121874","16121874"
"Viet nam","VNM","SP.POP.TOTL","55011289","55011289"
"Virgin Islands","VIR","SP.POP.TOTL","100068","100068"
"World","WLD","SP.POP.TOTL","4599538535","4599538535"
"Yemen rep","YEM","SP.POP.TOTL","10241006","10241006"
"Zambia","ZMB","SP.POP.TOTL","6178637","6178637"
"Zimbabwe","ZWE","SP.POP.TOTL","7796496","7796496"
"Final sum","","","47512021380","47512021380"
"```"
