Field,Label,Value
id,Dataset ID,17a2aaa2-dea9-4a2e-8b3f-92d1bdfb850c
title,Title of Dataset,China - Subnational Administrative Boundaries
name,Dataset URL,cod-ab-chn
notes,Description,"China administrative level 0-2 boundaries (COD-AB) dataset. The date that these administrative boundaries were established is unknown. NOTE:  COD-AB source is unofficial.  COD-AB reflects Chinese and UN recognition of 'Taiwan' as a Chinese ADM1 feature. This COD-AB was most recently reviewed for accuracy and necessary changes in October 2024.  The COD-AB does not require any update. Sourced from publicly available online sources Live geoservices (provided by Information Technology Outreach Services (ITOS) with funding from USAID) are available for this COD-AB.  Please see COD_External.  (For any earlier versions please see here, here, and here.)  Vetting, configuration, and geoservices provision by Information Technology Outreach Services (ITOS) with funding from USAID. There is no suitable population statistics dataset (COD-PS) for linkage to this COD-AB.. No edge-matched (COD-EM) version of this COD-AB has yet been prepared. Please see the COD Portal. Administrative level 1 contains 34 feature(s).  The normal administrative level 1 feature type is """"currently not known"""". Administrative level 2 contains 361 feature(s).  The normal administrative level 2 feature type is """"currently not known"""". ""China administrative level 0-2 boundaries (COD-AB) dataset. The date that these administrative boundaries were established is unknown. NOTE:  COD-AB source is unofficial.  COD-AB reflects Chinese and UN recognition of 'Taiwan' as a Chinese ADM1 feature. This COD-AB was most recently reviewed for accuracy and necessary changes in October 2024.  The COD-AB does not require any update. Sourced from publicly available online sources Live geoservices (provided by Information Technology Outreach Services (ITOS) with funding from USAID) are available for this COD-AB.  Please see COD_External.  (For any earlier versions please see here, here, and here.)  Vetting, configuration, and geoservices provision by Information Technology Outreach Services (ITOS) with funding from USAID. There is no suitable population statistics dataset (COD-PS) for linkage to this COD-AB.. No edge-matched (COD-EM) version of this COD-AB has yet been prepared. Please see the COD Portal. Administrative level 1 contains 34 feature(s).  The normal administrative level 1 feature type is 'currently not known'. Administrative level 2 contains 361 feature(s).  The normal administrative level 2 feature type is 'currently not known'. Recommended cartographic projection:  Asia South Albers Equal Area Conic This metadata was last updated on January 18, 2025."
dataset_source,Source,publicly available online sources
organization,Contributor,OCHA Regional Office for Asia and the Pacific (ROAP)
dataset_date,Reference Period,[2020-09-10T00:00:00 TO 2020-09-10T23:59:59]
last_modified,Updated,2020-09-10T09:13:05.764913
data_update_frequency,Expected Update Frequency,Every year
groups,Location,China
license_title,License,Creative Commons Attribution for Intergovernmental Organisations (CC BY-IGO)
methodology,Methodology,Other
methodology_other,Define Methodology,Shapefiles sourced and translated by Chinese volunteers. Data compiled and cleaned by OCHA.
caveats,Caveats/Comments,"These boundaries were not derived from an official government source, but do appear to correspond to government policy and include the entity referred to by the government as ‘Taiwan Province’.

The earlier version of this dataset had incorrect administrative level 1 boundaries and P-codes.
"
tags,Tags,"administrative boundaries-divisions, gazetteer, geodata"
resource_1_created,Created,2020-09-10T09:13:02.689824
resource_1_description,Description,China administrative level 0-2 gazetteer
resource_1_format,File Format,XLSX
resource_1_download_url,Download URL,https://data.humdata.org/dataset/17a2aaa2-dea9-4a2e-8b3f-92d1bdfb850c/resource/20eb7fd0-cf6b-4e05-af2d-7e124b6a37cc/download/chn_admgz_2020.xlsx
resource_1_id,Resource ID,20eb7fd0-cf6b-4e05-af2d-7e124b6a37cc
resource_1_last_modified,Updated,2020-09-10T09:13:01.324628
resource_1_metadata_modified,Metadata Updated,2025-02-25T21:27:39.640188
resource_1_microdata,Microdata,False
resource_1_dataset_id,Dataset ID,17a2aaa2-dea9-4a2e-8b3f-92d1bdfb850c
resource_1_resource_type,Resource Type,file.upload
resource_1_name,Resource Name,chn_admgz_2020.xlsx
resource_1_mimetype,MIME Type,application/vnd.openxmlformats-officedocument.spreadsheetml.sheet
resource_1_size,Size,38.6K
resource_2_created,Created,2018-01-11T09:13:44.448342
resource_2_description,Description,China administrative level 0-2 zipped shapefiles
resource_2_format,File Format,SHP
resource_2_download_url,Download URL,https://data.humdata.org/dataset/17a2aaa2-dea9-4a2e-8b3f-92d1bdfb850c/resource/9e67ddf9-ce26-4b7a-82b1-51e5ca0714c8/download/chn_adm_ocha_2020_shp.zip
resource_2_id,Resource ID,9e67ddf9-ce26-4b7a-82b1-51e5ca0714c8
resource_2_last_modified,Updated,2020-09-10T09:00:06.531869
resource_2_metadata_modified,Metadata Updated,2025-02-25T21:27:41.538882
resource_2_microdata,Microdata,False
resource_2_dataset_id,Dataset ID,17a2aaa2-dea9-4a2e-8b3f-92d1bdfb850c
resource_2_resource_type,Resource Type,file.upload
resource_2_name,Resource Name,chn_adm_ocha_2020_SHP.zip
resource_2_mimetype,MIME Type,application/x-zip-compressed
resource_2_size,Size,3.5M
resource_3_created,Created,2018-04-26T10:56:27.309453
resource_3_description,Description,China administrative level 0-2 EMF files
resource_3_format,File Format,EMF
resource_3_download_url,Download URL,https://data.humdata.org/dataset/17a2aaa2-dea9-4a2e-8b3f-92d1bdfb850c/resource/3fdbe272-5b70-43ab-8180-22c11f026ab3/download/chn_adm_ocha_2020_emf.zip
resource_3_id,Resource ID,3fdbe272-5b70-43ab-8180-22c11f026ab3
resource_3_last_modified,Updated,2020-09-10T09:00:25.923269
resource_3_metadata_modified,Metadata Updated,2022-10-17T17:39:47.345700
resource_3_microdata,Microdata,False
resource_3_dataset_id,Dataset ID,17a2aaa2-dea9-4a2e-8b3f-92d1bdfb850c
resource_3_resource_type,Resource Type,file.upload
resource_3_name,Resource Name,chn_adm_ocha_2020_EMF.zip
resource_3_mimetype,MIME Type,application/x-zip-compressed
resource_3_size,Size,838.0K
resource_4_created,Created,2020-09-10T09:13:07.028959
resource_4_description,Description,China administrative level 0-2 zipped geodatabase
resource_4_format,File Format,Geodatabase
resource_4_download_url,Download URL,https://data.humdata.org/dataset/17a2aaa2-dea9-4a2e-8b3f-92d1bdfb850c/resource/05acf01e-6d6f-4f8b-a955-cdbc24bb455c/download/chn_adm_ocha_2020.gdb.zip
resource_4_id,Resource ID,05acf01e-6d6f-4f8b-a955-cdbc24bb455c
resource_4_last_modified,Updated,2020-09-10T09:13:05.764913
resource_4_metadata_modified,Metadata Updated,2025-02-25T21:27:43.383069
resource_4_microdata,Microdata,False
resource_4_dataset_id,Dataset ID,17a2aaa2-dea9-4a2e-8b3f-92d1bdfb850c
resource_4_resource_type,Resource Type,file.upload
resource_4_name,Resource Name,chn_adm_ocha_2020.gdb.zip
resource_4_mimetype,MIME Type,application/x-zip-compressed
resource_4_size,Size,779.9K
