"```csv"
"id","orderNumber","orderDt","shippingDt","shippingType","customerNumber","location","theCity","theState","zipCode","productDivision","salesRegion","productCode","item","totalSales","unitsSold","profitUSD","productCost","Status","min_expected_range","max_expected_range"
"423","US-2021-160094-CHO-TRI-54000","April 30, 2021","October 23, 2026","First Class","160094","United States","Louisville","Kentucky","40214","Chocolate","Gulf","CHO-TRI-54000","Product-WProduct-oProduct-nProduct-kProduct-a Product-BProduct-aProduct-r - Product-TProduct-rProduct-iProduct-pProduct-lProduct-e Product-DProduct-aProduct-zProduct-zProduct-lProduct-e Product-CProduct-aProduct-rProduct-aProduct-mProduct-eProduct-l","0.0K","5","12.25","6.5","Within Range","0.0K","0.0K"
"999","US-2021-157721-CHO-MIL-31000","September 02, 2021","February 26, 2027","First Class","157721","United States","Watertown","New York","13601","Chocolate","Atlantic","CHO-MIL-31000","Product-WProduct-oProduct-nProduct-kProduct-a Product-BProduct-aProduct-r - Product-MProduct-iProduct-lProduct-k Product-CProduct-hProduct-oProduct-cProduct-oProduct-lProduct-aProduct-tProduct-e","0.0K","1","2.11","1.14","Within Range","0.0K","0.0K"
"1000","US-2021-157721-CHO-FUD-51000","September 02, 2021","February 26, 2027","First Class","157721","United States","Watertown","New York","13601","Chocolate","Atlantic","CHO-FUD-51000","Product-WProduct-oProduct-nProduct-kProduct-a Product-BProduct-aProduct-r - Product-FProduct-uProduct-dProduct-gProduct-e Product-MProduct-aProduct-lProduct-lProduct-oProduct-wProduct-s","0.0K","1","2.4","1.2","Within Range","0.0K","0.0K"
"2150","US-2022-116092-CHO-TRI-54000","February 15, 2022","August 11, 2027","Second Class","116092","United States","Los Angeles","California","90004","Chocolate","Pacific","CHO-TRI-54000","Product-WProduct-oProduct-nProduct-kProduct-a Product-BProduct-aProduct-r - Product-TProduct-rProduct-iProduct-pProduct-lProduct-e Product-DProduct-aProduct-zProduct-zProduct-lProduct-e Product-CProduct-aProduct-rProduct-aProduct-mProduct-eProduct-l","0.0K","6","14.7","7.8","Within Range","0.0K","0.0K"
"2151","US-2022-116092-CHO-MIL-31000","February 15, 2022","August 11, 2027","Second Class","116092","United States","Los Angeles","California","90004","Chocolate","Pacific","CHO-MIL-31000","Product-WProduct-oProduct-nProduct-kProduct-a Product-BProduct-aProduct-r - Product-MProduct-iProduct-lProduct-k Product-CProduct-hProduct-oProduct-cProduct-oProduct-lProduct-aProduct-tProduct-e","0.0K","5","10.55","5.7","Within Range","0.0K","0.0K"
"2152","US-2022-116092-CHO-FUD-51000","February 15, 2022","August 11, 2027","Second Class","116092","United States","Los Angeles","California","90004","Chocolate","Pacific","CHO-FUD-51000","Product-WProduct-oProduct-nProduct-kProduct-a Product-BProduct-aProduct-r - Product-FProduct-uProduct-dProduct-gProduct-e Product-MProduct-aProduct-lProduct-lProduct-oProduct-wProduct-s","0.0K","5","12","6","Within Range","0.0K","0.0K"
"2153","US-2022-116092-CHO-FUD-51000","February 15, 2022","August 11, 2027","Second Class","116092","United States","Los Angeles","California","90004","Chocolate","Pacific","CHO-FUD-51000","Product-WProduct-oProduct-nProduct-kProduct-a Product-BProduct-aProduct-r - Product-FProduct-uProduct-dProduct-gProduct-e Product-MProduct-aProduct-lProduct-lProduct-oProduct-wProduct-s","0.0K","3","7.2","3.6","Within Range","0.0K","0.0K"
"2154","US-2022-116092-CHO-SCR-58000","February 15, 2022","August 11, 2027","Second Class","116092","United States","Los Angeles","California","90004","Chocolate","Pacific","CHO-SCR-58000","Product-WProduct-oProduct-nProduct-kProduct-a Product-BProduct-aProduct-r -Product-SProduct-cProduct-rProduct-uProduct-mProduct-dProduct-iProduct-dProduct-dProduct-lProduct-yProduct-uProduct-mProduct-pProduct-tProduct-iProduct-oProduct-uProduct-s","0.0K","2","5","2.2","Within Range","0.0K","0.0K"
"2729","US-2022-136427-CHO-SCR-58000","June 20, 2022","December 14, 2027","First Class","136427","United States","Aurora","Colorado","80013","Chocolate","Pacific","CHO-SCR-58000","Product-WProduct-oProduct-nProduct-kProduct-a Product-BProduct-aProduct-r -Product-SProduct-cProduct-rProduct-uProduct-mProduct-dProduct-iProduct-dProduct-dProduct-lProduct-yProduct-uProduct-mProduct-pProduct-tProduct-iProduct-oProduct-uProduct-s","0.0K","7","17.5","7.7","Within Range","0.0K","0.0K"
"3567","US-2022-145485-CHO-FUD-51000","November 05, 2022","April 27, 2028","Same Day","145485","United States","San Francisco","California","94109","Chocolate","Pacific","CHO-FUD-51000","Product-WProduct-oProduct-nProduct-kProduct-a Product-BProduct-aProduct-r - Product-FProduct-uProduct-dProduct-gProduct-e Product-MProduct-aProduct-lProduct-lProduct-oProduct-wProduct-s","0.0K","4","9.6","4.8","Within Range","0.0K","0.0K"
"4900","US-2023-158547-CHO-SCR-58000","May 30, 2023","November 24, 2028","Standard Class","158547","United States","Hamilton","Ohio","45011","Chocolate","Atlantic","CHO-SCR-58000","Product-WProduct-oProduct-nProduct-kProduct-a Product-BProduct-aProduct-r -Product-SProduct-cProduct-rProduct-uProduct-mProduct-dProduct-iProduct-dProduct-dProduct-lProduct-yProduct-uProduct-mProduct-pProduct-tProduct-iProduct-oProduct-uProduct-s","0.0K","5","12.5","5.5","Within Range","0.0K","0.0K"
"6261","US-2023-117541-CHO-SCR-58000","November 14, 2023","May 12, 2029","Standard Class","117541","United States","Newark","Delaware","19711","Chocolate","Atlantic","CHO-SCR-58000","Product-WProduct-oProduct-nProduct-kProduct-a Product-BProduct-aProduct-r -Product-SProduct-cProduct-rProduct-uProduct-mProduct-dProduct-iProduct-dProduct-dProduct-lProduct-yProduct-uProduct-mProduct-pProduct-tProduct-iProduct-oProduct-uProduct-s","0.0K","4","10","4.4","Within Range","0.0K","0.0K"
"6268","US-2023-117541-CHO-NUT-13000","November 14, 2023","May 12, 2029","Standard Class","117541","United States","Newark","Delaware","19711","Chocolate","Atlantic","CHO-NUT-13000","Product-WProduct-oProduct-nProduct-kProduct-a Product-BProduct-aProduct-r - Product-NProduct-uProduct-tProduct-y Product-CProduct-rProduct-uProduct-nProduct-cProduct-h Product-SProduct-uProduct-rProduct-pProduct-rProduct-iProduct-sProduct-e","0.0K","5","12.45","5","Within Range","0.0K","0.0K"
"8315","US-2024-158169-CHO-TRI-54000","August 12, 2024","February 05, 2030","First Class","158169","United States","Lake Forest","California","92630","Chocolate","Pacific","CHO-TRI-54000","Product-WProduct-oProduct-nProduct-kProduct-a Product-BProduct-aProduct-r - Product-TProduct-rProduct-iProduct-pProduct-lProduct-e Product-DProduct-aProduct-zProduct-zProduct-lProduct-e Product-CProduct-aProduct-rProduct-aProduct-mProduct-eProduct-l","0.0K","4","9.8","5.2","Within Range","0.0K","0.0K"
"8316","US-2024-158169-CHO-NUT-13000","August 12, 2024","February 05, 2030","First Class","158169","United States","Lake Forest","California","92630","Chocolate","Pacific","CHO-NUT-13000","Product-WProduct-oProduct-nProduct-kProduct-a Product-BProduct-aProduct-r - Product-NProduct-uProduct-tProduct-y Product-CProduct-rProduct-uProduct-nProduct-cProduct-h Product-SProduct-uProduct-rProduct-pProduct-rProduct-iProduct-sProduct-e","0.0K","3","7.47","3","Within Range","0.0K","0.0K"
"8570","US-2024-151008-CHO-TRI-54000","September 07, 2024","March 01, 2030","First Class","151008","United States","Draper","Utah","84020","Chocolate","Pacific","CHO-TRI-54000","Product-WProduct-oProduct-nProduct-kProduct-a Product-BProduct-aProduct-r - Product-TProduct-rProduct-iProduct-pProduct-lProduct-e Product-DProduct-aProduct-zProduct-zProduct-lProduct-e Product-CProduct-aProduct-rProduct-aProduct-mProduct-eProduct-l","0.0K","2","4.9","2.6","Within Range","0.0K","0.0K"
"8590","US-2024-151008-CHO-NUT-13000","September 07, 2024","March 01, 2030","First Class","151008","United States","Draper","Utah","84020","Chocolate","Pacific","CHO-NUT-13000","Product-WProduct-oProduct-nProduct-kProduct-a Product-BProduct-aProduct-r - Product-NProduct-uProduct-tProduct-y Product-CProduct-rProduct-uProduct-nProduct-cProduct-h Product-SProduct-uProduct-rProduct-pProduct-rProduct-iProduct-sProduct-e","0.0K","4","9.96","4","Within Range","0.0K","0.0K"
"9298","US-2024-130834-CHO-TRI-54000","November 03, 2024","April 29, 2030","Second Class","130834","United States","Wilmington","North Carolina","28403","Chocolate","Gulf","CHO-TRI-54000","Product-WProduct-oProduct-nProduct-kProduct-a Product-BProduct-aProduct-r - Product-TProduct-rProduct-iProduct-pProduct-lProduct-e Product-DProduct-aProduct-zProduct-zProduct-lProduct-e Product-CProduct-aProduct-rProduct-aProduct-mProduct-eProduct-l","0.0K","3","7.35","3.9","Within Range","0.0K","0.0K"
"8","US-2021-106054-CHO-MIL-31000","January 06, 2021","June 30, 2026","First Class","106054","United States","Athens","Georgia","30605","Chocolate","Gulf","CHO-MIL-31000","Product-WProduct-oProduct-nProduct-kProduct-a Product-BProduct-aProduct-r - Product-MProduct-iProduct-lProduct-k Product-CProduct-hProduct-oProduct-cProduct-oProduct-lProduct-aProduct-tProduct-e","0.0K","3","6.33","3.42","Within Range","0.0K","0.0K"
"825","US-2021-159121-CHO-MIL-31000","July 26, 2021","January 22, 2027","Standard Class","159121","United States","Draper","Utah","84020","Chocolate","Pacific","CHO-MIL-31000","Product-WProduct-oProduct-nProduct-kProduct-a Product-BProduct-aProduct-r - Product-MProduct-iProduct-lProduct-k Product-CProduct-hProduct-oProduct-cProduct-oProduct-lProduct-aProduct-tProduct-e","0.0K","7","14.77","7.98","Within Range","0.0K","0.0K"
"1441","US-2021-152562-CHO-SCR-58000","November 01, 2021","May 01, 2027","Standard Class","152562","United States","Richmond","Kentucky","40475","Chocolate","Gulf","CHO-SCR-58000","Product-WProduct-oProduct-nProduct-kProduct-a Product-BProduct-aProduct-r -Product-SProduct-cProduct-rProduct-uProduct-mProduct-dProduct-iProduct-dProduct-dProduct-lProduct-yProduct-uProduct-mProduct-pProduct-tProduct-iProduct-oProduct-uProduct-s","0.0K","3","7.5","3.3","Within Range","0.0K","0.0K"
"1450","US-2021-152562-CHO-FUD-51000","November 01, 2021","May 01, 2027","Standard Class","152562","United States","Richmond","Kentucky","40475","Chocolate","Gulf","CHO-FUD-51000","Product-WProduct-oProduct-nProduct-kProduct-a Product-BProduct-aProduct-r - Product-FProduct-uProduct-dProduct-gProduct-e Product-MProduct-aProduct-lProduct-lProduct-oProduct-wProduct-s","0.0K","2","4.8","2.4","Within Range","0.0K","0.0K"
"1731","US-2021-167486-CHO-SCR-58000","November 27, 2021","May 24, 2027","Standard Class","167486","United States","Buffalo","New York","14215","Chocolate","Atlantic","CHO-SCR-58000","Product-WProduct-oProduct-nProduct-kProduct-a Product-BProduct-aProduct-r -Product-SProduct-cProduct-rProduct-uProduct-mProduct-dProduct-iProduct-dProduct-dProduct-lProduct-yProduct-uProduct-mProduct-pProduct-tProduct-iProduct-oProduct-uProduct-s","0.0K","5","12.5","5.5","Within Range","0.0K","0.0K"
"4199","US-2023-100461-CHO-TRI-54000","January 08, 2023","July 04, 2028","Standard Class","100461","United States","Franklin","Wisconsin","53132","Chocolate","Interior","CHO-TRI-54000","Product-WProduct-oProduct-nProduct-kProduct-a Product-BProduct-aProduct-r - Product-TProduct-rProduct-iProduct-pProduct-lProduct-e Product-DProduct-aProduct-zProduct-zProduct-lProduct-e Product-CProduct-aProduct-rProduct-aProduct-mProduct-eProduct-l","0.0K","6","14.7","7.8","Within Range","0.0K","0.0K"
"4201","US-2023-100461-CHO-MIL-31000","January 08, 2023","July 04, 2028","Standard Class","100461","United States","Franklin","Wisconsin","53132","Chocolate","Interior","CHO-MIL-31000","Product-WProduct-oProduct-nProduct-kProduct-a Product-BProduct-aProduct-r - Product-MProduct-iProduct-lProduct-k Product-CProduct-hProduct-oProduct-cProduct-oProduct-lProduct-aProduct-tProduct-e","0.0K","7","14.77","7.98","Within Range","0.0K","0.0K"
"5325","US-2023-116344-CHO-TRI-54000","July 29, 2023","January 22, 2029","Standard Class","116344","United States","Philadelphia","Pennsylvania","19140","Chocolate","Atlantic","CHO-TRI-54000","Product-WProduct-oProduct-nProduct-kProduct-a Product-BProduct-aProduct-r - Product-TProduct-rProduct-iProduct-pProduct-lProduct-e Product-DProduct-aProduct-zProduct-zProduct-lProduct-e Product-CProduct-aProduct-rProduct-aProduct-mProduct-eProduct-l","0.0K","2","4.9","2.6","Within Range","0.0K","0.0K"
"6881","US-2024-125913-CHO-SCR-58000","January 16, 2024","July 08, 2029","Same Day","125913","United States","Los Angeles","California","90008","Chocolate","Pacific","CHO-SCR-58000","Product-WProduct-oProduct-nProduct-kProduct-a Product-BProduct-aProduct-r -Product-SProduct-cProduct-rProduct-uProduct-mProduct-dProduct-iProduct-dProduct-dProduct-lProduct-yProduct-uProduct-mProduct-pProduct-tProduct-iProduct-oProduct-uProduct-s","0.0K","4","10","4.4","Within Range","0.0K","0.0K"
"6882","US-2024-125913-CHO-NUT-13000","January 16, 2024","July 08, 2029","Same Day","125913","United States","Los Angeles","California","90008","Chocolate","Pacific","CHO-NUT-13000","Product-WProduct-oProduct-nProduct-kProduct-a Product-BProduct-aProduct-r - Product-NProduct-uProduct-tProduct-y Product-CProduct-rProduct-uProduct-nProduct-cProduct-h Product-SProduct-uProduct-rProduct-pProduct-rProduct-iProduct-sProduct-e","0.0K","7","17.43","7","Within Range","0.0K","0.0K"
"9206","US-2024-130764-CHO-MIL-31000","October 27, 2024","April 20, 2030","First Class","130764","United States","San Francisco","California","94110","Chocolate","Pacific","CHO-MIL-31000","Product-WProduct-oProduct-nProduct-kProduct-a Product-BProduct-aProduct-r - Product-MProduct-iProduct-lProduct-k Product-CProduct-hProduct-oProduct-cProduct-oProduct-lProduct-aProduct-tProduct-e","0.0K","5","10.55","5.7","Within Range","0.0K","0.0K"
"9216","US-2024-130764-CHO-FUD-51000","October 27, 2024","April 20, 2030","First Class","130764","United States","San Francisco","California","94110","Chocolate","Pacific","CHO-FUD-51000","Product-WProduct-oProduct-nProduct-kProduct-a Product-BProduct-aProduct-r - Product-FProduct-uProduct-dProduct-gProduct-e Product-MProduct-aProduct-lProduct-lProduct-oProduct-wProduct-s","0.0K","4","9.6","4.8","Within Range","0.0K","0.0K"
"9289","US-2024-168802-CHO-SCR-58000","November 03, 2024","April 30, 2030","Standard Class","168802","United States","Seattle","Washington","98103","Chocolate","Pacific","CHO-SCR-58000","Product-WProduct-oProduct-nProduct-kProduct-a Product-BProduct-aProduct-r -Product-SProduct-cProduct-rProduct-uProduct-mProduct-dProduct-iProduct-dProduct-dProduct-lProduct-yProduct-uProduct-mProduct-pProduct-tProduct-iProduct-oProduct-uProduct-s","0.0K","4","10","4.4","Within Range","0.0K","0.0K"
"287","US-2021-112403-CHO-NUT-13000","March 31, 2021","September 21, 2026","Same Day","112403","United States","Philadelphia","Pennsylvania","19120","Chocolate","Atlantic","CHO-NUT-13000","Product-WProduct-oProduct-nProduct-kProduct-a Product-BProduct-aProduct-r - Product-NProduct-uProduct-tProduct-y Product-CProduct-rProduct-uProduct-nProduct-cProduct-h Product-SProduct-uProduct-rProduct-pProduct-rProduct-iProduct-sProduct-e","0.0K","1","2.49","1","Within Range","0.0K","0.0K"
"1878","US-2021-116673-CHO-SCR-58000","December 15, 2021","June 11, 2027","Second Class","116673","United States","San Diego","California","92037","Chocolate","Pacific","CHO-SCR-58000","Product-WProduct-oProduct-nProduct-kProduct-a Product-BProduct-aProduct-r -Product-SProduct-cProduct-rProduct-uProduct-mProduct-dProduct-iProduct-dProduct-dProduct-lProduct-yProduct-uProduct-mProduct-pProduct-tProduct-iProduct-oProduct-uProduct-s","0.0K","2","5","2.2","Within Range","0.0K","0.0K"
"3549","US-2022-130890-CHO-MIL-31000","November 02, 2022","April 28, 2028","Standard Class","130890","United States","Los Angeles","California","90004","Chocolate","Pacific","CHO-MIL-31000","Product-WProduct-oProduct-nProduct-kProduct-a Product-BProduct-aProduct-r - Product-MProduct-iProduct-lProduct-k Product-CProduct-hProduct-oProduct-cProduct-oProduct-lProduct-aProduct-tProduct-e","0.0K","5","10.55","5.7","Within Range","0.0K","0.0K"
"4178","US-2022-109197-CHO-NUT-13000","December 31, 2022","June 26, 2028","Standard Class","109197","United States","Missoula","Montana","59801","Chocolate","Pacific","CHO-NUT-13000","Product-WProduct-oProduct-nProduct-kProduct-a Product-BProduct-aProduct-r - Product-NProduct-uProduct-tProduct-y Product-CProduct-rProduct-uProduct-nProduct-cProduct-h Product-SProduct-uProduct-rProduct-pProduct-rProduct-iProduct-sProduct-e","0.0K","2","4.98","2","Within Range","0.0K","0.0K"
"4642","US-2023-115819-CHO-FUD-51000","April 19, 2023","October 14, 2028","Second Class","115819","United States","Los Angeles","California","90049","Chocolate","Pacific","CHO-FUD-51000","Product-WProduct-oProduct-nProduct-kProduct-a Product-BProduct-aProduct-r - Product-FProduct-uProduct-dProduct-gProduct-e Product-MProduct-aProduct-lProduct-lProduct-oProduct-wProduct-s","0.0K","3","7.2","3.6","Within Range","0.0K","0.0K"
"4644","US-2023-115819-CHO-NUT-13000","April 19, 2023","October 14, 2028","Second Class","115819","United States","Los Angeles","California","90049","Chocolate","Pacific","CHO-NUT-13000","Product-WProduct-oProduct-nProduct-kProduct-a Product-BProduct-aProduct-r - Product-NProduct-uProduct-tProduct-y Product-CProduct-rProduct-uProduct-nProduct-cProduct-h Product-SProduct-uProduct-rProduct-pProduct-rProduct-iProduct-sProduct-e","0.0K","5","12.45","5","Within Range","0.0K","0.0K"
"4646","US-2023-115819-CHO-SCR-58000","April 19, 2023","October 14, 2028","Second Class","115819","United States","Los Angeles","California","90049","Chocolate","Pacific","CHO-SCR-58000","Product-WProduct-oProduct-nProduct-kProduct-a Product-BProduct-aProduct-r -Product-SProduct-cProduct-rProduct-uProduct-mProduct-dProduct-iProduct-dProduct-dProduct-lProduct-yProduct-uProduct-mProduct-pProduct-tProduct-iProduct-oProduct-uProduct-s","0.0K","1","2.5","1.1","Within Range","0.0K","0.0K"
"4648","US-2023-115819-CHO-NUT-13000","April 19, 2023","October 14, 2028","Second Class","115819","United States","Los Angeles","California","90049","Chocolate","Pacific","CHO-NUT-13000","Product-WProduct-oProduct-nProduct-kProduct-a Product-BProduct-aProduct-r - Product-NProduct-uProduct-tProduct-y Product-CProduct-rProduct-uProduct-nProduct-cProduct-h Product-SProduct-uProduct-rProduct-pProduct-rProduct-iProduct-sProduct-e","0.0K","3","7.47","3","Within Range","0.0K","0.0K"
"4650","US-2023-115819-CHO-FUD-51000","April 19, 2023","October 14, 2028","Second Class","115819","United States","Los Angeles","California","90049","Chocolate","Pacific","CHO-FUD-51000","Product-WProduct-oProduct-nProduct-kProduct-a Product-BProduct-aProduct-r - Product-FProduct-uProduct-dProduct-gProduct-e Product-MProduct-aProduct-lProduct-lProduct-oProduct-wProduct-s","0.0K","4","9.6","4.8","Within Range","0.0K","0.0K"
"4654","US-2023-115819-CHO-MIL-31000","April 19, 2023","October 14, 2028","Second Class","115819","United States","Los Angeles","California","90049","Chocolate","Pacific","CHO-MIL-31000","Product-WProduct-oProduct-nProduct-kProduct-a Product-BProduct-aProduct-r - Product-MProduct-iProduct-lProduct-k Product-CProduct-hProduct-oProduct-cProduct-oProduct-lProduct-aProduct-tProduct-e","0.0K","5","10.55","5.7","Within Range","0.0K","0.0K"
"8933","US-2024-118402-CHO-NUT-13000","September 29, 2024","March 27, 2030","Standard Class","118402","United States","Memphis","Tennessee","38109","Chocolate","Gulf","CHO-NUT-13000","Product-WProduct-oProduct-nProduct-kProduct-a Product-BProduct-aProduct-r - Product-NProduct-uProduct-tProduct-y Product-CProduct-rProduct-uProduct-nProduct-cProduct-h Product-SProduct-uProduct-rProduct-pProduct-rProduct"
