"```csv"
"year","yr_1979","unnamed_2","unnamed_3","unnamed_4"
"","","","",""
"indicator_summary","","","Indicator_Name",""
"Country_Name","countryCd","indicatorCd","populationTotal","grandTotal"
"AFGHANISTAN","afg","sp_pop_totl","13655567","13655567"
"Africa Eastern And Southern","afe","sp.POP.TOTL","223974122","223974122"
"Africa Western and Central","afw","SP.POP.TOTL","154721711","154721711"
"albania","ALB","SP.POP.TOTL","2617832","2617832"
"Algeria","DZA","SP.POP.TOTL","18036655","18036655"
"American Samoa","ASM","SP.POP.TOTL","31611","31611"
"Andorra","AND","SP.POP.TOTL","34306","34306"
"Angola","AGO","SP.POP.TOTL","7847207","7847207"
"Antigua And Barbuda","ATG","SP.POP.TOTL","64274","64274"
"Arab World","ARB","SP.POP.TOTL","159054118","159054118"
"Argentina","ARG","SP.POP.TOTL","27568895","27568895"
"Armenia","ARM","SP.POP.TOTL","3078501","3078501"
"Aruba","ABW","SP.POP.TOTL","59191","59191"
"Australia","AUS","SP.POP.TOTL","14514000","14514000"
"Austria","AUT","SP.POP.TOTL","7549425","7549425"
"Azerbaijan","AZE","SP.POP.TOTL","6071300","6071300"
"Bahamas"," The","BHS","SP.POP.TOTL","228230","228230"
"Bahrain","BHR","SP.POP.TOTL","343457","343457"
"Bangladesh","BGD","SP.POP.TOTL","85935072","85935072"
"Barbados","BRB","SP.POP.TOTL","251269","251269"
"Belarus","BLR","SP.POP.TOTL","9584000","9584000"
"Belgium","BEL","SP.POP.TOTL","9848382","9848382"
"Belize","BLZ","SP.POP.TOTL","141678","141678"
"Benin","BEN","SP.POP.TOTL","3818528","3818528"
"Bermuda","BMU","SP.POP.TOTL","53517","53517"
"Bhutan","BTN","SP.POP.TOTL","419200","419200"
"Bolivia","BOL","SP.POP.TOTL","5630849","5630849"
"Bosnia and Herzegovina","BIH","SP.POP.TOTL","4113300","4113300"
"Botswana","BWA","SP.POP.TOTL","901742","901742"
"Brazil","BRA","SP.POP.TOTL","118380821","118380821"
"British Virgin Islands","VGB","SP.POP.TOTL","10965","10965"
"Brunei Darussalam","BRN","SP.POP.TOTL","180422","180422"
"Bulgaria","BGR","SP.POP.TOTL","8825940","8825940"
"Burkina Faso","BFA","SP.POP.TOTL","6763903","6763903"
"Burundi","BDI","SP.POP.TOTL","4203530","4203530"
"Cabo Verde","CPV","SP.POP.TOTL","319480","319480"
"Cambodia","KHM","SP.POP.TOTL","5088808","5088808"
"Cameroon","CMR","SP.POP.TOTL","8239641","8239641"
"Canada","CAN","SP.POP.TOTL","24201544","24201544"
"Caribbean small states","CSS","SP.POP.TOTL","2265603","2265603"
"Cayman Islands","CYM","SP.POP.TOTL","16351","16351"
"Central African Republic","CAF","SP.POP.TOTL","2423794","2423794"
"Central Europe and the Baltics","CEB","SP.POP.TOTL","105948616","105948616"
"Chad","TCD","SP.POP.TOTL","4505384","4505384"
"Channel Islands","CHI","SP.POP.TOTL","130220","130220"
"Chile","CHL","SP.POP.TOTL","11339779","11339779"
"China","CHN","SP.POP.TOTL","969005000","969005000"
"Colombia","COL","SP.POP.TOTL","25515626","25515626"
"Comoros","COM","SP.POP.TOTL","327791","327791"
"Congo"," Dem. Rep.","COD","SP.POP.TOTL","25886782","25886782"
"Congo"," Rep.","COG","SP.POP.TOTL","1788524","1788524"
"Costa Rica","CRI","SP.POP.TOTL","2326490","2326490"
"Cote d'Ivoire","CIV","SP.POP.TOTL","7902267","7902267"
"Croatia","HRV","SP.POP.TOTL","4594778","4594778"
"Cuba","CUB","SP.POP.TOTL","9763355","9763355"
"Curacao","CUW","SP.POP.TOTL","147851","147851"
"Cyprus","CYP","SP.POP.TOTL","677549","677549"
"Czechia","CZE","SP.POP.TOTL","10292341","10292341"
"Denmark","DNK","SP.POP.TOTL","5116801","5116801"
"Djibouti","DJI","SP.POP.TOTL","304513","304513"
"Dominica","DMA","SP.POP.TOTL","72959","72959"
"Dominican Republic","DOM","SP.POP.TOTL","5589690","5589690"
"Early-demographic dividend","EAR","SP.POP.TOTL","1552194676","1552194676"
"East Asia & Pacific","EAS","SP.POP.TOTL","1532260865","1532260865"
"East Asia & Pacific (excluding high income)","EAP","SP.POP.TOTL","1335637622","1335637622"
"East Asia & Pacific (IDA & IBRD countries)","TEA","SP.POP.TOTL","1317673957","1317673957"
"Ecuador","ECU","SP.POP.TOTL","7948869","7948869"
"Egypt"," Arab Rep.","EGY","SP.POP.TOTL","42818628","42818628"
"El Salvador","SLV","SP.POP.TOTL","4480388","4480388"
"Equatorial Guinea","GNQ","SP.POP.TOTL","279846","279846"
"Eritrea","ERI","SP.POP.TOTL","1563332","1563332"
"Estonia","EST","SP.POP.TOTL","1468333","1468333"
"Eswatini","SWZ","SP.POP.TOTL","577199","577199"
"Ethiopia","ETH","SP.POP.TOTL","34238652","34238652"
"Euro area","EMU","SP.POP.TOTL","305541545","305541545"
"Europe & Central Asia","ECS","SP.POP.TOTL","789862141","789862141"
"Europe & Central Asia (excluding high income)","ECA","SP.POP.TOTL","178774505","178774505"
"Europe & Central Asia (IDA & IBRD countries)","TEC","SP.POP.TOTL","387559928","387559928"
"European Union","EUU","SP.POP.TOTL","406112162","406112162"
"Faroe Islands","FRO","SP.POP.TOTL","42521","42521"
"Fiji","FJI","SP.POP.TOTL","626862","626862"
"Finland","FIN","SP.POP.TOTL","4764690","4764690"
"Fragile and conflict affected situations","FCS","SP.POP.TOTL","378556492","378556492"
"France","FRA","SP.POP.TOTL","54979851","54979851"
"French Polynesia","PYF","SP.POP.TOTL","151569","151569"
"Gabon","GAB","SP.POP.TOTL","729375","729375"
"Gambia"," The","GMB","SP.POP.TOTL","689781","689781"
"Georgia","GEO","SP.POP.TOTL","4430200","4430200"
"Germany","DEU","SP.POP.TOTL","78126350","78126350"
"Ghana","GHA","SP.POP.TOTL","11597255","11597255"
"Gibraltar","GIB","SP.POP.TOTL","28575","28575"
"Greece","GRC","SP.POP.TOTL","9548258","9548258"
"Greenland","GRL","SP.POP.TOTL","49600","49600"
"Grenada","GRD","SP.POP.TOTL","95490","95490"
"Guam","GUM","SP.POP.TOTL","107636","107636"
"Guatemala","GTM","SP.POP.TOTL","6727797","6727797"
"Guinea","GIN","SP.POP.TOTL","4959283","4959283"
"Guinea-Bissau","GNB","SP.POP.TOTL","819867","819867"
"Guyana","GUY","SP.POP.TOTL","770062","770062"
"Haiti","HTI","SP.POP.TOTL","5507590","5507590"
"Heavily indebted poor countries (HIPC)","HPC","SP.POP.TOTL","270569759","270569759"
"High income","HIC","SP.POP.TOTL","1092954895","1092954895"
"Honduras","HND","SP.POP.TOTL","3614981","3614981"
"Hong Kong SAR"," China","HKG","SP.POP.TOTL","4929700","4929700"
"Hungary","HUN","SP.POP.TOTL","10704152","10704152"
"IBRD only","IBD","SP.POP.TOTL","2816995104","2816995104"
"Iceland","ISL","SP.POP.TOTL","225735","225735"
"IDA & IBRD total","IBT","SP.POP.TOTL","3466649271","3466649271"
"IDA blend","IDB","SP.POP.TOTL","203985591","203985591"
"IDA only","IDX","SP.POP.TOTL","445668576","445668576"
"IDA total","IDA","SP.POP.TOTL","649654167","649654167"
"India","IND","SP.POP.TOTL","671155747","671155747"
"Indonesia","IDN","SP.POP.TOTL","145434834","145434834"
"Iran"," Islamic Rep.","IRN","SP.POP.TOTL","38424952","38424952"
"Iraq","IRQ","SP.POP.TOTL","13170365","13170365"
"Ireland","IRL","SP.POP.TOTL","3373750","3373750"
"Isle of Man","IMN","SP.POP.TOTL","63239","63239"
"Israel","ISR","SP.POP.TOTL","3786000","3786000"
"Italy","ITA","SP.POP.TOTL","56317749","56317749"
"Jamaica","JAM","SP.POP.TOTL","2119486","2119486"
"Japan","JPN","SP.POP.TOTL","115890000","115890000"
"Jordan","JOR","SP.POP.TOTL","2153882","2153882"
"Kazakhstan","KAZ","SP.POP.TOTL","14978696","14978696"
"Kenya","KEN","SP.POP.TOTL","15460666","15460666"
"Kiribati","KIR","SP.POP.TOTL","60172","60172"
"Korea"," Dem. People's Rep.","PRK","SP.POP.TOTL","17983470","17983470"
"Korea"," Rep.","KOR","SP.POP.TOTL","37534236","37534236"
"Kosovo","XKX","SP.POP.TOTL","1559787","1559787"
"Kuwait","KWT","SP.POP.TOTL","1423514","1423514"
"Kyrgyz Republic","KGZ","SP.POP.TOTL","3552000","3552000"
"Lao PDR","LAO","SP.POP.TOTL","3228202","3228202"
"Late-demographic dividend","LTE","SP.POP.TOTL","1570272872","1570272872"
"Latin America & Caribbean","LCN","SP.POP.TOTL","351820083","351820083"
"Latin America & Caribbean (excluding high income)","LAC","SP.POP.TOTL","314804069","314804069"
"Latin America & the Caribbean (IDA & IBRD countries)","TLA","SP.POP.TOTL","338302777","338302777"
"Latvia","LVA","SP.POP.TOTL","2505953","2505953"
"Least developed countries: UN classification","LDC","SP.POP.TOTL","393715341","393715341"
"Lebanon","LBN","SP.POP.TOTL","2882635","2882635"
"Lesotho","LSO","SP.POP.TOTL","1366169","1366169"
"Liberia","LBR","SP.POP.TOTL","1872713","1872713"
"Libya","LBY","SP.POP.TOTL","3233846","3233846"
"Liechtenstein","LIE","SP.POP.TOTL","25575","25575"
"Lithuania","LTU","SP.POP.TOTL","3397842","3397842"
"Low & middle income","LMY","SP.POP.TOTL","3252266119","3252266119"
"Low income","LIC","SP.POP.TOTL","221894970","221894970"
"Lower middle income","LMC","SP.POP.TOTL","1297668665","1297668665"
"Luxembourg","LUX","SP.POP.TOTL","362856","362856"
"Macao SAR"," China","MAC","SP.POP.TOTL","235200","235200"
"Madagascar","MDG","SP.POP.TOTL","8737581","8737581"
"Malawi","MWI","SP.POP.TOTL","6028749","6028749"
"Malaysia","MYS","SP.POP.TOTL","12627862","12627862"
"Maldives","MDV","SP.POP.TOTL","160360","160360"
"Mali","MLI","SP.POP.TOTL","7375266","7375266"
"Malta","MLT","SP.POP.TOTL","313342","313342"
"Marshall Islands","MHL","SP.POP.TOTL","29738","29738"
"Mauritania","MRT","SP.POP.TOTL","1432758","1432758"
"Mauritius","MUS","SP.POP.TOTL","949888","949888"
"Mexico","MEX","SP.POP.TOTL","65648865","65648865"
"Micronesia"," Fed. Sts.","FSM","SP.POP.TOTL","75054","75054"
"Middle East & North Africa","MEA","SP.POP.TOTL","178013394","178013394"
"Middle East & North Africa (excluding high income)","MNA","SP.POP.TOTL","164323587","164323587"
"Middle East & North Africa (IDA & IBRD countries)","TMN","SP.POP.TOTL","164323587","164323587"
"Middle income","MIC","SP.POP.TOTL","3030371149","3030371149"
"Moldova","MDA","SP.POP.TOTL","2683035","2683035"
"Monaco","MCO","SP.POP.TOTL","26892","26892"
"Mongolia","MNG","SP.POP.TOTL","1660659","1660659"
"Montenegro","MNE","SP.POP.TOTL","566888","566888"
"Morocco","MAR","SP.POP.TOTL","18955589","18955589"
"Mozambique","MOZ","SP.POP.TOTL","11028809","11028809"
"Myanmar","MMR","SP.POP.TOTL","32596550","32596550"
"Namibia","NAM","SP.POP.TOTL","962825","962825"
"Nauru","NRU","SP.POP.TOTL","7468","7468"
"Nepal","NPL","SP.POP.TOTL","15190590","15190590"
"Netherlands","NLD","SP.POP.TOTL","14038270","14038270"
"New Caledonia","NCL","SP.POP.TOTL","148132","148132"
"New Zealand","NZL","SP.POP.TOTL","3109000","3109000"
"Nicaragua","NIC","SP.POP.TOTL","3164525","3164525"
"Niger","NER","SP.POP.TOTL","5955556","5955556"
"Nigeria","NGA","SP.POP.TOTL","71498242","71498242"
"North America","NAC","SP.POP.TOTL","249310061","249310061"
"North Macedonia","MKD","SP.POP.TOTL","1906523","1906523"
"Northern Mariana Islands","MNP","SP.POP.TOTL","16488","16488"
"Norway","NOR","SP.POP.TOTL","4072517","4072517"
"OECD members","OED","SP.POP.TOTL","1009880602","1009880602"
"Oman","OMN","SP.POP.TOTL","949116","949116"
"Other small states","OSS","SP.POP.TOTL","7653134","7653134"
"Pacific island small states","PSS","SP.POP.TOTL","1422234","1422234"
"Pakistan","PAK","SP.POP.TOTL","78997039","78997039"
"Palau","PLW","SP.POP.TOTL","12337","12337"
"Panama","PAN","SP.POP.TOTL","1911552","1911552"
"Papua New Guinea","PNG","SP.POP.TOTL","3067341","3067341"
"Paraguay","PRY","SP.POP.TOTL","2973968","2973968"
"Peru","PER","SP.POP.TOTL","16933139","16933139"
"Philippines","PHL","SP.POP.TOTL","46807103","46807103"
"Poland","POL","SP.POP.TOTL","35247217","35247217"
"Portugal","PRT","SP.POP.TOTL","9661265","9661265"
"Post-demographic dividend","PST","SP.POP.TOTL","903773491","903773491"
"Pre-demographic dividend","PRE","SP.POP.TOTL","313887702","313887702"
"Puerto Rico","PRI","SP.POP.TOTL","3168088","3168088"
"Qatar","QAT","SP.POP.TOTL","258670","258670"
"Romania","ROU","SP.POP.TOTL","22090488","22090488"
"Russian Federation","RUS","SP.POP.TOTL","138027000","138027000"
"Rwanda","RWA","SP.POP.TOTL","5189541","5189541"
"Samoa","WSM","SP.POP.TOTL","162882","162882"
"San Marino","SMR","SP.POP.TOTL","21320","21320"
"Sao Tome and Principe","STP","SP.POP.TOTL","96252","96252"
"Saudi Arabia","SAU","SP.POP.TOTL","5703698","5703698"
"Senegal","SEN","SP.POP.TOTL","5702895","5702895"
"Serbia","SRB","SP.POP.TOTL","7541997","7541997"
"Seychelles","SYC","SP.POP.TOTL","62686","62686"
"Sierra Leone","SLE","SP.POP.TOTL","3207499","3207499"
"Singapore","SGP","SP.POP.TOTL","2383500","2383500"
"Sint Maarten (Dutch part)","SXM","SP.POP.TOTL","11723","11723"
"Slovak Republic","SVK","SP.POP.TOTL","4938973","4938973"
"Slovenia","SVN","SP.POP.TOTL","1882599","1882599"
"Small states","SST","SP.POP.TOTL","11340971","11340971"
"Solomon Islands","SLB","SP.POP.TOTL","229953","229953"
"Somalia","SOM","SP.POP.TOTL","5449117","5449117"
"South Africa","ZAF","SP.POP.TOTL","28634162","28634162"
"South Asia","SAS","SP.POP.TOTL","880093189","880093189"
"South Asia (IDA & IBRD)","TSA","SP.POP.TOTL","880093189","880093189"
"South Sudan","SSD","SP.POP.TOTL","4232605","4232605"
"Spain","ESP","SP.POP.TOTL","37191330","37191330"
"Sri Lanka","LKA","SP.POP.TOTL","14579614","14579614"
"St. Kitts and Nevis","KNA","SP.POP.TOTL","43033","43033"
"St. Lucia","LCA","SP.POP.TOTL","117528","117528"
"St. Martin (French part)","MAF","SP.POP.TOTL","8063","8063"
"St. Vincent and the Grenadines","VCT","SP.POP.TOTL","103478","103478"
"Sub-Saharan Africa","SSF","SP.POP.TOTL","378695833","378695833"
"Sub-Saharan Africa (excluding high income)","SSA","SP.POP.TOTL","378633147","378633147"
"Sub-Saharan Africa (IDA & IBRD countries)","TSS","SP.POP.TOTL","378695833","378695833"
"Sudan","SDN","SP.POP.TOTL","16355352","16355352"
"Suriname","SUR","SP.POP.TOTL","377602","377602"
"Sweden","SWE","SP.POP.TOTL","8293678","8293678"
"Switzerland","CHE","SP.POP.TOTL","6294365","6294365"
"Syrian Arab Republic","SYR","SP.POP.TOTL","8661909","8661909"
"Tajikistan","TJK","SP.POP.TOTL","3882691","3882691"
"Tanzania","TZA","SP.POP.TOTL","18592038","18592038"
"Thailand","THA","SP.POP.TOTL","44718434","44718434"
"Timor-Leste","TLS","SP.POP.TOTL","638719","638719"
"Togo","TGO","SP.POP.TOTL","2839854","2839854"
"Tonga","TON","SP.POP.TOTL","97544","97544"
"Trinidad and Tobago","TTO","SP.POP.TOTL","1107639","1107639"
"Tunisia","TUN","SP.POP.TOTL","6456419","6456419"
"Turkiye","TUR","SP.POP.TOTL","44510429","44510429"
"Turkmenistan","TKM","SP.POP.TOTL","2760358","2760358"
"Turks and Caicos Islands","TCA","SP.POP.TOTL","7306","7306"
"Tuvalu","TUV","SP.POP.TOTL","7184","7184"
"Uganda","UGA","SP.POP.TOTL","13002163","13002163"
"Ukraine","UKR","SP.POP.TOTL","49721381","49721381"
"United Arab Emirates","ARE","SP.POP.TOTL","912010","912010"
"United Kingdom","GBR","SP.POP.TOTL","56246951","56246951"
"United States","USA","SP.POP.TOTL","225055000","225055000"
"Upper middle income","UMC","SP.POP.TOTL","1732702484","1732702484"
"Uruguay","URY","SP.POP.TOTL","2939903","2939903"
"Uzbekistan","UZB","SP.POP.TOTL","15215587","15215587"
"Vanuatu","VUT","SP.POP.TOTL","113040","113040"
"Venezuela"," RB","VEN","SP.POP.TOTL","14834552","14834552"
"Viet Nam","VNM","SP.POP.TOTL","51378211","51378211"
"Virgin Islands (U.S.)","VIR","SP.POP.TOTL","96183","96183"
"World","WLD","SP.POP.TOTL","4360055566","4360055566"
"Yemen"," Rep.","YEM","SP.POP.TOTL","9224194","9224194"
"Zambia","ZMB","SP.POP.TOTL","5631728","5631728"
"Zimbabwe","ZWE","SP.POP.TOTL","6647556","6647556"
"Grand Total","","","44883313097","44883313097"
"```"
