"```csv"
"theYear","the1981","col3","indicator","pop_total","grand_Total"
"","","","","","",""
"Summary of Population","","","indicator_name","",""
"country","country_code","indicator_code","Population_total","Grand Total (Same as Population)"
"Afganistan","AFG","SP.POP.TOTL","11937581","11937581"
"Africa, East and South","AFE","SP.POP.TOTL","238043099","238043099"
"Africa, West and Central","AFW","SP.POP.TOTL","163762473","163762473"
"albania","ALB","SP.POP.TOTL","2726056","2726056"
"Algiers","DZA","SP.POP.TOTL","19220704","19220704"
"American Samoa Is.","ASM","SP.POP.TOTL","33584","33584"
"ANDR","AND","SP.POP.TOTL","37169","37169"
"Angola","AGO","SP.POP.TOTL","8435607","8435607"
"Antigua & Barbuda","ATG","SP.POP.TOTL","64665","64665"
"Arab Worlds","ARB","SP.POP.TOTL","170015485","170015485"
"argentine","ARG","SP.POP.TOTL","28463959","28463959"
"Armenia","ARM","SP.POP.TOTL","3135349","3135349"
"ARU","ABW","SP.POP.TOTL","60563","60563"
"Australia","AUS","SP.POP.TOTL","14923260","14923260"
"austria","AUT","SP.POP.TOTL","7568710","7568710"
"Azerbaijan","AZE","SP.POP.TOTL","6257750","6257750"
"Bahamas","BHS","SP.POP.TOTL","236614","236614"
"Bahrain","BHR","SP.POP.TOTL","373524","373524"
"Bangladesh","BGD","SP.POP.TOTL","90303105","90303105"
"BAR","BRB","SP.POP.TOTL","252270","252270"
"Belarus","BLR","SP.POP.TOTL","9710000","9710000"
"BEL","BEL","SP.POP.TOTL","9858982","9858982"
"Belize","BLZ","SP.POP.TOTL","148786","148786"
"Benin","BEN","SP.POP.TOTL","4038307","4038307"
"Bermuda","BMU","SP.POP.TOTL","53997","53997"
"Bhutan","BTN","SP.POP.TOTL","447836","447836"
"BOLIVIA","BOL","SP.POP.TOTL","5888109","5888109"
"Bosnia and Herz.","BIH","SP.POP.TOTL","4184217","4184217"
"BOT","BWA","SP.POP.TOTL","969996","969996"
"Brasil","BRA","SP.POP.TOTL","124063109","124063109"
"British Virgin Isle","VGB","SP.POP.TOTL","11479","11479"
"Brunei Darussalam","BRN","SP.POP.TOTL","191977","191977"
"bulgaria","BGR","SP.POP.TOTL","8891117","8891117"
"Burkina Fasooo","BFA","SP.POP.TOTL","7140271","7140271"
"Burundi","BDI","SP.POP.TOTL","4566014","4566014"
"Cabo Verde Is.","CPV","SP.POP.TOTL","327846","327846"
"Cambodia","KHM","SP.POP.TOTL","5284495","5284495"
"Cameroon","CMR","SP.POP.TOTL","8816377","8816377"
"CANADAAAA","CAN","SP.POP.TOTL","24819915","24819915"
"Caribbean small sts","CSS","SP.POP.TOTL","2290222","2290222"
"Cayman Is.","CYM","SP.POP.TOTL","17905","17905"
"Central African Rep.","CAF","SP.POP.TOTL","2478402","2478402"
"Central Europe and Baltic","CEB","SP.POP.TOTL","107129392","107129392"
"CHAD","TCD","SP.POP.TOTL","4520959","4520959"
"Channel Isls","CHI","SP.POP.TOTL","131078","131078"
"Chile","CHL","SP.POP.TOTL","11678717","11678717"
"China","CHN","SP.POP.TOTL","993885000","993885000"
"Colombia","COL","SP.POP.TOTL","26713267","26713267"
"Comoros","COM","SP.POP.TOTL","347382","347382"
"Congo, Dem. Republic","COD","SP.POP.TOTL","27500515","27500515"
"Congo, Republic","COG","SP.POP.TOTL","1869759","1869759"
"Costa Rica Is.","CRI","SP.POP.TOTL","2456637","2456637"
"Cote d'Ivoire Coast","CIV","SP.POP.TOTL","8556596","8556596"
"Croatia","HRV","SP.POP.TOTL","4611509","4611509"
"Cuba","CUB","SP.POP.TOTL","9849320","9849320"
"Curacao Is.","CUW","SP.POP.TOTL","148629","148629"
"Cyprus","CYP","SP.POP.TOTL","688893","688893"
"Czechia Is.","CZE","SP.POP.TOTL","10300591","10300591"
"Denmark","DNK","SP.POP.TOTL","5121572","5121572"
"Djibouti","DJI","SP.POP.TOTL","343047","343047"
"Dominica","DMA","SP.POP.TOTL","72986","72986"
"Dominican Republic","DOM","SP.POP.TOTL","5868453","5868453"
"Early-demographic dividend","EAR","SP.POP.TOTL","1634107159","1634107159"
"East Asia & Pacific","EAS","SP.POP.TOTL","1578588010","1578588010"
"East Asia & Pacific (excluding high income)","EAP","SP.POP.TOTL","1377473854","1377473854"
"East Asia & Pacific (IDA & IBRD countries)","TEA","SP.POP.TOTL","1358992800","1358992800"
"Ecuador","ECU","SP.POP.TOTL","8386910","8386910"
"Egypt, Arab Rep.","EGY","SP.POP.TOTL","45147224","45147224"
"El Salvador Is.","SLV","SP.POP.TOTL","4570599","4570599"
"Equatorial Guinea Is.","GNQ","SP.POP.TOTL","303252","303252"
"Eritrea","ERI","SP.POP.TOTL","1649939","1649939"
"Estonia","EST","SP.POP.TOTL","1487666","1487666"
"Eswatini","SWZ","SP.POP.TOTL","616808","616808"
"Ethiopia","ETH","SP.POP.TOTL","35304012","35304012"
"Euro Area","EMU","SP.POP.TOTL","308127421","308127421"
"Europe & Central Asia","ECS","SP.POP.TOTL","800542417","800542417"
"Europe & Central Asia (excluding high income)","ECA","SP.POP.TOTL","183746315","183746315"
"Europe & Central Asia (IDA & IBRD countries)","TEC","SP.POP.TOTL","395441598","395441598"
"European Union","EUU","SP.POP.TOTL","409724709","409724709"
"Faroe Isle","FRO","SP.POP.TOTL","43626","43626"
"Fiji","FJI","SP.POP.TOTL","657471","657471"
"Finland","FIN","SP.POP.TOTL","4799964","4799964"
"Fragile and conflict affected situations","FCS","SP.POP.TOTL","395605163","395605163"
"France","FRA","SP.POP.TOTL","55603353","55603353"
"French Polynesia Is.","PYF","SP.POP.TOTL","161506","161506"
"Gabon","GAB","SP.POP.TOTL","768385","768385"
"Gambia Is.","GMB","SP.POP.TOTL","739125","739125"
"Georgia","GEO","SP.POP.TOTL","4504500","4504500"
"Germany","DEU","SP.POP.TOTL","78407907","78407907"
"Ghana","GHA","SP.POP.TOTL","12281712","12281712"
"Gibraltar Rock","GIB","SP.POP.TOTL","28740","28740"
"Greece","GRC","SP.POP.TOTL","9729350","9729350"
"Greenland","GRL","SP.POP.TOTL","51000","51000"
"Grenada","GRD","SP.POP.TOTL","94052","94052"
"Guam Is.","GUM","SP.POP.TOTL","112902","112902"
"Guatemala","GTM","SP.POP.TOTL","7075648","7075648"
"Guinea","GIN","SP.POP.TOTL","5143288","5143288"
"Guinea-Bissau Is.","GNB","SP.POP.TOTL","842432","842432"
"Guyana","GUY","SP.POP.TOTL","776453","776453"
"Haiti","HTI","SP.POP.TOTL","5723725","5723725"
"Heavily indebted poor countries (HIPC)","HPC","SP.POP.TOTL","283255371","283255371"
"High Income","HIC","SP.POP.TOTL","1110182318","1110182318"
"Honduras","HND","SP.POP.TOTL","3841778","3841778"
"Hong Kong SAR, China","HKG","SP.POP.TOTL","5183400","5183400"
"Hungary","HUN","SP.POP.TOTL","10711848","10711848"
"IBRD Only","IBD","SP.POP.TOTL","2923255528","2923255528"
"Iceland Is.","ISL","SP.POP.TOTL","230755","230755"
"IDA & IBRD Total","IBT","SP.POP.TOTL","3609089669","3609089669"
"IDA Blend","IDB","SP.POP.TOTL","219068621","219068621"
"IDA Only","IDX","SP.POP.TOTL","466765520","466765520"
"IDA Total","IDA","SP.POP.TOTL","685834141","685834141"
"India","IND","SP.POP.TOTL","703696250","703696250"
"Indonesia","IDN","SP.POP.TOTL","152485035","152485035"
"Iran, Islamic Rep.","IRN","SP.POP.TOTL","41989312","41989312"
"Iraq","IRQ","SP.POP.TOTL","14006381","14006381"
"Ireland Is.","IRL","SP.POP.TOTL","3453000","3453000"
"Isle Of Man","IMN","SP.POP.TOTL","64596","64596"
"Israel Is.","ISR","SP.POP.TOTL","3956000","3956000"
"Italy","ITA","SP.POP.TOTL","56501675","56501675"
"Jamaica","JAM","SP.POP.TOTL","2173818","2173818"
"Japan","JPN","SP.POP.TOTL","117661000","117661000"
"Jordan","JOR","SP.POP.TOTL","2325517","2325517"
"Kazakhstan","KAZ","SP.POP.TOTL","15323082","15323082"
"Kenya","KEN","SP.POP.TOTL","16601507","16601507"
"Kiribati Is.","KIR","SP.POP.TOTL","62121","62121"
"Korea, Dem. People's Rep.","PRK","SP.POP.TOTL","18501295","18501295"
"Korea, Republic","KOR","SP.POP.TOTL","38723248","38723248"
"Kosovo","XKX","SP.POP.TOTL","1646565","1646565"
"Kuwait","KWT","SP.POP.TOTL","1583426","1583426"
"Kyrgyz Republic Is.","KGZ","SP.POP.TOTL","3685800","3685800"
"Lao PDR Coast","LAO","SP.POP.TOTL","3366631","3366631"
"Late-Demographic dividend","LTE","SP.POP.TOTL","1615106897","1615106897"
"Latin America & Caribbean","LCN","SP.POP.TOTL","367619244","367619244"
"Latin America & Caribbean (excluding high income)","LAC","SP.POP.TOTL","329167045","329167045"
"Latin America & The Caribbean (IDA & IBRD Countries)","TLA","SP.POP.TOTL","353922621","353922621"
"Latvia Is.","LVA","SP.POP.TOTL","2519421","2519421"
"Least developed countries: UN Classification","LDC","SP.POP.TOTL","412046787","412046787"
"Lebanon","LBN","SP.POP.TOTL","3008981","3008981"
"Lesotho","LSO","SP.POP.TOTL","1448069","1448069"
"Liberia","LBR","SP.POP.TOTL","1986867","1986867"
"Libya","LBY","SP.POP.TOTL","3621486","3621486"
"Liechtenstein Rock","LIE","SP.POP.TOTL","25673","25673"
"Lithuania","LTU","SP.POP.TOTL","3432947","3432947"
"Low & Middle Income","LMY","SP.POP.TOTL","3391055829","3391055829"
"Low Income","LIC","SP.POP.TOTL","231334685","231334685"
"Lower Middle Income","LMC","SP.POP.TOTL","1366990997","1366990997"
"Luxembourg","LUX","SP.POP.TOTL","365225","365225"
"Macao SAR, China","MAC","SP.POP.TOTL","244800","244800"
"Madagascar","MDG","SP.POP.TOTL","9279011","9279011"
"Malawi","MWI","SP.POP.TOTL","6516454","6516454"
"Malaysia","MYS","SP.POP.TOTL","13399203","13399203"
"Maldives","MDV","SP.POP.TOTL","169532","169532"
"Mali","MLI","SP.POP.TOTL","7692766","7692766"
"Malta","MLT","SP.POP.TOTL","318982","318982"
"Marshall Islands Is.","MHL","SP.POP.TOTL","32017","32017"
"Mauritania","MRT","SP.POP.TOTL","1516877","1516877"
"Mauritius","MUS","SP.POP.TOTL","980462","980462"
"Mexico","MEX","SP.POP.TOTL","68892108","68892108"
"Micronesia, Fed. Sts.","FSM","SP.POP.TOTL","79794","79794"
"Middle East & North Africa","MEA","SP.POP.TOTL","190652099","190652099"
"Middle East & North Africa (excluding high income)","MNA","SP.POP.TOTL","175548888","175548888"
"Middle East & North Africa (IDA & IBRD countries)","TMN","SP.POP.TOTL","175548888","175548888"
"Middle Income","MIC","SP.POP.TOTL","3159721144","3159721144"
"Moldova","MDA","SP.POP.TOTL","2735987","2735987"
"Monaco","MCO","SP.POP.TOTL","27293","27293"
"Mongolia","MNG","SP.POP.TOTL","1742857","1742857"
"Montenegro","MNE","SP.POP.TOTL","579445","579445"
"Morocco","MAR","SP.POP.TOTL","19985401","19985401"
"Mozambique","MOZ","SP.POP.TOTL","11568127","11568127"
"Myanmar","MMR","SP.POP.TOTL","33858783","33858783"
"Namibia","NAM","SP.POP.TOTL","992500","992500"
"Nauru","NRU","SP.POP.TOTL","7839","7839"
"Nepal","NPL","SP.POP.TOTL","15922423","15922423"
"Netherlands","NLD","SP.POP.TOTL","14247208","14247208"
"New Caledonia Isle","NCL","SP.POP.TOTL","151441","151441"
"New Zealand","NZL","SP.POP.TOTL","3124900","3124900"
"Nicaragua","NIC","SP.POP.TOTL","3345674","3345674"
"Niger","NER","SP.POP.TOTL","6322006","6322006"
"Nigeria","NGA","SP.POP.TOTL","76068103","76068103"
"North America","NAC","SP.POP.TOTL","254339912","254339912"
"North Macedonia","MKD","SP.POP.TOTL","1959065","1959065"
"Northern Mariana Isle","MNP","SP.POP.TOTL","19826","19826"
"Norway","NOR","SP.POP.TOTL","4099702","4099702"
"OECD Members","OED","SP.POP.TOTL","1028615740","1028615740"
"Oman","OMN","SP.POP.TOTL","1057320","1057320"
"Other Small States","OSS","SP.POP.TOTL","7951138","7951138"
"Pacific Island Small States","PSS","SP.POP.TOTL","1487561","1487561"
"Pakistan","PAK","SP.POP.TOTL","85802049","85802049"
"Palau Is.","PLW","SP.POP.TOTL","12402","12402"
"Panama","PAN","SP.POP.TOTL","2004418","2004418"
"Papua New Guinea","PNG","SP.POP.TOTL","3197019","3197019"
"Paraguay","PRY","SP.POP.TOTL","3137604","3137604"
"Peru","PER","SP.POP.TOTL","17798805","17798805"
"Philippines Is.","PHL","SP.POP.TOTL","49311727","49311727"
"Poland","POL","SP.POP.TOTL","35898587","35898587"
"Portugal","PRT","SP.POP.TOTL","9851362","9851362"
"Post-Demographic Dividend","PST","SP.POP.TOTL","916024683","916024683"
"Pre-Demographic Dividend","PRE","SP.POP.TOTL","330988678","330988678"
"Puerto Rico","PRI","SP.POP.TOTL","3242552","3242552"
"Qatar","QAT","SP.POP.TOTL","293553","293553"
"Romania","ROU","SP.POP.TOTL","22353070","22353070"
"Russian Federation","RUS","SP.POP.TOTL","139941000","139941000"
"Rwanda","RWA","SP.POP.TOTL","5527230","5527230"
"Samoa","WSM","SP.POP.TOTL","165678","165678"
"San Marino Rock","SMR","SP.POP.TOTL","21840","21840"
"Sao Tome & Principe","STP","SP.POP.TOTL","100615","100615"
"Saudi Arabia","SAU","SP.POP.TOTL","6420551","6420551"
"Senegal","SEN","SP.POP.TOTL","5997160","5997160"
"Serbia","SRB","SP.POP.TOTL","7736787","7736787"
"Seychelles","SYC","SP.POP.TOTL","64035","64035"
"Sierra Leone Hill","SLE","SP.POP.TOTL","3338940","3338940"
"Singapore","SGP","SP.POP.TOTL","2532835","2532835"
"Sint Maarten","SXM","SP.POP.TOTL","13302","13302"
"Slovak Republic","SVK","SP.POP.TOTL","5016105","5016105"
"Slovenia","SVN","SP.POP.TOTL","1906531","1906531"
"Small States","SST","SP.POP.TOTL","11728921","11728921"
"Solomon Island","SLB","SP.POP.TOTL","246555","246555"
"Somalia","SOM","SP.POP.TOTL","5982849","5982849"
"South Africa","ZAF","SP.POP.TOTL","30541044","30541044"
"South Asia Region","SAS","SP.POP.TOTL","923378190","923378190"
"South Asia (IDA & IBRD)","TSA","SP.POP.TOTL","923378190","923378190"
"South Sudan Hill","SSD","SP.POP.TOTL","4447272","4447272"
"Spain","ESP","SP.POP.TOTL","37758631","37758631"
"Sri Lanka Is.","LKA","SP.POP.TOTL","15099414","15099414"
"St. Kitts & Nevis","KNA","SP.POP.TOTL","42698","42698"
"St. Lucia Is.","LCA","SP.POP.TOTL","121166","121166"
"St. Martin Is.","MAF","SP.POP.TOTL","8498","8498"
"St. Vincent & Grenadines","VCT","SP.POP.TOTL","105073","105073"
"Sub-Saharan Africa","SSF","SP.POP.TOTL","401805572","401805572"
"Sub-Saharan Africa (excluding high income)","SSA","SP.POP.TOTL","401741537","401741537"
"Sub-Saharan Africa (IDA & IBRD countries)","TSS","SP.POP.TOTL","401805572","401805572"
"Sudan Hill","SDN","SP.POP.TOTL","17780572","17780572"
"Suriname","SUR","SP.POP.TOTL","375459","375459"
"Sweden","SWE","SP.POP.TOTL","8320503","8320503"
"Switzerland","CHE","SP.POP.TOTL","6354074","6354074"
"Syrian Arab Rep.","SYR","SP.POP.TOTL","9260189","9260189"
"Tajikistan","TJK","SP.POP.TOTL","4109022","4109022"
"Tanzania","TZA","SP.POP.TOTL","19784703","19784703"
"Thailand","THA","SP.POP.TOTL","46575855","46575855"
"Timor-Leste","TLS","SP.POP.TOTL","660493","660493"
"Togo","TGO","SP.POP.TOTL","3013043","3013043"
"Tonga Is.","TON","SP.POP.TOTL","97909","97909"
"Trinidad & Tobago","TTO","SP.POP.TOTL","1135132","1135132"
"Tunisia","TUN","SP.POP.TOTL","6758284","6758284"
"Turkiye","TUR","SP.POP.TOTL","46321190","46321190"
"Turkmenistan","TKM","SP.POP.TOTL","2907187","2907187"
"Turks & Caicos Is.","TCA","SP.POP.TOTL","7908","7908"
"Tuvalu Is.","TUV","SP.POP.TOTL","7526","7526"
"Uganda","UGA","SP.POP.TOTL","13556452","13556452"
"Ukraine","UKR","SP.POP.TOTL","50189281","50189281"
"United Arab Emirates","ARE","SP.POP.TOTL","1099855","1099855"
"United Kingdom","GBR","SP.POP.TOTL","56333829","56333829"
"United States","USA","SP.POP.TOTL","229466000","229466000"
"Upper Middle Income","UMC","SP.POP.TOTL","1792730147","1792730147"
"Uruguay","URY","SP.POP.TOTL","2963246","2963246"
"Uzbekistan","UZB","SP.POP.TOTL","16035032","16035032"
"Vanuatu","VUT","SP.POP.TOTL","118249","118249"
"Venezuela, RB","VEN","SP.POP.TOTL","15687297","15687297"
"Viet Nam Shores","VNM","SP.POP.TOTL","53738141","53738141"
"Virgin Islands (U.S.)","VIR","SP.POP.TOTL","99853","99853"
"World Planet","WLD","SP.POP.TOTL","4516925444","4516925444"
"Yemen, Republic","YEM","SP.POP.TOTL","9882362","9882362"
"Zambia","ZMB","SP.POP.TOTL","5983289","5983289"
"Zimbabwe","ZWE","SP.POP.TOTL","7498635","7498635"
"Grand Total","","","46601553902","46601553902"
"```"
