Year,1962,Unnamed: 2,Unnamed: 3,Unnamed: 4
,,,,
Sum of Population,,,Indicator Name,
Country Name,Country Code,Indicator Code,"Population, total",Grand Total
Afghanistan,AFG,SP.POP.TOTL,9404406,9404406
Africa Eastern and Southern,AFE,SP.POP.TOTL,137171659,137171659
Africa Western and Central,AFW,SP.POP.TOTL,101854756,101854756
Albania,ALB,SP.POP.TOTL,1711319,1711319
Algeria,DZA,SP.POP.TOTL,11800771,11800771
American Samoa,ASM,SP.POP.TOTL,21298,21298
Andorra,AND,SP.POP.TOTL,11086,11086
Angola,AGO,SP.POP.TOTL,5354310,5354310
Antigua and Barbuda,ATG,SP.POP.TOTL,57336,57336
Arab World,ARB,SP.POP.TOTL,96428599,96428599
Argentina,ARG,SP.POP.TOTL,21072538,21072538
Armenia,ARM,SP.POP.TOTL,1991689,1991689
Aruba,ABW,SP.POP.TOTL,56320,56320
Australia,AUS,SP.POP.TOTL,10742000,10742000
Austria,AUT,SP.POP.TOTL,7129864,7129864
Azerbaijan,AZE,SP.POP.TOTL,4168150,4168150
"Bahamas, The",BHS,SP.POP.TOTL,128493,128493
Bahrain,BHR,SP.POP.TOTL,179349,179349
Bangladesh,BGD,SP.POP.TOTL,54881146,54881146
Barbados,BRB,SP.POP.TOTL,235224,235224
Belarus,BLR,SP.POP.TOTL,8351928,8351928
Belgium,BEL,SP.POP.TOTL,9220578,9220578
Belize,BLZ,SP.POP.TOTL,96042,96042
Benin,BEN,SP.POP.TOTL,2604659,2604659
Bermuda,BMU,SP.POP.TOTL,44239,44239
Bhutan,BTN,SP.POP.TOTL,237636,237636
Bolivia,BOL,SP.POP.TOTL,3857493,3857493
Bosnia and Herzegovina,BIH,SP.POP.TOTL,3407532,3407532
Botswana,BWA,SP.POP.TOTL,540186,540186
Brazil,BRA,SP.POP.TOTL,76865323,76865323
British Virgin Islands,VGB,SP.POP.TOTL,8070,8070
Brunei Darussalam,BRN,SP.POP.TOTL,96719,96719
Bulgaria,BGR,SP.POP.TOTL,8012946,8012946
Burkina Faso,BFA,SP.POP.TOTL,4919672,4919672
Burundi,BDI,SP.POP.TOTL,2907943,2907943
Cabo Verde,CPV,SP.POP.TOTL,221919,221919
Cambodia,KHM,SP.POP.TOTL,5697558,5697558
Cameroon,CMR,SP.POP.TOTL,5338620,5338620
Canada,CAN,SP.POP.TOTL,18614000,18614000
Caribbean small states,CSS,SP.POP.TOTL,1789993,1789993
Cayman Islands,CYM,SP.POP.TOTL,8781,8781
Central African Republic,CAF,SP.POP.TOTL,1768115,1768115
Central Europe and the Baltics,CEB,SP.POP.TOTL,93009498,93009498
Chad,TCD,SP.POP.TOTL,3175598,3175598
Channel Islands,CHI,SP.POP.TOTL,112953,112953
Chile,CHL,SP.POP.TOTL,8497059,8497059
China,CHN,SP.POP.TOTL,665770000,665770000
Colombia,COL,SP.POP.TOTL,16599029,16599029
Comoros,COM,SP.POP.TOTL,204702,204702
"Congo, Dem. Rep.",COD,SP.POP.TOTL,16075724,16075724
"Congo, Rep.",COG,SP.POP.TOTL,1113175,1113175
Costa Rica,CRI,SP.POP.TOTL,1429445,1429445
Cote d'Ivoire,CIV,SP.POP.TOTL,3956939,3956939
Croatia,HRV,SP.POP.TOTL,4196712,4196712
Cuba,CUB,SP.POP.TOTL,7541098,7541098
Curacao,CUW,SP.POP.TOTL,128414,128414
Cyprus,CYP,SP.POP.TOTL,601466,601466
Czechia,CZE,SP.POP.TOTL,9624660,9624660
Denmark,DNK,SP.POP.TOTL,4647727,4647727
Djibouti,DJI,SP.POP.TOTL,93283,93283
Dominica,DMA,SP.POP.TOTL,60948,60948
Dominican Republic,DOM,SP.POP.TOTL,3479936,3479936
Early-demographic dividend,EAR,SP.POP.TOTL,1020130725,1020130725
East Asia & Pacific,EAS,SP.POP.TOTL,1059216594,1059216594
East Asia & Pacific (excluding high income),EAP,SP.POP.TOTL,907473022,907473022
East Asia & Pacific (IDA & IBRD countries),TEA,SP.POP.TOTL,895224912,895224912
Ecuador,ECU,SP.POP.TOTL,4859269,4859269
"Egypt, Arab Rep.",EGY,SP.POP.TOTL,28337013,28337013
El Salvador,SLV,SP.POP.TOTL,2949204,2949204
Equatorial Guinea,GNQ,SP.POP.TOTL,280286,280286
Eritrea,ERI,SP.POP.TOTL,1019788,1019788
Estonia,EST,SP.POP.TOTL,1241623,1241623
Eswatini,SWZ,SP.POP.TOTL,361365,361365
Ethiopia,ETH,SP.POP.TOTL,22465126,22465126
Euro area,EMU,SP.POP.TOTL,274815182,274815182
Europe & Central Asia,ECS,SP.POP.TOTL,683342108,683342108
Europe & Central Asia (excluding high income),ECA,SP.POP.TOTL,134400419,134400419
Europe & Central Asia (IDA & IBRD countries),TEC,SP.POP.TOTL,318186127,318186127
European Union,EUU,SP.POP.TOTL,363708887,363708887
Faroe Islands,FRO,SP.POP.TOTL,34963,34963
Fiji,FJI,SP.POP.TOTL,430536,430536
Finland,FIN,SP.POP.TOTL,4491443,4491443
Fragile and conflict affected situations,FCS,SP.POP.TOTL,256265091,256265091
France,FRA,SP.POP.TOTL,48389516,48389516
French Polynesia,PYF,SP.POP.TOTL,87261,87261
Gabon,GAB,SP.POP.TOTL,524649,524649
"Gambia, The",GMB,SP.POP.TOTL,420163,420163
Georgia,GEO,SP.POP.TOTL,3760300,3760300
Germany,DEU,SP.POP.TOTL,74025784,74025784
Ghana,GHA,SP.POP.TOTL,7337375,7337375
Gibraltar,GIB,SP.POP.TOTL,22197,22197
Greece,GRC,SP.POP.TOTL,8448233,8448233
Greenland,GRL,SP.POP.TOTL,35000,35000
Grenada,GRD,SP.POP.TOTL,96375,96375
Guam,GUM,SP.POP.TOTL,73192,73192
Guatemala,GTM,SP.POP.TOTL,4312044,4312044
Guinea,GIN,SP.POP.TOTL,3684273,3684273
Guinea-Bissau,GNB,SP.POP.TOTL,589474,589474
Guyana,GUY,SP.POP.TOTL,595461,595461
Haiti,HTI,SP.POP.TOTL,4001575,4001575
Heavily indebted poor countries (HIPC),HPC,SP.POP.TOTL,171771666,171771666
High income,HIC,SP.POP.TOTL,929404374,929404374
Honduras,HND,SP.POP.TOTL,2182064,2182064
"Hong Kong SAR, China",HKG,SP.POP.TOTL,3305200,3305200
Hungary,HUN,SP.POP.TOTL,10061734,10061734
IBRD only,IBD,SP.POP.TOTL,1950274734,1950274734
Iceland,ISL,SP.POP.TOTL,182378,182378
IDA & IBRD total,IBT,SP.POP.TOTL,2366117598,2366117598
IDA blend,IDB,SP.POP.TOTL,127092381,127092381
IDA only,IDX,SP.POP.TOTL,288750483,288750483
IDA total,IDA,SP.POP.TOTL,415842864,415842864
India,IND,SP.POP.TOTL,457283090,457283090
Indonesia,IDN,SP.POP.TOTL,93375850,93375850
"Iran, Islamic Rep.",IRN,SP.POP.TOTL,22807907,22807907
Iraq,IRQ,SP.POP.TOTL,7413875,7413875
Ireland,IRL,SP.POP.TOTL,2836050,2836050
Isle of Man,IMN,SP.POP.TOTL,48688,48688
Israel,ISR,SP.POP.TOTL,2293000,2293000
Italy,ITA,SP.POP.TOTL,50879450,50879450
Jamaica,JAM,SP.POP.TOTL,1696932,1696932
Japan,JPN,SP.POP.TOTL,94933000,94933000
Jordan,JOR,SP.POP.TOTL,940554,940554
Kazakhstan,KAZ,SP.POP.TOTL,10058928,10058928
Kenya,KEN,SP.POP.TOTL,8299308,8299308
Kiribati,KIR,SP.POP.TOTL,49538,49538
"Korea, Dem. People's Rep.",PRK,SP.POP.TOTL,12262882,12262882
"Korea, Rep.",KOR,SP.POP.TOTL,26513030,26513030
Kosovo,XKX,SP.POP.TOTL,1036950,1036950
Kuwait,KWT,SP.POP.TOTL,384995,384995
Kyrgyz Republic,KGZ,SP.POP.TOTL,2333400,2333400
Lao PDR,LAO,SP.POP.TOTL,2219910,2219910
Late-demographic dividend,LTE,SP.POP.TOTL,1111293141,1111293141
Latin America & Caribbean,LCN,SP.POP.TOTL,231038261,231038261
Latin America & Caribbean (excluding high income),LAC,SP.POP.TOTL,205344230,205344230
Latin America & the Caribbean (IDA & IBRD countries),TLA,SP.POP.TOTL,220668336,220668336
Latvia,LVA,SP.POP.TOTL,2181586,2181586
Least developed countries: UN classification,LDC,SP.POP.TOTL,257173413,257173413
Lebanon,LBN,SP.POP.TOTL,1909578,1909578
Lesotho,LSO,SP.POP.TOTL,781814,781814
Liberia,LBR,SP.POP.TOTL,1197039,1197039
Libya,LBY,SP.POP.TOTL,1621960,1621960
Liechtenstein,LIE,SP.POP.TOTL,17443,17443
Lithuania,LTU,SP.POP.TOTL,2863350,2863350
Low & middle income,LMY,SP.POP.TOTL,2179211852,2179211852
Low income,LIC,SP.POP.TOTL,142712633,142712633
Lower middle income,LMC,SP.POP.TOTL,860740314,860740314
Luxembourg,LUX,SP.POP.TOTL,320750,320750
"Macao SAR, China",MAC,SP.POP.TOTL,177810,177810
Madagascar,MDG,SP.POP.TOTL,5384150,5384150
Malawi,MWI,SP.POP.TOTL,3806307,3806307
Malaysia,MYS,SP.POP.TOTL,8380172,8380172
Maldives,MDV,SP.POP.TOTL,95802,95802
Mali,MLI,SP.POP.TOTL,5563917,5563917
Malta,MLT,SP.POP.TOTL,323900,323900
Marshall Islands,MHL,SP.POP.TOTL,15755,15755
Mauritania,MRT,SP.POP.TOTL,869184,869184
Mauritius,MUS,SP.POP.TOTL,700349,700349
Mexico,MEX,SP.POP.TOTL,39129200,39129200
"Micronesia, Fed. Sts.",FSM,SP.POP.TOTL,46218,46218
Middle East & North Africa,MEA,SP.POP.TOTL,108830401,108830401
Middle East & North Africa (excluding high income),MNA,SP.POP.TOTL,102288730,102288730
Middle East & North Africa (IDA & IBRD countries),TMN,SP.POP.TOTL,102288730,102288730
Middle income,MIC,SP.POP.TOTL,2036499219,2036499219
Moldova,MDA,SP.POP.TOTL,2147227,2147227
Monaco,MCO,SP.POP.TOTL,22078,22078
Mongolia,MNG,SP.POP.TOTL,1041444,1041444
Montenegro,MNE,SP.POP.TOTL,502558,502558
Morocco,MAR,SP.POP.TOTL,12253092,12253092
Mozambique,MOZ,SP.POP.TOTL,6969364,6969364
Myanmar,MMR,SP.POP.TOTL,22704719,22704719
Namibia,NAM,SP.POP.TOTL,615759,615759
Nauru,NRU,SP.POP.TOTL,4979,4979
Nepal,NPL,SP.POP.TOTL,10521116,10521116
Netherlands,NLD,SP.POP.TOTL,11805689,11805689
New Caledonia,NCL,SP.POP.TOTL,85334,85334
New Zealand,NZL,SP.POP.TOTL,2482000,2482000
Nicaragua,NIC,SP.POP.TOTL,1892320,1892320
Niger,NER,SP.POP.TOTL,3714520,3714520
Nigeria,NGA,SP.POP.TOTL,46965292,46965292
North America,NAC,SP.POP.TOTL,205196239,205196239
North Macedonia,MKD,SP.POP.TOTL,1471745,1471745
Northern Mariana Islands,MNP,SP.POP.TOTL,9280,9280
Norway,NOR,SP.POP.TOTL,3638918,3638918
OECD members,OED,SP.POP.TOTL,832228334,832228334
Oman,OMN,SP.POP.TOTL,549941,549941
Other small states,OSS,SP.POP.TOTL,5655451,5655451
Pacific island small states,PSS,SP.POP.TOTL,965430,965430
Pakistan,PAK,SP.POP.TOTL,48156128,48156128
Palau,PLW,SP.POP.TOTL,9793,9793
Panama,PAN,SP.POP.TOTL,1195301,1195301
Papua New Guinea,PNG,SP.POP.TOTL,2093919,2093919
Paraguay,PRY,SP.POP.TOTL,1973130,1973130
Peru,PER,SP.POP.TOTL,10784612,10784612
Philippines,PHL,SP.POP.TOTL,29723536,29723536
Poland,POL,SP.POP.TOTL,30308500,30308500
Portugal,PRT,SP.POP.TOTL,8993985,8993985
Post-demographic dividend,PST,SP.POP.TOTL,774679689,774679689
Pre-demographic dividend,PRE,SP.POP.TOTL,198004977,198004977
Puerto Rico,PRI,SP.POP.TOTL,2450322,2450322
Qatar,QAT,SP.POP.TOTL,44630,44630
Romania,ROU,SP.POP.TOTL,18676550,18676550
Russian Federation,RUS,SP.POP.TOTL,122591000,122591000
Rwanda,RWA,SP.POP.TOTL,3186025,3186025
Samoa,WSM,SP.POP.TOTL,118597,118597
San Marino,SMR,SP.POP.TOTL,16183,16183
Sao Tome and Principe,STP,SP.POP.TOTL,69403,69403
Saudi Arabia,SAU,SP.POP.TOTL,2620910,2620910
Senegal,SEN,SP.POP.TOTL,3534686,3534686
Serbia,SRB,SP.POP.TOTL,6740264,6740264
Seychelles,SYC,SP.POP.TOTL,44042,44042
Sierra Leone,SLE,SP.POP.TOTL,2342242,2342242
Singapore,SGP,SP.POP.TOTL,1750200,1750200
Sint Maarten (Dutch part),SXM,SP.POP.TOTL,3264,3264
Slovak Republic,SVK,SP.POP.TOTL,4238188,4238188
Slovenia,SVN,SP.POP.TOTL,1603649,1603649
Small states,SST,SP.POP.TOTL,8410874,8410874
Solomon Islands,SLB,SP.POP.TOTL,146201,146201
Somalia,SOM,SP.POP.TOTL,3030091,3030091
South Africa,ZAF,SP.POP.TOTL,17418522,17418522
South Asia,SAS,SP.POP.TOTL,590723078,590723078
South Asia (IDA & IBRD),TSA,SP.POP.TOTL,590723078,590723078
South Sudan,SSD,SP.POP.TOTL,3024308,3024308
Spain,ESP,SP.POP.TOTL,31023366,31023366
Sri Lanka,LKA,SP.POP.TOTL,10143754,10143754
St. Kitts and Nevis,KNA,SP.POP.TOTL,54461,54461
St. Lucia,LCA,SP.POP.TOTL,94505,94505
St. Martin (French part),MAF,SP.POP.TOTL,4527,4527
St. Vincent and the Grenadines,VCT,SP.POP.TOTL,87236,87236
Sub-Saharan Africa,SSF,SP.POP.TOTL,239026415,239026415
Sub-Saharan Africa (excluding high income),SSA,SP.POP.TOTL,238982373,238982373
Sub-Saharan Africa (IDA & IBRD countries),TSS,SP.POP.TOTL,239026415,239026415
Sudan,SDN,SP.POP.TOTL,8919028,8919028
Suriname,SUR,SP.POP.TOTL,283912,283912
Sweden,SWE,SP.POP.TOTL,7561588,7561588
Switzerland,CHE,SP.POP.TOTL,5573815,5573815
Syrian Arab Republic,SYR,SP.POP.TOTL,4959340,4959340
Tajikistan,TJK,SP.POP.TOTL,2255026,2255026
Tanzania,TZA,SP.POP.TOTL,10487756,10487756
Thailand,THA,SP.POP.TOTL,28481040,28481040
Timor-Leste,TLS,SP.POP.TOTL,482774,482774
Togo,TGO,SP.POP.TOTL,1732959,1732959
Tonga,TON,SP.POP.TOTL,69940,69940
Trinidad and Tobago,TTO,SP.POP.TOTL,880194,880194
Tunisia,TUN,SP.POP.TOTL,4369136,4369136
Turkiye,TUR,SP.POP.TOTL,29916147,29916147
Turkmenistan,TKM,SP.POP.TOTL,1749214,1749214
Turks and Caicos Islands,TCA,SP.POP.TOTL,5636,5636
Tuvalu,TUV,SP.POP.TOTL,5699,5699
Uganda,UGA,SP.POP.TOTL,8092231,8092231
Ukraine,UKR,SP.POP.TOTL,43943674,43943674
United Arab Emirates,ARE,SP.POP.TOTL,144946,144946
United Kingdom,GBR,SP.POP.TOTL,53250000,53250000
United States,USA,SP.POP.TOTL,186538000,186538000
Upper middle income,UMC,SP.POP.TOTL,1175758905,1175758905
Uruguay,URY,SP.POP.TOTL,2593298,2593298
Uzbekistan,UZB,SP.POP.TOTL,8854368,8854368
Vanuatu,VUT,SP.POP.TOTL,68174,68174
"Venezuela, RB",VEN,SP.POP.TOTL,8756870,8756870
Viet Nam,VNM,SP.POP.TOTL,34288560,34288560
Virgin Islands (U.S.),VIR,SP.POP.TOTL,35000,35000
World,WLD,SP.POP.TOTL,3117373096,3117373096
"Yemen, Rep.",YEM,SP.POP.TOTL,5782221,5782221
Zambia,ZMB,SP.POP.TOTL,3358099,3358099
Zimbabwe,ZWE,SP.POP.TOTL,4055959,4055959
Grand Total,,,31473035906,31473035906
