"```csv"
"race_type","region_state","district_seat","num_surveys","num_surveys_partisan","cook_political_rating"
"HouseRace","AL","District 1","0","0","Solid Republican"
"HouseRace","AL","District 2","0","0","Solid Republican"
"HouseRace","AL","District 3","0","0","Solid Republican"
"HouseRace","AL","District 4","0","0","Solid Republican"
"HouseRace","AL","District 5","0","0","Solid Republican"
"HouseRace","AL","District 6","0","0","Solid Republican"
"HouseRace","AL","District 7","0","0","Solid Democrat"
"HouseRace","AR","District 1","1","0","Solid Republican"
"HouseRace","AR","District 2","1","0","Solid Republican"
"HouseRace","AR","District 3","1","0","Solid Republican"
"HouseRace","AR","District 4","1","0","Likely Republican"
"HouseRace","AZ","District 1","2","1","Toss Up"
"HouseRace","AZ","District 2","4","4","Lean Democrat"
"HouseRace","AZ","District 3","0","0","Solid Democrat"
"HouseRace","AZ","District 4","0","0","Solid Republican"
"HouseRace","AZ","District 5","0","0","Solid Republican"
"HouseRace","AZ","District 6","0","0","Solid Republican"
"HouseRace","AZ","District 8","0","0","Solid Republican"
"HouseRace","CA","District 1","0","0","Solid Republican"
"HouseRace","CA","District 2","0","0","Solid Democrat"
"HouseRace","CA","District 3","2","2","Likely Democrat"
"HouseRace","CA","District 4","0","0","Solid Republican"
"HouseRace","CA","District 5","0","0","Solid Democrat"
"HouseRace","CA","District 6","0","0","Solid Democrat"
"HouseRace","CA","District 7","1","1","Toss Up"
"HouseRace","CA","District 8","0","0","Solid Republican"
"HouseRace","CA","District 9","4","4","Toss Up"
"HouseRace","CA","District 10","3","3","Toss Up"
"HouseRace","CA","District 11","0","0","Solid Democrat"
"HouseRace","CA","District 12","0","0","Solid Democrat"
"HouseRace","CA","District 13","0","0","Solid Democrat"
"HouseRace","CA","District 14","0","0","Solid Democrat"
"HouseRace","CA","District 15","0","0","Solid Democrat"
"HouseRace","CA","District 16","0","0","Solid Democrat"
"HouseRace","CA","District 17","0","0","Solid Democrat"
"HouseRace","CA","District 18","0","0","Solid Democrat"
"HouseRace","CA","District 19","0","0","Solid Democrat"
"HouseRace","CA","District 20","0","0","Solid Democrat"
"HouseRace","CA","District 21","2","2","Likely Republican"
"HouseRace","CA","District 22","0","0","Solid Republican"
"HouseRace","CA","District 23","0","0","Solid Republican"
"HouseRace","CA","District 25","0","0","Solid Republican"
"HouseRace","CA","District 26","1","1","Toss Up"
"HouseRace","CA","District 27","0","0","Solid Democrat"
"HouseRace","CA","District 28","0","0","Solid Democrat"
"HouseRace","CA","District 29","0","0","Solid Democrat"
"HouseRace","CA","District 30","5","2","Solid Democrat"
"HouseRace","CA","District 31","0","0","Solid Republican"
"HouseRace","CA","District 32","0","0","Solid Democrat"
"HouseRace","CA","District 33","0","0","Solid Democrat"
"HouseRace","CA","District 34","0","0","Solid Democrat"
"HouseRace","CA","District 35","0","0","Solid Democrat"
"HouseRace","CA","District 36","5","5","Toss Up"
"HouseRace","CA","District 37","0","0","Solid Democrat"
"HouseRace","CA","District 38","0","0","Solid Democrat"
"HouseRace","CA","District 39","0","0","Solid Republican"
"HouseRace","CA","District 40","0","0","Solid Democrat"
"HouseRace","CA","District 41","1","1","Lean Democrat"
"HouseRace","CA","District 42","0","0","Solid Republican"
"HouseRace","CA","District 43","0","0","Solid Democrat"
"HouseRace","AZ","District 9","3","3","Lean Democrat"
"HouseRace","CA","District 45","0","0","Solid Republican"
"HouseRace","CA","District 46","0","0","Solid Democrat"
"HouseRace","CA","District 47","3","3","Likely Democrat"
"HouseRace","CA","District 48","0","0","Solid Republican"
"HouseRace","CA","District 49","0","0","Solid Republican"
"HouseRace","CA","District 50","0","0","Solid Republican"
"HouseRace","CA","District 51","0","0","Solid Democrat"
"HouseRace","CA","District 52","5","4","Toss Up"
"HouseRace","CA","District 53","0","0","Solid Democrat"
"HouseRace","CO","District 1","0","0","Solid Democrat"
"HouseRace","CO","District 2","0","0","Solid Democrat"
"HouseRace","CO","District 3","1","1","Lean Republican"
"HouseRace","CO","District 4","1","1","Solid Republican"
"HouseRace","CO","District 5","0","0","Solid Republican"
"HouseRace","CO","District 6","2","2","Toss Up"
"HouseRace","CO","District 7","1","1","Lean Democrat"
"HouseRace","CT","District 1","0","0","Solid Democrat"
"HouseRace","CT","District 3","0","0","Solid Democrat"
"HouseRace","CT","District 4","0","0","Solid Democrat"
"HouseRace","CT","District 5","3","3","Toss Up"
"HouseRace","DE","District 1","0","0","Solid Democrat"
"HouseRace","FL","District 1","0","0","Solid Republican"
"HouseRace","FL","District 2","3","1","Lean Republican"
"HouseRace","FL","District 3","1","0","Solid Republican"
"HouseRace","FL","District 4","0","0","Solid Republican"
"HouseRace","FL","District 5","0","0","Solid Democrat"
"HouseRace","FL","District 6","0","0","Solid Republican"
"HouseRace","FL","District 7","0","0","Solid Republican"
"HouseRace","FL","District 8","0","0","Solid Republican"
"HouseRace","FL","District 9","5","2","Likely Democrat"
"HouseRace","FL","District 10","4","2","Lean Republican"
"HouseRace","FL","District 11","0","0","Solid Republican"
"HouseRace","FL","District 12","1","0","Solid Republican"
"HouseRace","FL","District 13","3","1","Solid Republican"
"HouseRace","FL","District 14","1","0","Solid Democrat"
"HouseRace","FL","District 15","0","0","Solid Republican"
"HouseRace","FL","District 16","4","2","Likely Republican"
"HouseRace","FL","District 17","0","0","Solid Republican"
"HouseRace","FL","District 18","10","4","Toss Up"
"HouseRace","FL","District 19","0","0","Solid Republican"
"HouseRace","FL","District 20","0","0","Solid Democrat"
"HouseRace","FL","District 22","7","2","Likely Democrat"
"HouseRace","FL","District 23","1","1","Solid Democrat"
"HouseRace","FL","District 24","0","0","Solid Democrat"
"HouseRace","FL","District 25","0","0","Solid Republican"
"HouseRace","GA","District 1","0","0","Solid Republican"
"HouseRace","GA","District 2","0","0","Solid Democrat"
"HouseRace","GA","District 3","0","0","Solid Republican"
"HouseRace","GA","District 4","0","0","Solid Democrat"
"HouseRace","GA","District 5","0","0","Solid Democrat"
"HouseRace","GA","District 6","0","0","Solid Republican"
"HouseRace","GA","District 7","0","0","Solid Republican"
"HouseRace","GA","District 8","0","0","Solid Republican"
"HouseRace","GA","District 9","0","0","Solid Republican"
"HouseRace","GA","District 10","0","0","Solid Republican"
"HouseRace","GA","District 11","0","0","Solid Republican"
"HouseRace","GA","District 12","2","2","Toss Up"
"HouseRace","GA","District 13","0","0","Solid Democrat"
"HouseRace","HI","District 1","2","0","Solid Democrat"
"HouseRace","HI","District 2","1","0","Solid Democrat"
"HouseRace","ID","District 1","0","0","Solid Republican"
"HouseRace","ID","District 2","0","0","Solid Republican"
"HouseRace","IL","District 1","0","0","Solid Democrat"
"HouseRace","IL","District 2","1","0","Solid Democrat"
"HouseRace","IL","District 3","0","0","Solid Democrat"
"HouseRace","IL","District 5","0","0","Solid Democrat"
"HouseRace","IL","District 6","0","0","Solid Republican"
"HouseRace","IL","District 7","0","0","Solid Democrat"
"HouseRace","IL","District 8","7","5","Likely Democrat"
"HouseRace","IL","District 9","0","0","Solid Democrat"
"HouseRace","IL","District 10","7","6","Toss Up"
"HouseRace","IL","District 11","3","2","Toss Up"
"HouseRace","IL","District 12","5","2","Toss Up"
"HouseRace","IL","District 13","6","4","Toss Up"
"HouseRace","FL","District 26","8","5","Lean Democrat"
"HouseRace","FL","District 27","0","0","Solid Republican"
"HouseRace","GA","District 14","0","0","Solid Republican"
"HouseRace","IA","District 2","1","1","Likely Democrat"
"HouseRace","IA","District 3","1","1","Lean Republican"
"HouseRace","IA","District 4","3","3","Lean Republican"
"HouseRace","IL","District 14","0","0","Solid Republican"
"HouseRace","IL","District 15","0","0","Solid Republican"
"HouseRace","IL","District 17","7","6","Toss Up"
"HouseRace","IL","District 18","0","0","Solid Republican"
"HouseRace","IN","District 1","0","0","Solid Democrat"
"HouseRace","IN","District 2","0","0","Likely Republican"
"HouseRace","IN","District 3","0","0","Solid Republican"
"HouseRace","IN","District 4","0","0","Solid Republican"
"HouseRace","IN","District 5","0","0","Solid Republican"
"HouseRace","IN","District 6","0","0","Solid Republican"
"HouseRace","IN","District 7","0","0","Solid Democrat"
"HouseRace","IN","District 8","0","0","Lean Republican"
"HouseRace","IN","District 9","0","0","Solid Republican"
"HouseRace","KS","District 1","0","0","Solid Republican"
"HouseRace","KS","District 2","0","0","Solid Republican"
"HouseRace","KS","District 3","0","0","Solid Republican"
"HouseRace","KS","District 4","0","0","Solid Republican"
"HouseRace","KY","District 1","0","0","Solid Republican"
"HouseRace","KY","District 2","0","0","Solid Republican"
"HouseRace","KY","District 3","0","0","Solid Democrat"
"HouseRace","KY","District 4","0","0","Solid Republican"
"HouseRace","KY","District 5","0","0","Solid Republican"
"HouseRace","KY","District 6","3","3","Toss Up"
"HouseRace","LA","District 2","0","0","Solid Democrat"
"HouseRace","LA","District 3","1","1","Solid Republican"
"HouseRace","LA","District 4","0","0","Solid Republican"
"HouseRace","LA","District 5","0","0","Solid Republican"
"HouseRace","LA","District 6","0","0","Solid Republican"
"HouseRace","MA","District 1","0","0","Solid Democrat"
"HouseRace","MA","District 2","0","0","Solid Democrat"
"HouseRace","MA","District 3","1","1","Solid Democrat"
"HouseRace","MA","District 4","0","0","Solid Democrat"
"HouseRace","MA","District 5","0","0","Solid Democrat"
"HouseRace","MA","District 6","5","3","Lean Republican"
"HouseRace","MA","District 7","0","0","Solid Democrat"
"HouseRace","MA","District 8","0","0","Solid Democrat"
"HouseRace","MA","District 9","0","0","Solid Democrat"
"HouseRace","MD","District 1","0","0","Solid Republican"
"HouseRace","MD","District 2","0","0","Solid Democrat"
"HouseRace","MD","District 3","0","0","Solid Democrat"
"HouseRace","MD","District 4","0","0","Solid Democrat"
"HouseRace","MD","District 5","0","0","Solid Democrat"
"HouseRace","MD","District 6","1","1","Likely Democrat"
"HouseRace","MD","District 7","0","0","Solid Democrat"
"HouseRace","MD","District 8","0","0","Solid Democrat"
"HouseRace","ME","District 1","4","0","Solid Democrat"
"HouseRace","ME","District 2","7","3","Solid Democrat"
"HouseRace","MI","District 1","4","4","Toss Up"
"HouseRace","MI","District 2","0","0","Solid Republican"
"HouseRace","MI","District 4","0","0","Solid Republican"
"HouseRace","MI","District 5","0","0","Solid Democrat"
"HouseRace","MI","District 6","2","2","Solid Republican"
"HouseRace","MI","District 7","0","0","Solid Republican"
"HouseRace","MI","District 8","0","0","Solid Republican"
"HouseRace","MI","District 9","1","1","Solid Democrat"
"HouseRace","MI","District 10","0","0","Solid Republican"
"HouseRace","MI","District 11","0","0","Lean Republican"
"HouseRace","MI","District 12","0","0","Solid Democrat"
"HouseRace","MI","District 13","0","0","Solid Democrat"
"HouseRace","MI","District 14","0","0","Solid Democrat"
"HouseRace","MN","District 1","0","0","Solid Democrat"
"HouseRace","MN","District 2","1","0","Solid Republican"
"HouseRace","MN","District 3","0","0","Solid Republican"
"HouseRace","MN","District 4","0","0","Solid Democrat"
"HouseRace","MN","District 5","0","0","Solid Democrat"
"HouseRace","MN","District 6","5","3","Lean Republican"
"HouseRace","MN","District 7","0","0","Solid Democrat"
"HouseRace","MN","District 8","7","4","Toss Up"
"HouseRace","MO","District 1","1","0","Solid Democrat"
"HouseRace","MO","District 2","0","0","Solid Republican"
"HouseRace","MO","District 3","0","0","Solid Republican"
"HouseRace","MO","District 4","0","0","Solid Republican"
"HouseRace","MO","District 5","0","0","Solid Democrat"
"HouseRace","MO","District 6","0","0","Solid Republican"
"HouseRace","MO","District 7","0","0","Solid Republican"
"HouseRace","MO","District 8","0","0","Solid Republican"
"HouseRace","MS","District 1","0","0","Solid Republican"
"HouseRace","MS","District 2","0","0","Solid Democrat"
"HouseRace","MS","District 3","0","0","Solid Republican"
"HouseRace","MS","District 4","0","0","Solid Republican"
"HouseRace","MT","District 1","7","3","Likely Republican"
"HouseRace","NC","District 1","0","0","Solid Democrat"
"HouseRace","NC","District 10","0","0","Solid Republican"
"HouseRace","NC","District 11","0","0","Likely Republican"
"HouseRace","NC","District 12","0","0","Solid Democrat"
"HouseRace","NC","District 13","0","0","Likely Republican"
"HouseRace","NC","District 2","1","0","Solid Republican"
"HouseRace","NC","District 3","0","0","Solid Republican"
"HouseRace","NC","District 4","0","0","Solid Democrat"
"HouseRace","NC","District 5","0","0","Solid Republican"
"HouseRace","NC","District 6","0","0","Solid Republican"
"HouseRace","NC","District 7","3","3","Toss Up"
"HouseRace","NE","District 1","1","0","Solid Republican"
"HouseRace","NE","District 2","3","1","Likely Republican"
"HouseRace","NE","District 3","1","0","Solid Republican"
"HouseRace","NH","District 1","10","5","Toss Up"
"HouseRace","NH","District 2","7","2","Lean Democrat"
"HouseRace","NJ","District 1","0","0","Solid Democrat"
"HouseRace","NJ","District 2","1","0","Solid Republican"
"HouseRace","NJ","District 3","2","1","Lean Republican"
"HouseRace","NJ","District 4","0","0","Solid Republican"
"HouseRace","NJ","District 5","0","0","Solid Republican"
"HouseRace","NJ","District 6","0","0","Solid Democrat"
"HouseRace","NJ","District 7","0","0","Solid Republican"
"HouseRace","NJ","District 8","0","0","Solid Democrat"
"HouseRace","NJ","District 9","0","0","Solid Democrat"
"HouseRace","NJ","District 10","0","0","Solid Democrat"
"HouseRace","NJ","District 11","0","0","Solid Republican"
"HouseRace","NJ","District 12","0","0","Solid Democrat"
"HouseRace","NM","District 1","4","2","Solid Democrat"
"HouseRace","NM","District 2","2","0","Solid Republican"
"HouseRace","NV","District 1","0","0","Solid Democrat"
"HouseRace","NV","District 2","0","0","Solid Republican"
"HouseRace","NV","District 3","5","3","Lean Republican"
"HouseRace","NY","District 1","6","5","Lean Democrat"
"HouseRace","NY","District 2","0","0","Solid Republican"
"HouseRace","NY","District 3","0","0","Solid Democrat"
"HouseRace","NY","District 4","0","0","Solid Democrat"
"HouseRace","NY","District 5","0","0","Solid Democrat"
"HouseRace","NY","District 6","1","1","Solid Democrat"
"HouseRace","NY","District 7","0","0","Solid Democrat"
"HouseRace","NY","District 8","0","0","Solid Democrat"
"HouseRace","NY","District 9","0","0","Solid Democrat"
"HouseRace","NY","District 10","0","0","Solid Democrat"
"HouseRace","NY","District 11","3","2","Likely Republican"
"HouseRace","NY","District 12","0","0","Solid Democrat"
"HouseRace","NY","District 13","0","0","Solid Democrat"
"HouseRace","NY","District 14","0","0","Solid Democrat"
"HouseRace","NY","District 15","0","0","Solid Democrat"
"HouseRace","NY","District 16","0","0","Solid Democrat"
"HouseRace","NY","District 17","0","0","Solid Democrat"
"HouseRace","NY","District 18","6","4","Toss Up"
"HouseRace","NC","District 8","5","4","Likely Republican"
"HouseRace","NY","District 20","1","0","Solid Democrat"
"HouseRace","NY","District 21","4","3","Lean Democrat"
"HouseRace","NY","District 23","0","0","Solid Republican"
"HouseRace","NY","District 24","6","5","Lean Democrat"
"HouseRace","NY","District 25","3","1","Likely Democrat"
"HouseRace","NY","District 26","0","0","Solid Democrat"
"HouseRace","NY","District 27","4","2","Lean Republican"
"HouseRace","OH","District 1","0","0","Solid Republican"
"HouseRace","OH","District 2","0","0","Solid Republican"
"HouseRace","OH","District 3","0","0","Solid Democrat"
"HouseRace","OH","District 4","0","0","Solid Republican"
"HouseRace","OH","District 5","0","0","Solid Republican"
"HouseRace","OH","District 6","3","3","Toss Up"
"HouseRace","OH","District 7","0","0","Likely Republican"
"HouseRace","OH","District 8","0","0","Solid Republican"
"HouseRace","NV","District 4","5","3","Toss Up"
"HouseRace","OH","District 10","0","0","Solid Republican"
"HouseRace","OH","District 11","0","0","Solid Democrat"
"HouseRace","OH","District 12","0","0","Solid Republican"
"HouseRace","OH","District 13","0","0","Solid Democrat"
"HouseRace","OH","District 14","0","0","Solid Republican"
"HouseRace","OH","District 15","1","1","Solid Republican"
"HouseRace","OH","District 16","2","2","Lean Republican"
"HouseRace","OK","District 1","1","1","Solid Republican"
"HouseRace","OK","District 2","0","0","Likely Republican"
"HouseRace","OK","District 3","0","0","Solid Republican"
"HouseRace","OK","District 4","0","0","Solid Republican"
"HouseRace","OK","District 5","0","0","Solid Republican"
"HouseRace","OR","District 1","0","0","Solid Democrat"
"HouseRace","OR","District 2","0","0","Solid Republican"
"HouseRace","OR","District 3","0","0","Solid Democrat"
"HouseRace","OR","District 4","0","0","Solid Democrat"
"HouseRace","OR","District 5","0","0","Solid Democrat"
"HouseRace","PA","District 2","0","0","Solid Democrat"
"HouseRace","PA","District 3","0","0","Solid Republican"
"HouseRace","PA","District 4","2","1","Solid Republican"
"HouseRace","PA","District 5","0","0","Solid Republican"
"HouseRace","PA","District 6","2","2","Likely Republican"
"HouseRace","PA","District 7","1","1","Solid Republican"
"HouseRace","PA","District 8","0","0","Lean Republican"
"HouseRace","PA","District 9","0","0","Solid Republican"
"HouseRace","PA","District 10","1","1","Solid Republican"
"HouseRace","PA","District 11","0","0","Solid Republican"
"HouseRace","PA","District 12","7","6","Toss Up"
"HouseRace","PA","District 13","0","0","Solid Democrat"
"HouseRace","PA","District 14","0","0","Solid Democrat"
"HouseRace","PA","District 15","0","0","Solid Republican"
"HouseRace","PA","District 16","0","0","Solid Republican"
"HouseRace","PA","District 17","0","0","Solid Democrat"
"HouseRace","PA","District 18","0","0","Solid Republican"
"HouseRace","RI","District 1","5","3","Toss Up"
"HouseRace","RI","District 2","3","1","Solid Democrat"
"HouseRace","SC","District 1","0","0","Solid Republican"
"HouseRace","SC","District 2","0","0","Solid Republican"
"HouseRace","SC","District 3","0","0","Solid Republican"
"HouseRace","SC","District 4","0","0","Solid Republican"
"HouseRace","SC","District 5","0","0","Solid Republican"
"HouseRace","SD","District 1","3","0","Likely Republican"
"HouseRace","TN","District 1","0","0","Solid Republican"
"HouseRace","TN","District 2","0","0","Solid Republican"
"HouseRace","TN","District 3","0","0","Solid Republican"
"HouseRace","TN","District 4","2","1","Toss Up"
"HouseRace","TN","District 5","0","0","Solid Democrat"
"HouseRace","TN","District 6","0","0","Solid Republican"
"HouseRace","TN","District 7","0","0","Solid Republican"
"HouseRace","TN","District 8","0","0","Solid Republican"
"HouseRace","TN","District 9","0","0","Solid Democrat"
"HouseRace","TX","District 1","0","0","Solid Republican"
"HouseRace","TX","District 2","0","0","Solid Republican"
"HouseRace","TX","District 3","0","0","Solid Republican"
"HouseRace","TX","District 4","0","0","Solid Republican"
"HouseRace","TX","District 5","0","0","Solid Republican"
"HouseRace","TX","District 6","0","0","Solid Republican"
"HouseRace","TX","District 7","0","0","Solid Republican"
"HouseRace","TX","District 8","0","0","Solid Republican"
"HouseRace","TX","District 9","0","0","Solid Democrat"
"HouseRace","TX","District 10","0","0","Solid Republican"
"HouseRace","TX","District 11","0","0","Solid Republican"
"HouseRace","TX","District 12","0","0","Solid Republican"
"HouseRace","TX","District 13","0","0","Solid Republican"
"HouseRace","TX","District 14","2","2","Lean Republican"
"HouseRace","TX","District 16","0","0","Solid Democrat"
"HouseRace","TX","District 17","0","0","Solid Republican"
"HouseRace","TX","District 18","0","0","Solid Democrat"
"HouseRace","TX","District 19","0","0","Solid Republican"
"HouseRace","TX","District 20","0","0","Solid Democrat"
"HouseRace","TX","District 21","0","0","Solid Republican"
"HouseRace","TX","District 22","0","0","Solid Republican"
"HouseRace","TX","District 23","2","2","Toss Up"
"HouseRace","TX","District 24","0","0","Solid Republican"
"HouseRace","TX","District 25","0","0","Solid Republican"
"HouseRace","TX","District 26","0","0","Solid Republican"
"HouseRace","SC","District 7","1","0","Solid Republican"
"HouseRace","TX","District 27","0","0","Solid Republican"
"HouseRace","TX","District 28","0","0","Solid Democrat"
"HouseRace","TX","District 29","0","0","Solid Democrat"
"HouseRace","TX","District 30","0","0","Solid Democrat"
"HouseRace","TX","District 31","0","0","Solid Republican"
"HouseRace","TX","District 32","0","0","Solid Republican"
"HouseRace","UT","District 1","2","0","Solid Republican"
"HouseRace","UT","District 2","1","0","Solid Republican"
"HouseRace","UT","District 3","1","0","Solid Republican"
"HouseRace","VA","District 1","0","0","Solid Republican"
"HouseRace","VA","District 2","3","2","Likely Republican"
"HouseRace","VA","District 4","0","0","Solid Republican"
"HouseRace","VA","District 5","0","0","Solid Republican"
"HouseRace","VA","District 6","0","0","Solid Republican"
"HouseRace","VA","District 7","0","0","Solid Republican"
"HouseRace","VA","District 8","0","0","Solid Democrat"
"HouseRace","VA","District 9","0","0","Solid Republican"
"HouseRace","VA","District 10","0","0","Solid Republican"
"HouseRace","VA","District 11","0","0","Solid Democrat"
"HouseRace","VT","District 1","0","0","Solid Democrat"
"HouseRace","WA","District 1","4","0","Lean Democrat"
"HouseRace","WA","District 2","0","0","Solid Democrat"
"HouseRace","WA","District 3","0","0","Solid Republican"
"HouseRace","WA","District 4","0","0","Solid Republican"
"HouseRace","WA","District 5","0","0","Solid Republican"
"HouseRace","WA","District 6","1","0","Solid Democrat"
"HouseRace","WA","District 7","0","0","Solid Democrat"
"HouseRace","WA","District 8","0","0","Solid Republican"
"HouseRace","WA","District 9","0","0","Solid Democrat"
"HouseRace","WI","District 1","2","2","Solid Republican"
"HouseRace","WI","District 2","0","0","Solid Democrat"
"HouseRace","WI","District 3","0","0","Solid Democrat"
"HouseRace","WI","District 4","0","0","Solid Democrat"
"HouseRace","WI","District 6","0","0","Solid Republican"
"HouseRace","WI","District 7","3","2","Lean Republican"
"HouseRace","WI","District 8","2","2","Likely Republican"
"HouseRace","WV","District 1","0","0","Solid Republican"
"HouseRace","WV","District 2","0","0","Solid Republican"
"HouseRace","WV","District 3","1","1","Likely Democrat"
"HouseRace","WY","District 1","0","0","Solid Republican"
"HouseRace","TX","District 33","0","0","Solid Democrat"
"HouseRace","TX","District 34","0","0","Solid Democrat"
"HouseRace","TX","District 35","0","0","Solid Democrat"
"HouseRace","TX","District 36","0","0","Solid Republican"
"HouseRace","UT","District 4","7","4","Lean Republican"
"HouseRace","AK","District 1","0","0","Solid Republican"
"HouseRace","AZ","District 7","0","0","Solid Democrat"
"HouseRace","CA","District 24","3","3","Lean Democrat"
"HouseRace","CA","District 44","2","1","Solid Democrat"
"HouseRace","CT","District 2","0","0","Solid Democrat"
"HouseRace","FL","District 21","0","0","Solid Democrat"
"HouseRace","IA","District 1","0","0","Likely Democrat"
"HouseRace","IL","District 4","0","0","Solid Democrat"
"HouseRace","IL","District 16","0","0","Solid Republican"
"HouseRace","LA","District 1","0","0","Solid Republican"
"HouseRace","MI","District 3","4","3","Likely Republican"
"HouseRace","NC","District 9","1","1","Solid Republican"
"HouseRace","ND","District 1","5","0","Likely Republican"
"HouseRace","NY","District 19","6","4","Toss Up"
"HouseRace","NM","District 3","2","0","Solid Democrat"
"HouseRace","NY","District 22","0","0","Solid Republican"
"HouseRace","OH","District 9","0","0","Solid Democrat"
"HouseRace","PA","District 1","0","0","Solid Democrat"
"HouseRace","SC","District 6","0","0","Solid Democrat"
"HouseRace","TX","District 15","0","0","Solid Democrat"
"HouseRace","VA","District 3","0","0","Solid Democrat"
"HouseRace","WI","District 5","0","0","Solid Republican"
"HouseRace","WA","District 10","0","0","Solid Democrat"
"SenateRace","MI","Class I","28","0","Likely Democrat"
"SenateRace","AZ","Class I","17","6","Toss Up"
"SenateRace","CA","Class I","14","0","Solid Democrat"
"SenateRace","CT","Class I","18","2","Toss Up"
"SenateRace","FL","Class I","46","0","Lean Democrat"
"SenateRace","HI","Class I","10","6","Lean Democrat"
"SenateRace","IN","Class"
