"```csv"
"Event Title","Unnamed 1","Unnamed 2","Unnamed 3","Unnamed 4","Unnamed 5","Unnamed 6","Unnamed 7","Unnamed 8"
"evtBeganDate","Event Time","restorationDate","Restoration Time","Area Impacted","Nerc Rgn","IncidentType","Demand reduction (MegaWatts)","CustomersAffected"
"January ","","","","","","","",""
"Date-2011-01-11 00:00:00","time-23:08","Date-2011-01-11 00:00:00","time-23:08","Area-Athens, New York","Region-NPCC","Type-Electrical Fault at Generator","loss-0","affected-0"
"Date-2011-01-12 00:00:00","time-06:00","Date-2011-01-12 00:00:00","time-14:00","Area-Massachusetts","Region-NPCC","Type-Winter Storm","loss-UNK","affected-80K"
"Date-2011-01-13 00:00:00","time-07:21","Date-2011-01-13 00:00:00","time-08:13","Area-North Florida","Region-FRCC","Type-Firm System Load Shed","loss-0.2K","affected-20900"
"Date-2011-01-18 00:00:00","time-14:00","Date-2011-01-18 00:00:00","time-14:00","Area-Whitman, Auburn St Substation, Massachusetts","Region-NPCC","Type-Vandalism","loss-0","affected-0"
"Date-2011-01-23 00:00:00","time-07:00","Date-2011-01-23 00:00:00","time-13:00","Area-Franklin County, Idaho","Region-WECC","Type-Vandalism","loss-0","affected-0"
"Date-2011-01-24 00:00:00","time-13:20","Date-2011-01-24 00:00:00","time-13:30","Area-Newman Power Plant, Texas","Region-WECC","Type-Suspicious Activity","loss-0","affected-0"
"Date-2011-01-25 00:00:00","time-03:23","Date-2011-01-25 00:00:00","time-11:00","Area-Newark, Delaware","Region-RFC","Type-Vandalism","loss-0","affected-0"
"Date-2011-01-26 00:00:00","time-09:25","Date-2011-01-27 00:00:00","time-17:00","Area-Carson City, Nevada","Region-WECC","Type-Suspected Telecommunications Attack","loss-0","affected-0"
"Date-2011-01-26 00:00:00","time-09:33","Date-2011-01-27 00:00:00","time-15:03","Area-Michigan","Region-RFC","Type-Vandalism","loss-0","affected-0"
"Date-2011-01-26 00:00:00","time-17:00","Date-2011-01-31 00:00:00","time-08:00","Area-Montgomery and Prince George's County, Maryland and District of Columbia","Region-RFC","Type-Winter Storm","loss-UNK","affected-210000"
"Date-2011-01-26 00:00:00","time-18:28","Date-2011-01-29 00:00:00","time-17:00","Area-Maryland","Region-RFC","Type-Winter Storm","loss-UNK","affected-234326"
"Date-2011-01-26 00:00:00","time-19:43","Date-2011-01-27 00:00:00","time-18:18","Area-Northern Virginia","Region-SERC","Type-Winter Storm","loss-0.6K","affected-150084"
"Date-2011-01-27 00:00:00","time-09:30","Date-2011-01-27 00:00:00","time-09:30","Area-Hockessin, Delaware","Region-RFC","Type-Vandalism","loss-0","affected-0"
"Date-2011-01-27 00:00:00","time-17:00","Date-2011-01-30 00:00:00","time-05:00","Area-Central New York","Region-NPCC","Type-Fuel Supply Deficiency (Coal)","loss-0.1K","affected-UNK"
"Date-2011-01-31 00:00:00","time-22:00","Date-2011-02-03 00:00:00","time-12:00","Area-Southwestern Ohio and Indiana","Region-RFC","Type-Ice Storm","loss-1K","affected-272880"
"February ","","","","","","","",""
"Date-2011-02-01 00:00:00","time-15:00","Date-2011-02-03 00:00:00","time-12:00","Area-Indiana, Ohio","Region-RFC","Type-Winter Storm","loss-Unknown","affected-158013"
"Date-2011-02-01 00:00:00","time-21:00","Date-2011-02-02 00:00:00","time-14:00","Area-Northern Illinois","Region-RFC","Type-Winter Storm","loss-Unknown","affected-190000"
"Date-2011-02-02 00:00:00","time-03:00","Date-2011-02-04 00:00:00","time-23:59","Area-Philadelphia area, Pennsylvania","Region-RFC","Type-Winter Storm","loss-Unknown","affected-213000"
"Date-2011-02-02 00:00:00","time-05:43","Date-2011-02-03 00:00:00","time-10:00","Area-Texas","Region-TRE","Type-Generation Inadequacy/Load Shed","loss-4K","affected-1069730"
"Date-2011-02-02 00:00:00","time-06:22","Date-2011-02-02 00:00:00","time-09:57","Area-Central Arizona","Region-WECC","Type-Generation Inadequacy/Load Shed","loss-3.9K","affected-69000"
"Date-2011-02-02 00:00:00","time-07:24","Date-2011-02-02 00:00:00","time-22:23","Area-Dona Ana and El Paso Counties, Texas and Hudspeth County, New Mexico","Region-WECC","Type-Generation Inadequacy/Load Shed","loss-0.3K","affected-178000"
"Date-2011-02-02 00:00:00","time-17:00","Date-2011-02-03 00:00:00","time-22:00","Area-Texas Panhandle, Southeastern New Mexico","Region-SPP","Type-Fuel Supply Deficiency (Natural Gas)","loss-Unknown","affected-Unknown"
"Date-2011-02-03 00:00:00","time-15:00","Date-2011-02-04 00:00:00","time-12:00","Area-San Diego area, California","Region-WECC","Type-Fuel Supply Deficiency (Natural Gas)","loss-UNK","affected-Unknown"
"Date-2011-02-03 00:00:00","time-14:30","Date-2011-02-03 00:00:00","time-14:30","Area-Bowie, Maryland","Region-RFC","Type-Suspected Cyber Attack","loss-UNK","affected-0"
"Date-2011-02-03 00:00:00","time-22:04","Date-2011-02-04 00:00:00","time-12:32","Area-Texas","Region-TRE","Type-Generation Inadequacy/Load Shed","loss-0.4K","affected-86013"
"Date-2011-02-09 00:00:00","time-03:45","Date-2011-02-09 00:00:00","time-09:12","Area-Western Houston, Texas","Region-TRE","Type-Winter Storm","loss-0.4K","affected-60000"
"Date-2011-02-09 00:00:00","time-14:54","Date-2011-02-09 00:00:00","time-17:00","Area-University Place, Washington","Region-WECC","Type-Vandalism","loss-0","affected-0"
"Date-2011-02-09 00:00:00","time-16:30","Date-2011-02-10 00:00:00","time-12:33","Area-Texas","Region-TRE","Type-Cold Weather Event","loss-UNK","affected-UNK"
"Date-2011-02-10 00:00:00","time-13:00","Date-2011-02-10 00:00:00","time-13:00","Area-LaGrande, Washington","Region-WECC","Type-Vandalism","loss-0","affected-0"
"Date-2011-02-17 00:00:00","time-01:25","Date-2011-02-19 00:00:00","time-10:13","Area-Northern and Central California","Region-WECC","Type-Major Storm","loss-0.1K","affected-80000"
"Date-2011-02-17 00:00:00","time-13:00","Date-2011-02-23 00:00:00","time-16:53","Area-Roseville, California","Region-WECC","Type-Suspected Cyber Attack","loss-0","affected-0"
"Date-2011-02-19 00:00:00","time-12:30","Date-2011-02-20 00:00:00","time-04:00","Area-Philadelphia area, Pennsylvania","Region-RFC","Type-Major Storm","loss-Unknown","affected-118000"
"Date-2011-02-19 00:00:00","time-16:34","Date-2011-02-19 00:00:00","time-16:34","Area-Harrington, Delaware","Region-RFC","Type-Vandalism","loss-0","affected-0"
"Date-2011-02-20 00:00:00","time-16:00","Date-2011-02-23 00:00:00","time-16:00","Area-Southern Lower Peninsula, Michigan","Region-RFC","Type-Winter Storm","loss-0.3K","affected-160000"
"Date-2011-02-24 00:00:00","time-16:51","Date-2011-02-24 00:00:00","time-16:54","Area-Arkansas","Region-SPP","Type-Electrical System Separation (Islanding)","loss-0.0K","affected-Unknown"
"Date-2011-02-25 00:00:00","time-15:20","Date-2011-02-25 00:00:00","time-18:00","Area-Virginia","Region-SERC","Type-Severe Weather","loss-Unknown","affected-50K"
"Date-2011-02-25 00:00:00","time-15:23","Date-2011-02-27 00:00:00","time-18:00","Area-Maryland","Region-RFC","Type-Severe Weather","loss-Unknown","affected-93000"
"Date-2011-02-25 00:00:00","time-08:00","Date-2011-02-28 00:00:00","time-17:30","Area-Northern and Central California","Region-WECC","Type-Winter Storm","loss-0.1K","affected-80000"
"Date-2011-02-25 00:00:00","time-10:30","Date-2011-02-25 00:00:00","time-10:45","Area-Salt Lake City, Utah","Region-WECC","Type-Vandalism","loss-0","affected-0"
"March","","","","","","","",""
"Date-2011-03-01 00:00:00","time-08:00","Date-2011-03-05 00:00:00","time-09:30","Area-Western New York","Region-NPCC","Type-Fuel Supply Deficiency (Coal)","loss-0.7K","affected-Unknown"
"Date-2011-03-06 00:00:00","time-02:54","Date-2011-03-08 00:00:00","time-08:00","Area-Salt Lake City Region, Utah","Region-WECC","Type-Vandalism","loss-Unknown","affected-0"
"Date-2011-03-08 00:00:00","time-08:00","Date-2001-03-18 00:00:00","time-09:00","Area-Western New York","Region-NPCC","Type-Fuel Supply Deficiency (Coal)","loss-0.7K","affected-Unknown"
"Date-2011-03-10 00:00:00","time-12:03","Date-2011-03-11 00:00:00","time-06:00","Area-Texas","Region-TRE","Type-Suspected Physical Attack","loss-UNK","affected-UNK"
"Date-2011-03-11 00:00:00","time-07:02","Date-2011-03-11 00:00:00","time-09:15","Area-Humboldt and Eureka, California","Region-WECC","Type-Generation Inadequacy/Load Shed","loss-0.0K","affected-6800"
"Date-2011-03-13 00:00:00","time-14:20","Date-2011-03-14 00:00:00","time-15:46","Area-Oregon","Region-WECC","Type-Severe Weather","loss-Unknown","affected-9000"
"Date-2011-03-14 00:00:00","time-07:30","Date-2011-03-14 00:00:00","time-16:55","Area-Baltimore, Maryland","Region-RFC","Type-Suspected Cyber Attack","loss-UNK","affected-UNK"
"Date-2011-03-15 00:00:00","time-18:00","Date-2011-03-15 00:00:00","time-19:14","Area-The Woodlands, Texas","Region-TRE","Type-Suspected Physical Attack","loss-UNK","affected-UNK"
"Date-2011-03-17 00:00:00","time-07:40","Date-2011-03-17 00:00:00","time-11:00","Area-Deerfield, New Hampshire","Region-NPCC","Type-Vandalism","loss-UNK","affected-UNK"
"Date-2011-03-18 00:00:00","time-09:54","Date-2011-03-18 00:00:00","time-15:34","Area-Greene County, Ohio","Region-RFC","Type-Vandalism","loss-UNK","affected-UNK"
"Date-2011-03-19 00:00:00","time-23:56","Date-2011-03-24 00:00:00","time-19:10","Area-Northern and Central California","Region-WECC","Type-Major Storm","loss-0.1K","affected-128000"
"Date-2011-03-20 00:00:00","time-09:44","Date-2011-03-21 00:00:00","time-10:00","Area-Los Angeles, California","Region-WECC","Type-Major Storm","loss-Unknown","affected-79000"
"Date-2011-03-21 00:00:00","time-12:35","Date-2011-03-21 00:00:00","time-14:45","Area-Southern California","Region-WECC","Type-Major Storm","loss-0.2K","affected-54332"
"Date-2011-03-21 00:00:00","time-00:57","Date-2011-03-21 00:00:00","time-02:29","Area-Deerfield, New Hampshire","Region-NPCC","Type-Vandalism","loss-UNK","affected-UNK"
"Date-2011-03-23 00:00:00","time-18:30","Date-2011-03-24 00:00:00","time-04:55","Area-Indiana. Kentucky, Michigan, Ohio, Tennessee, Virginia, West Virginia","Region-RFC","Type-Major Storm","loss-Unknown","affected-60596"
"Date-2011-03-27 00:00:00","time-13:27","Date-2011-03-27 00:00:00","time-17:00","Area-Sonoma and Central Valley, California","Region-WECC","Type-Transmission Level Outage","loss-0.3K","affected-165000"
"Date-2011-03-31 00:00:00","time-14:30","Date-2011-04-01 00:00:00","time-23:59","Area-Central and Western Florida","Region-FRCC","Type-Severe Weather","loss-Unknown","affected-50000"
"Date-2011-03-31 00:00:00","time-11:30","Date-2011-03-31 00:00:00","time-20:30","Area-Greater Tampa Bay, Florida","Region-FRCC","Type-Severe Weather","loss-0.2K","affected-87000"
"April","","","","","","","",""
"Date-2011-04-03 00:00:00","time-20:23","Date-2011-04-05 00:00:00","time-15:00","Area-Unknown","Region-SERC","Type-Suspected Cyber Attack","loss-0","affected-0"
"Date-2011-04-04 00:00:00","time-11:47","Date-2011-04-08 00:00:00","time-00:01","Area-Memphis, Tennessee","Region-SERC","Type-Severe Weather","loss-0.4K","affected-63000"
"Date-2011-04-04 00:00:00","time-13:00","Date-2011-04-05 00:00:00","time-00:00","Area-Shelby County, Tennessee","Region-SERC","Type-Severe Weather","loss-0.3K","affected-63000"
"Date-2011-04-04 00:00:00","time-14:00","Date-2011-04-08 00:00:00","time-00:01","Area-Davidson County, Tennessee","Region-SERC","Type-Severe Weather","loss-0.3K","affected-73000"
"Date-2011-04-04 00:00:00","time-19:00","Date-2011-04-05 00:00:00","time-20:00","Area-Southeast Arkansas, Southeast Louisiana, Western Mississippi, Eastern Texas","Region-SERC","Type-Severe Weather","loss-Unknown","affected-74645"
"Date-2011-04-04 00:00:00","time-19:00","Date-2011-04-05 00:00:00","time-12:00","Area-Kentucky, West Virginia","Region-RFC","Type-Severe Weather","loss-Unknown","affected-52920"
"Date-2011-04-04 00:00:00","time-21:00","Date-2011-04-05 00:00:00","time-23:30","Area-Alabama, Florida, Georgia, Mississippi","Region-SERC","Type-Severe Weather","loss-0.7K","affected-303434"
"Date-2011-04-05 00:00:00","time-02:00","Date-2011-04-07 00:00:00","time-23:00","Area-North Carolina, South Carolina","Region-SERC","Type-Severe Weather","loss-1.2K","affected-256000"
"Date-2011-04-06 00:00:00","time-10:50","Date-2011-04-06 00:00:00","time-10:50","Area-Felton, Delaware","Region-RFC","Type-Vandalism","loss-0","affected-0"
"Date-2011-04-11 00:00:00","time-17:40","Date-2011-04-11 00:00:00","time-17:51","Area-Salt Lake City, Utah","Region-WECC","Type-Suspicious Activity","loss-0","affected-0"
"Date-2011-04-16 00:00:00","time-14:16","Date-2011-04-17 00:00:00","time-16:30","Area-Central and Eastern North Carolina","Region-SERC","Type-Severe Weather","loss-Unknown","affected-220000"
"Date-2011-04-19 00:00:00","time-20:00","Date-2011-04-19 00:00:00","time-22:00","Area-Illinois","Region-SERC","Type-Severe Weather","loss-Unknown","affected-80000"
"Date-2011-04-19 00:00:00","time-14:01","Date-2011-04-19 00:00:00","time-16:04","Area-Graham, Washington","Region-WECC","Type-Vandalism","loss-0","affected-0"
"Date-2011-04-19 00:00:00","time-22:44","Date-2011-04-20 00:00:00","time-02:00","Area-Memphis, Tennessee","Region-SERC","Type-Severe Weather","loss-0.1K","affected-64000"
"Date-2011-04-19 00:00:00","time-23:02","Date-2011-04-21 00:00:00","time-17:32","Area-Memphis, Tennessee","Region-SERC","Type-Severe Weather","loss-0.3K","affected-105000"
"Date-2011-04-19 00:00:00","time-23:13","Date-2011-04-20 00:00:00","time-19:14","Area-Osceola, Arkansas","Region-SERC","Type-Severe Weather","loss-0.0K","affected-Unknown"
"Date-2011-04-20 00:00:00","time-02:00","Date-2011-04-21 00:00:00","time-12:00","Area-Indiana, Kentucky, Ohio","Region-RFC","Type-Severe Weather - High Winds","loss-Unknown","affected-165711"
"Date-2011-04-20 00:00:00","time-08:07","Date-2011-04-20 00:00:00","time-08:14","Area-Ruston, Louisiana","Region-SERC","Type-Equipment Malfunction","loss-0.0K","affected-11000"
"Date-2011-04-21 00:00:00","time-07:15","Date-2011-04-21 00:00:00","time-16:50","Area-Oquirrh Substation, Salt Lake City, Utah","Region-WECC","Type-Vandalism","loss-0","affected-0"
"Date-2011-04-21 00:00:00","time-19:00","Date-2011-04-29 00:00:00","time-19:05","Area-Trenton, Michigan","Region-RFC","Type-Suspicious Activity","loss-Unknown","affected-Unknown"
"Date-2011-04-22 00:00:00","time-21:00","Date-2011-04-22 00:00:00","time-23:00","Area-Metro St. Louis area, Missouri","Region-SERC","Type-Severe Weather","loss-0","affected-55000"
"Date-2011-04-25 00:00:00","time-16:33","Date-2011-04-25 00:00:00","time-17:19","Area-Northeast Tennessee","Region-SERC","Type-Equipment Malfunction","loss-0.1K","affected-Unknown"
"Date-2011-04-25 00:00:00","time-17:30","Date-2011-04-27 00:00:00","time-18:00","Area-Arkansas, Louisiana, Mississippi","Region-SPP","Type-Severe Weather","loss-Unknown","affected-141700"
"Date-2011-04-26 00:00:00","time-05:49","Date-2011-04-27 00:00:00","time-09:59","Area-Southern Louisiana","Region-SPP","Type-Severe Weather","loss-0.1K","affected-Unknown"
"Date-2011-04-26 00:00:00","time-09:51","Date-2011-04-28 00:00:00","time-09:51","Area-Alabama, Georgia, Mississippi, Tennessee","Region-SERC","Type-Severe Weather","loss-Unknown","affected-55000"
"Date-2011-04-26 00:00:00","time-13:04","Date-2011-04-26 00:00:00","time-14:00","Area-Salt Lake City, Utah","Region-WECC","Type-Vandalism","loss-0","affected-0"
"Date-2011-04-26 00:00:00","time-18:14","Date-2011-04-28 00:00:00","time-17:00","Area-Eastern Arkansas","Region-SPP","Type-Severe Weather","loss-0.1K","affected-13000"
"Date-2011-04-27 00:00:00","time-08:00","Date-2011-05-02 00:00:00","time-16:03","Area-Alabama, Florida, Georgia, Mississippi","Region-SERC","Type-Severe Weather","loss-1.4K","affected-426640"
"Date-2011-04-27 00:00:00","time-10:00","Date-2011-04-29 00:00:00","time-16:29","Area-Alabama, Georgia, Mississippi, Tennessee","Region-SERC","Type-Severe Weather","loss-Unknown","affected-612000"
"Date-2011-04-27 00:00:00","time-22:00","Date-2011-04-28 00:00:00","time-10:00","Area-Ohio, Tennessee, Virginia","Region-SERC","Type-Severe Weather","loss-0","affected-69000"
"Date-2011-04-28 00:00:00","time-05:00","Date-2011-04-30 00:00:00","time-18:30","Area-Cleveland area, Ohio","Region-RFC","Type-Severe Weather","loss-Unknown","affected-86000"
"Date-2011-04-28"
