"```csv"
"Region","year_group","cohort_type","total_group_size","total_graduates","graduation_rate","total_regents_count","regents_rate"
"District-1","Year-2001","Cohort-4 Year June","Group Size: 376","Grads: 252","Rate: 67%","Regents: 205","54.5%"
"District-1","Year-2001","Cohort-5 Year June","Group Size: 376","Grads: 279","Rate: 74.2%","Regents: 214","56.9%"
"District-1","Year-2001","Cohort-6 Year","Group Size: 376","Grads: 282","Rate: 75%","Regents: 215","57.2%"
"District-1","Year-2002","Cohort-4 Year June","Group Size: 381","Grads: 212","Rate: 55.6%","Regents: 185","48.6%"
"District-1","Year-2002","Cohort-5 Year June","Group Size: 381","Grads: 249","Rate: 65.4%","Regents: 202","53%"
"District-1","Year-2002","Cohort-6 Year","Group Size: 381","Grads: 273","Rate: 71.7%","Regents: 211","55.4%"
"District-1","Year-2003","Cohort-4 Year June","Group Size: 603","Grads: 328","Rate: 54.4%","Regents: 285","47.3%"
"District-1","Year-2003","Cohort-5 Year June","Group Size: 603","Grads: 414","Rate: 68.7%","Regents: 319","52.9%"
"District-1","Year-2003","Cohort-6 Year","Group Size: 611","Grads: 447","Rate: 73.2%","Regents: 332","54.3%"
"District-1","Year-2004","Cohort-4 Year June","Group Size: 756","Grads: 470","Rate: 62.2%","Regents: 347","45.9%"
"District-1","Year-2004","Cohort-5 Year June","Group Size: 784","Grads: 552","Rate: 70.4%","Regents: 391","49.9%"
"District-1","Year-2004","Cohort-6 Year","Group Size: 787","Grads: 577","Rate: 73.3%","Regents: 404","51.3%"
"District-1","Year-2005","Cohort-4 Year June","Group Size: 886","Grads: 522","Rate: 58.9%","Regents: 419","47.3%"
"District-1","Year-2005","Cohort-4 Year August","Group Size: 886","Grads: 560","Rate: 63.2%","Regents: 430","48.5%"
"District-1","Year-2005","Cohort-5 Year June","Group Size: 898","Grads: 631","Rate: 70.3%","Regents: 474","52.8%"
"District-1","Year-2005","Cohort-6 Year","Group Size: 910","Grads: 677","Rate: 74.4%","Regents: 496","54.5%"
"District-1","Year-2006","Cohort-4 Year June","Group Size: 905","Grads: 549","Rate: 60.7%","Regents: 493","54.5%"
"District-1","Year-2006","Cohort-4 Year August","Group Size: 905","Grads: 563","Rate: 62.2%","Regents: 498","55%"
"District-1","Year-2006","Cohort-5 Year June","Group Size: 1050","Grads: 688","Rate: 65.5%","Regents: 579","55.1%"
"District-1","Year-2006","Cohort-5 Year August","Group Size: 1050","Grads: 705","Rate: 67.1%","Regents: 590","56.2%"
"District-1","Year-2006","Cohort-6 Year","Group Size: 1050","Grads: 720","Rate: 68.6%","Regents: 595","56.7%"
"District-1","Year-2007","Cohort-4 Year June","Group Size: 1069","Grads: 608","Rate: 56.9%","Regents: 535","50%"
"District-1","Year-2007","Cohort-4 Year August","Group Size: 1069","Grads: 646","Rate: 60.4%","Regents: 559","52.3%"
"District-1","Year-2007","Cohort-5 Year June","Group Size: 1098","Grads: 717","Rate: 65.3%","Regents: 604","55%"
"District-1","Year-2007","Cohort-5 Year August","Group Size: 1098","Grads: 730","Rate: 66.5%","Regents: 614","55.9%"
"District-1","Year-2007","Cohort-6 Year","Group Size: 1103","Grads: 758","Rate: 68.7%","Regents: 634","57.5%"
"District-1","Year-2008","Cohort-4 Year June","Group Size: 1128","Grads: 639","Rate: 56.6%","Regents: 620","55%"
"District-1","Year-2008","Cohort-4 Year August","Group Size: 1128","Grads: 685","Rate: 60.7%","Regents: 661","58.6%"
"District-1","Year-2008","Cohort-5 Year June","Group Size: 1156","Grads: 749","Rate: 64.8%","Regents: 717","62%"
"District-1","Year-2008","Cohort-5 Year August","Group Size: 1156","Grads: 757","Rate: 65.5%","Regents: 722","62.5%"
"District-1","Year-2008","Cohort-6 Year","Group Size: 1163","Grads: 785","Rate: 67.5%","Regents: 745","64.1%"
"District-1","Year-2009","Cohort-4 Year June","Group Size: 1080","Grads: 569","Rate: 52.7%","Regents: 544","50.4%"
"District-1","Year-2009","Cohort-4 Year August","Group Size: 1080","Grads: 597","Rate: 55.3%","Regents: 569","52.7%"
"District-1","Year-2009","Cohort-5 Year June","Group Size: 1110","Grads: 684","Rate: 61.6%","Regents: 652","58.7%"
"District-1","Year-2009","Cohort-5 Year August","Group Size: 1110","Grads: 705","Rate: 63.5%","Regents: 672","60.5%"
"District-1","Year-2009","Cohort-6 Year","Group Size: 1109","Grads: 760","Rate: 68.5%","Regents: 716","64.6%"
"District-1","Year-2010","Cohort-4 Year June","Group Size: 1104","Grads: 564","Rate: 51.1%","Regents: 543","49.2%"
"District-1","Year-2010","Cohort-4 Year August","Group Size: 1104","Grads: 590","Rate: 53.4%","Regents: 564","51.1%"
"District-1","Year-2010","Cohort-5 Year June","Group Size: 1144","Grads: 669","Rate: 58.5%","Regents: 635","55.5%"
"District-1","Year-2010","Cohort-5 Year August","Group Size: 1144","Grads: 680","Rate: 59.4%","Regents: 645","56.4%"
"District-1","Year-2011","Cohort-4 Year June","Group Size: 1128","Grads: 649","Rate: 57.5%","Regents: 622","55.1%"
"District-1","Year-2011","Cohort-4 Year August","Group Size: 1128","Grads: 665","Rate: 59%","Regents: 635","56.3%"
"District-2","Year-2001","Cohort-4 Year June","Group Size: 8088","Grads: 4737","Rate: 58.6%","Regents: 3078","38.1%"
"District-2","Year-2001","Cohort-5 Year June","Group Size: 8088","Grads: 5415","Rate: 67%","Regents: 3279","40.5%"
"District-2","Year-2001","Cohort-6 Year","Group Size: 8088","Grads: 5591","Rate: 69.1%","Regents: 3313","41%"
"District-2","Year-2002","Cohort-4 Year June","Group Size: 8678","Grads: 5063","Rate: 58.3%","Regents: 3421","39.4%"
"District-2","Year-2002","Cohort-5 Year June","Group Size: 8678","Grads: 5710","Rate: 65.8%","Regents: 3644","42%"
"District-2","Year-2002","Cohort-6 Year","Group Size: 8678","Grads: 6044","Rate: 69.6%","Regents: 3712","42.8%"
"District-2","Year-2003","Cohort-4 Year June","Group Size: 8187","Grads: 4467","Rate: 54.6%","Regents: 3106","37.9%"
"District-2","Year-2003","Cohort-5 Year June","Group Size: 8187","Grads: 5430","Rate: 66.3%","Regents: 3396","41.5%"
"District-2","Year-2003","Cohort-6 Year","Group Size: 8189","Grads: 5783","Rate: 70.6%","Regents: 3505","42.8%"
"District-2","Year-2004","Cohort-4 Year June","Group Size: 8791","Grads: 5134","Rate: 58.4%","Regents: 3672","41.8%"
"District-2","Year-2004","Cohort-5 Year June","Group Size: 8941","Grads: 6171","Rate: 69%","Regents: 4145","46.4%"
"District-2","Year-2004","Cohort-6 Year","Group Size: 8985","Grads: 6504","Rate: 72.4%","Regents: 4259","47.4%"
"District-2","Year-2005","Cohort-4 Year June","Group Size: 9098","Grads: 5676","Rate: 62.4%","Regents: 4315","47.4%"
"District-2","Year-2005","Cohort-4 Year August","Group Size: 9098","Grads: 6024","Rate: 66.2%","Regents: 4474","49.2%"
"District-2","Year-2005","Cohort-5 Year June","Group Size: 9288","Grads: 6604","Rate: 71.1%","Regents: 4774","51.4%"
"District-2","Year-2005","Cohort-6 Year","Group Size: 9245","Grads: 6902","Rate: 74.7%","Regents: 4903","53%"
"District-2","Year-2006","Cohort-4 Year June","Group Size: 9671","Grads: 6209","Rate: 64.2%","Regents: 5146","53.2%"
"District-2","Year-2006","Cohort-4 Year August","Group Size: 9671","Grads: 6528","Rate: 67.5%","Regents: 5313","54.9%"
"District-2","Year-2006","Cohort-5 Year June","Group Size: 9753","Grads: 7123","Rate: 73%","Regents: 5664","58.1%"
"District-2","Year-2006","Cohort-5 Year August","Group Size: 9753","Grads: 7211","Rate: 73.9%","Regents: 5709","58.5%"
"District-2","Year-2006","Cohort-6 Year","Group Size: 9776","Grads: 7380","Rate: 75.5%","Regents: 5797","59.3%"
"District-2","Year-2007","Cohort-4 Year June","Group Size: 9416","Grads: 5984","Rate: 63.6%","Regents: 5380","57.1%"
"District-2","Year-2007","Cohort-4 Year August","Group Size: 9416","Grads: 6415","Rate: 68.1%","Regents: 5651","60%"
"District-2","Year-2007","Cohort-5 Year June","Group Size: 9444","Grads: 6831","Rate: 72.3%","Regents: 5905","62.5%"
"District-2","Year-2007","Cohort-5 Year August","Group Size: 9444","Grads: 6916","Rate: 73.2%","Regents: 5950","63%"
"District-2","Year-2007","Cohort-6 Year","Group Size: 9457","Grads: 7067","Rate: 74.7%","Regents: 6052","64%"
"District-2","Year-2008","Cohort-4 Year June","Group Size: 9680","Grads: 6213","Rate: 64.2%","Regents: 6001","62%"
"District-2","Year-2008","Cohort-4 Year August","Group Size: 9680","Grads: 6607","Rate: 68.3%","Regents: 6362","65.7%"
"District-2","Year-2008","Cohort-5 Year June","Group Size: 9705","Grads: 7057","Rate: 72.7%","Regents: 6758","69.6%"
"District-2","Year-2008","Cohort-5 Year August","Group Size: 9705","Grads: 7150","Rate: 73.7%","Regents: 6836","70.4%"
"District-2","Year-2008","Cohort-6 Year","Group Size: 9717","Grads: 7344","Rate: 75.6%","Regents: 6978","71.8%"
"District-2","Year-2009","Cohort-4 Year June","Group Size: 9454","Grads: 6132","Rate: 64.9%","Regents: 5930","62.7%"
"District-2","Year-2009","Cohort-4 Year August","Group Size: 9454","Grads: 6539","Rate: 69.2%","Regents: 6302","66.7%"
"District-2","Year-2009","Cohort-5 Year June","Group Size: 9443","Grads: 7015","Rate: 74.3%","Regents: 6722","71.2%"
"District-2","Year-2009","Cohort-5 Year August","Group Size: 9443","Grads: 7099","Rate: 75.2%","Regents: 6796","72%"
"District-2","Year-2009","Cohort-6 Year","Group Size: 9526","Grads: 7317","Rate: 76.8%","Regents: 6980","73.3%"
"District-2","Year-2010","Cohort-4 Year June","Group Size: 9037","Grads: 6171","Rate: 68.3%","Regents: 5920","65.5%"
"District-2","Year-2010","Cohort-4 Year August","Group Size: 9037","Grads: 6532","Rate: 72.3%","Regents: 6237","69%"
"District-2","Year-2010","Cohort-5 Year June","Group Size: 9091","Grads: 7008","Rate: 77.1%","Regents: 6634","73%"
"District-2","Year-2010","Cohort-5 Year August","Group Size: 9091","Grads: 7083","Rate: 77.9%","Regents: 6694","73.6%"
"District-2","Year-2011","Cohort-4 Year June","Group Size: 8716","Grads: 6199","Rate: 71.1%","Regents: 5935","68.1%"
"District-2","Year-2011","Cohort-4 Year August","Group Size: 8716","Grads: 6499","Rate: 74.6%","Regents: 6207","71.2%"
"District-3","Year-2001","Cohort-4 Year June","Group Size: 1663","Grads: 1103","Rate: 66.3%","Regents: 827","49.7%"
"District-3","Year-2001","Cohort-5 Year June","Group Size: 1663","Grads: 1216","Rate: 73.1%","Regents: 882","53%"
"District-3","Year-2001","Cohort-6 Year","Group Size: 1663","Grads: 1232","Rate: 74.1%","Regents: 886","53.3%"
"District-3","Year-2002","Cohort-4 Year June","Group Size: 1831","Grads: 1202","Rate: 65.6%","Regents: 1000","54.6%"
"District-3","Year-2002","Cohort-5 Year June","Group Size: 1831","Grads: 1330","Rate: 72.6%","Regents: 1046","57.1%"
"District-3","Year-2002","Cohort-6 Year","Group Size: 1831","Grads: 1373","Rate: 75%","Regents: 1052","57.5%"
"District-3","Year-2003","Cohort-4 Year June","Group Size: 2170","Grads: 1272","Rate: 58.6%","Regents: 1023","47.1%"
"District-3","Year-2003","Cohort-5 Year June","Group Size: 2170","Grads: 1435","Rate: 66.1%","Regents: 1075","49.5%"
"District-3","Year-2003","Cohort-6 Year","Group Size: 2175","Grads: 1525","Rate: 70.1%","Regents: 1094","50.3%"
"District-3","Year-2004","Cohort-4 Year June","Group Size: 2383","Grads: 1490","Rate: 62.5%","Regents: 1201","50.4%"
"District-3","Year-2004","Cohort-5 Year June","Group Size: 2449","Grads: 1742","Rate: 71.1%","Regents: 1275","52.1%"
"District-3","Year-2004","Cohort-6 Year","Group Size: 2462","Grads: 1839","Rate: 74.7%","Regents: 1300","52.8%"
"District-3","Year-2005","Cohort-4 Year June","Group Size: 2574","Grads: 1678","Rate: 65.2%","Regents: 1364","53%"
"District-3","Year-2005","Cohort-4 Year August","Group Size: 2574","Grads: 1742","Rate: 67.7%","Regents: 1388","53.9%"
"District-3","Year-2005","Cohort-5 Year June","Group Size: 2650","Grads: 1901","Rate: 71.7%","Regents: 1448","54.6%"
"District-3","Year-2005","Cohort-6 Year","Group Size: 2650","Grads: 1991","Rate: 75.1%","Regents: 1476","55.7%"
"District-3","Year-2006","Cohort-4 Year June","Group Size: 2535","Grads: 1663","Rate: 65.6%","Regents: 1439","56.8%"
"District-3","Year-2006","Cohort-4 Year August","Group Size: 2535","Grads: 1739","Rate: 68.6%","Regents: 1474","58.1%"
"District-3","Year-2006","Cohort-5 Year June","Group Size: 2652","Grads: 1915","Rate: 72.2%","Regents: 1559","58.8%"
"District-3","Year-2006","Cohort-5 Year August","Group Size: 2652","Grads: 1930","Rate: 72.8%","Regents: 1567","59.1%"
"District-3","Year-2006","Cohort-6 Year","Group Size: 2639","Grads: 1991","Rate: 75.4%","Regents: 1586","60.1%"
"District-3","Year-2007","Cohort-4 Year June","Group Size: 2597","Grads: 1623","Rate: 62.5%","Regents: 1429","55%"
"District-3","Year-2007","Cohort-4 Year August","Group Size: 2597","Grads: 1705","Rate: 65.7%","Regents: 1471","56.6%"
"District-3","Year-2007","Cohort-5 Year June","Group Size: 2639","Grads: 1852","Rate: 70.2%","Regents: 1543","58.5%"
"District-3","Year-2007","Cohort-5 Year August","Group Size: 2639","Grads: 1867","Rate: 70.7%","Regents: 1551","58.8%"
"District-3","Year-2007","Cohort-6 Year","Group Size: 2622","Grads: 1904","Rate: 72.6%","Regents: 1570","59.9%"
"District-3","Year-2008","Cohort-4 Year June","Group Size: 2301","Grads: 1467","Rate: 63.8%","Regents: 1424","61.9%"
"District-3","Year-2008","Cohort-4 Year August","Group Size: 2301","Grads: 1524","Rate: 66.2%","Regents: 1474","64.1%"
"District-3","Year-2008","Cohort-5 Year June","Group Size: 2334","Grads: 1636","Rate: 70.1%","Regents: 1565","67.1%"
"District-3","Year-2008","Cohort-5 Year August","Group Size: 2334","Grads: 1655","Rate: 70.9%","Regents: 1584","67.9%"
"District-3","Year-2008","Cohort-6 Year","Group Size: 2327","Grads: 1719","Rate: 73.9%","Regents: 1638","70.4%"
"District-3","Year-2009","Cohort-4 Year June","Group Size: 2330","Grads: 1519","Rate: 65.2%","Regents: 1462","62.7%"
"District-3","Year-2009","Cohort-4 Year August","Group Size: 2330","Grads: 1608","Rate: 69%","Regents: 1539","66.1%"
"District-3","Year-2009","Cohort-5 Year June","Group Size: 2364","Grads: 1761","Rate: 74.5%","Regents: 1667","70.5%"
"District-3","Year-2009","Cohort-5 Year August","Group Size: 2364","Grads: 1786","Rate: 75.5%","Regents: 1690","71.5%"
"District-3","Year-2009","Cohort-6 Year","Group Size: 2382","Grads: 1839","Rate: 77.2%","Regents: 1727","72.5%"
"District-3","Year-2010","Cohort-4 Year June","Group Size: 2314","Grads: 1649","Rate: 71.3%","Regents: 1570","67.8%"
"District-3","Year-2010","Cohort-4 Year August","Group Size: 2314","Grads: 1727","Rate: 74.6%","Regents: 1635","70.7%"
"District-3","Year-2010","Cohort-5 Year June","Group Size: 2369","Grads: 1843","Rate: 77.8%","Regents: 1727","72.9%"
"District-3","Year-2010","Cohort-5 Year August","Group Size: 2369","Grads: 1871","Rate: 79%","Regents: 1751","73.9%"
"District-3","Year-2011","Cohort-4 Year June","Group Size: 2425","Grads: 1767","Rate: 72.9%","Regents: 1665","68.7%"
"District-3","Year-2011","Cohort-4 Year August","Group Size: 2425","Grads: 1825","Rate: 75.3%","Regents: 1705","70.3%"
"District-4","Year-2001","Cohort-4 Year June","Group Size: 835","Grads: 475","Rate: 56.9%","Regents: 336","40.2%"
"District-4","Year-2001","Cohort-5 Year June","Group Size: 835","Grads: 591","Rate: 70.8%","Regents: 391","46.8%"
"District-4","Year-2001","Cohort-6 Year","Group Size: 835","Grads: 603","Rate: 72.2%","Regents: 396","47.4%"
"District-4","Year-2002","Cohort-4 Year June","Group Size: 871","Grads: 552","Rate: 63.4%","Regents: 432","49.6%"
"District-4","Year-2002","Cohort-5 Year June","Group Size: 871","Grads: 624","Rate: 71.6%","Regents: 478","54.9%"
"District-4","Year-2002","Cohort-6 Year","Group Size: 871","Grads: 645","Rate: 74.1%","Regents: 482","55.3%"
"District-4","Year-2003","Cohort-4 Year June","Group Size: 749","Grads: 482","Rate: 64.4%","Regents: 369","49.3%"
"District-4","Year-2003","Cohort-5 Year June","Group Size: 749","Grads: 545","Rate: 72.8%","Regents: 391","52.2%"
"District-4","Year-2003","Cohort-6 Year","Group Size: 745","Grads: 563","Rate: 75.6%","Regents: 397","53.3%"
"District-4","Year-2004","Cohort-4 Year June","Group Size: 766","Grads: 487","Rate: 63.6%","Regents: 352","46%"
"District-4","Year-2004","Cohort-5 Year June","Group Size: 751","Grads: 545","Rate: 72.6%","Regents: 368","49%"
"District-4","Year-2004","Cohort-6 Year","Group Size: 742","Grads: 558","Rate: 75.2%","Regents: 371","50%"
"District-4","Year-2005","Cohort-4 Year June","Group Size: 954","Grads: 636","Rate: 66.7%","Regents: 498","52.2%"
"District-4","Year-2005","Cohort-4 Year August","Group Size: 954","Grads: 665","Rate: 69.7%","Regents: 510","53.5%"
"District-4","Year-2005","Cohort-5 Year June","Group Size: 934","Grads: 709","Rate: 75.9%","Regents: 530","56.7%"
"District-4","Year-2005","Cohort-6 Year","Group Size: 929","Grads: 720","Rate: 77.5%","Regents: 534","57.5%"
"District-4","Year-2006","Cohort-4 Year June","Group"
