Year,2013,Unnamed: 2,Unnamed: 3,Unnamed: 4
,,,,
Sum of Population,,,Indicator Name,
Country Name,Country Code,Indicator Code,"Population, total",Grand Total
Afghanistan,AFG,SP.POP.TOTL,31622704,31622704
Africa Eastern and Southern,AFE,SP.POP.TOTL,575202699,575202699
Africa Western and Central,AFW,SP.POP.TOTL,396030207,396030207
Albania,ALB,SP.POP.TOTL,2895092,2895092
Algeria,DZA,SP.POP.TOTL,38414171,38414171
American Samoa,ASM,SP.POP.TOTL,54006,54006
Andorra,AND,SP.POP.TOTL,75194,75194
Angola,AGO,SP.POP.TOTL,26165620,26165620
Antigua and Barbuda,ATG,SP.POP.TOTL,88064,88064
Arab World,ARB,SP.POP.TOTL,390954281,390954281
Argentina,ARG,SP.POP.TOTL,42582455,42582455
Armenia,ARM,SP.POP.TOTL,3022000,3022000
Aruba,ABW,SP.POP.TOTL,105675,105675
Australia,AUS,SP.POP.TOTL,23128129,23128129
Austria,AUT,SP.POP.TOTL,8479823,8479823
Azerbaijan,AZE,SP.POP.TOTL,9416801,9416801
"Bahamas, The",BHS,SP.POP.TOTL,378953,378953
Bahrain,BHR,SP.POP.TOTL,1253191,1253191
Bangladesh,BGD,SP.POP.TOTL,156532141,156532141
Barbados,BRB,SP.POP.TOTL,277665,277665
Belarus,BLR,SP.POP.TOTL,9443211,9443211
Belgium,BEL,SP.POP.TOTL,11159407,11159407
Belize,BLZ,SP.POP.TOTL,341627,341627
Benin,BEN,SP.POP.TOTL,10708834,10708834
Bermuda,BMU,SP.POP.TOTL,63574,63574
Bhutan,BTN,SP.POP.TOTL,725273,725273
Bolivia,BOL,SP.POP.TOTL,10682608,10682608
Bosnia and Herzegovina,BIH,SP.POP.TOTL,3610859,3610859
Botswana,BWA,SP.POP.TOTL,2140682,2140682
Brazil,BRA,SP.POP.TOTL,198478299,198478299
British Virgin Islands,VGB,SP.POP.TOTL,31703,31703
Brunei Darussalam,BRN,SP.POP.TOTL,411202,411202
Bulgaria,BGR,SP.POP.TOTL,7265115,7265115
Burkina Faso,BFA,SP.POP.TOTL,17695409,17695409
Burundi,BDI,SP.POP.TOTL,10439341,10439341
Cabo Verde,CPV,SP.POP.TOTL,512225,512225
Cambodia,KHM,SP.POP.TOTL,15170208,15170208
Cameroon,CMR,SP.POP.TOTL,21402376,21402376
Canada,CAN,SP.POP.TOTL,35080992,35080992
Caribbean small states,CSS,SP.POP.TOTL,2917125,2917125
Cayman Islands,CYM,SP.POP.TOTL,58655,58655
Central African Republic,CAF,SP.POP.TOTL,4642419,4642419
Central Europe and the Baltics,CEB,SP.POP.TOTL,103691959,103691959
Chad,TCD,SP.POP.TOTL,13691079,13691079
Channel Islands,CHI,SP.POP.TOTL,161777,161777
Chile,CHL,SP.POP.TOTL,17687006,17687006
China,CHN,SP.POP.TOTL,1363240000,1363240000
Colombia,COL,SP.POP.TOTL,46151584,46151584
Comoros,COM,SP.POP.TOTL,696192,696192
"Congo, Dem. Rep.",COD,SP.POP.TOTL,75789395,75789395
"Congo, Rep.",COG,SP.POP.TOTL,4857099,4857099
Costa Rica,CRI,SP.POP.TOTL,4716147,4716147
Cote d'Ivoire,CIV,SP.POP.TOTL,23939775,23939775
Croatia,HRV,SP.POP.TOTL,4233922,4233922
Cuba,CUB,SP.POP.TOTL,11298167,11298167
Curacao,CUW,SP.POP.TOTL,153822,153822
Cyprus,CYP,SP.POP.TOTL,1183895,1183895
Czechia,CZE,SP.POP.TOTL,10514272,10514272
Denmark,DNK,SP.POP.TOTL,5614932,5614932
Djibouti,DJI,SP.POP.TOTL,984824,984824
Dominica,DMA,SP.POP.TOTL,69715,69715
Dominican Republic,DOM,SP.POP.TOTL,10193833,10193833
Early-demographic dividend,EAR,SP.POP.TOTL,3103677284,3103677284
East Asia & Pacific,EAS,SP.POP.TOTL,2267072102,2267072102
East Asia & Pacific (excluding high income),EAP,SP.POP.TOTL,2023850158,2023850158
East Asia & Pacific (IDA & IBRD countries),TEA,SP.POP.TOTL,1998548872,1998548872
Ecuador,ECU,SP.POP.TOTL,15807128,15807128
"Egypt, Arab Rep.",EGY,SP.POP.TOTL,95333553,95333553
El Salvador,SLV,SP.POP.TOTL,6138839,6138839
Equatorial Guinea,GNQ,SP.POP.TOTL,1346218,1346218
Eritrea,ERI,SP.POP.TOTL,3074360,3074360
Estonia,EST,SP.POP.TOTL,1317997,1317997
Eswatini,SWZ,SP.POP.TOTL,1129990,1129990
Ethiopia,ETH,SP.POP.TOTL,98438751,98438751
Euro area,EMU,SP.POP.TOTL,341575309,341575309
Europe & Central Asia,ECS,SP.POP.TOTL,900033335,900033335
Europe & Central Asia (excluding high income),ECA,SP.POP.TOTL,235981960,235981960
Europe & Central Asia (IDA & IBRD countries),TEC,SP.POP.TOTL,449310524,449310524
European Union,EUU,SP.POP.TOTL,442486978,442486978
Faroe Islands,FRO,SP.POP.TOTL,48246,48246
Fiji,FJI,SP.POP.TOTL,916352,916352
Finland,FIN,SP.POP.TOTL,5438972,5438972
Fragile and conflict affected situations,FCS,SP.POP.TOTL,853223055,853223055
France,FRA,SP.POP.TOTL,65997932,65997932
French Polynesia,PYF,SP.POP.TOTL,274728,274728
Gabon,GAB,SP.POP.TOTL,1913059,1913059
"Gambia, The",GMB,SP.POP.TOTL,2103820,2103820
Georgia,GEO,SP.POP.TOTL,3717668,3717668
Germany,DEU,SP.POP.TOTL,80645605,80645605
Ghana,GHA,SP.POP.TOTL,27386193,27386193
Gibraltar,GIB,SP.POP.TOTL,32407,32407
Greece,GRC,SP.POP.TOTL,10965211,10965211
Greenland,GRL,SP.POP.TOTL,56483,56483
Grenada,GRD,SP.POP.TOTL,113487,113487
Guam,GUM,SP.POP.TOTL,165966,165966
Guatemala,GTM,SP.POP.TOTL,15387337,15387337
Guinea,GIN,SP.POP.TOTL,11191873,11191873
Guinea-Bissau,GNB,SP.POP.TOTL,1695973,1695973
Guyana,GUY,SP.POP.TOTL,750021,750021
Haiti,HTI,SP.POP.TOTL,10222362,10222362
Heavily indebted poor countries (HIPC),HPC,SP.POP.TOTL,694622934,694622934
High income,HIC,SP.POP.TOTL,1344779557,1344779557
Honduras,HND,SP.POP.TOTL,8889278,8889278
"Hong Kong SAR, China",HKG,SP.POP.TOTL,7178900,7178900
Hungary,HUN,SP.POP.TOTL,9893082,9893082
IBRD only,IBD,SP.POP.TOTL,4582140476,4582140476
Iceland,ISL,SP.POP.TOTL,323764,323764
IDA & IBRD total,IBT,SP.POP.TOTL,6120638810,6120638810
IDA blend,IDB,SP.POP.TOTL,520502873,520502873
IDA only,IDX,SP.POP.TOTL,1017995461,1017995461
IDA total,IDA,SP.POP.TOTL,1538498334,1538498334
India,IND,SP.POP.TOTL,1295829511,1295829511
Indonesia,IDN,SP.POP.TOTL,255852467,255852467
"Iran, Islamic Rep.",IRN,SP.POP.TOTL,80414686,80414686
Iraq,IRQ,SP.POP.TOTL,35281989,35281989
Ireland,IRL,SP.POP.TOTL,4623816,4623816
Isle of Man,IMN,SP.POP.TOTL,84141,84141
Israel,ISR,SP.POP.TOTL,8059500,8059500
Italy,ITA,SP.POP.TOTL,60233948,60233948
Jamaica,JAM,SP.POP.TOTL,2783687,2783687
Japan,JPN,SP.POP.TOTL,127445000,127445000
Jordan,JOR,SP.POP.TOTL,7991809,7991809
Kazakhstan,KAZ,SP.POP.TOTL,17556502,17556502
Kenya,KEN,SP.POP.TOTL,44986791,44986791
Kiribati,KIR,SP.POP.TOTL,113838,113838
"Korea, Dem. People's Rep.",PRK,SP.POP.TOTL,25329451,25329451
"Korea, Rep.",KOR,SP.POP.TOTL,50428893,50428893
Kosovo,XKX,SP.POP.TOTL,1818119,1818119
Kuwait,KWT,SP.POP.TOTL,3507844,3507844
Kyrgyz Republic,KGZ,SP.POP.TOTL,5777150,5777150
Lao PDR,LAO,SP.POP.TOTL,6611385,6611385
Late-demographic dividend,LTE,SP.POP.TOTL,2225043647,2225043647
Latin America & Caribbean,LCN,SP.POP.TOTL,606644957,606644957
Latin America & Caribbean (excluding high income),LAC,SP.POP.TOTL,544834859,544834859
Latin America & the Caribbean (IDA & IBRD countries),TLA,SP.POP.TOTL,590809938,590809938
Latvia,LVA,SP.POP.TOTL,2012647,2012647
Least developed countries: UN classification,LDC,SP.POP.TOTL,918269633,918269633
Lebanon,LBN,SP.POP.TOTL,5743436,5743436
Lesotho,LSO,SP.POP.TOTL,2056504,2056504
Liberia,LBR,SP.POP.TOTL,4470239,4470239
Libya,LBY,SP.POP.TOTL,6304628,6304628
Liechtenstein,LIE,SP.POP.TOTL,36984,36984
Lithuania,LTU,SP.POP.TOTL,2957689,2957689
Low & middle income,LMY,SP.POP.TOTL,5890623212,5890623212
Low income,LIC,SP.POP.TOTL,563526633,563526633
Lower middle income,LMC,SP.POP.TOTL,2678274094,2678274094
Luxembourg,LUX,SP.POP.TOTL,543360,543360
"Macao SAR, China",MAC,SP.POP.TOTL,591900,591900
Madagascar,MDG,SP.POP.TOTL,24109290,24109290
Malawi,MWI,SP.POP.TOTL,16161816,16161816
Malaysia,MYS,SP.POP.TOTL,30174265,30174265
Maldives,MDV,SP.POP.TOTL,400070,400070
Mali,MLI,SP.POP.TOTL,17459615,17459615
Malta,MLT,SP.POP.TOTL,425967,425967
Marshall Islands,MHL,SP.POP.TOTL,50681,50681
Mauritania,MRT,SP.POP.TOTL,3734318,3734318
Mauritius,MUS,SP.POP.TOTL,1258927,1258927
Mexico,MEX,SP.POP.TOTL,118343573,118343573
"Micronesia, Fed. Sts.",FSM,SP.POP.TOTL,108121,108121
Middle East & North Africa,MEA,SP.POP.TOTL,424768481,424768481
Middle East & North Africa (excluding high income),MNA,SP.POP.TOTL,370454605,370454605
Middle East & North Africa (IDA & IBRD countries),TMN,SP.POP.TOTL,366377897,366377897
Middle income,MIC,SP.POP.TOTL,5327096579,5327096579
Moldova,MDA,SP.POP.TOTL,2859558,2859558
Monaco,MCO,SP.POP.TOTL,35447,35447
Mongolia,MNG,SP.POP.TOTL,2899011,2899011
Montenegro,MNE,SP.POP.TOTL,621207,621207
Morocco,MAR,SP.POP.TOTL,33787571,33787571
Mozambique,MOZ,SP.POP.TOTL,25051611,25051611
Myanmar,MMR,SP.POP.TOTL,50262658,50262658
Namibia,NAM,SP.POP.TOTL,2252508,2252508
Nauru,NRU,SP.POP.TOTL,10517,10517
Nepal,NPL,SP.POP.TOTL,27589996,27589996
Netherlands,NLD,SP.POP.TOTL,16804432,16804432
New Caledonia,NCL,SP.POP.TOTL,276822,276822
New Zealand,NZL,SP.POP.TOTL,4442100,4442100
Nicaragua,NIC,SP.POP.TOTL,5983845,5983845
Niger,NER,SP.POP.TOTL,18519898,18519898
Nigeria,NGA,SP.POP.TOTL,181049443,181049443
North America,NAC,SP.POP.TOTL,351204513,351204513
North Macedonia,MKD,SP.POP.TOTL,1922716,1922716
Northern Mariana Islands,MNP,SP.POP.TOTL,52758,52758
Norway,NOR,SP.POP.TOTL,5079623,5079623
OECD members,OED,SP.POP.TOTL,1314705887,1314705887
Oman,OMN,SP.POP.TOTL,3833913,3833913
Other small states,OSS,SP.POP.TOTL,12719557,12719557
Pacific island small states,PSS,SP.POP.TOTL,2382931,2382931
Pakistan,PAK,SP.POP.TOTL,211073978,211073978
Palau,PLW,SP.POP.TOTL,17648,17648
Panama,PAN,SP.POP.TOTL,3825329,3825329
Papua New Guinea,PNG,SP.POP.TOTL,8302698,8302698
Paraguay,PRY,SP.POP.TOTL,5982445,5982445
Peru,PER,SP.POP.TOTL,29817919,29817919
Philippines,PHL,SP.POP.TOTL,102076336,102076336
Poland,POL,SP.POP.TOTL,38040196,38040196
Portugal,PRT,SP.POP.TOTL,10457295,10457295
Post-demographic dividend,PST,SP.POP.TOTL,1087808342,1087808342
Pre-demographic dividend,PRE,SP.POP.TOTL,822138419,822138419
Puerto Rico,PRI,SP.POP.TOTL,3593077,3593077
Qatar,QAT,SP.POP.TOTL,1916426,1916426
Romania,ROU,SP.POP.TOTL,19983693,19983693
Russian Federation,RUS,SP.POP.TOTL,143805638,143805638
Rwanda,RWA,SP.POP.TOTL,11093340,11093340
Samoa,WSM,SP.POP.TOTL,198268,198268
San Marino,SMR,SP.POP.TOTL,33041,33041
Sao Tome and Principe,STP,SP.POP.TOTL,193148,193148
Saudi Arabia,SAU,SP.POP.TOTL,27624004,27624004
Senegal,SEN,SP.POP.TOTL,13710849,13710849
Serbia,SRB,SP.POP.TOTL,7166553,7166553
Seychelles,SYC,SP.POP.TOTL,89949,89949
Sierra Leone,SLE,SP.POP.TOTL,6714051,6714051
Singapore,SGP,SP.POP.TOTL,5399162,5399162
Sint Maarten (Dutch part),SXM,SP.POP.TOTL,35854,35854
Slovak Republic,SVK,SP.POP.TOTL,5413393,5413393
Slovenia,SVN,SP.POP.TOTL,2059953,2059953
Small states,SST,SP.POP.TOTL,18019613,18019613
Solomon Islands,SLB,SP.POP.TOTL,594945,594945
Somalia,SOM,SP.POP.TOTL,12869594,12869594
South Africa,ZAF,SP.POP.TOTL,54678791,54678791
South Asia,SAS,SP.POP.TOTL,1744358673,1744358673
South Asia (IDA & IBRD),TSA,SP.POP.TOTL,1744358673,1744358673
South Sudan,SSD,SP.POP.TOTL,11166275,11166275
Spain,ESP,SP.POP.TOTL,46620045,46620045
Sri Lanka,LKA,SP.POP.TOTL,20585000,20585000
St. Kitts and Nevis,KNA,SP.POP.TOTL,47069,47069
St. Lucia,LCA,SP.POP.TOTL,173369,173369
St. Martin (French part),MAF,SP.POP.TOTL,37419,37419
St. Vincent and the Grenadines,VCT,SP.POP.TOTL,108135,108135
Sub-Saharan Africa,SSF,SP.POP.TOTL,971232906,971232906
Sub-Saharan Africa (excluding high income),SSA,SP.POP.TOTL,971142957,971142957
Sub-Saharan Africa (IDA & IBRD countries),TSS,SP.POP.TOTL,971232906,971232906
Sudan,SDN,SP.POP.TOTL,37785849,37785849
Suriname,SUR,SP.POP.TOTL,569020,569020
Sweden,SWE,SP.POP.TOTL,9600379,9600379
Switzerland,CHE,SP.POP.TOTL,8089346,8089346
Syrian Arab Republic,SYR,SP.POP.TOTL,21666917,21666917
Tajikistan,TJK,SP.POP.TOTL,8216724,8216724
Tanzania,TZA,SP.POP.TOTL,48824128,48824128
Thailand,THA,SP.POP.TOTL,69845114,69845114
Timor-Leste,TLS,SP.POP.TOTL,1158695,1158695
Togo,TGO,SP.POP.TOTL,7285442,7285442
Tonga,TON,SP.POP.TOTL,107078,107078
Trinidad and Tobago,TTO,SP.POP.TOTL,1340557,1340557
Tunisia,TUN,SP.POP.TOTL,11141361,11141361
Turkiye,TUR,SP.POP.TOTL,76147624,76147624
Turkmenistan,TKM,SP.POP.TOTL,5939341,5939341
Turks and Caicos Islands,TCA,SP.POP.TOTL,33653,33653
Tuvalu,TUV,SP.POP.TOTL,11001,11001
Uganda,UGA,SP.POP.TOTL,35337042,35337042
Ukraine,UKR,SP.POP.TOTL,46126770,46126770
United Arab Emirates,ARE,SP.POP.TOTL,7693031,7693031
United Kingdom,GBR,SP.POP.TOTL,64128273,64128273
United States,USA,SP.POP.TOTL,316059947,316059947
Upper middle income,UMC,SP.POP.TOTL,2648822485,2648822485
Uruguay,URY,SP.POP.TOTL,3345337,3345337
Uzbekistan,UZB,SP.POP.TOTL,29724065,29724065
Vanuatu,VUT,SP.POP.TOTL,254482,254482
"Venezuela, RB",VEN,SP.POP.TOTL,29912198,29912198
Viet Nam,VNM,SP.POP.TOTL,90573104,90573104
Virgin Islands (U.S.),VIR,SP.POP.TOTL,108041,108041
West Bank and Gaza,PSE,SP.POP.TOTL,4076708,4076708
World,WLD,SP.POP.TOTL,7265314967,7265314967
"Yemen, Rep.",YEM,SP.POP.TOTL,29312952,29312952
Zambia,ZMB,SP.POP.TOTL,15398997,15398997
Zimbabwe,ZWE,SP.POP.TOTL,14013808,14013808
Grand Total,,,77577872411,77577872411
