"```csv"
"Product Category","Product_Name","Factory Location","ProductID","Price in USD","Cost of Unit"
"Choc","Product-WProduct-oProduct-nProduct-kProduct-a Product-BProduct-aProduct-r Product-- Product-NProduct-uProduct-tProduct-tProduct-y Product-CProduct-rProduct-uProduct-nProduct-cProduct-h Product-SProduct-uProduct-rProduct-pProduct-rProduct-iProduct-sProduct-e","Lot's O' Nuts","CHO-NUT-13000","$3.49","1.00"
"Choc","Product-WProduct-oProduct-nProduct-kProduct-a Product-BProduct-aProduct-r Product-- Product-FProduct-uProduct-dProduct-gProduct-e Product-MProduct-aProduct-lProduct-lProduct-oProduct-wProduct-s","Lot's O' Nuts","CHO-FUD-51000","$3.60","1.20"
"Choc","Product-WProduct-oProduct-nProduct-kProduct-a Product-BProduct-aProduct-r Product--Product-SProduct-cProduct-rProduct-uProduct-mProduct-dProduct-iProduct-dProduct-dProduct-lProduct-yProduct-uProduct-mProduct-pProduct-tProduct-iProduct-oProduct-uProduct-s","Lot's O' Nuts","CHO-SCR-58000","$3.60","1.10"
"Choc","Product-WProduct-oProduct-nProduct-kProduct-a Product-BProduct-aProduct-r Product-- Product-MProduct-iProduct-lProduct-k Product-CProduct-hProduct-oProduct-cProduct-oProduct-lProduct-aProduct-tProduct-e","Wicked Choccy's","CHO-MIL-31000","$3.25","1.14"
"Choc","Product-WProduct-oProduct-nProduct-kProduct-a Product-BProduct-aProduct-r Product-- Product-TProduct-rProduct-iProduct-pProduct-lProduct-e Product-DProduct-aProduct-zProduct-zProduct-lProduct-e Product-CProduct-aProduct-rProduct-aProduct-mProduct-eProduct-l","Wicked Choccy's","CHO-TRI-54000","$3.75","1.30"
"Sweet","Product-LProduct-aProduct-fProduct-fProduct-y Product-TProduct-aProduct-fProduct-fProduct-y","Sugar Shack","SUG-LAF-25000","$1.99","0.75"
"Sweet","Product-SProduct-wProduct-eProduct-eProduct-TProduct-AProduct-RProduct-TProduct-S","Sugar Shack","SUG-SWE-91000","$1.50","0.80"
"Sweet","Product-NProduct-eProduct-rProduct-dProduct-s","Sugar Shack","SUG-NER-92000","$1.50","0.80"
"Sweet","Product-FProduct-uProduct-n Product-DProduct-iProduct-p","Sugar Shack","SUG-FUN-75000","$1.50","0.90"
"Other","Product-FProduct-iProduct-zProduct-zProduct-y Product-LProduct-iProduct-fProduct-tProduct-iProduct-nProduct-g Product-DProduct-rProduct-iProduct-nProduct-kProduct-s","Sugar Shack","OTH-FIZ-56000","$3.75","1.50"
"Sweet","Product-EProduct-vProduct-eProduct-rProduct-lProduct-aProduct-sProduct-tProduct-iProduct-nProduct-g Product-GProduct-oProduct-bProduct-sProduct-tProduct-oProduct-pProduct-pProduct-eProduct-r","Secret Factory","SUG-EVE-47000","$10.00","2.00"
"Sweet","Product-HProduct-aProduct-iProduct-r Product-TProduct-oProduct-fProduct-fProduct-eProduct-e","The Other Factory","SUG-HAI-55000","$4.50","1.00"
"Other","Product-LProduct-iProduct-cProduct-kProduct-aProduct-bProduct-lProduct-e Product-WProduct-aProduct-lProduct-lProduct-pProduct-aProduct-pProduct-eProduct-r","Secret Factory","OTH-LIC-15000","$20.00","10.00"
"Other","Product-WProduct-oProduct-nProduct-kProduct-a Product-GProduct-uProduct-m","Secret Factory","OTH-GUM-21000","$1.25","0.60"
"Other","Product-KProduct-aProduct-zProduct-oProduct-oProduct-kProduct-lProduct-eProduct-s","The Other Factory","OTH-KAZ-38000","$3.25","3.00"
"```"
