"```csv"
"ProjectID","ClientID","Scale","Level","StartDate"
"project_id:P1","client_id:C1","scale:Low","level:Normal","Date:11/02/2024"
"project_id:P2","client_id:C2","scale:Mid","level:Normal","Date:11/17/2024"
"project_id:P3","client_id:C1","scale:High","level:Urgent","Date:07/11/2024"
"project_id:P4","client_id:C5","scale:Low","level:Urgent","Date:10/05/2024"
"project_id:P5","client_id:C1","scale:Mid","level:Urgent","Date:11/08/2024"
"project_id:P6","client_id:C1","scale:High","level:Urgent","Date:01/03/2025"
"project_id:P7","client_id:C1","scale:Low","level:Normal","Date:08/21/2024"
"project_id:P8","client_id:C1","scale:Mid","level:Normal","Date:04/22/2024"
"project_id:P9","client_id:C4","scale:High","level:Urgent","Date:02/19/2024"
"project_id:P10","client_id:C3","scale:Low","level:Urgent","Date:03/10/2024"
"project_id:P11","client_id:C3","scale:Mid","level:Normal","Date:05/06/2024"
"project_id:P12","client_id:C4","scale:High","level:Normal","Date:01/09/2025"
"```"
