Year,2011,Unnamed: 2,Unnamed: 3,Unnamed: 4
,,,,
Sum of Population,,,Indicator Name,
Country Name,Country Code,Indicator Code,"Population, total",Grand Total
Afghanistan,AFG,SP.POP.TOTL,29347708,29347708
Africa Eastern and Southern,AFE,SP.POP.TOTL,544737983,544737983
Africa Western and Central,AFW,SP.POP.TOTL,374790143,374790143
Albania,ALB,SP.POP.TOTL,2905195,2905195
Algeria,DZA,SP.POP.TOTL,36903376,36903376
American Samoa,ASM,SP.POP.TOTL,54895,54895
Andorra,AND,SP.POP.TOTL,77783,77783
Angola,AGO,SP.POP.TOTL,24218352,24218352
Antigua and Barbuda,ATG,SP.POP.TOTL,86332,86332
Arab World,ARB,SP.POP.TOTL,372054934,372054934
Argentina,ARG,SP.POP.TOTL,41730660,41730660
Armenia,ARM,SP.POP.TOTL,3027900,3027900
Aruba,ABW,SP.POP.TOTL,102591,102591
Australia,AUS,SP.POP.TOTL,22340024,22340024
Austria,AUT,SP.POP.TOTL,8391643,8391643
Azerbaijan,AZE,SP.POP.TOTL,9173082,9173082
"Bahamas, The",BHS,SP.POP.TOTL,371729,371729
Bahrain,BHR,SP.POP.TOTL,1195020,1195020
Bangladesh,BGD,SP.POP.TOTL,153591076,153591076
Barbados,BRB,SP.POP.TOTL,276139,276139
Belarus,BLR,SP.POP.TOTL,9461643,9461643
Belgium,BEL,SP.POP.TOTL,11038264,11038264
Belize,BLZ,SP.POP.TOTL,327298,327298
Benin,BEN,SP.POP.TOTL,10093623,10093623
Bermuda,BMU,SP.POP.TOTL,63733,63733
Bhutan,BTN,SP.POP.TOTL,709377,709377
Bolivia,BOL,SP.POP.TOTL,10348929,10348929
Bosnia and Herzegovina,BIH,SP.POP.TOTL,3741798,3741798
Botswana,BWA,SP.POP.TOTL,2073535,2073535
Brazil,BRA,SP.POP.TOTL,195284734,195284734
British Virgin Islands,VGB,SP.POP.TOTL,28710,28710
Brunei Darussalam,BRN,SP.POP.TOTL,399389,399389
Bulgaria,BGR,SP.POP.TOTL,7348328,7348328
Burkina Faso,BFA,SP.POP.TOTL,16661908,16661908
Burundi,BDI,SP.POP.TOTL,9717978,9717978
Cabo Verde,CPV,SP.POP.TOTL,511447,511447
Cambodia,KHM,SP.POP.TOTL,14722584,14722584
Cameroon,CMR,SP.POP.TOTL,20232304,20232304
Canada,CAN,SP.POP.TOTL,34339221,34339221
Caribbean small states,CSS,SP.POP.TOTL,2873088,2873088
Cayman Islands,CYM,SP.POP.TOTL,55606,55606
Central African Republic,CAF,SP.POP.TOTL,4565021,4565021
Central Europe and the Baltics,CEB,SP.POP.TOTL,104174038,104174038
Chad,TCD,SP.POP.TOTL,12754997,12754997
Channel Islands,CHI,SP.POP.TOTL,159706,159706
Chile,CHL,SP.POP.TOTL,17351816,17351816
China,CHN,SP.POP.TOTL,1345035000,1345035000
Colombia,COL,SP.POP.TOTL,45259614,45259614
Comoros,COM,SP.POP.TOTL,668056,668056
"Congo, Dem. Rep.",COD,SP.POP.TOTL,70849311,70849311
"Congo, Rep.",COG,SP.POP.TOTL,4609724,4609724
Costa Rica,CRI,SP.POP.TOTL,4609833,4609833
Cote d'Ivoire,CIV,SP.POP.TOTL,22982000,22982000
Croatia,HRV,SP.POP.TOTL,4280622,4280622
Cuba,CUB,SP.POP.TOTL,11301571,11301571
Curacao,CUW,SP.POP.TOTL,150831,150831
Cyprus,CYP,SP.POP.TOTL,1146493,1146493
Czechia,CZE,SP.POP.TOTL,10496088,10496088
Denmark,DNK,SP.POP.TOTL,5570572,5570572
Djibouti,DJI,SP.POP.TOTL,948558,948558
Dominica,DMA,SP.POP.TOTL,69053,69053
Dominican Republic,DOM,SP.POP.TOTL,9945621,9945621
Early-demographic dividend,EAR,SP.POP.TOTL,3013476947,3013476947
East Asia & Pacific,EAS,SP.POP.TOTL,2230826576,2230826576
East Asia & Pacific (excluding high income),EAP,SP.POP.TOTL,1989106668,1989106668
East Asia & Pacific (IDA & IBRD countries),TEA,SP.POP.TOTL,1964036970,1964036970
Ecuador,ECU,SP.POP.TOTL,15326227,15326227
"Egypt, Arab Rep.",EGY,SP.POP.TOTL,91093059,91093059
El Salvador,SLV,SP.POP.TOTL,6090127,6090127
Equatorial Guinea,GNQ,SP.POP.TOTL,1241835,1241835
Eritrea,ERI,SP.POP.TOTL,2998485,2998485
Estonia,EST,SP.POP.TOTL,1327439,1327439
Eswatini,SWZ,SP.POP.TOTL,1117833,1117833
Ethiopia,ETH,SP.POP.TOTL,93149970,93149970
Euro area,EMU,SP.POP.TOTL,339719975,339719975
Europe & Central Asia,ECS,SP.POP.TOTL,892361936.5,892361936.5
Europe & Central Asia (excluding high income),ECA,SP.POP.TOTL,231988171.5,231988171.5
Europe & Central Asia (IDA & IBRD countries),TEC,SP.POP.TOTL,444846099.5,444846099.5
European Union,EUU,SP.POP.TOTL,440766686,440766686
Faroe Islands,FRO,SP.POP.TOTL,48543,48543
Fiji,FJI,SP.POP.TOTL,912989,912989
Finland,FIN,SP.POP.TOTL,5388272,5388272
Fragile and conflict affected situations,FCS,SP.POP.TOTL,812764221,812764221
France,FRA,SP.POP.TOTL,65340830,65340830
French Polynesia,PYF,SP.POP.TOTL,271727,271727
Gabon,GAB,SP.POP.TOTL,1781985,1781985
"Gambia, The",GMB,SP.POP.TOTL,1983784,1983784
Georgia,GEO,SP.POP.TOTL,3756441,3756441
Germany,DEU,SP.POP.TOTL,80274983,80274983
Ghana,GHA,SP.POP.TOTL,26095088,26095088
Gibraltar,GIB,SP.POP.TOTL,31660,31660
Greece,GRC,SP.POP.TOTL,11104899,11104899
Greenland,GRL,SP.POP.TOTL,56890,56890
Grenada,GRD,SP.POP.TOTL,112079,112079
Guam,GUM,SP.POP.TOTL,166543,166543
Guatemala,GTM,SP.POP.TOTL,14792126,14792126
Guinea,GIN,SP.POP.TOTL,10656810,10656810
Guinea-Bissau,GNB,SP.POP.TOTL,1608076,1608076
Guyana,GUY,SP.POP.TOTL,746153,746153
Haiti,HTI,SP.POP.TOTL,9914904,9914904
Heavily indebted poor countries (HIPC),HPC,SP.POP.TOTL,656783491,656783491
High income,HIC,SP.POP.TOTL,1329029726,1329029726
Honduras,HND,SP.POP.TOTL,8540583,8540583
"Hong Kong SAR, China",HKG,SP.POP.TOTL,7071600,7071600
Hungary,HUN,SP.POP.TOTL,9971727,9971727
IBRD only,IBD,SP.POP.TOTL,4483152361,4483152361
Iceland,ISL,SP.POP.TOTL,319014,319014
IDA & IBRD total,IBT,SP.POP.TOTL,5956718726.5,5956718726.5
IDA blend,IDB,SP.POP.TOTL,498002443,498002443
IDA only,IDX,SP.POP.TOTL,975563922.5,975563922.5
IDA total,IDA,SP.POP.TOTL,1473566365.5,1473566365.5
India,IND,SP.POP.TOTL,1261224954,1261224954
Indonesia,IDN,SP.POP.TOTL,249470032,249470032
"Iran, Islamic Rep.",IRN,SP.POP.TOTL,78383598,78383598
Iraq,IRQ,SP.POP.TOTL,32161424,32161424
Ireland,IRL,SP.POP.TOTL,4580084,4580084
Isle of Man,IMN,SP.POP.TOTL,84382,84382
Israel,ISR,SP.POP.TOTL,7765800,7765800
Italy,ITA,SP.POP.TOTL,59379449,59379449
Jamaica,JAM,SP.POP.TOTL,2760494,2760494
Japan,JPN,SP.POP.TOTL,127833000,127833000
Jordan,JOR,SP.POP.TOTL,7480424,7480424
Kazakhstan,KAZ,SP.POP.TOTL,17066002,17066002
Kenya,KEN,SP.POP.TOTL,42758461,42758461
Kiribati,KIR,SP.POP.TOTL,110647,110647
"Korea, Dem. People's Rep.",PRK,SP.POP.TOTL,25097874,25097874
"Korea, Rep.",KOR,SP.POP.TOTL,49936638,49936638
Kosovo,XKX,SP.POP.TOTL,1791949,1791949
Kuwait,KWT,SP.POP.TOTL,3132814,3132814
Kyrgyz Republic,KGZ,SP.POP.TOTL,5546586.5,5546586.5
Lao PDR,LAO,SP.POP.TOTL,6426590,6426590
Late-demographic dividend,LTE,SP.POP.TOTL,2193156337.5,2193156337.5
Latin America & Caribbean,LCN,SP.POP.TOTL,594072097,594072097
Latin America & Caribbean (excluding high income),LAC,SP.POP.TOTL,533432539,533432539
Latin America & the Caribbean (IDA & IBRD countries),TLA,SP.POP.TOTL,578171855,578171855
Latvia,LVA,SP.POP.TOTL,2059709,2059709
Least developed countries: UN classification,LDC,SP.POP.TOTL,875685078,875685078
Lebanon,LBN,SP.POP.TOTL,5096020,5096020
Lesotho,LSO,SP.POP.TOTL,2014009,2014009
Liberia,LBR,SP.POP.TOTL,4221178,4221178
Libya,LBY,SP.POP.TOTL,6343203,6343203
Liechtenstein,LIE,SP.POP.TOTL,36312,36312
Lithuania,LTU,SP.POP.TOTL,3028115,3028115
Low & middle income,LMY,SP.POP.TOTL,5727986725.5,5727986725.5
Low income,LIC,SP.POP.TOTL,534808724,534808724
Lower middle income,LMC,SP.POP.TOTL,2592374919.5,2592374919.5
Luxembourg,LUX,SP.POP.TOTL,518347,518347
"Macao SAR, China",MAC,SP.POP.TOTL,549600,549600
Madagascar,MDG,SP.POP.TOTL,22822300,22822300
Malawi,MWI,SP.POP.TOTL,15265022,15265022
Malaysia,MYS,SP.POP.TOTL,29162039,29162039
Maldives,MDV,SP.POP.TOTL,373674,373674
Mali,MLI,SP.POP.TOTL,16469049,16469049
Malta,MLT,SP.POP.TOTL,416268,416268
Marshall Islands,MHL,SP.POP.TOTL,51907,51907
Mauritania,MRT,SP.POP.TOTL,3502811,3502811
Mauritius,MUS,SP.POP.TOTL,1252404,1252404
Mexico,MEX,SP.POP.TOTL,115243504,115243504
"Micronesia, Fed. Sts.",FSM,SP.POP.TOTL,107698,107698
Middle East & North Africa,MEA,SP.POP.TOTL,405960097,405960097
Middle East & North Africa (excluding high income),MNA,SP.POP.TOTL,356552266,356552266
Middle East & North Africa (IDA & IBRD countries),TMN,SP.POP.TOTL,352669280,352669280
Middle income,MIC,SP.POP.TOTL,5193178001.5,5193178001.5
Moldova,MDA,SP.POP.TOTL,2860699,2860699
Monaco,MCO,SP.POP.TOTL,33946,33946
Mongolia,MNG,SP.POP.TOTL,2786317,2786317
Montenegro,MNE,SP.POP.TOTL,620079,620079
Morocco,MAR,SP.POP.TOTL,32912588,32912588
Mozambique,MOZ,SP.POP.TOTL,23649039,23649039
Myanmar,MMR,SP.POP.TOTL,49419820,49419820
Namibia,NAM,SP.POP.TOTL,2146325,2146325
Nauru,NRU,SP.POP.TOTL,10098,10098
Nepal,NPL,SP.POP.TOTL,27464494,27464494
Netherlands,NLD,SP.POP.TOTL,16693074,16693074
New Caledonia,NCL,SP.POP.TOTL,266543,266543
New Zealand,NZL,SP.POP.TOTL,4384000,4384000
Nicaragua,NIC,SP.POP.TOTL,5819051,5819051
Niger,NER,SP.POP.TOTL,17176283,17176283
Nigeria,NGA,SP.POP.TOTL,171379598,171379598
North America,NAC,SP.POP.TOTL,345986435,345986435
North Macedonia,MKD,SP.POP.TOTL,1937398,1937398
Northern Mariana Islands,MNP,SP.POP.TOTL,53608,53608
Norway,NOR,SP.POP.TOTL,4953088,4953088
OECD members,OED,SP.POP.TOTL,1298741317,1298741317
Oman,OMN,SP.POP.TOTL,3076763,3076763
Other small states,OSS,SP.POP.TOTL,12420968,12420968
Pacific island small states,PSS,SP.POP.TOTL,2320899,2320899
Pakistan,PAK,SP.POP.TOTL,203746065,203746065
Palau,PLW,SP.POP.TOTL,18078,18078
Panama,PAN,SP.POP.TOTL,3693505,3693505
Papua New Guinea,PNG,SP.POP.TOTL,7859346,7859346
Paraguay,PRY,SP.POP.TOTL,5814626,5814626
Peru,PER,SP.POP.TOTL,29304086,29304086
Philippines,PHL,SP.POP.TOTL,98248614,98248614
Poland,POL,SP.POP.TOTL,38063255,38063255
Portugal,PRT,SP.POP.TOTL,10557560,10557560
Post-demographic dividend,PST,SP.POP.TOTL,1078564678,1078564678
Pre-demographic dividend,PRE,SP.POP.TOTL,774567417,774567417
Puerto Rico,PRI,SP.POP.TOTL,3678732,3678732
Qatar,QAT,SP.POP.TOTL,1624761,1624761
Romania,ROU,SP.POP.TOTL,20147528,20147528
Russian Federation,RUS,SP.POP.TOTL,143018195,143018195
Rwanda,RWA,SP.POP.TOTL,10573733,10573733
Samoa,WSM,SP.POP.TOTL,194713,194713
San Marino,SMR,SP.POP.TOTL,32620,32620
Sao Tome and Principe,STP,SP.POP.TOTL,185649,185649
Saudi Arabia,SAU,SP.POP.TOTL,25091867,25091867
Senegal,SEN,SP.POP.TOTL,12958897,12958897
Serbia,SRB,SP.POP.TOTL,7236519,7236519
Seychelles,SYC,SP.POP.TOTL,87441,87441
Sierra Leone,SLE,SP.POP.TOTL,6387251,6387251
Singapore,SGP,SP.POP.TOTL,5183688,5183688
Sint Maarten (Dutch part),SXM,SP.POP.TOTL,34267,34267
Slovak Republic,SVK,SP.POP.TOTL,5398384,5398384
Slovenia,SVN,SP.POP.TOTL,2052843,2052843
Small states,SST,SP.POP.TOTL,17614955,17614955
Solomon Islands,SLB,SP.POP.TOTL,552945,552945
Somalia,SOM,SP.POP.TOTL,12348830,12348830
South Africa,ZAF,SP.POP.TOTL,52995205,52995205
South Asia,SAS,SP.POP.TOTL,1697466396,1697466396
South Asia (IDA & IBRD),TSA,SP.POP.TOTL,1697466396,1697466396
South Sudan,SSD,SP.POP.TOTL,10288109,10288109
Spain,ESP,SP.POP.TOTL,46742697,46742697
Sri Lanka,LKA,SP.POP.TOTL,21009048,21009048
St. Kitts and Nevis,KNA,SP.POP.TOTL,46886,46886
St. Lucia,LCA,SP.POP.TOTL,171801,171801
St. Martin (French part),MAF,SP.POP.TOTL,37069,37069
St. Vincent and the Grenadines,VCT,SP.POP.TOTL,109349,109349
Sub-Saharan Africa,SSF,SP.POP.TOTL,919528126,919528126
Sub-Saharan Africa (excluding high income),SSA,SP.POP.TOTL,919440685,919440685
Sub-Saharan Africa (IDA & IBRD countries),TSS,SP.POP.TOTL,919528126,919528126
Sudan,SDN,SP.POP.TOTL,36140806,36140806
Suriname,SUR,SP.POP.TOTL,556269,556269
Sweden,SWE,SP.POP.TOTL,9449213,9449213
Switzerland,CHE,SP.POP.TOTL,7912398,7912398
Syrian Arab Republic,SYR,SP.POP.TOTL,22878098,22878098
Tajikistan,TJK,SP.POP.TOTL,7824785,7824785
Tanzania,TZA,SP.POP.TOTL,46029367,46029367
Thailand,THA,SP.POP.TOTL,69007208,69007208
Timor-Leste,TLS,SP.POP.TOTL,1110207,1110207
Togo,TGO,SP.POP.TOTL,6916474,6916474
Tonga,TON,SP.POP.TOTL,107570,107570
Trinidad and Tobago,TTO,SP.POP.TOTL,1328019,1328019
Tunisia,TUN,SP.POP.TOTL,10886035,10886035
Turkiye,TUR,SP.POP.TOTL,74223629,74223629
Turkmenistan,TKM,SP.POP.TOTL,5683417,5683417
Turks and Caicos Islands,TCA,SP.POP.TOTL,30846,30846
Tuvalu,TUV,SP.POP.TOTL,10780,10780
Uganda,UGA,SP.POP.TOTL,33354543,33354543
Ukraine,UKR,SP.POP.TOTL,46307853,46307853
United Arab Emirates,ARE,SP.POP.TOTL,7104538,7104538
United Kingdom,GBR,SP.POP.TOTL,63258810,63258810
United States,USA,SP.POP.TOTL,311583481,311583481
Upper middle income,UMC,SP.POP.TOTL,2600803082,2600803082
Uruguay,URY,SP.POP.TOTL,3326825,3326825
Uzbekistan,UZB,SP.POP.TOTL,28823196,28823196
Vanuatu,VUT,SP.POP.TOTL,243474,243474
"Venezuela, RB",VEN,SP.POP.TOTL,29185212,29185212
Viet Nam,VNM,SP.POP.TOTL,88468314,88468314
Virgin Islands (U.S.),VIR,SP.POP.TOTL,108290,108290
West Bank and Gaza,PSE,SP.POP.TOTL,3882986,3882986
World,WLD,SP.POP.TOTL,7086201663.5,7086201663.5
"Yemen, Rep.",YEM,SP.POP.TOTL,27582897,27582897
Zambia,ZMB,SP.POP.TOTL,14437796,14437796
Zimbabwe,ZWE,SP.POP.TOTL,13595424,13595424
Grand Total,,,75503061722,75503061722
