"```csv"
"dataYear","the1990","unnamed2","unnamed3","unnamed4"
"","","","Indicator",""
"country_name","COUNTRY_CODE","indicator_code","Total Population","grand_total"
"Afghanistan","AFG","SP.POP.TOTL","12045660","12045660"
"Africa, Eastern and Southern","AFE","SP.POP.TOTL","311748681","311748681"
"Africa Western and Central","AFW","SP.POP.TOTL","209566031","209566031"
"Albania","ALB","SP.POP.TOTL","3286542","3286542"
"Algeria","DZA","SP.POP.TOTL","25375810","25375810"
"American Samoa","ASM","SP.POP.TOTL","46640","46640"
"Andorra","AND","SP.POP.TOTL","52597","52597"
"Angola","AGO","SP.POP.TOTL","11626360","11626360"
"AntiguaAndBarbuda","ATG","SP.POP.TOTL","63066","63066"
"Arab World","ARB","SP.POP.TOTL","223184294","223184294"
"Argentina","ARG","SP.POP.TOTL","32755901","32755901"
"Armenia","ARM","SP.POP.TOTL","3552128","3552128"
"Aruba","ABW","SP.POP.TOTL","62753","62753"
"Australia","AUS","SP.POP.TOTL","17065128","17065128"
"Austria","AUT","SP.POP.TOTL","7677850","7677850"
"Azerbaijan","AZE","SP.POP.TOTL","7175200","7175200"
"TheBahamas","BHS","SP.POP.TOTL","275945","275945"
"Bahrain","BHR","SP.POP.TOTL","514797","514797"
"Bangladesh","BGD","SP.POP.TOTL","111633717","111633717"
"Barbados","BRB","SP.POP.TOTL","258582","258582"
"Belarus","BLR","SP.POP.TOTL","10189348","10189348"
"Belgium","BEL","SP.POP.TOTL","9967379","9967379"
"Belize","BLZ","SP.POP.TOTL","183076","183076"
"Benin","BEN","SP.POP.TOTL","5281479","5281479"
"Bermuda","BMU","SP.POP.TOTL","57559","57559"
"Bhutan","BTN","SP.POP.TOTL","589287","589287"
"Bolivia","BOL","SP.POP.TOTL","7130142","7130142"
"Bosnia and Herzegovina","BIH","SP.POP.TOTL","4448652","4448652"
"Botswana","BWA","SP.POP.TOTL","1305696","1305696"
"Brazil","BRA","SP.POP.TOTL","149143223","149143223"
"British Virgin Islands","VGB","SP.POP.TOTL","15704","15704"
"Brunei Darussalam","BRN","SP.POP.TOTL","255292","255292"
"Bulgaria","BGR","SP.POP.TOTL","8718289","8718289"
"Burkina Faso","BFA","SP.POP.TOTL","9159356","9159356"
"Burundi","BDI","SP.POP.TOTL","5587052","5587052"
"Cabo Verde","CPV","SP.POP.TOTL","375428","375428"
"Cambodia","KHM","SP.POP.TOTL","7374752","7374752"
"Cameroon","CMR","SP.POP.TOTL","11331821","11331821"
"Canada","CAN","SP.POP.TOTL","27691138","27691138"
"Caribbean small states","CSS","SP.POP.TOTL","2402741","2402741"
"Cayman Islands","CYM","SP.POP.TOTL","25999","25999"
"Central African Republic","CAF","SP.POP.TOTL","2871910","2871910"
"Central Europe and the Baltics","CEB","SP.POP.TOTL","110743128","110743128"
"Chad","TCD","SP.POP.TOTL","5982833","5982833"
"Channel Islands","CHI","SP.POP.TOTL","143087","143087"
"Chile","CHL","SP.POP.TOTL","13437176","13437176"
"China","CHN","SP.POP.TOTL","1135185000","1135185000"
"Colombia","COL","SP.POP.TOTL","32440069","32440069"
"Comoros","COM","SP.POP.TOTL","444596","444596"
"Congo, Dem. Rep.","COD","SP.POP.TOTL","36684063","36684063"
"CongoRep","COG","SP.POP.TOTL","2380560","2380560"
"Costa Rica","CRI","SP.POP.TOTL","3121706","3121706"
"CotedIvoire","CIV","SP.POP.TOTL","12189778","12189778"
"Croatia","HRV","SP.POP.TOTL","4777368","4777368"
"Cuba","CUB","SP.POP.TOTL","10631799","10631799"
"Curacao","CUW","SP.POP.TOTL","145400","145400"
"Cyprus","CYP","SP.POP.TOTL","788351","788351"
"Czechia","CZE","SP.POP.TOTL","10333355","10333355"
"Denmark","DNK","SP.POP.TOTL","5140939","5140939"
"Djibouti","DJI","SP.POP.TOTL","579538","579538"
"Dominica","DMA","SP.POP.TOTL","69627","69627"
"Dominican Republic","DOM","SP.POP.TOTL","7151166","7151166"
"Early-demographic dividend","EAR","SP.POP.TOTL","2044241467","2044241467"
"East AsiaAndPacific","EAS","SP.POP.TOTL","1817735540","1817735540"
"East Asia & Pacific (excluding high income)","EAP","SP.POP.TOTL","1600739173","1600739173"
"East Asia & Pacific (IDA & IBRD countries)","TEA","SP.POP.TOTL","1579651917","1579651917"
"Ecuador","ECU","SP.POP.TOTL","10473673","10473673"
"EgyptArabRep","EGY","SP.POP.TOTL","58396618","58396618"
"El Salvador","SLV","SP.POP.TOTL","5399726","5399726"
"Equatorial Guinea","GNQ","SP.POP.TOTL","474274","474274"
"Eritrea","ERI","SP.POP.TOTL","2032737","2032737"
"Estonia","EST","SP.POP.TOTL","1569174","1569174"
"Eswatini","SWZ","SP.POP.TOTL","872428","872428"
"Ethiopia","ETH","SP.POP.TOTL","47609755","47609755"
"Euro area","EMU","SP.POP.TOTL","316087007","316087007"
"Europe & Central Asia","ECS","SP.POP.TOTL","845290251","845290251"
"Europe & Central Asia (excluding high income)","ECA","SP.POP.TOTL","208212866","208212866"
"Europe & Central Asia (IDA & IBRD countries)","TEC","SP.POP.TOTL","430990546","430990546"
"European Union","EUU","SP.POP.TOTL","420525030","420525030"
"Faroe Islands","FRO","SP.POP.TOTL","47740","47740"
"Fiji","FJI","SP.POP.TOTL","773316","773316"
"Finland","FIN","SP.POP.TOTL","4986431","4986431"
"Fragile and conflict affected situations","FCS","SP.POP.TOTL","488697502","488697502"
"France","FRA","SP.POP.TOTL","58261012","58261012"
"French Polynesia","PYF","SP.POP.TOTL","203776","203776"
"Gabon","GAB","SP.POP.TOTL","983734","983734"
"TheGambia","GMB","SP.POP.TOTL","1054696","1054696"
"Georgia","GEO","SP.POP.TOTL","4802000","4802000"
"Germany","DEU","SP.POP.TOTL","79433029","79433029"
"Ghana","GHA","SP.POP.TOTL","15394648","15394648"
"Gibraltar","GIB","SP.POP.TOTL","27200","27200"
"Greece","GRC","SP.POP.TOTL","10196792","10196792"
"Greenland","GRL","SP.POP.TOTL","55600","55600"
"Grenada","GRD","SP.POP.TOTL","99957","99957"
"Guam","GUM","SP.POP.TOTL","138610","138610"
"Guatemala","GTM","SP.POP.TOTL","9024773","9024773"
"Guinea","GIN","SP.POP.TOTL","6434374","6434374"
"Guinea-Bissau","GNB","SP.POP.TOTL","973669","973669"
"Guyana","GUY","SP.POP.TOTL","749894","749894"
"Haiti","HTI","SP.POP.TOTL","6854441","6854441"
"Heavily indebted poor countries (HIPC)","HPC","SP.POP.TOTL","361657937","361657937"
"High income","HIC","SP.POP.TOTL","1179067863","1179067863"
"Honduras","HND","SP.POP.TOTL","4980488","4980488"
"Hong Kong SARChina","HKG","SP.POP.TOTL","5704500","5704500"
"Hungary","HUN","SP.POP.TOTL","10373988","10373988"
"IBRD only","IBD","SP.POP.TOTL","3455533853","3455533853"
"Iceland","ISL","SP.POP.TOTL","254826","254826"
"IDA & IBRD total","IBT","SP.POP.TOTL","4330689753","4330689753"
"IDA blend","IDB","SP.POP.TOTL","288176590","288176590"
"IDA only","IDX","SP.POP.TOTL","586979310","586979310"
"IDA total","IDA","SP.POP.TOTL","875155900","875155900"
"India","IND","SP.POP.TOTL","864972221","864972221"
"Indonesia","IDN","SP.POP.TOTL","183501098","183501098"
"IranIslamicRep","IRN","SP.POP.TOTL","58380092","58380092"
"Iraq","IRQ","SP.POP.TOTL","17581206","17581206"
"Ireland","IRL","SP.POP.TOTL","3513974","3513974"
"Isle of Man","IMN","SP.POP.TOTL","68916","68916"
"Israel","ISR","SP.POP.TOTL","4660000","4660000"
"Italy","ITA","SP.POP.TOTL","56719240","56719240"
"Jamaica","JAM","SP.POP.TOTL","2379877","2379877"
"Japan","JPN","SP.POP.TOTL","123478000","123478000"
"Jordan","JOR","SP.POP.TOTL","3621908","3621908"
"Kazakhstan","KAZ","SP.POP.TOTL","17154054","17154054"
"Kenya","KEN","SP.POP.TOTL","22892651","22892651"
"Kiribati","KIR","SP.POP.TOTL","74855","74855"
"KoreaDemPeoplesRep","PRK","SP.POP.TOTL","21112137","21112137"
"KoreaRep","KOR","SP.POP.TOTL","42869283","42869283"
"Kosovo","XKX","SP.POP.TOTL","1973790","1973790"
"Kuwait","KWT","SP.POP.TOTL","1684819","1684819"
"Kyrgyz Republic","KGZ","SP.POP.TOTL","4391236","4391236"
"LaoPDR","LAO","SP.POP.TOTL","4311955","4311955"
"Late-demographic dividend","LTE","SP.POP.TOTL","1844718134","1844718134"
"Latin America & Caribbean","LCN","SP.POP.TOTL","440958144","440958144"
"Latin America & Caribbean (excluding high income)","LAC","SP.POP.TOTL","395535053","395535053"
"Latin America & the Caribbean (IDA & IBRD countries)","TLA","SP.POP.TOTL","426091608","426091608"
"Latvia","LVA","SP.POP.TOTL","2663151","2663151"
"Least developed countriesUNclassification","LDC","SP.POP.TOTL","519693837","519693837"
"Lebanon","LBN","SP.POP.TOTL","3595175","3595175"
"Lesotho","LSO","SP.POP.TOTL","1809696","1809696"
"Liberia","LBR","SP.POP.TOTL","2223667","2223667"
"Libya","LBY","SP.POP.TOTL","4445239","4445239"
"Liechtenstein","LIE","SP.POP.TOTL","28742","28742"
"Lithuania","LTU","SP.POP.TOTL","3697838","3697838"
"Low & middle income","LMY","SP.POP.TOTL","4100351515","4100351515"
"Low income","LIC","SP.POP.TOTL","292948240","292948240"
"Lower middle income","LMC","SP.POP.TOTL","1710810036","1710810036"
"Luxembourg","LUX","SP.POP.TOTL","381850","381850"
"MacaoSARChina","MAC","SP.POP.TOTL","334950","334950"
"Madagascar","MDG","SP.POP.TOTL","12055639","12055639"
"Malawi","MWI","SP.POP.TOTL","9545852","9545852"
"Malaysia","MYS","SP.POP.TOTL","17833171","17833171"
"Maldives","MDV","SP.POP.TOTL","224762","224762"
"Mali","MLI","SP.POP.TOTL","9178830","9178830"
"Malta","MLT","SP.POP.TOTL","354170","354170"
"Marshall Islands","MHL","SP.POP.TOTL","44629","44629"
"Mauritania","MRT","SP.POP.TOTL","1951878","1951878"
"Mauritius","MUS","SP.POP.TOTL","1058775","1058775"
"Mexico","MEX","SP.POP.TOTL","82820170","82820170"
"MicronesiaFedSts","FSM","SP.POP.TOTL","100888","100888"
"Middle East & North Africa","MEA","SP.POP.TOTL","255077790","255077790"
"Middle East & North Africa (excluding high income)","MNA","SP.POP.TOTL","233120964","233120964"
"Middle East & North Africa (IDA & IBRD countries)","TMN","SP.POP.TOTL","231142716","231142716"
"Middle income","MIC","SP.POP.TOTL","3807403275","3807403275"
"Moldova","MDA","SP.POP.TOTL","2977912","2977912"
"Monaco","MCO","SP.POP.TOTL","30358","30358"
"Mongolia","MNG","SP.POP.TOTL","2098710","2098710"
"Montenegro","MNE","SP.POP.TOTL","606372","606372"
"Morocco","MAR","SP.POP.TOTL","24375551","24375551"
"Mozambique","MOZ","SP.POP.TOTL","13094537","13094537"
"Myanmar","MMR","SP.POP.TOTL","39817251","39817251"
"Namibia","NAM","SP.POP.TOTL","1369303","1369303"
"Nauru","NRU","SP.POP.TOTL","9622","9622"
"Nepal","NPL","SP.POP.TOTL","19524573","19524573"
"Netherlands","NLD","SP.POP.TOTL","14951510","14951510"
"New Caledonia","NCL","SP.POP.TOTL","176456","176456"
"New Zealand","NZL","SP.POP.TOTL","3329800","3329800"
"Nicaragua","NIC","SP.POP.TOTL","4162559","4162559"
"Niger","NER","SP.POP.TOTL","8286059","8286059"
"Nigeria","NGA","SP.POP.TOTL","97120925","97120925"
"North America","NAC","SP.POP.TOTL","277371697","277371697"
"North Macedonia","MKD","SP.POP.TOTL","2063689","2063689"
"Northern Mariana Islands","MNP","SP.POP.TOTL","43342","43342"
"Norway","NOR","SP.POP.TOTL","4241473","4241473"
"OECD members","OED","SP.POP.TOTL","1107695519","1107695519"
"Oman","OMN","SP.POP.TOTL","1763954","1763954"
"Other small states","OSS","SP.POP.TOTL","9464103","9464103"
"Pacific island small states","PSS","SP.POP.TOTL","1775607","1775607"
"Pakistan","PAK","SP.POP.TOTL","116155576","116155576"
"Palau","PLW","SP.POP.TOTL","15259","15259"
"Panama","PAN","SP.POP.TOTL","2455583","2455583"
"Papua New Guinea","PNG","SP.POP.TOTL","3896481","3896481"
"Paraguay","PRY","SP.POP.TOTL","4035747","4035747"
"Peru","PER","SP.POP.TOTL","22014771","22014771"
"Philippines","PHL","SP.POP.TOTL","62854666","62854666"
"Poland","POL","SP.POP.TOTL","38110782","38110782"
"Portugal","PRT","SP.POP.TOTL","9983218","9983218"
"Post-demographic dividend","PST","SP.POP.TOTL","964371624","964371624"
"Pre-demographic dividend","PRE","SP.POP.TOTL","422471117","422471117"
"Puerto Rico","PRI","SP.POP.TOTL","3537000","3537000"
"Qatar","QAT","SP.POP.TOTL","440175","440175"
"Romania","ROU","SP.POP.TOTL","23201835","23201835"
"Russian Federation","RUS","SP.POP.TOTL","147969406","147969406"
"Rwanda","RWA","SP.POP.TOTL","7375307","7375307"
"Samoa","WSM","SP.POP.TOTL","169042","169042"
"San Marino","SMR","SP.POP.TOTL","23475","23475"
"Sao Tome and Principe","STP","SP.POP.TOTL","122980","122980"
"Saudi Arabia","SAU","SP.POP.TOTL","10640691","10640691"
"Senegal","SEN","SP.POP.TOTL","7720523","7720523"
"Serbia","SRB","SP.POP.TOTL","7897937","7897937"
"Seychelles","SYC","SP.POP.TOTL","69507","69507"
"Sierra Leone","SLE","SP.POP.TOTL","4196828","4196828"
"Singapore","SGP","SP.POP.TOTL","3047132","3047132"
"Sint Maarten (Dutch part)","SXM","SP.POP.TOTL","28061","28061"
"Slovak Republic","SVK","SP.POP.TOTL","5299187","5299187"
"Slovenia","SVN","SP.POP.TOTL","1998161","1998161"
"Small states","SST","SP.POP.TOTL","13642451","13642451"
"Solomon Islands","SLB","SP.POP.TOTL","331435","331435"
"Somalia","SOM","SP.POP.TOTL","7082811","7082811"
"South Africa","ZAF","SP.POP.TOTL","40746268","40746268"
"South Asia","SAS","SP.POP.TOTL","1141498254","1141498254"
"South Asia (IDA & IBRD)","TSA","SP.POP.TOTL","1141498254","1141498254"
"South Sudan","SSD","SP.POP.TOTL","4737633","4737633"
"Spain","ESP","SP.POP.TOTL","38867322","38867322"
"Sri Lanka","LKA","SP.POP.TOTL","16352458","16352458"
"StKittsandNevis","KNA","SP.POP.TOTL","40432","40432"
"StLucia","LCA","SP.POP.TOTL","137857","137857"
"StMartinFrenchpart","MAF","SP.POP.TOTL","28224","28224"
"StVincentandtheGrenadines","VCT","SP.POP.TOTL","111812","111812"
"Sub-Saharan Africa","SSF","SP.POP.TOTL","521314712","521314712"
"Sub-Saharan Africa (excluding high income)","SSA","SP.POP.TOTL","521245205","521245205"
"Sub-Saharan Africa (IDA & IBRD countries)","TSS","SP.POP.TOTL","521314712","521314712"
"Sudan","SDN","SP.POP.TOTL","22021481","22021481"
"Suriname","SUR","SP.POP.TOTL","412493","412493"
"Sweden","SWE","SP.POP.TOTL","8558835","8558835"
"Switzerland","CHE","SP.POP.TOTL","6715519","6715519"
"Syrian Arab Republic","SYR","SP.POP.TOTL","12579208","12579208"
"Tajikistan","TJK","SP.POP.TOTL","5398768","5398768"
"Tanzania","TZA","SP.POP.TOTL","26110207","26110207"
"Thailand","THA","SP.POP.TOTL","54738329","54738329"
"Timor-Leste","TLS","SP.POP.TOTL","760345","760345"
"Togo","TGO","SP.POP.TOTL","3998761","3998761"
"Tonga","TON","SP.POP.TOTL","99700","99700"
"Trinidad and Tobago","TTO","SP.POP.TOTL","1252208","1252208"
"Tunisia","TUN","SP.POP.TOTL","8324509","8324509"
"Turkiye","TUR","SP.POP.TOTL","56015628","56015628"
"Turkmenistan","TKM","SP.POP.TOTL","3760562","3760562"
"Turks and Caicos Islands","TCA","SP.POP.TOTL","11688","11688"
"Tuvalu","TUV","SP.POP.TOTL","8798","8798"
"Uganda","UGA","SP.POP.TOTL","17569897","17569897"
"Ukraine","UKR","SP.POP.TOTL","52054092","52054092"
"United Arab Emirates","ARE","SP.POP.TOTL","1898220","1898220"
"United Kingdom","GBR","SP.POP.TOTL","57247586","57247586"
"United States","USA","SP.POP.TOTL","249623000","249623000"
"Upper middle income","UMC","SP.POP.TOTL","2096593239","2096593239"
"Uruguay","URY","SP.POP.TOTL","3104403","3104403"
"Uzbekistan","UZB","SP.POP.TOTL","20464956","20464956"
"Vanuatu","VUT","SP.POP.TOTL","148063","148063"
"VenezuelaRB","VEN","SP.POP.TOTL","19827010","19827010"
"Viet Nam","VNM","SP.POP.TOTL","65504552","65504552"
"Virgin IslandsUS","VIR","SP.POP.TOTL","103963","103963"
"West Bank and Gaza","PSE","SP.POP.TOTL","1978248","1978248"
"World","WLD","SP.POP.TOTL","5299246388","5299246388"
"YemenRep","YEM","SP.POP.TOTL","13887862","13887862"
"Zambia","ZMB","SP.POP.TOTL","7786169","7786169"
"Zimbabwe","ZWE","SP.POP.TOTL","10137281","10137281"
"Grand Total","","","55263399385","55263399385"
"```"
