"```csv"
"item","totalSales","min_expected_range","max_expected_range","finalSales","status"
"Product-A","4.9K","4.0K","8.0K","4795","Within Range"
"Product-B","4.3K","3.8K","8.2K","7846","Within Range"
"Product-C","7.2K","5.8K","11.6K","1037","Below Range"
"Product-D","2.3K","1.0K","4.1K","4518","Above Range"
"Product-E","4.0K","2.1K","6.3K","6275","Within Range"
"Product-F","6.1K","4.4K","11.0K","7855","Within Range"
"Product-G","6.2K","4.2K","10.3K","3949","Below Range"
"Product-H","1.6K","1.1K","3.0K","8322","Above Range"
"```"
