Year,2014,Unnamed: 2,Unnamed: 3,Unnamed: 4
,,,,
Sum of Population,,,Indicator Name,
Country Name,Country Code,Indicator Code,"Population, total",Grand Total
Afghanistan,AFG,SP.POP.TOTL,32792523,32792523
Africa Eastern and Southern,AFE,SP.POP.TOTL,590968990,590968990
Africa Western and Central,AFW,SP.POP.TOTL,406992047,406992047
Albania,ALB,SP.POP.TOTL,2889104,2889104
Algeria,DZA,SP.POP.TOTL,39205031,39205031
American Samoa,ASM,SP.POP.TOTL,53466,53466
Andorra,AND,SP.POP.TOTL,73737,73737
Angola,AGO,SP.POP.TOTL,27160769,27160769
Antigua and Barbuda,ATG,SP.POP.TOTL,88765,88765
Arab World,ARB,SP.POP.TOTL,400231008,400231008
Argentina,ARG,SP.POP.TOTL,43024071,43024071
Armenia,ARM,SP.POP.TOTL,3013800,3013800
Aruba,ABW,SP.POP.TOTL,106807,106807
Australia,AUS,SP.POP.TOTL,23475686,23475686
Austria,AUT,SP.POP.TOTL,8546356,8546356
Azerbaijan,AZE,SP.POP.TOTL,9535079,9535079
"Bahamas, The",BHS,SP.POP.TOTL,382298,382298
Bahrain,BHR,SP.POP.TOTL,1314562,1314562
Bangladesh,BGD,SP.POP.TOTL,157964929,157964929
Barbados,BRB,SP.POP.TOTL,278348,278348
Belarus,BLR,SP.POP.TOTL,9448515,9448515
Belgium,BEL,SP.POP.TOTL,11209057,11209057
Belize,BLZ,SP.POP.TOTL,348923,348923
Benin,BEN,SP.POP.TOTL,11030004,11030004
Bermuda,BMU,SP.POP.TOTL,63529,63529
Bhutan,BTN,SP.POP.TOTL,733139,733139
Bolivia,BOL,SP.POP.TOTL,10848888,10848888
Bosnia and Herzegovina,BIH,SP.POP.TOTL,3564829,3564829
Botswana,BWA,SP.POP.TOTL,2172044,2172044
Brazil,BRA,SP.POP.TOTL,200085127,200085127
British Virgin Islands,VGB,SP.POP.TOTL,32962,32962
Brunei Darussalam,BRN,SP.POP.TOTL,416750,416750
Bulgaria,BGR,SP.POP.TOTL,7223938,7223938
Burkina Faso,BFA,SP.POP.TOTL,18229461,18229461
Burundi,BDI,SP.POP.TOTL,10799785,10799785
Cabo Verde,CPV,SP.POP.TOTL,512326,512326
Cambodia,KHM,SP.POP.TOTL,15396772,15396772
Cameroon,CMR,SP.POP.TOTL,22059893,22059893
Canada,CAN,SP.POP.TOTL,35434066,35434066
Caribbean small states,CSS,SP.POP.TOTL,2941203,2941203
Cayman Islands,CYM,SP.POP.TOTL,60160,60160
Central African Republic,CAF,SP.POP.TOTL,4623182,4623182
Central Europe and the Baltics,CEB,SP.POP.TOTL,103459388,103459388
Chad,TCD,SP.POP.TOTL,14188678,14188678
Channel Islands,CHI,SP.POP.TOTL,162726,162726
Chile,CHL,SP.POP.TOTL,17864195,17864195
China,CHN,SP.POP.TOTL,1371860000,1371860000
Colombia,COL,SP.POP.TOTL,46565429,46565429
Comoros,COM,SP.POP.TOTL,711503,711503
"Congo, Dem. Rep.",COD,SP.POP.TOTL,78403242,78403242
"Congo, Rep.",COG,SP.POP.TOTL,4975880,4975880
Costa Rica,CRI,SP.POP.TOTL,4767119,4767119
Cote d'Ivoire,CIV,SP.POP.TOTL,24527395,24527395
Croatia,HRV,SP.POP.TOTL,4201598,4201598
Cuba,CUB,SP.POP.TOTL,11285775,11285775
Curacao,CUW,SP.POP.TOTL,155909,155909
Cyprus,CYP,SP.POP.TOTL,1201801,1201801
Czechia,CZE,SP.POP.TOTL,10525347,10525347
Denmark,DNK,SP.POP.TOTL,5643475,5643475
Djibouti,DJI,SP.POP.TOTL,1002717,1002717
Dominica,DMA,SP.POP.TOTL,70373,70373
Dominican Republic,DOM,SP.POP.TOTL,10315528,10315528
Early-demographic dividend,EAR,SP.POP.TOTL,3146800078,3146800078
East Asia & Pacific,EAS,SP.POP.TOTL,2284385542,2284385542
East Asia & Pacific (excluding high income),EAP,SP.POP.TOTL,2040383789,2040383789
East Asia & Pacific (IDA & IBRD countries),TEA,SP.POP.TOTL,2014960984,2014960984
Ecuador,ECU,SP.POP.TOTL,16035124,16035124
"Egypt, Arab Rep.",EGY,SP.POP.TOTL,97528654,97528654
El Salvador,SLV,SP.POP.TOTL,6162955,6162955
Equatorial Guinea,GNQ,SP.POP.TOTL,1399828,1399828
Eritrea,ERI,SP.POP.TOTL,3095173,3095173
Estonia,EST,SP.POP.TOTL,1314545,1314545
Eswatini,SWZ,SP.POP.TOTL,1136299,1136299
Ethiopia,ETH,SP.POP.TOTL,101115610,101115610
Euro area,EMU,SP.POP.TOTL,342713336,342713336
Europe & Central Asia,ECS,SP.POP.TOTL,904324263.5,904324263.5
Europe & Central Asia (excluding high income),ECA,SP.POP.TOTL,238112723.5,238112723.5
Europe & Central Asia (IDA & IBRD countries),TEC,SP.POP.TOTL,451696196.5,451696196.5
European Union,EUU,SP.POP.TOTL,443589388,443589388
Faroe Islands,FRO,SP.POP.TOTL,48428,48428
Fiji,FJI,SP.POP.TOTL,917585,917585
Finland,FIN,SP.POP.TOTL,5461512,5461512
Fragile and conflict affected situations,FCS,SP.POP.TOTL,873158163,873158163
France,FRA,SP.POP.TOTL,66312067,66312067
French Polynesia,PYF,SP.POP.TOTL,276387,276387
Gabon,GAB,SP.POP.TOTL,1978399,1978399
"Gambia, The",GMB,SP.POP.TOTL,2164528,2164528
Georgia,GEO,SP.POP.TOTL,3719414,3719414
Germany,DEU,SP.POP.TOTL,80982500,80982500
Ghana,GHA,SP.POP.TOTL,28041592,28041592
Gibraltar,GIB,SP.POP.TOTL,32813,32813
Greece,GRC,SP.POP.TOTL,10892413,10892413
Greenland,GRL,SP.POP.TOTL,56295,56295
Grenada,GRD,SP.POP.TOTL,114132,114132
Guam,GUM,SP.POP.TOTL,165486,165486
Guatemala,GTM,SP.POP.TOTL,15681725,15681725
Guinea,GIN,SP.POP.TOTL,11472924,11472924
Guinea-Bissau,GNB,SP.POP.TOTL,1741122,1741122
Guyana,GUY,SP.POP.TOTL,754229,754229
Haiti,HTI,SP.POP.TOTL,10373235,10373235
Heavily indebted poor countries (HIPC),HPC,SP.POP.TOTL,714769441,714769441
High income,HIC,SP.POP.TOTL,1352458637,1352458637
Honduras,HND,SP.POP.TOTL,9063122,9063122
"Hong Kong SAR, China",HKG,SP.POP.TOTL,7229500,7229500
Hungary,HUN,SP.POP.TOTL,9866468,9866468
IBRD only,IBD,SP.POP.TOTL,4630871647,4630871647
Iceland,ISL,SP.POP.TOTL,327386,327386
IDA & IBRD total,IBT,SP.POP.TOTL,6201871546.5,6201871546.5
IDA blend,IDB,SP.POP.TOTL,531341156,531341156
IDA only,IDX,SP.POP.TOTL,1039658743.5,1039658743.5
IDA total,IDA,SP.POP.TOTL,1570999899.5,1570999899.5
India,IND,SP.POP.TOTL,1312277191,1312277191
Indonesia,IDN,SP.POP.TOTL,258877399,258877399
"Iran, Islamic Rep.",IRN,SP.POP.TOTL,81502045,81502045
Iraq,IRQ,SP.POP.TOTL,36550059,36550059
Ireland,IRL,SP.POP.TOTL,4657740,4657740
Isle of Man,IMN,SP.POP.TOTL,83892,83892
Israel,ISR,SP.POP.TOTL,8215700,8215700
Italy,ITA,SP.POP.TOTL,60789140,60789140
Jamaica,JAM,SP.POP.TOTL,2793749,2793749
Japan,JPN,SP.POP.TOTL,127276000,127276000
Jordan,JOR,SP.POP.TOTL,8791710,8791710
Kazakhstan,KAZ,SP.POP.TOTL,17816285,17816285
Kenya,KEN,SP.POP.TOTL,46051440,46051440
Kiribati,KIR,SP.POP.TOTL,115326,115326
"Korea, Dem. People's Rep.",PRK,SP.POP.TOTL,25451262,25451262
"Korea, Rep.",KOR,SP.POP.TOTL,50746659,50746659
Kosovo,XKX,SP.POP.TOTL,1812788,1812788
Kuwait,KWT,SP.POP.TOTL,3665876,3665876
Kyrgyz Republic,KGZ,SP.POP.TOTL,5905847.5,5905847.5
Lao PDR,LAO,SP.POP.TOTL,6703172,6703172
Late-demographic dividend,LTE,SP.POP.TOTL,2241185411.5,2241185411.5
Latin America & Caribbean,LCN,SP.POP.TOTL,612799258,612799258
Latin America & Caribbean (excluding high income),LAC,SP.POP.TOTL,550428711,550428711
Latin America & the Caribbean (IDA & IBRD countries),TLA,SP.POP.TOTL,597023419,597023419
Latvia,LVA,SP.POP.TOTL,1993782,1993782
Least developed countries: UN classification,LDC,SP.POP.TOTL,940284138,940284138
Lebanon,LBN,SP.POP.TOTL,6346990,6346990
Lesotho,LSO,SP.POP.TOTL,2080089,2080089
Liberia,LBR,SP.POP.TOTL,4564293,4564293
Libya,LBY,SP.POP.TOTL,6427252,6427252
Liechtenstein,LIE,SP.POP.TOTL,37248,37248
Lithuania,LTU,SP.POP.TOTL,2932367,2932367
Low & middle income,LMY,SP.POP.TOTL,5971198209.5,5971198209.5
Low income,LIC,SP.POP.TOTL,577586377,577586377
Lower middle income,LMC,SP.POP.TOTL,2721462078.5,2721462078.5
Luxembourg,LUX,SP.POP.TOTL,556319,556319
"Macao SAR, China",MAC,SP.POP.TOTL,621700,621700
Madagascar,MDG,SP.POP.TOTL,24764348,24764348
Malawi,MWI,SP.POP.TOTL,16621538,16621538
Malaysia,MYS,SP.POP.TOTL,30696137,30696137
Maldives,MDV,SP.POP.TOTL,413617,413617
Mali,MLI,SP.POP.TOTL,18020267,18020267
Malta,MLT,SP.POP.TOTL,434558,434558
Marshall Islands,MHL,SP.POP.TOTL,49796,49796
Mauritania,MRT,SP.POP.TOTL,3848514,3848514
Mauritius,MUS,SP.POP.TOTL,1261208,1261208
Mexico,MEX,SP.POP.TOTL,119784261,119784261
"Micronesia, Fed. Sts.",FSM,SP.POP.TOTL,108396,108396
Middle East & North Africa,MEA,SP.POP.TOTL,433660485,433660485
Middle East & North Africa (excluding high income),MNA,SP.POP.TOTL,377506892,377506892
Middle East & North Africa (IDA & IBRD countries),TMN,SP.POP.TOTL,373333494,373333494
Middle income,MIC,SP.POP.TOTL,5393611832.5,5393611832.5
Moldova,MDA,SP.POP.TOTL,2857815,2857815
Monaco,MCO,SP.POP.TOTL,36128,36128
Mongolia,MNG,SP.POP.TOTL,2963113,2963113
Montenegro,MNE,SP.POP.TOTL,621810,621810
Morocco,MAR,SP.POP.TOTL,34204780,34204780
Mozambique,MOZ,SP.POP.TOTL,25788475,25788475
Myanmar,MMR,SP.POP.TOTL,50681634,50681634
Namibia,NAM,SP.POP.TOTL,2312139,2312139
Nauru,NRU,SP.POP.TOTL,10742,10742
Nepal,NPL,SP.POP.TOTL,27672370,27672370
Netherlands,NLD,SP.POP.TOTL,16865008,16865008
New Caledonia,NCL,SP.POP.TOTL,281224,281224
New Zealand,NZL,SP.POP.TOTL,4516500,4516500
Nicaragua,NIC,SP.POP.TOTL,6066492,6066492
Niger,NER,SP.POP.TOTL,19215909,19215909
Nigeria,NGA,SP.POP.TOTL,185896915,185896915
North America,NAC,SP.POP.TOTL,353883924,353883924
North Macedonia,MKD,SP.POP.TOTL,1917557,1917557
Northern Mariana Islands,MNP,SP.POP.TOTL,52178,52178
Norway,NOR,SP.POP.TOTL,5137232,5137232
OECD members,OED,SP.POP.TOTL,1323087907,1323087907
Oman,OMN,SP.POP.TOTL,4002439,4002439
Other small states,OSS,SP.POP.TOTL,12904905,12904905
Pacific island small states,PSS,SP.POP.TOTL,2414338,2414338
Pakistan,PAK,SP.POP.TOTL,214264647,214264647
Palau,PLW,SP.POP.TOTL,17715,17715
Panama,PAN,SP.POP.TOTL,3892101,3892101
Papua New Guinea,PNG,SP.POP.TOTL,8523441,8523441
Paraguay,PRY,SP.POP.TOTL,6069811,6069811
Peru,PER,SP.POP.TOTL,30115826,30115826
Philippines,PHL,SP.POP.TOTL,103767130,103767130
Poland,POL,SP.POP.TOTL,38011735,38011735
Portugal,PRT,SP.POP.TOTL,10401062,10401062
Post-demographic dividend,PST,SP.POP.TOTL,1092805112,1092805112
Pre-demographic dividend,PRE,SP.POP.TOTL,846420736,846420736
Puerto Rico,PRI,SP.POP.TOTL,3534874,3534874
Qatar,QAT,SP.POP.TOTL,2151745,2151745
Romania,ROU,SP.POP.TOTL,19908979,19908979
Russian Federation,RUS,SP.POP.TOTL,144237223,144237223
Rwanda,RWA,SP.POP.TOTL,11364757,11364757
Samoa,WSM,SP.POP.TOTL,200037,200037
San Marino,SMR,SP.POP.TOTL,32655,32655
Sao Tome and Principe,STP,SP.POP.TOTL,196767,196767
Saudi Arabia,SAU,SP.POP.TOTL,28309273,28309273
Senegal,SEN,SP.POP.TOTL,14152102,14152102
Serbia,SRB,SP.POP.TOTL,7131787,7131787
Seychelles,SYC,SP.POP.TOTL,91359,91359
Sierra Leone,SLE,SP.POP.TOTL,6876385,6876385
Singapore,SGP,SP.POP.TOTL,5469724,5469724
Sint Maarten (Dutch part),SXM,SP.POP.TOTL,36672,36672
Slovak Republic,SVK,SP.POP.TOTL,5418649,5418649
Slovenia,SVN,SP.POP.TOTL,2061980,2061980
Small states,SST,SP.POP.TOTL,18260446,18260446
Solomon Islands,SLB,SP.POP.TOTL,616908,616908
Somalia,SOM,SP.POP.TOTL,13339491,13339491
South Africa,ZAF,SP.POP.TOTL,55594838,55594838
South Asia,SAS,SP.POP.TOTL,1766896416,1766896416
South Asia (IDA & IBRD),TSA,SP.POP.TOTL,1766896416,1766896416
South Sudan,SSD,SP.POP.TOTL,11235073,11235073
Spain,ESP,SP.POP.TOTL,46480882,46480882
Sri Lanka,LKA,SP.POP.TOTL,20778000,20778000
St. Kitts and Nevis,KNA,SP.POP.TOTL,47089,47089
St. Lucia,LCA,SP.POP.TOTL,174138,174138
St. Martin (French part),MAF,SP.POP.TOTL,37450,37450
St. Vincent and the Grenadines,VCT,SP.POP.TOTL,107535,107535
Sub-Saharan Africa,SSF,SP.POP.TOTL,997961037,997961037
Sub-Saharan Africa (excluding high income),SSA,SP.POP.TOTL,997869678,997869678
Sub-Saharan Africa (IDA & IBRD countries),TSS,SP.POP.TOTL,997961037,997961037
Sudan,SDN,SP.POP.TOTL,38823318,38823318
Suriname,SUR,SP.POP.TOTL,575373,575373
Sweden,SWE,SP.POP.TOTL,9696110,9696110
Switzerland,CHE,SP.POP.TOTL,8188649,8188649
Syrian Arab Republic,SYR,SP.POP.TOTL,20273659,20273659
Tajikistan,TJK,SP.POP.TOTL,8425552,8425552
Tanzania,TZA,SP.POP.TOTL,50351512,50351512
Thailand,THA,SP.POP.TOTL,70216367,70216367
Timor-Leste,TLS,SP.POP.TOTL,1181903,1181903
Togo,TGO,SP.POP.TOTL,7472450,7472450
Tonga,TON,SP.POP.TOTL,106609,106609
Trinidad and Tobago,TTO,SP.POP.TOTL,1345343,1345343
Tunisia,TUN,SP.POP.TOTL,11274288,11274288
Turkiye,TUR,SP.POP.TOTL,77181884,77181884
Turkmenistan,TKM,SP.POP.TOTL,6075283,6075283
Turks and Caicos Islands,TCA,SP.POP.TOTL,35050,35050
Tuvalu,TUV,SP.POP.TOTL,10984,10984
Uganda,UGA,SP.POP.TOTL,36395539,36395539
Ukraine,UKR,SP.POP.TOTL,45972380,45972380
United Arab Emirates,ARE,SP.POP.TOTL,8059440,8059440
United Kingdom,GBR,SP.POP.TOTL,64602298,64602298
United States,USA,SP.POP.TOTL,318386329,318386329
Upper middle income,UMC,SP.POP.TOTL,2672149754,2672149754
Uruguay,URY,SP.POP.TOTL,3356334,3356334
Uzbekistan,UZB,SP.POP.TOTL,30222994,30222994
Vanuatu,VUT,SP.POP.TOTL,260240,260240
"Venezuela, RB",VEN,SP.POP.TOTL,30254079,30254079
Viet Nam,VNM,SP.POP.TOTL,91679578,91679578
Virgin Islands (U.S.),VIR,SP.POP.TOTL,107882,107882
West Bank and Gaza,PSE,SP.POP.TOTL,4173398,4173398
World,WLD,SP.POP.TOTL,7353910925.5,7353910925.5
"Yemen, Rep.",YEM,SP.POP.TOTL,30226309,30226309
Zambia,ZMB,SP.POP.TOTL,15895315,15895315
Zimbabwe,ZWE,SP.POP.TOTL,14207359,14207359
Grand Total,,,78610709997,78610709997
