"```csv"
"response_id","survey_status","bureau","managingDirector","mgr","Lead","employees","SurveyQ","Answer","responseDesc"
"1","COMPLETED","Human Res.","0","1","0","0","question: I know what is expected of me at work","4","Strongly Agree"
"2","COMPLETED","Comm. Office","0","0","0","0","question: I know what is expected of me at work","4.0","Strongly Agree"
"3","COMPLETED","ParksRec","0","1","0","0","question: I know what is expected of me at work","0","Not Applicable"
"4","COMPLETED","HumanResources","0","1","0","0","question: I know what is expected of me at work","THREE","Agree"
"5","COMPLETED","Communications","0","0","0","0","question: I know what is expected of me at work","0.0","Not Applicable"
"6","COMPLETED","Prosecuting Attorney's Office","0","0","0","0","question: I know what is expected of me at work","4","Strongly Agree"
"7","COMPLETED","Prosecuting Attorney's Office","0","0","0","0","question: I know what is expected of me at work","4","Strongly Agree"
"8","COMPLETED","Fin/Perform Mgmt","0","0","0","1","question: I know what is expected of me at work","FOUR","Strongly Agree"
"9","COMPLETED","Fin/Perform Mgmt","0","0","0","0","question: I know what is expected of me at work","2.0","Disagree"
"10","COMPLETED","Planning and Public Works","0","0","0","0","question: I know what is expected of me at work","4","Strongly Agree"
"11","COMPLETED","Planning and Public Works","0","0","0","0","question: I know what is expected of me at work","4.0","Strongly Agree"
"12","COMPLETED","PPW","0","0","0","0","question: I know what is expected of me at work","3.0","Agree"
"12","COMPLETED","Planning and Public Works","0","0","0","0","question: I know what is expected of me at work","3.0","Agree"
"13","COMPLETED","Hum Services","0","0","0","0","question: I know what is expected of me at work","4","Strongly Agree"
"14","COMPLETED","HumanServices","0","0","0","1","question: I know what is expected of me at work","4.0","Strongly Agree"
"15","COMPLETED","Sheriff","0","0","0","0","question: I know what is expected of me at work","3.0","Agree"
"16","COMPLETED","Sheriff Department","0","0","0","0","question: I know what is expected of me at work","4","Strongly Agree"
"17","COMPLETED","Finance and Performance Management","0","1","0","0","question: I know what is expected of me at work","FOUR","Strongly Agree"
"18","COMPLETED","Planning and Public Works","0","0","0","0","question: I know what is expected of me at work","4.0","Strongly Agree"
"19","COMPLETED","Sheriff","0","0","0","0","question: I know what is expected of me at work","4.0","Strongly Agree"
"20","COMPLETED","Assessor-Treasurer's Office","0","0","0","0","question: I know what is expected of me at work","4.0","Strongly Agree"
"21","COMPLETED","Prosecuting Attorney's Office","0","0","0","0","question: I know what is expected of me at work","Four","Strongly Agree"
"22","COMPLETED","Hum Services","0","0","0","0","question: I know what is expected of me at work","3","Agree"
"23","COMPLETED","District Court","0","0","0","0","question: I know what is expected of me at work","2.0","Disagree"
"24","COMPLETED","Prosecuting Attorney's Office","0","0","0","0","question: I know what is expected of me at work","3","Agree"
"25","COMPLETED","Fin/Perform Mgmt","0","0","0","0","question: I know what is expected of me at work","3.0","Agree"
"26","COMPLETED","SheriffDepartment","0","0","0","1","question: I know what is expected of me at work","3.0","Agree"
"27","COMPLETED","Planning and Public Works","0","0","0","0","question: I know what is expected of me at work","Four","Strongly Agree"
"28","COMPLETED","Superior Court","0","0","0","0","question: I know what is expected of me at work","3.0","Agree"
"29","COMPLETED","Planning Public Works","0","0","1","0","question: I know what is expected of me at work","THREE","Agree"
"30","COMPLETED","Planning and Public Works","0","0","0","0","question: I know what is expected of me at work","4.0","Strongly Agree"
"31","COMPLETED","Planning and Public Works","0","1","0","0","question: I know what is expected of me at work","3.0","Agree"
"32","COMPLETED","Human Services","0","0","0","0","question: I know what is expected of me at work","4","Strongly Agree"
"33","COMPLETED","District Court","0","0","0","0","question: I know what is expected of me at work","1.0","Strongly Disagree"
"34","COMPLETED","Human Services","0","0","0","0","question: I know what is expected of me at work","Four","Strongly Agree"
"35","COMPLETED","Sheriff's Department","0","0","0","0","question: I know what is expected of me at work","4","Strongly Agree"
"36","COMPLETED","Finance and Performance Management","0","0","0","0","question: I know what is expected of me at work","4","Strongly Agree"
"37","COMPLETED","P and PW","0","0","1","0","question: I know what is expected of me at work","4.0","Strongly Agree"
"38","COMPLETED","Med Examiner","0","0","0","0","question: I know what is expected of me at work","4.0","Strongly Agree"
"39","COMPLETED","Planning and Public Works","0","0","1","0","question: I know what is expected of me at work","4","Strongly Agree"
"40","COMPLETED","Assigned Council","0","0","1","0","question: I know what is expected of me at work","3.0","Agree"
"41","COMPLETED","Human Services","0","0","0","0","question: I know what is expected of me at work","4.0","Strongly Agree"
"42","COMPLETED","Human Services","0","0","0","0","question: I know what is expected of me at work","3","Agree"
"43","COMPLETED","Human Services","0","0","0","0","question: I know what is expected of me at work","3.0","Agree"
"44","COMPLETED","Prosecuting Attorney's Office","0","0","0","0","question: I know what is expected of me at work","4.0","Strongly Agree"
"45","COMPLETED","Human Services","0","0","0","0","question: I know what is expected of me at work","3.0","Agree"
"46","COMPLETED","Prosc Attny Office","0","0","0","1","question: I know what is expected of me at work","3.0","Agree"
"47","COMPLETED","Human Services","0","0","0","0","question: I know what is expected of me at work","Four","Strongly Agree"
"48","COMPLETED","Fin Performance","0","0","0","0","question: I know what is expected of me at work","3.0","Agree"
"49","COMPLETED","Planning and Public Works","0","0","0","1","question: I know what is expected of me at work","THREE","Agree"
"50","COMPLETED","Hum Services","0","0","0","1","question: I know what is expected of me at work","4.0","Strongly Agree"
"51","COMPLETED","Planning and Public Works","0","0","0","0","question: I know what is expected of me at work","4.0","Strongly Agree"
"52","COMPLETED","Planning and Public Works","0","0","0","0","question: I know what is expected of me at work","3","Agree"
"53","COMPLETED","Finance/Performance","0","0","0","0","question: I know what is expected of me at work","3","Agree"
"54","COMPLETED","Facilities Management","0","0","0","0","question: I know what is expected of me at work","3.0","Agree"
"55","COMPLETED","Emergency Management","0","1","0","0","question: I know what is expected of me at work","3","Agree"
"56","COMPLETED","Prosecuting Attorney's Office","0","0","0","0","question: I know what is expected of me at work","Four","Strongly Agree"
"57","COMPLETED","Assessor-Treasurer's Office","0","0","0","0","question: I know what is expected of me at work","FOUR","Strongly Agree"
"58","COMPLETED","Sheriffs Dept","0","0","0","1","question: I know what is expected of me at work","2.0","Disagree"
"59","COMPLETED","Planning PublicWorks","0","0","0","0","question: I know what is expected of me at work","2","Disagree"
"60","COMPLETED","Planning and Public Works","0","0","1","0","question: I know what is expected of me at work","3.0","Agree"
"61","COMPLETED","Sheriff's Department","0","0","1","0","question: I know what is expected of me at work","FOUR","Strongly Agree"
"62","COMPLETED","Assigned Council","0","0","0","0","question: I know what is expected of me at work","THREE","Agree"
"63","COMPLETED","Planning PublicWorks","0","0","0","0","question: I know what is expected of me at work","3.0","Agree"
"64","COMPLETED","Planning and Public Works","0","0","1","0","question: I know what is expected of me at work","4","Strongly Agree"
"65","COMPLETED","Planning and Public Works","0","0","0","0","question: I know what is expected of me at work","FOUR","Strongly Agree"
"66","COMPLETED","District Court","0","0","0","1","question: I know what is expected of me at work","3.0","Agree"
"67","COMPLETED","Emergency Management","0","0","0","0","question: I know what is expected of me at work","4","Strongly Agree"
"68","COMPLETED","Emergency Management","0","0","0","0","question: I know what is expected of me at work","4.0","Strongly Agree"
"69","COMPLETED","Planning and Public Works","0","0","0","1","question: I know what is expected of me at work","2","Disagree"
"70","COMPLETED","P and PW","0","1","0","0","question: I know what is expected of me at work","Four","Strongly Agree"
"71","COMPLETED","Planning PublicWorks","0","0","1","0","question: I know what is expected of me at work","4.0","Strongly Agree"
"72","COMPLETED","Parks and Recreation","0","0","1","0","question: I know what is expected of me at work","3.0","Agree"
"73","COMPLETED","Planning PublicWorks","0","0","0","0","question: I know what is expected of me at work","3","Agree"
"74","COMPLETED","Prosecuting Attorney's Office","0","0","1","0","question: I know what is expected of me at work","2","Disagree"
"75","COMPLETED","Planning and Public Works","0","0","0","1","question: I know what is expected of me at work","Four","Strongly Agree"
"76","COMPLETED","Planning PublicWorks","0","1","0","0","question: I know what is expected of me at work","3.0","Agree"
"77","COMPLETED","Planning and Public Works","0","0","0","0","question: I know what is expected of me at work","FOUR","Strongly Agree"
"78","COMPLETED","Planning and Public Works","0","0","0","0","question: I know what is expected of me at work","Four","Strongly Agree"
"79","COMPLETED","Planning and Public Works","0","0","0","0","question: I know what is expected of me at work","FOUR","Strongly Agree"
"80","COMPLETED","Council's Office","0","1","0","0","question: I know what is expected of me at work","2.0","Disagree"
"81","COMPLETED","Planning PublicWorks","0","0","1","0","question: I know what is expected of me at work","3.0","Agree"
"82","COMPLETED","Human Services","0","0","0","0","question: I know what is expected of me at work","4","Strongly Agree"
"83","COMPLETED","P and PW","0","1","0","0","question: I know what is expected of me at work","3.0","Agree"
"84","COMPLETED","Human Services","0","0","0","0","question: I know what is expected of me at work","3","Agree"
"85","COMPLETED","Council's Office","0","0","0","0","question: I know what is expected of me at work","3","Agree"
"86","COMPLETED","HumanServices","0","0","0","1","question: I know what is expected of me at work","4.0","Strongly Agree"
"87","COMPLETED","Finance Performance","0","0","0","0","question: I know what is expected of me at work","4","Strongly Agree"
"88","COMPLETED","Finance and Performance Management","0","0","0","0","question: I know what is expected of me at work","4.0","Strongly Agree"
"89","COMPLETED","Sheriff Dept","0","0","0","0","question: I know what is expected of me at work","4.0","Strongly Agree"
"90","COMPLETED","Sheriffs Dept","0","0","0","0","question: I know what is expected of me at work","3","Agree"
"91","COMPLETED","Planning and Public Works","0","0","1","0","question: I know what is expected of me at work","Four","Strongly Agree"
"92","COMPLETED","Fin/Perform Mgmt","0","0","1","0","question: I know what is expected of me at work","3","Agree"
"93","COMPLETED","Finance/Performance","0","0","0","1","question: I know what is expected of me at work","3","Agree"
"94","COMPLETED","Human Services","0","0","0","0","question: I know what is expected of me at work","Four","Strongly Agree"
"95","COMPLETED","Hum Services","0","0","1","0","question: I know what is expected of me at work","4.0","Strongly Agree"
"96","COMPLETED","PPW","0","0","0","0","question: I know what is expected of me at work","4.0","Strongly Agree"
"97","COMPLETED","Assigned Council","0","0","0","0","question: I know what is expected of me at work","Four","Strongly Agree"
"98","COMPLETED","Assessor-Treasurer's Office","0","0","0","0","question: I know what is expected of me at work","3.0","Agree"
"99","COMPLETED","Planning PublicWorks","0","0","0","0","question: I know what is expected of me at work","2","Disagree"
"100","COMPLETED","Council's Office","0","0","0","1","question: I know what is expected of me at work","2.0","Disagree"
"101","COMPLETED","Planning and Public Works","0","0","0","1","question: I know what is expected of me at work","Four","Strongly Agree"
"102","COMPLETED","P and PW","0","0","1","0","question: I know what is expected of me at work","3.0","Agree"
"103","COMPLETED","Fin Performance","0","0","0","1","question: I know what is expected of me at work","4","Strongly Agree"
"104","COMPLETED","Prosecuting Attorney's Office","0","0","0","0","question: I know what is expected of me at work","4","Strongly Agree"
"105","COMPLETED","ClerkofSuperiorCourt","0","0","0","0","question: I know what is expected of me at work","3","Agree"
"106","COMPLETED","Prosc Attny Office","0","0","0","0","question: I know what is expected of me at work","2.0","Disagree"
"107","COMPLETED","Planning PublicWorks","0","0","0","0","question: I know what is expected of me at work","4","Strongly Agree"
"108","COMPLETED","Parks and Recreation","0","0","0","0","question: I know what is expected of me at work","4.0","Strongly Agree"
"109","COMPLETED","Planning and Public Works","0","0","0","0","question: I know what is expected of me at work","4.0","Strongly Agree"
"110","COMPLETED","Planning PublicWorks","0","0","0","0","question: I know what is expected of me at work","Four","Strongly Agree"
"111","COMPLETED","Emergency Management","0","0","0","0","question: I know what is expected of me at work","3.0","Agree"
"112","COMPLETED","Planning and Public Works","0","1","0","0","question: I know what is expected of me at work","2.0","Disagree"
"113","COMPLETED","Council's Office","0","0","0","0","question: I know what is expected of me at work","3","Agree"
"114","COMPLETED","Human Resources","0","0","0","0","question: I know what is expected of me at work","4","Strongly Agree"
"115","COMPLETED","Sheriffs Dept","0","0","0","0","question: I know what is expected of me at work","4.0","Strongly Agree"
"116","COMPLETED","Planning and Public Works","0","0","0","0","question: I know what is expected of me at work","2","Disagree"
"117","COMPLETED","Fin Performance","0","0","0","0","question: I know what is expected of me at work","2.0","Disagree"
"118","COMPLETED","Juvenile Court","0","0","0","0","question: I know what is expected of me at work","3.0","Agree"
"119","COMPLETED","Sheriff's Department","0","0","1","0","question: I know what is expected of me at work","3.0","Agree"
"120","COMPLETED","Clerk of Superior Court","0","1","0","0","question: I know what is expected of me at work","1.0","Strongly Disagree"
"121","COMPLETED","Sheriff's Department","0","0","0","0","question: I know what is expected of me at work","3","Agree"
"122","COMPLETED","Planning PublicWorks","0","0","0","0","question: I know what is expected of me at work","2.0","Disagree"
"123","COMPLETED","Emergency Management","0","0","0","0","question: I know what is expected of me at work","4","Strongly Agree"
"124","COMPLETED","Planning and Public Works","0","0","0","1","question: I know what is expected of me at work","4","Strongly Agree"
"125","COMPLETED","Planning PublicWorks","0","1","0","0","question: I know what is expected of me at work","3.0","Agree"
"126","COMPLETED","Emergency Management","0","0","0","0","question: I know what is expected of me at work","4","Strongly Agree"
"127","COMPLETED","Prosecuting Attorney's Office","0","0","0","0","question: I know what is expected of me at work","THREE","Agree"
"128","COMPLETED","Assigned Council","0","0","0","0","question: I know what is expected of me at work","3","Agree"
"129","COMPLETED","Finance and Performance Management","0","0","0","0","question: I know what is expected of me at work","3.0","Agree"
"130","COMPLETED","Sheriff's Department","0","0","0","0","question: I know what is expected of me at work","3","Agree"
"131","COMPLETED","Prosecuting Attorney's Office","0","0","0","0","question: I know what is expected of me at work","Four","Strongly Agree"
"132","COMPLETED","Assigned Council","0","0","0","0","question: I know what is expected of me at work","4","Strongly Agree"
"133","COMPLETED","Superior Court","0","0","1","0","question: I know what is expected of me at work","",""
"134","INCOMPLETE","Facilities Mgmt","0","0","0","0","question: I know what is expected of me at work","",""
"135","COMPLETED","Finance/Performance","0","0","0","0","question: I know what is expected of me at work","2.0","Disagree"
"136","COMPLETED","Planning and Public Works","0","0","0","1","question: I know what is expected of me at work","3.0","Agree"
"137","COMPLETED","Planning and Public Works","0","0","1","0","question: I know what is expected of me at work","","Strongly Agree"
"138","COMPLETED","Planning and Public Works","0","0","0","0","question: I know what is expected of me at work","4.0","Strongly Agree"
"139","COMPLETED","Super Court","0","0","0","0","question: I know what is expected of me at work","3.0","Agree"
"140","COMPLETED","Sheriff Department","0","0","1","0","question: I know what is expected of me at work","Four","Strongly Agree"
"141","COMPLETED","Sheriff Dept","0","0","0","0","question: I know what is expected of me at work","3.0","Agree"
"142","COMPLETED","Planning and Public Works","0","0","0","0","question: I know what is expected of me at work","3.0","Agree"
"143","COMPLETED","Parks and Recreation","0","0","1","0","question: I know what is expected of me at work","4.0","Strongly Agree"
"144","COMPLETED","Superior Court","0","0","1","0","question: I know what is expected of me at work","Four","Strongly Agree"
"145","COMPLETED","Juvenile Cr","0","0","0","0","question: I know what is expected of me at work","2.0","Disagree"
"146","COMPLETED","Juvenile Court","0","0","0","0","question: I know what is expected of me at work","FOUR","Strongly Agree"
"147","COMPLETED","Sheriff Dept","0","0","1","0","question: I know what is expected of me at work","3.0","Agree"
"148","COMPLETED","Assigned Council","0","0","0","0","question: I know what is expected of me at work","Four","Strongly Agree"
"149","COMPLETED","Planning Public Works","0","0","0","0","question: I know what is expected of me at work","4.0","Strongly Agree"
"150","COMPLETED","Communications Office","0","1","0","0","question: I know what is expected of me at work","Three","Agree"
"151","COMPLETED","Planning and Public Works","0","0","0","0","question: I know what is expected of me at work","Four","Strongly Agree"
"152","COMPLETED","Hum Svcs","0","0","0","0","question: I know what is expected of me at work","Four","Strongly Agree"
"153","COMPLETED","Planning and Public Works","0","0","0","1","question: I know what is expected of me at work","4.0","Strongly Agree"
"154","COMPLETED","P and PW","0","0","0","0","question: I know what is expected of me at work","4.0","Strongly Agree"
"155","COMPLETED","ClerkofSuperiorCourt","0","1","0","0","question: I know what is expected of me at work","Three","Agree"
"156","COMPLETED","Planning Public Works","0","0","0","0","question: I know what is expected of me at work","3.0","Agree"
"157","COMPLETED","Human Resources","0","0","0","0","question: I know what is expected of me at work","4","Strongly Agree"
"158","COMPLETED","Planning/Public Works","0","0","1","0","question: I know what is expected of me at work","3","Agree"
"159","COMPLETED","Human Services","0","0","0","0","question: I know what is expected of me at work","4.0","Strongly Agree"
"160","COMPLETED","Prosc Attny Office","0","1","0","0","question: I know what is expected of me at work","4.0","Strongly Agree"
"161","COMPLETED","Sheriff's Department","0","0","0","0","question: I know what is expected of me at work","THREE","Agree"
"162","COMPLETED","Planning PublicWorks","0","0","0","0","question: I know what is expected of me at work","3","Agree"
"163","COMPLETED","Hum Svcs","0","0","0","0","question: I know what is expected of me at work","Four","Strongly Agree"
"164","COMPLETED","Prosecuting Attorney's Office","0","0","0","0","question: I know what is expected of me at work","2","Disagree"
"165","COMPLETED","HumanResources","0","0","0","0","question: I know what is expected of me at work","2.0","Disagree"
"166","COMPLETED","Prosecuting Attorney's Office","0","0","1","0","question: I know what is expected of me at work","FOUR","Strongly Agree"
"167","COMPLETED","Planning PublicWorks","0","0","0","0","question: I know what is expected of me at work","3.0","Agree"
"168","COMPLETED","Planning and Public Works","0","0","0","0","question: I know what is expected of me at work","Four","Strongly Agree"
"169","COMPLETED","Finance and Performance Management","0","0","0","0","question: I know what is expected of me at work","4.0","Strongly Agree"
"170","COMPLETED","Prosecuting Attorney's Office","0","0","0","1","question: I know what is expected of me at work","Three","Agree"
"171","COMPLETED","Human Svcs","0","0","0","0","question: I know what is expected of me at work","Four","Strongly Agree"
"172","COMPLETED","Superior Court","0","0","0","0","question: I know what is expected of me at work","4","Strongly Agree"
"173","COMPLETED","District Crt","0","0","0","0","question: I know what is expected of me at work","Four","Strongly Agree"
"174","COMPLETED","Finance and Performance Management","0","0","0","0","question: I know what is expected of me at work","4.0","Strongly Agree"
"175","COMPLETED","Sheriff's Department","0","0","0","0","question: I know what is expected of me at work","Four","Strongly Agree"
"176","COMPLETED","Prosc Attny Office","0","0","0","0","question: I know what is expected of me at work","Three","Agree"
"177","COMPLETED","Assigned Council","0","0","0","0","question: I know what is expected of me at work","4.0","Strongly Agree"
"178","COMPLETED","Fin Performance","0","0","0","0","question: I know what is expected of me at work","Four","Strongly Agree"
"179","COMPLETED","Planning Public Works","0","1","0","0","question: I know what is expected of me at work","3.0","Agree"
"180","COMPLETED","Planning and Public Works","0","0","0","0","question: I know what is expected of me at work","3","Agree"
"181","COMPLETED","Planning and Public Works","0","1","0","0","question: I know what is expected of me at work","3","Agree"
"182","COMPLETED","Planning and Public Works","0","0","0","0","question: I know what is expected of me at work","Four","Strongly Agree"
"183","COMPLETED","Finance/Performance","0","0","0","0","question: I know what is expected of me at work","4.0","Strongly Agree"
"184","COMPLETED","Planning and Public Works","0","0","1","0","question: I know what is expected of me at work","3.0","Agree"
"185","COMPLETED","Exec Office, Dir","1","0","0","0","question: I know what is expected of me at work","FOUR","Strongly Agree"
"186","COMPLETED","Planning and Public Works","0","0","0","0","question: I know what is expected of me at work","4","Strongly Agree"
"187","COMPLETED","Super Court","0","0","0","0","question: I know what is expected of me at work","3","Agree"
"188","COMPLETED","Hum Services","0","0","0","0","question: I know what is expected of me at work","4.0","Strongly Agree"
"189","COMPLETED","Planning and Public Works","0","0","1","0","question: I know what is expected of me at work","THREE","Agree"
"190","COMPLETED","Human Svcs","0","0","0","0","question: I know what is expected of me at work","Three","Agree"
"191","COMPLETED","District Court","0","0","1","0","question: I know what is expected of me at work","4.0","Strongly Agree"
"192","COMPLETED","Prosc Attny Office","0","0","0","0","question: I know what is expected of me at work","4.0","Strongly Agree"
"193","COMPLETED","FinancePerformance","0","0","0","0","question: I know what is expected of me at work","FOUR","Strongly Agree"
"194","COMPLETED","Fin/Perform Mgmt","0","0","0","1","question: I know what is expected of me at work","3.0","Agree"
"195","COMPLETED","Prosc Atty Office","0","0","0","0","question: I know what is expected of me at work","1.0","Strongly Disagree"
"196","COMPLETED","Assessor-Treasurer's Office","0","0","0","1","question: I know what is expected of me at work","4","Strongly Agree"
"197","COMPLETED","Sheriffs Dept","0","0","0","0","question: I know what is expected of me at work","2.0","Disagree"
"198","COMPLETED","Councils Office","0","0","0","0","question: I know what is expected of me at work","Three","Agree"
"199","COMPLETED","Hum Services","0","0","0","0","question: I know what is expected of me at work","Three","Agree"
"200","COMPLETED","Superior Court","0","0","0","0","question: I know what is expected of me at work","Three","Agree"
"201","COMPLETED","P and PW","0","0","0","0","question: I know what is expected of me at work","4","Strongly Agree"
"202","COMPLETED","Parks and Recreation","0","0","1","0","question: I know what is expected of me at work","Three","Agree"
"203","COMPLETED","Hum Svcs","0","0","0","0","question: I know what is expected of me at work","4.0","Strongly Agree"
"204","COMPLETED","Sheriff's Department","0","0","1","0","question: I know what is expected of me at work","Four","Strongly Agree"
"205","COMPLETED","ParksRec","0","0","1","0","question: I know what is expected of me at work","2","Disagree"
"206","COMPLETED","Planning and Public Works","0","1","0","0","question: I know what is expected of me at work","1.0","Strongly Disagree"
"207","COMPLETED","Planning and Public Works","0","0","0","0","question: I know what is expected of me at work","One","Strongly Disagree"
"208","COMPLETED","Planning and Public Works","0","0","0","0","question: I know what is expected of me at work","ONE","Strongly Disagree"
"209","COMPLETED","Council's Office","0","1","0","0","question: I know what is expected of me at work","One"
