Table B.2.,"Major Disturbances and Unusual Occurrences,  January through December 2004",Unnamed: 2,Unnamed: 3,Unnamed: 4,Unnamed: 5,Unnamed: 6,Unnamed: 7
Date,NERC Region,Time,Area Affected,Type of Disturbance,Loss (megawatts),Number of Customers Affected 1,Restoration
,,,,,,,Date/Time
January,,,,,,,
2004-01-01 00:00:00,WECC,7:30 a.m.,Northern California,Winter Storm,170,263000,"1/02/04, 4:00 p.m."
2004-01-07 00:00:00,WECC,Midnight,King County,Snow Storm,150,145000,"1/10/04, 5:00 p.m."
2004-01-08 00:00:00,NPCC,3:00 p.m.,"Lake Placid/Saranac, New York",Public Appeal to Reduce Load,100,18600,"1/10/04, 7:00 p.m."
2004-01-14 00:00:00,NPCC,6:00 a.m.,"Lake Placid/Saranac, New York",Public Appeal to Reduce Load,100,18600,"1/17/04, 12:00 noon"
2004-01-26 00:00:00,SERC ,10:00 a.m.,Central South Carolina,Ice Storm,500-700,150000,"1/28/04, 8:00 a.m."
2004-01-26 00:00:00,SERC,2:00 p.m.,North and Central area of Georgia,Ice Storm,Less than 150,30689,"1/27/04, 8:00 p.m."
2004-01-26 00:00:00,SERC,4:00 p.m.,Central and Eastern North Carolina and Northern and Eastern South Carolina,Ice Storm,475,9905,"1/29/04, 6:30 a.m."
2004-01-28 00:00:00, MAAC,1:09 p.m. ,"Harford County, Maryland",Ice Storm,Approx. 300,"Approx. 70,000","1/29/04, 5:00 a.m."
February,,,,,,,
2004-02-05 00:00:00,MAAC,8:00 p.m.,"Maryland, Southeastern West Virginia, Northern Virginia, Northern Pennsylvania and South Central Pennsylvania",Ice Storm,60,87456,"2/09/04, 8:00 p.m."
2004-02-14 00:00:00,NPCC,8:00 p.m.,"Lake Colby, Lake Placid, Tupper Lake",Public Appeal to Reduce Load,Approx. 30  ,18600,"2/16/04, 12 noon"
2004-02-17 00:00:00,WECC,2:25 p.m.,"San Francisco Bay area, California",Lightning struck Intertie Breaker ,220, PG&E,"2/17/04, 11:57 p.m. "
2004-02-25 00:00:00,WECC,12:01 a.m.  ,Northern California,Winter Storm,240,505000,"2/26/04, 10:00 a.m."
2004-02-26 00:00:00,SERC,12:00 a.m.,Georgia,Severe Storm,10,47165,"2/26/04, 1:30 a.m."
March,,,,,,,
2004-03-04 00:00:00,ERCOT,5:00 a.m.,North Texas,High Winds - Severe Storm,Less than 300,63000,"3/16/04, 2:45 p.m."
2004-03-07 00:00:00,SERC,6:30 p.m.,North and South Carolina,Severe Storm,1000,206000,"3/09/04, 8:00 a.m.  "
2004-03-08 00:00:00,WECC,6:22 p.m.,Southern California not including LA,Inadequate Resources,300,"Approx. 70,000","3/08/04, 6:55 p.m."
2004-03-17 00:00:00,WECC,1:27 p.m. ,"El Paso, Texas",Faulty Switch,Approx. 300,"Approx. 100,000","3/17/04, 2:06 p.m."
April,,,,,,,
2004-04-10 00:00:00,ERCOT,8:00 p.m.,"Houston, Texas and surrounding suburban areas",Thunderstorms,Approx. 100,"85,000 at peak","4/11/04, 4:00 p.m.   "
2004-04-12 00:00:00,FRCC,5:30 a.m. ,FPL's service territory mostly in Naples and Ft. Myers Florida,Storm with High Winds,250,179000,"4/12/04, 10:15 a.m."
2004-04-27 00:00:00,WECC,12:35 p.m.,Snohomish County Washington,Strong Winds,Approx. 300,187000,"4/30/04, 12:00 p.m."
May,,,,,,,
2004-05-03 00:00:00,WECC,2:30 p.m.,Central and Southern California,Heat Storm,662,Approx. 940,"5/03/04, 7:00 p.m."
2004-05-11 00:00:00,ERCOT,3:30 p.m.,"Houston, Texas and surrounding suburban areas",Strong Thunderstorms,Approx. 85,"62,500 at peak ","5/11/04, 6:00 p.m."
2004-05-21 00:00:00,ECAR,2:00 a.m.,Akron and Youngstown areas,Severe Thunderstorms,"133 on 5/21/04  between 3:00 a.m. and 4:00  a.m., 392 on 5/21/04 between 4:00 p.m. and 5:00 p.m.",281000,"5/24/04, 12:00 a.m."
2004-05-21 00:00:00,ECAR,2:00 a.m.,Cleveland area,Severe Thunderstorms,177 on 5/21/04 between 3:00 p.m. and 5:00 p.m.,127000,"5/24/04, 12:00 a.m."
2004-05-21 00:00:00,MAAC,5:30 a.m. ,"Western Pennsylvania, Northern West Virginia, Western Maryland, Northern Virginia",High Winds and Heavy Rains,"60 at peak, ","94,366 at peak, ","5/25/04, 12:00 a.m."
,,,,,total 162,"total 225,353",
,,,,,,,
,,,,,,,
Table B.2.,"Major Disturbances and Unusual Occurrences,  January through December 2004",,,,,,
(Continued),,,,,,,
Date,NERC Region,Time,Area Affected,Type of Disturbance,Loss (megawatts),Number of Customers Affected 1,Restoration
,,,,,,,Date/Time
2004-05-21 00:00:00,ECAR,11:00 a.m.,"Northern and Southern Michigan, AEP Fort Wayne/Michigan Region, Buchanan, Elkhart, New Buffalo, South Bend, St. Joseph, Three Rivers areas",Severe Thunderstorms,303,122600,"5/26/04, 9:00 p.m."
2004-05-21 00:00:00,ECAR,1:00 p.m.,"Lower peninsula of Michigan following cities:  Grand Rapids, Kalamazoo, Battle Creek, Jackson, Bronson, Jonesville, Flint",Severe Thunderstorms,200,248209,"5/25/04, 12:00 p.m."
2004-05-21 00:00:00,ECAR,4:00  p.m.,Southeast Michigan,Severe Thunderstorms,630,"Greater than 250,000","5/24/04, 8:00 p.m."
2004-05-28 00:00:00,FRCC ,12:00 p.m.,"Florida counties of Gadsden, Wakulla, Leon, and Liberty",Public Appeals,0,0,"5/31/04, 12:00 a.m."
2004-05-28 00:00:00,FRCC,12:00 p.m.,"Florida counties of Gadsden, Wakulla, Leon, and Liberty",Public Appeals,0,0,"5/31/04, 12:00 a.m."
2004-05-28 00:00:00,FRCC,12:00 p.m.,"Florida counties of Gadsden, Wakulla, Leon, and Liberty",Public Appeals ,0,0,"5/31/04, 12:00 a.m."
June,,,,,,,
2004-06-01 00:00:00,ERCOT,5:00 p.m.,"Collin, Dallas, Denton, Ellis, Parker, and Tarrant Counties, Texas ",Severe Storms with Strong Winds,1900,500000,"6/02/04, 1:00 a.m."
2004-06-02 00:00:00,ECAR,1:46 a.m.,"Shreveport, Louisiana",Severe  Thunderstorms with Strong Winds,350,59057,"6/07/04, 4:00 p.m."
2004-06-02 00:00:00,ECAR,2:35 a.m.,"Tulsa, Oklahoma",Severe Thunderstorms with Strong Winds,280,56874,"6/06/04, 6:00 p.m."
2004-06-12 00:00:00,MAPP,5:37 p.m.,"Lincoln, Nebraska",Tornado,428,120212,"6/12/04, 5:41 p.m."
2004-06-14 00:00:00,WECC ,7:41 a.m.,"Phoenix, Arizona",Fault on Line,200,30000,"6/14/04, 2:39 p.m."
2004-06-23 00:00:00,WECC,5:35 p.m.,Southern Idaho,Load Shedding,157,35000,"6/23/04, 7:10 p.m."
2004-06-23 00:00:00,SERC,7:00 p.m.,Georgia and Alabama,Thunderstorms,50,50595,"6/23/04, 8:00 p.m."
July,,,,,,,
2004-07-06 00:00:00,WECC,6:00 a.m.,"Metro Phoenix, Arizona",Fire/Substation Multiple Public Appeals,-,-,"8/09/04, 12:00 p.m."
2004-07-06 00:00:00,WECC ,6:00 a.m.  ,"Metro Phoenix, Arizona",Fire/Substation Multiple Public Appeals,-,-,"8/09/04, 12:00 p.m."
2004-07-07 00:00:00,SERC,1:30 p.m.,Central Virginia,Severe Thunderstorms,120,88110,"7/07/04, 11:54 p.m."
2004-07-13 00:00:00,FRCC,1:34 p.m.,"Leon  County, Florida",Units Tripped,283,42124,"7/13/04, 5:15 p.m."
2004-07-13 00:00:00,ECAR,4:30 p.m.,"West, West Central and Southern Indiana",Severe Thunderstorms,600,135000,"7/17/04, 8:00 a. m. "
2004-07-20 00:00:00,WECC,2:26 p.m. ,"Soledad Canyon near Acton, California",Wildfire/Shed Interruptible Load,214,-,"7/21/04, 2:00 a.m."
2004-07-20 00:00:00,PR,3:44 p.m.,"Regions of  San Juan, Caguas, Ponce, Bayamon, Carolina, Arecibo and Mayaguez",Wildfire,200,61624,"7/20/04, 5:51 p.m."
2004-07-21 00:00:00,MAIN,5:30 p.m.,"Chicago, Illinois",Severe Thunderstorms,Approx. 200,200000,"7/22/04, 7:00 p.m."
2004-07-24 00:00:00,SPP,3:45 p.m.,Southwest Louisiana in the Acadia Parish vicinity,Public Appeal  ,-,-,"7/25/2004, 9:00 p.m."
2004-07-25 00:00:00,SERC,10:00 p.m.  ,"Georgia, Alabama, Florida panhandle, Southern Mississippi",Severe Storms,61,61004,"7/25/04, 11:00 p.m."
August,,,,,,,
2004-08-02 00:00:00,SPP,10:00 a.m.,Southeast Texas,Unplanned Generator Outage/High Loads Made Public Appeal,-,-,"8/02/04, 8:00 p.m."
2004-08-03 00:00:00,MAIN,9:00 p.m.,Northern Illinois,Severe Storm,127,127000,"8/04/04, 7:00 a.m."
2004-08-04 00:00:00,WECC,12:46 p.m.,"Northwest Orange County, California",Fault at Barre Substation,480,182000,"8/04/04, 1:50 p.m."
2004-08-09 00:00:00,PR,8:23 a.m.,Whole Island of Puerto Rico,Two Large Units Tripped,451.7,259478,"8/09/04, 11:10 a.m."
,,,,,,,
Table B.2.,"Major Disturbances and Unusual Occurrences,  January through December 2004",,,,,,
(Continued),,,,,,,
Date,NERC Region,Time,Area Affected,Type of Disturbance,Loss (megawatts),Number of Customers Affected 1,Restoration
,,,,,,,Date/Time
,,,,,,,
2004-08-13 00:00:00,FRCC,8:00 a.m.,"Florida counties of Hardee, Highlands, Lake, Orange, Osceola, Polk, Seminole, Volusia",Hurricane Charley,1300,502000,"8/23/04, 12:00 a.m"
2004-08-13 00:00:00,FRCC,3:00 p.m.,West Coast of Florida from Naples to Charlotte and in an area centered around Daytona Beach,Hurricane Charley,1400,1200000,"8/13/04, 11:00 p.m."
2004-08-13 00:00:00,FRCC ,1:30 p.m.,"Florida counties of Collier, Hendry, Glades, Highlands, Charlotte, Desoto, Lee, Hardee, and Polk",Hurricane Charley,700,200000,"8/13/04, 12 a.m."
2004-08-13 00:00:00,FRCC,4:43 p.m.,"Eastern Hillsborough, Polk County, Florida",Hurricane Charley,250,78000,"8/13/04, 8:24 p.m."
2004-08-13 00:00:00,FRCC,10:04 p.m.,"New Smyrna Beach, Florida",Hurricane Charley,65,23000,"8/14/04, 4:23 p.m."
2004-08-14 00:00:00,SERC,1:00 p.m. ,Central and Eastern North Carolina and Northern and Eastern South Carolina,Hurricane Charley,500,94000,"8/14/04, 11:00 p.m."
2004-08-20 00:00:00,NPCC,3:31 p.m.,"Boston, Massachusetts",Major Transmission Line Tripped due to Lightning Strike,22700,380000,"8/20/04, 9:45 p.m."
2004-08-29 00:00:00,SERC,9: 52 a.m.,Southeastern South Carolina,Tropical Storm Gaston,450,125000,"8/29/04, 6:00 p.m."
2004-08-30 00:00:00,SERC,6:58 p.m.,"Central Virginia, South to North Carolina and East to the Virginia Coast",Tropical Storm Gaston,150,99816,"8/31/04, 3:35 p.m."
September,,,,,,,
2004-09-03 00:00:00,FRCC,9:00 p.m.,"City of Fort Pierce, Florida",Hurricane Frances,125,26000,"9/05/04, 2:00 p.m."
2004-09-04 00:00:00,FRCC,8:00 a.m.,"West Palm Beach to Daytona Beach, Florida",Hurricane Frances,6000,2775093,"9/06/04, 8:00 a.m."
2004-09-04 00:00:00,FRCC,10:00 a.m.,"Hillsborough, Pasco, and Polk County, Florida",Hurricane Frances,1100,268000,"09/12/04, 7:00 p.m."
2004-09-05 00:00:00,FRCC,1:00 a.m.,"Orlando, Florida",Hurricane Frances,200,65000,"09/09/04, 5:00 p.m."
2004-09-05 00:00:00,FRCC,7:00 a.m.,"Florida counties of Alachua, Citrus, Columbia, Dixie, Franklin, Gilchrist, Gulf, Hamilton, Hardee, Hernando, Highlands, Jefferson, Lafayette, Lake, Levy, Madison, Marion, Orange, Osceola, Pasco, Pinellas, Polk, Seminole, Sumter, Suwannee, Taylor, Volusia and Wakulla",Hurricane Frances,2100,832898,"09/12/04 , 12:00 a.m."
2004-09-06 00:00:00,SERC,1:00 p.m.,"Florida, Mississippi, Alabama, Georgia",Hurricane Frances,3000,99000,"09/09/04, 12:00 p.m."
2004-09-07 00:00:00,SERC,10:00 a.m.,Georgia,Hurricane Frances,2200,150000,"09/08/04, 12:00 p.m."
2004-09-15 00:00:00,PR,12:04 p.m.,Whole Island of Puerto Rico,Hurricane Jeanne,1243,1423590,09/23/04 12:00 p.m.
2004-09-15 00:00:00,SERC,7:00 p.m.,"Florida, Mississippi, Alabama, Georgia",Hurricane Ivan,916,916316,"09/17/04, 7:00 p.m."
2004-09-16 00:00:00,SERC,2:00 a.m.,"Baldwin County, Alabama, Escambia County, Florida, Washington County, Alabama",Hurricane Ivan,263,75000,"9/16/04, 10:02 a.m."
2004-09-16 00:00:00,SERC,9:00 p.m.,Western  North and South Carolina,Hurricane Ivan,500,175000,"9/20/04, 4:00 p.m."
2004-09-17 00:00:00,SERC,4:30 a.m.,Western North Carolina,Hurricane Ivan,400,112000,"09/18/04, 12:00 p.m."
2004-09-25 00:00:00,FRCC,5:00 p.m.,"City of Fort Pierce, Florida",Hurricane Jeanne,125,26000,"09/26/04, 9:00 a.m."
2004-09-26 00:00:00,FRCC,2:00 a.m.,"Hillsborough, Pasco, and Polk County, Florida",Hurricane Jeanne,1250,285300,"9/27/04, 12:00 a.m."
2004-09-26 00:00:00,FRCC,3:00 a.m.,"Orlando and St. Cloud, Florida",Hurricane Jeanne,350,110000,"09/30/04, 9:00 a.m."
,,,,,,,
Table B.2.,"Major Disturbances and Unusual Occurrences,  January through December 2004",,,,,,
(Continued),,,,,,,
Date,NERC Region,Time,Area Affected,Type of Disturbance,Loss (megawatts),Number of Customers Affected 1,Restoration
,,,,,,,Date/Time
2004-09-26 00:00:00,FRCC,6:00 a.m.,"Florida counties of Alachua, Bay, Brevard, Citrus, Columbia, Dixie, Flagler, Franklin, Gilchrist, Gulf, Hamilton, Hardee, Hernando, Highlands, Hillsborough, Jefferson, Lafayette, Lake, Leon, Levy, Madison, Marion, Orange, Osceola, Pasco, Pinellas, Polk, Seminole, Sumter, Suwannee, Taylor, Volusia and Wakulla",Hurricane Jeanne,1800,722000,"10/01/04, 12:00 a.m."
2004-09-27 00:00:00,SERC,8:00 a.m.,Georgia,Hurricane Jeanne,854,85455,"09/27/04, 2:00 p.m."
2004-09-27 00:00:00,NPCC,4:06 p.m.,Nova Scotia,Switch Error Concerning Breakers,-,-,"09/27/04, 4:12 p.m."
October,,,,,,,
2004-10-10 00:00:00,PR,5:09 p.m.,Island Wide,Breaker Failure,All,All,"10/11/04, 7:57 p.m."
2004-10-18 00:00:00,WECC, 10:30 p.m.,Northern California,Severe Storm with High Wind Gusts,140,407440,"10/20/04, 9:00 a.m."
2004-10-25 00:00:00,SPP,11:00 a.m.,Southeastern Louisiana in the New Orleans area,Public Appeal/Breaker Failure and Fire,-,-,"10/26/04, 10:00 a.m."
2004-10-28 00:00:00,WECC,3:27 p.m.,"San  Jose, California",Major Transmission Distribution System Interruption,103,59458,"10/28/04, 6:08 p.m."
2004-10-30 00:00:00,ECAR,10:00 a.m.,"Lower peninsula of Michigan. following area:  Grand Rapids, Kalamazoo, Battle Creek, Greenville, Jackson,  Flint, Lansing, Allegan, Temperance",Severe Storm with High Wind Gusts,60,122000,"11/01/04, 6:00 p.m."
2004-10-30 00:00:00,ECAR,12:30  p.m.,Southeastern Michigan,High Wind Gusts,700,159870,"11/03/04, 1:50 p.m."
November,,,,,,,
2004-11-09 00:00:00,NPCC,2:15 p.m.,"Sayreville, New Jersey Long Island, New York",Fuel Supply Deficiency - Williams Company: Event for Trans Continental Gas Pipeline,0,0,"11/12/04, 1:07p.m."
2004-11-14 00:00:00,NPCC,4:55 a.m.,Nova Scotia ,"Heavy Snow, High Winds and Rain/Major Distribution System Interruption",165,165000,"11/15/04, 1:31 a.m."
2004-11-23 00:00:00,ERCOT,10:00 p.m.  ,"Houston, Texas and surrounding suburban areas",Strong Thunderstorms,150,119000,"11/24/04, 1:00 a.m."
2004-11-24 00:00:00,SERC,10:00 a.m.,Georgia,Strong Thunderstorms,100,83450,"11/24/04, 4:00 p.m."
December,,,,,,,
2004-12-01 00:00:00, MAAC,10:00 a.m.,"Central Maryland (Baltimore City, Baltimore County, Anne Arundel County, Hartford County, Montgomery County, Calvert County, Prince George's County, Carroll County and Howard County)",High Winds,270,122000,"12/02/04, 11:59 p.m."
2004-12-01 00:00:00,MAAC,7:30 a.m.,"Bucks, Chester, Delaware, Montgomery, and Philadelphia Counties, Pennsylvania",Heavy Rain and Wind Storm,-,105312,"12/02/04, 10:09 p.m."
2004-12-23 00:00:00,ECAR,3:37 a.m.,Columbus District,Major Freezing Rain and Ice Storm,800,359171,"12/31/04, 11:00 p.m."
,,,,,,,
,,,,,,,
Table B.2.,"Major Disturbances and Unusual Occurrences,  January through December 2004",,,,,,
(Continued),,,,,,,
Date,NERC Region,Time,Area Affected,Type of Disturbance,Loss (megawatts),Number of Customers Affected 1,Restoration
,,,,,,,Date/Time
2004-12-27 00:00:00,WECC,7:50 a.m.,"Salinas, California and surrounding communities",Severe Weather/Line Relayed,100,95000,"12/27/04, 10:50 a.m."
,,,,,,,
1 = Estimated Values.,,,,,,,
Note: North American Electric Reliability Council region acronyms are defined in the glossary.,,,,,,,
"Source:  Form EIA-417, ""Electric Emergency Incident and Disturbance Report.""",,,,,,,
