"```csv"
"yr","year_2015","unnamed_2","unnamed_3","indicatorName"
"","","","",""
"sum_of_pop","countryName","countryCode","indicatorCode","population_total","grandTotal"
"Afghanistan","Afghanistan","AFG","SP.POP.TOTL","33831764","33831764"
"Africa Eastern and Southern","Africa Eastern and Southern","AFE","SP.POP.TOTL","607123269","607123269"
"Africa Western and Central","Africa Western and Central","AFW","SP.POP.TOTL","418127845","418127845"
"Albania","Albania","ALB","SP.POP.TOTL","2880703","2880703"
"Algeria","Algeria","DZA","SP.POP.TOTL","40019529","40019529"
"American Samoa","American Samoa","ASM","SP.POP.TOTL","52878","52878"
"Andorra","Andorra","AND","SP.POP.TOTL","72174","72174"
"Angola","Angola","AGO","SP.POP.TOTL","28157798","28157798"
"Antigua and Barbuda","Antigua and Barbuda","ATG","SP.POP.TOTL","89409","89409"
"Arab World","Arab World","ARB","SP.POP.TOTL","410190679","410190679"
"Argentina","Argentina","ARG","SP.POP.TOTL","43477012","43477012"
"Armenia","Armenia","ARM","SP.POP.TOTL","3004600","3004600"
"Aruba","Aruba","ABW","SP.POP.TOTL","107906","107906"
"Australia","Australia","AUS","SP.POP.TOTL","23815995","23815995"
"Austria","Austria","AUT","SP.POP.TOTL","8642699","8642699"
"Azerbaijan","Azerbaijan","AZE","SP.POP.TOTL","9649341","9649341"
"Bahamas, The","Bahamas, The","BHS","SP.POP.TOTL","385346","385346"
"Bahrain","Bahrain","BHR","SP.POP.TOTL","1370322","1370322"
"Bangladesh","Bangladesh","BGD","SP.POP.TOTL","159383179","159383179"
"Barbados","Barbados","BRB","SP.POP.TOTL","278990","278990"
"Belarus","Belarus","BLR","SP.POP.TOTL","9461076","9461076"
"Belgium","Belgium","BEL","SP.POP.TOTL","11274196","11274196"
"Belize","Belize","BLZ","SP.POP.TOTL","356333","356333"
"Benin","Benin","BEN","SP.POP.TOTL","11360681","11360681"
"Bermuda","Bermuda","BMU","SP.POP.TOTL","63464","63464"
"Bhutan","Bhutan","BTN","SP.POP.TOTL","740618","740618"
"Bolivia","Bolivia","BOL","SP.POP.TOTL","11014705","11014705"
"Bosnia and Herzegovina","Bosnia and Herzegovina","BIH","SP.POP.TOTL","3518541","3518541"
"Botswana","Botswana","BWA","SP.POP.TOTL","2203273","2203273"
"Brazil","Brazil","BRA","SP.POP.TOTL","201675532","201675532"
"British Virgin Islands","British Virgin Islands","VGB","SP.POP.TOTL","34498","34498"
"Brunei Darussalam","Brunei Darussalam","BRN","SP.POP.TOTL","422212","422212"
"Bulgaria","Bulgaria","BGR","SP.POP.TOTL","7177991","7177991"
"Burkina Faso","Burkina Faso","BFA","SP.POP.TOTL","18777487","18777487"
"Burundi","Burundi","BDI","SP.POP.TOTL","11047580","11047580"
"Cabo Verde","Cabo Verde","CPV","SP.POP.TOTL","512394","512394"
"Cambodia","Cambodia","KHM","SP.POP.TOTL","15623251","15623251"
"Cameroon","Cameroon","CMR","SP.POP.TOTL","22763414","22763414"
"Canada","Canada","CAN","SP.POP.TOTL","35704498","35704498"
"Caribbean small states","Caribbean small states","CSS","SP.POP.TOTL","2964524","2964524"
"Cayman Islands","Cayman Islands","CYM","SP.POP.TOTL","61642","61642"
"Central African Republic","Central African Republic","CAF","SP.POP.TOTL","4629320","4629320"
"Central Europe and the Baltics","Central Europe and the Baltics","CEB","SP.POP.TOTL","103206007","103206007"
"Chad","Chad","TCD","SP.POP.TOTL","14647621","14647621"
"Channel Islands","Channel Islands","CHI","SP.POP.TOTL","163454","163454"
"Chile","Chile","CHL","SP.POP.TOTL","18047625","18047625"
"China","China","CHN","SP.POP.TOTL","1379860000","1379860000"
"Colombia","Colombia","COL","SP.POP.TOTL","46969940","46969940"
"Comoros","Comoros","COM","SP.POP.TOTL","726682","726682"
"Congo, Dem. Rep.","Congo, Dem. Rep.","COD","SP.POP.TOTL","81035531","81035531"
"Congo, Rep.","Congo, Rep.","COG","SP.POP.TOTL","5097581","5097581"
"Costa Rica","Costa Rica","CRI","SP.POP.TOTL","4818038","4818038"
"Cote d'Ivoire","Cote d'Ivoire","CIV","SP.POP.TOTL","25246342","25246342"
"Croatia","Croatia","HRV","SP.POP.TOTL","4151725","4151725"
"Cuba","Cuba","CUB","SP.POP.TOTL","11275065","11275065"
"Curacao","Curacao","CUW","SP.POP.TOTL","157980","157980"
"Cyprus","Cyprus","CYP","SP.POP.TOTL","1219502","1219502"
"Czechia","Czechia","CZE","SP.POP.TOTL","10546059","10546059"
"Denmark","Denmark","DNK","SP.POP.TOTL","5683483","5683483"
"Djibouti","Djibouti","DJI","SP.POP.TOTL","1020313","1020313"
"Dominica","Dominica","DMA","SP.POP.TOTL","70410","70410"
"Dominican Republic","Dominican Republic","DOM","SP.POP.TOTL","10434829","10434829"
"Early-demographic dividend","Early-demographic dividend","EAR","SP.POP.TOTL","3190318707","3190318707"
"East Asia & Pacific","East Asia & Pacific","EAS","SP.POP.TOTL","2300844269","2300844269"
"East Asia & Pacific (excluding high income)","East Asia & Pacific (excluding high income)","EAP","SP.POP.TOTL","2056050896","2056050896"
"East Asia & Pacific (IDA & IBRD countries)","East Asia & Pacific (IDA & IBRD countries)","TEA","SP.POP.TOTL","2030504270","2030504270"
"Ecuador","Ecuador","ECU","SP.POP.TOTL","16266225","16266225"
"Egypt, Arab Rep.","Egypt, Arab Rep.","EGY","SP.POP.TOTL","99597342","99597342"
"El Salvador","El Salvador","SLV","SP.POP.TOTL","6183676","6183676"
"Equatorial Guinea","Equatorial Guinea","GNQ","SP.POP.TOTL","1453923","1453923"
"Eritrea","Eritrea","ERI","SP.POP.TOTL","3105546","3105546"
"Estonia","Estonia","EST","SP.POP.TOTL","1315407","1315407"
"Eswatini","Eswatini","SWZ","SP.POP.TOTL","1142813","1142813"
"Ethiopia","Ethiopia","ETH","SP.POP.TOTL","103867135","103867135"
"Euro area","Euro area","EMU","SP.POP.TOTL","343698622","343698622"
"Europe & Central Asia","Europe & Central Asia","ECS","SP.POP.TOTL","908458970.5","908458970.5"
"Europe & Central Asia (excluding high income)","Europe & Central Asia (excluding high income)","ECA","SP.POP.TOTL","240230296.5","240230296.5"
"Europe & Central Asia (IDA & IBRD countries)","Europe & Central Asia (IDA & IBRD countries)","TEC","SP.POP.TOTL","454002756.5","454002756.5"
"European Union","European Union","EUU","SP.POP.TOTL","444550397","444550397"
"Faroe Islands","Faroe Islands","FRO","SP.POP.TOTL","48901","48901"
"Fiji","Fiji","FJI","SP.POP.TOTL","918578","918578"
"Finland","Finland","FIN","SP.POP.TOTL","5479531","5479531"
"Fragile and conflict affected situations","Fragile and conflict affected situations","FCS","SP.POP.TOTL","892657785","892657785"
"France","France","FRA","SP.POP.TOTL","66548272","66548272"
"French Polynesia","French Polynesia","PYF","SP.POP.TOTL","277866","277866"
"Gabon","Gabon","GAB","SP.POP.TOTL","2040989","2040989"
"Gambia, The","Gambia, The","GMB","SP.POP.TOTL","2224529","2224529"
"Georgia","Georgia","GEO","SP.POP.TOTL","3725276","3725276"
"Germany","Germany","DEU","SP.POP.TOTL","81686611","81686611"
"Ghana","Ghana","GHA","SP.POP.TOTL","28696068","28696068"
"Gibraltar","Gibraltar","GIB","SP.POP.TOTL","33193","33193"
"Greece","Greece","GRC","SP.POP.TOTL","10820883","10820883"
"Greenland","Greenland","GRL","SP.POP.TOTL","56114","56114"
"Grenada","Grenada","GRD","SP.POP.TOTL","114676","114676"
"Guam","Guam","GUM","SP.POP.TOTL","164905","164905"
"Guatemala","Guatemala","GTM","SP.POP.TOTL","15971743","15971743"
"Guinea","Guinea","GIN","SP.POP.TOTL","11767070","11767070"
"Guinea-Bissau","Guinea-Bissau","GNB","SP.POP.TOTL","1786457","1786457"
"Guyana","Guyana","GUY","SP.POP.TOTL","758781","758781"
"Haiti","Haiti","HTI","SP.POP.TOTL","10523242","10523242"
"Heavily indebted poor countries (HIPC)","Heavily indebted poor countries (HIPC)","HPC","SP.POP.TOTL","735429414","735429414"
"High income","High income","HIC","SP.POP.TOTL","1360842914","1360842914"
"Honduras","Honduras","HND","SP.POP.TOTL","9237305","9237305"
"Hong Kong SAR, China","Hong Kong SAR, China","HKG","SP.POP.TOTL","7291300","7291300"
"Hungary","Hungary","HUN","SP.POP.TOTL","9843028","9843028"
"IBRD only","IBRD only","IBD","SP.POP.TOTL","4677114235","4677114235"
"Iceland","Iceland","ISL","SP.POP.TOTL","330815","330815"
"IDA & IBRD total","IDA & IBRD total","IBT","SP.POP.TOTL","6281302513.5","6281302513.5"
"IDA blend","IDA blend","IDB","SP.POP.TOTL","541987714","541987714"
"IDA only","IDA only","IDX","SP.POP.TOTL","1062200564.5","1062200564.5"
"IDA total","IDA total","IDA","SP.POP.TOTL","1604188278.5","1604188278.5"
"India","India","IND","SP.POP.TOTL","1328024498","1328024498"
"Indonesia","Indonesia","IDN","SP.POP.TOTL","261799249","261799249"
"Iran, Islamic Rep.","Iran, Islamic Rep.","IRN","SP.POP.TOTL","82619362","82619362"
"Iraq","Iraq","IRQ","SP.POP.TOTL","37560535","37560535"
"Ireland","Ireland","IRL","SP.POP.TOTL","4701957","4701957"
"Isle of Man","Isle of Man","IMN","SP.POP.TOTL","83593","83593"
"Israel","Israel","ISR","SP.POP.TOTL","8380100","8380100"
"Italy","Italy","ITA","SP.POP.TOTL","60730582","60730582"
"Jamaica","Jamaica","JAM","SP.POP.TOTL","2802534","2802534"
"Japan","Japan","JPN","SP.POP.TOTL","127141000","127141000"
"Jordan","Jordan","JOR","SP.POP.TOTL","9544729","9544729"
"Kazakhstan","Kazakhstan","KAZ","SP.POP.TOTL","18084169","18084169"
"Kenya","Kenya","KEN","SP.POP.TOTL","47088526","47088526"
"Kiribati","Kiribati","KIR","SP.POP.TOTL","116815","116815"
"Korea, Dem. People's Rep.","Korea, Dem. People's Rep.","PRK","SP.POP.TOTL","25575350","25575350"
"Korea, Rep.","Korea, Rep.","KOR","SP.POP.TOTL","51014947","51014947"
"Kosovo","Kosovo","XKX","SP.POP.TOTL","1788274","1788274"
"Kuwait","Kuwait","KWT","SP.POP.TOTL","3834574","3834574"
"Kyrgyz Republic","Kyrgyz Republic","KGZ","SP.POP.TOTL","6040035.5","6040035.5"
"Lao PDR","Lao PDR","LAO","SP.POP.TOTL","6801645","6801645"
"Late-demographic dividend","Late-demographic dividend","LTE","SP.POP.TOTL","2256211694.5","2256211694.5"
"Latin America & Caribbean","Latin America & Caribbean","LCN","SP.POP.TOTL","618806527","618806527"
"Latin America & Caribbean (excluding high income)","Latin America & Caribbean (excluding high income)","LAC","SP.POP.TOTL","555893183","555893183"
"Latin America & the Caribbean (IDA & IBRD countries)","Latin America & the Caribbean (IDA & IBRD countries)","TLA","SP.POP.TOTL","603091701","603091701"
"Latvia","Latvia","LVA","SP.POP.TOTL","1977527","1977527"
"Least developed countries: UN classification","Least developed countries: UN classification","LDC","SP.POP.TOTL","962508256","962508256"
"Lebanon","Lebanon","LBN","SP.POP.TOTL","6472469","6472469"
"Lesotho","Lesotho","LSO","SP.POP.TOTL","2104611","2104611"
"Liberia","Liberia","LBR","SP.POP.TOTL","4659431","4659431"
"Libya","Libya","LBY","SP.POP.TOTL","6531819","6531819"
"Liechtenstein","Liechtenstein","LIE","SP.POP.TOTL","37494","37494"
"Lithuania","Lithuania","LTU","SP.POP.TOTL","2904910","2904910"
"Low & middle income","Low & middle income","LMY","SP.POP.TOTL","6050054834.5","6050054834.5"
"Low income","Low income","LIC","SP.POP.TOTL","592175402","592175402"
"Lower middle income","Lower middle income","LMC","SP.POP.TOTL","2763351401.5","2763351401.5"
"Luxembourg","Luxembourg","LUX","SP.POP.TOTL","569604","569604"
"Macao SAR, China","Macao SAR, China","MAC","SP.POP.TOTL","642900","642900"
"Madagascar","Madagascar","MDG","SP.POP.TOTL","25426702","25426702"
"Malawi","Malawi","MWI","SP.POP.TOTL","17085587","17085587"
"Malaysia","Malaysia","MYS","SP.POP.TOTL","31232798","31232798"
"Maldives","Maldives","MDV","SP.POP.TOTL","428154","428154"
"Mali","Mali","MLI","SP.POP.TOTL","18593022","18593022"
"Malta","Malta","MLT","SP.POP.TOTL","445053","445053"
"Marshall Islands","Marshall Islands","MHL","SP.POP.TOTL","48800","48800"
"Mauritania","Mauritania","MRT","SP.POP.TOTL","3965959","3965959"
"Mauritius","Mauritius","MUS","SP.POP.TOTL","1262879","1262879"
"Mexico","Mexico","MEX","SP.POP.TOTL","121072306","121072306"
"Micronesia, Fed. Sts.","Micronesia, Fed. Sts.","FSM","SP.POP.TOTL","108716","108716"
"Middle East & North Africa","Middle East & North Africa","MEA","SP.POP.TOTL","443111159","443111159"
"Middle East & North Africa (excluding high income)","Middle East & North Africa (excluding high income)","MNA","SP.POP.TOTL","384230039","384230039"
"Middle East & North Africa (IDA & IBRD countries)","Middle East & North Africa (IDA & IBRD countries)","TMN","SP.POP.TOTL","379959947","379959947"
"Middle income","Middle income","MIC","SP.POP.TOTL","5457879432.5","5457879432.5"
"Moldova","Moldova","MDA","SP.POP.TOTL","2835978","2835978"
"Monaco","Monaco","MCO","SP.POP.TOTL","36757","36757"
"Mongolia","Mongolia","MNG","SP.POP.TOTL","3026864","3026864"
"Montenegro","Montenegro","MNE","SP.POP.TOTL","622159","622159"
"Morocco","Morocco","MAR","SP.POP.TOTL","34607588","34607588"
"Mozambique","Mozambique","MOZ","SP.POP.TOTL","26547572","26547572"
"Myanmar","Myanmar","MMR","SP.POP.TOTL","51089056","51089056"
"Namibia","Namibia","NAM","SP.POP.TOTL","2374300","2374300"
"Nauru","Nauru","NRU","SP.POP.TOTL","10954","10954"
"Nepal","Nepal","NPL","SP.POP.TOTL","27823629","27823629"
"Netherlands","Netherlands","NLD","SP.POP.TOTL","16939923","16939923"
"New Caledonia","New Caledonia","NCL","SP.POP.TOTL","283168","283168"
"New Zealand","New Zealand","NZL","SP.POP.TOTL","4609400","4609400"
"Nicaragua","Nicaragua","NIC","SP.POP.TOTL","6149417","6149417"
"Niger","Niger","NER","SP.POP.TOTL","19939498","19939498"
"Nigeria","Nigeria","NGA","SP.POP.TOTL","190671878","190671878"
"North America","North America","NAC","SP.POP.TOTL","356506956","356506956"
"North Macedonia","North Macedonia","MKD","SP.POP.TOTL","1912430","1912430"
"Northern Mariana Islands","Northern Mariana Islands","MNP","SP.POP.TOTL","51514","51514"
"Norway","Norway","NOR","SP.POP.TOTL","5188607","5188607"
"OECD members","OECD members","OED","SP.POP.TOTL","1331189869","1331189869"
"Oman","Oman","OMN","SP.POP.TOTL","4184895","4184895"
"Other small states","Other small states","OSS","SP.POP.TOTL","13091061","13091061"
"Pacific island small states","Pacific island small states","PSS","SP.POP.TOTL","2445989","2445989"
"Pakistan","Pakistan","PAK","SP.POP.TOTL","217290883","217290883"
"Palau","Palau","PLW","SP.POP.TOTL","17770","17770"
"Panama","Panama","PAN","SP.POP.TOTL","3960035","3960035"
"Papua New Guinea","Papua New Guinea","PNG","SP.POP.TOTL","8743246","8743246"
"Paraguay","Paraguay","PRY","SP.POP.TOTL","6159103","6159103"
"Peru","Peru","PER","SP.POP.TOTL","30457600","30457600"
"Philippines","Philippines","PHL","SP.POP.TOTL","105312992","105312992"
"Poland","Poland","POL","SP.POP.TOTL","37986412","37986412"
"Portugal","Portugal","PRT","SP.POP.TOTL","10358076","10358076"
"Post-demographic dividend","Post-demographic dividend","PST","SP.POP.TOTL","1097599410","1097599410"
"Pre-demographic dividend","Pre-demographic dividend","PRE","SP.POP.TOTL","870587800","870587800"
"Puerto Rico","Puerto Rico","PRI","SP.POP.TOTL","3473232","3473232"
"Qatar","Qatar","QAT","SP.POP.TOTL","2344557","2344557"
"Romania","Romania","ROU","SP.POP.TOTL","19815616","19815616"
"Russian Federation","Russian Federation","RUS","SP.POP.TOTL","144640716","144640716"
"Rwanda","Rwanda","RWA","SP.POP.TOTL","11640022","11640022"
"Samoa","Samoa","WSM","SP.POP.TOTL","201782","201782"
"San Marino","San Marino","SMR","SP.POP.TOTL","32897","32897"
"Sao Tome and Principe","Sao Tome and Principe","STP","SP.POP.TOTL","200291","200291"
"Saudi Arabia","Saudi Arabia","SAU","SP.POP.TOTL","29816382","29816382"
"Senegal","Senegal","SEN","SP.POP.TOTL","14593331","14593331"
"Serbia","Serbia","SRB","SP.POP.TOTL","7095383","7095383"
"Seychelles","Seychelles","SYC","SP.POP.TOTL","93419","93419"
"Sierra Leone","Sierra Leone","SLE","SP.POP.TOTL","7037655","7037655"
"Singapore","Singapore","SGP","SP.POP.TOTL","5535002","5535002"
"Sint Maarten (Dutch part)","Sint Maarten (Dutch part)","SXM","SP.POP.TOTL","37471","37471"
"Slovak Republic","Slovak Republic","SVK","SP.POP.TOTL","5423801","5423801"
"Slovenia","Slovenia","SVN","SP.POP.TOTL","2063531","2063531"
"Small states","Small states","SST","SP.POP.TOTL","18501574","18501574"
"Solomon Islands","Solomon Islands","SLB","SP.POP.TOTL","639415","639415"
"Somalia","Somalia","SOM","SP.POP.TOTL","13806963","13806963"
"South Africa","South Africa","ZAF","SP.POP.TOTL","56723537","56723537"
"South Asia","South Asia","SAS","SP.POP.TOTL","1788492725","1788492725"
"South Asia (IDA & IBRD)","South Asia (IDA & IBRD)","TSA","SP.POP.TOTL","1788492725","1788492725"
"South Sudan","South Sudan","SSD","SP.POP.TOTL","11107561","11107561"
"Spain","Spain","ESP","SP.POP.TOTL","46444832","46444832"
"Sri Lanka","Sri Lanka","LKA","SP.POP.TOTL","2097000"
