"```csv"
"Year","Year_1978","Unamed_2","Unamed_3","Unamed_4"
"","","","Indicator_Name",""
"Region Name","Region Code","Ind_Code","Total Population","Grand_Total"
"Afghanistan","AFG","SP.POP.TOTL","Population-13611441","13611441.00"
"Africa Eastern and Southern","AFE","SP.POP.TOTL","Population-217074286","217074286.00"
"Africa Western and Central","AFW","SP.POP.TOTL","Population-150402616","150402616.00"
"Albania","ALB","SP.POP.TOTL","Population-2566266","2566266.00"
"Algeria","DZA","SP.POP.TOTL","Population-17506974","17506974.00"
"American Samoa","ASM","SP.POP.TOTL","Population-31076","31076.00"
"Andorra","AND","SP.POP.TOTL","Population-32735","32735.00"
"Angola","AGO","SP.POP.TOTL","Population-7576734","7576734.00"
"Antigua and Barbuda","ATG","SP.POP.TOTL","Population-64038","64038.00"
"Arab World","ARB","SP.POP.TOTL","Population-153568663","153568663.00"
"Argentina","ARG","SP.POP.TOTL","Population-27132158","27132158.00"
"Armenia","ARM","SP.POP.TOTL","Population-3012807","3012807.00"
"Aruba","ABW","SP.POP.TOTL","Population-58776","58776.00"
"Australia","AUS","SP.POP.TOTL","Population-14358000","14358000.00"
"Austria","AUT","SP.POP.TOTL","Population-7562305","7562305.00"
"Azerbaijan","AZE","SP.POP.TOTL","Population-5976150","5976150.00"
"Bahamas, The","BHS","SP.POP.TOTL","Population-223761","223761.00"
"Bahrain","BHR","SP.POP.TOTL","Population-328046","328046.00"
"Bangladesh","BGD","SP.POP.TOTL","Population-83889655","83889655.00"
"Barbados","BRB","SP.POP.TOTL","Population-251551","251551.00"
"Belarus","BLR","SP.POP.TOTL","Population-9525000","9525000.00"
"Belgium","BEL","SP.POP.TOTL","Population-9839534","9839534.00"
"Belize","BLZ","SP.POP.TOTL","Population-138713","138713.00"
"Benin","BEN","SP.POP.TOTL","Population-3718305","3718305.00"
"Bermuda","BMU","SP.POP.TOTL","Population-53431","53431.00"
"Bhutan","BTN","SP.POP.TOTL","Population-405243","405243.00"
"Bolivia","BOL","SP.POP.TOTL","Population-5504123","5504123.00"
"Bosnia and Herzegovina","BIH","SP.POP.TOTL","Population-4078240","4078240.00"
"Botswana","BWA","SP.POP.TOTL","Population-849239","849239.00"
"Brazil","BRA","SP.POP.TOTL","Population-115600942","115600942.00"
"British Virgin Islands","VGB","SP.POP.TOTL","Population-10886","10886.00"
"Brunei Darussalam","BRN","SP.POP.TOTL","Population-174884","174884.00"
"Bulgaria","BGR","SP.POP.TOTL","Population-8814032","8814032.00"
"Burkina Faso","BFA","SP.POP.TOTL","Population-6590984","6590984.00"
"Burundi","BDI","SP.POP.TOTL","Population-4100338","4100338.00"
"Cabo Verde","CPV","SP.POP.TOTL","Population-316147","316147.00"
"Cambodia","KHM","SP.POP.TOTL","Population-5211653","5211653.00"
"Cameroon","CMR","SP.POP.TOTL","Population-8011921","8011921.00"
"Canada","CAN","SP.POP.TOTL","Population-23963203","23963203.00"
"Caribbean small states","CSS","SP.POP.TOTL","Population-2255006","2255006.00"
"Cayman Islands","CYM","SP.POP.TOTL","Population-15727","15727.00"
"Central African Republic","CAF","SP.POP.TOTL","Population-2397961","2397961.00"
"Central Europe and the Baltics","CEB","SP.POP.TOTL","Population-105329397","105329397.00"
"Chad","TCD","SP.POP.TOTL","Population-4411366","4411366.00"
"Channel Islands","CHI","SP.POP.TOTL","Population-129981","129981.00"
"Chile","CHL","SP.POP.TOTL","Population-11172695","11172695.00"
"China","CHN","SP.POP.TOTL","Population-956165000","956165000.00"
"Colombia","COL","SP.POP.TOTL","Population-24950337","24950337.00"
"Comoros","COM","SP.POP.TOTL","Population-317688","317688.00"
"Congo, Dem. Rep.","COD","SP.POP.TOTL","Population-24992689","24992689.00"
"Congo, Rep.","COG","SP.POP.TOTL","Population-1748089","1748089.00"
"Costa Rica","CRI","SP.POP.TOTL","Population-2264510","2264510.00"
"Cote d'Ivoire","CIV","SP.POP.TOTL","Population-7603130","7603130.00"
"Croatia","HRV","SP.POP.TOTL","Population-4581085","4581085.00"
"Cuba","CUB","SP.POP.TOTL","Population-9711980","9711980.00"
"Curacao","CUW","SP.POP.TOTL","Population-148341","148341.00"
"Cyprus","CYP","SP.POP.TOTL","Population-672249","672249.00"
"Czechia","CZE","SP.POP.TOTL","Population-10242098","10242098.00"
"Denmark","DNK","SP.POP.TOTL","Population-5104248","5104248.00"
"Djibouti","DJI","SP.POP.TOTL","Population-280031","280031.00"
"Dominica","DMA","SP.POP.TOTL","Population-72724","72724.00"
"Dominican Republic","DOM","SP.POP.TOTL","Population-5451882","5451882.00"
"Early-demographic dividend","EAR","SP.POP.TOTL","Population-1514572817","1514572817.00"
"East Asia & Pacific","EAS","SP.POP.TOTL","Population-1509072365","1509072365.00"
"East Asia & Pacific (excluding high income)","EAP","SP.POP.TOTL","Population-1314775496","1314775496.00"
"East Asia & Pacific (IDA & IBRD countries)","TEA","SP.POP.TOTL","Population-1297059239","1297059239.00"
"Ecuador","ECU","SP.POP.TOTL","Population-7736167","7736167.00"
"Egypt, Arab Rep.","EGY","SP.POP.TOTL","Population-41761431","41761431.00"
"El Salvador","SLV","SP.POP.TOTL","Population-4394114","4394114.00"
"Equatorial Guinea","GNQ","SP.POP.TOTL","Population-276531","276531.00"
"Eritrea","ERI","SP.POP.TOTL","Population-1522378","1522378.00"
"Estonia","EST","SP.POP.TOTL","Population-1460188","1460188.00"
"Eswatini","SWZ","SP.POP.TOTL","Population-558446","558446.00"
"Ethiopia","ETH","SP.POP.TOTL","Population-33734592","33734592.00"
"Euro area","EMU","SP.POP.TOTL","Population-304275086","304275086.00"
"Europe & Central Asia","ECS","SP.POP.TOTL","Population-784556247","784556247.00"
"Europe & Central Asia (excluding high income)","ECA","SP.POP.TOTL","Population-176315643","176315643.00"
"Europe & Central Asia (IDA & IBRD countries)","TEC","SP.POP.TOTL","Population-383687824","383687824.00"
"European Union","EUU","SP.POP.TOTL","Population-404312949","404312949.00"
"Faroe Islands","FRO","SP.POP.TOTL","Population-41968","41968.00"
"Fiji","FJI","SP.POP.TOTL","Population-612091","612091.00"
"Finland","FIN","SP.POP.TOTL","Population-4752528","4752528.00"
"Fragile and conflict affected situations","FCS","SP.POP.TOTL","Population-369243969","369243969.00"
"France","FRA","SP.POP.TOTL","Population-54734030","54734030.00"
"French Polynesia","PYF","SP.POP.TOTL","Population-146821","146821.00"
"Gabon","GAB","SP.POP.TOTL","Population-711245","711245.00"
"Gambia, The","GMB","SP.POP.TOTL","Population-667103","667103.00"
"Georgia","GEO","SP.POP.TOTL","Population-4397700","4397700.00"
"Germany","DEU","SP.POP.TOTL","Population-78091820","78091820.00"
"Ghana","GHA","SP.POP.TOTL","Population-11248450","11248450.00"
"Gibraltar","GIB","SP.POP.TOTL","Population-28446","28446.00"
"Greece","GRC","SP.POP.TOTL","Population-9429959","9429959.00"
"Greenland","GRL","SP.POP.TOTL","Population-49200","49200.00"
"Grenada","GRD","SP.POP.TOTL","Population-96305","96305.00"
"Guam","GUM","SP.POP.TOTL","Population-105424","105424.00"
"Guatemala","GTM","SP.POP.TOTL","Population-6561534","6561534.00"
"Guinea","GIN","SP.POP.TOTL","Population-4877854","4877854.00"
"Guinea-Bissau","GNB","SP.POP.TOTL","Population-791694","791694.00"
"Guyana","GUY","SP.POP.TOTL","Population-764586","764586.00"
"Haiti","HTI","SP.POP.TOTL","Population-5402580","5402580.00"
"Heavily indebted poor countries (HIPC)","HPC","SP.POP.TOTL","Population-262985512","262985512.00"
"High income","HIC","SP.POP.TOTL","Population-1084093370","1084093370.00"
"Honduras","HND","SP.POP.TOTL","Population-3505463","3505463.00"
"Hong Kong SAR, China","HKG","SP.POP.TOTL","Population-4667500","4667500.00"
"Hungary","HUN","SP.POP.TOTL","Population-10684822","10684822.00"
"IBRD only","IBD","SP.POP.TOTL","Population-2765565797","2765565797.00"
"Iceland","ISL","SP.POP.TOTL","Population-223537","223537.00"
"IDA & IBRD total","IBT","SP.POP.TOTL","Population-3397524507","3397524507.00"
"IDA blend","IDB","SP.POP.TOTL","Population-197714997","197714997.00"
"IDA only","IDX","SP.POP.TOTL","Population-434243713","434243713.00"
"IDA total","IDA","SP.POP.TOTL","Population-631958710","631958710.00"
"India","IND","SP.POP.TOTL","Population-655728229","655728229.00"
"Indonesia","IDN","SP.POP.TOTL","Population-141953163","141953163.00"
"Iran, Islamic Rep.","IRN","SP.POP.TOTL","Population-37126535","37126535.00"
"Iraq","IRQ","SP.POP.TOTL","Population-12753355","12753355.00"
"Ireland","IRL","SP.POP.TOTL","Population-3329100","3329100.00"
"Isle of Man","IMN","SP.POP.TOTL","Population-62398","62398.00"
"Israel","ISR","SP.POP.TOTL","Population-3690000","3690000.00"
"Italy","ITA","SP.POP.TOTL","Population-56155143","56155143.00"
"Jamaica","JAM","SP.POP.TOTL","Population-2094836","2094836.00"
"Japan","JPN","SP.POP.TOTL","Population-114913000","114913000.00"
"Jordan","JOR","SP.POP.TOTL","Population-2083595","2083595.00"
"Kazakhstan","KAZ","SP.POP.TOTL","Population-14711497","14711497.00"
"Kenya","KEN","SP.POP.TOTL","Population-14934126","14934126.00"
"Kiribati","KIR","SP.POP.TOTL","Population-59864","59864.00"
"Korea, Dem. People's Rep.","PRK","SP.POP.TOTL","Population-17735995","17735995.00"
"Korea, Rep.","KOR","SP.POP.TOTL","Population-36969185","36969185.00"
"Kosovo","XKX","SP.POP.TOTL","Population-1516249","1516249.00"
"Kuwait","KWT","SP.POP.TOTL","Population-1340319","1340319.00"
"Kyrgyz Republic","KGZ","SP.POP.TOTL","Population-3487100","3487100.00"
"Lao PDR","LAO","SP.POP.TOTL","Population-3171740","3171740.00"
"Late-demographic dividend","LTE","SP.POP.TOTL","Population-1547677040","1547677040.00"
"Latin America & Caribbean","LCN","SP.POP.TOTL","Population-344000129","344000129.00"
"Latin America & Caribbean (excluding high income)","LAC","SP.POP.TOTL","Population-307693167","307693167.00"
"Latin America & the Caribbean (IDA & IBRD countries)","TLA","SP.POP.TOTL","Population-330579364","330579364.00"
"Latvia","LVA","SP.POP.TOTL","Population-2497921","2497921.00"
"Least developed countries: UN classification","LDC","SP.POP.TOTL","Population-383667234","383667234.00"
"Lebanon","LBN","SP.POP.TOTL","Population-2822682","2822682.00"
"Lesotho","LSO","SP.POP.TOTL","Population-1327240","1327240.00"
"Liberia","LBR","SP.POP.TOTL","Population-1818247","1818247.00"
"Libya","LBY","SP.POP.TOTL","Population-3052526","3052526.00"
"Liechtenstein","LIE","SP.POP.TOTL","Population-25028","25028.00"
"Lithuania","LTU","SP.POP.TOTL","Population-3379514","3379514.00"
"Low & middle income","LMY","SP.POP.TOTL","Population-3184920236","3184920236.00"
"Low income","LIC","SP.POP.TOTL","Population-215869463","215869463.00"
"Lower middle income","LMC","SP.POP.TOTL","Population-1265823736","1265823736.00"
"Luxembourg","LUX","SP.POP.TOTL","Population-362007","362007.00"
"Macao SAR, China","MAC","SP.POP.TOTL","Population-232400","232400.00"
"Madagascar","MDG","SP.POP.TOTL","Population-8475864","8475864.00"
"Malawi","MWI","SP.POP.TOTL","Population-5810132","5810132.00"
"Malaysia","MYS","SP.POP.TOTL","Population-12328157","12328157.00"
"Maldives","MDV","SP.POP.TOTL","Population-156159","156159.00"
"Mali","MLI","SP.POP.TOTL","Population-7229651","7229651.00"
"Malta","MLT","SP.POP.TOTL","Population-310182","310182.00"
"Marshall Islands","MHL","SP.POP.TOTL","Population-28809","28809.00"
"Mauritania","MRT","SP.POP.TOTL","Population-1392713","1392713.00"
"Mauritius","MUS","SP.POP.TOTL","Population-933499","933499.00"
"Mexico","MEX","SP.POP.TOTL","Population-63979046","63979046.00"
"Micronesia, Fed. Sts.","FSM","SP.POP.TOTL","Population-72754","72754.00"
"Middle East & North Africa","MEA","SP.POP.TOTL","Population-172475084","172475084.00"
"Middle East & North Africa (excluding high income)","MNA","SP.POP.TOTL","Population-159473249","159473249.00"
"Middle East & North Africa (IDA & IBRD countries)","TMN","SP.POP.TOTL","Population-159473249","159473249.00"
"Middle income","MIC","SP.POP.TOTL","Population-2969050773","2969050773.00"
"Moldova","MDA","SP.POP.TOTL","Population-2656211","2656211.00"
"Monaco","MCO","SP.POP.TOTL","Population-26605","26605.00"
"Mongolia","MNG","SP.POP.TOTL","Population-1619468","1619468.00"
"Montenegro","MNE","SP.POP.TOTL","Population-562065","562065.00"
"Morocco","MAR","SP.POP.TOTL","Population-18477385","18477385.00"
"Mozambique","MOZ","SP.POP.TOTL","Population-10618250","10618250.00"
"Myanmar","MMR","SP.POP.TOTL","Population-31972976","31972976.00"
"Namibia","NAM","SP.POP.TOTL","Population-947269","947269.00"
"Nauru","NRU","SP.POP.TOTL","Population-7298","7298.00"
"Nepal","NPL","SP.POP.TOTL","Population-14839695","14839695.00"
"Netherlands","NLD","SP.POP.TOTL","Population-13941700","13941700.00"
"New Caledonia","NCL","SP.POP.TOTL","Population-146392","146392.00"
"New Zealand","NZL","SP.POP.TOTL","Population-3121200","3121200.00"
"Nicaragua","NIC","SP.POP.TOTL","Population-3080314","3080314.00"
"Niger","NER","SP.POP.TOTL","Population-5782932","5782932.00"
"Nigeria","NGA","SP.POP.TOTL","Population-69326532","69326532.00"
"North America","NAC","SP.POP.TOTL","Population-246601634","246601634.00"
"North Macedonia","MKD","SP.POP.TOTL","Population-1879847","1879847.00"
"Northern Mariana Islands","MNP","SP.POP.TOTL","Population-16130","16130.00"
"Norway","NOR","SP.POP.TOTL","Population-4058671","4058671.00"
"OECD members","OED","SP.POP.TOTL","Population-1000355869","1000355869.00"
"Oman","OMN","SP.POP.TOTL","Population-900304","900304.00"
"Other small states","OSS","SP.POP.TOTL","Population-7504109","7504109.00"
"Pacific island small states","PSS","SP.POP.TOTL","Population-1390784","1390784.00"
"Pakistan","PAK","SP.POP.TOTL","Population-76307379","76307379.00"
"Palau","PLW","SP.POP.TOTL","Population-12440","12440.00"
"Panama","PAN","SP.POP.TOTL","Population-1866311","1866311.00"
"Papua New Guinea","PNG","SP.POP.TOTL","Population-3003714","3003714.00"
"Paraguay","PRY","SP.POP.TOTL","Population-2899269","2899269.00"
"Peru","PER","SP.POP.TOTL","Population-16516059","16516059.00"
"Philippines","PHL","SP.POP.TOTL","Population-45575281","45575281.00"
"Poland","POL","SP.POP.TOTL","Population-34965600","34965600.00"
"Portugal","PRT","SP.POP.TOTL","Population-9558250","9558250.00"
"Post-demographic dividend","PST","SP.POP.TOTL","Population-897398355","897398355.00"
"Pre-demographic dividend","PRE","SP.POP.TOTL","Population-304240149","304240149.00"
"Puerto Rico","PRI","SP.POP.TOTL","Population-3129421","3129421.00"
"Qatar","QAT","SP.POP.TOTL","Population-241808","241808.00"
"Romania","ROU","SP.POP.TOTL","Population-21951464","21951464.00"
"Russian Federation","RUS","SP.POP.TOTL","Population-137060000","137060000.00"
"Rwanda","RWA","SP.POP.TOTL","Population-5035171","5035171.00"
"Samoa","WSM","SP.POP.TOTL","Population-161375","161375.00"
"San Marino","SMR","SP.POP.TOTL","Population-21026","21026.00"
"Sao Tome and Principe","STP","SP.POP.TOTL","Population-93794","93794.00"
"Saudi Arabia","SAU","SP.POP.TOTL","Population-5381902","5381902.00"
"Senegal","SEN","SP.POP.TOTL","Population-5568096","5568096.00"
"Serbia","SRB","SP.POP.TOTL","Population-7504017","7504017.00"
"Seychelles","SYC","SP.POP.TOTL","Population-62150","62150.00"
"Sierra Leone","SLE","SP.POP.TOTL","Population-3145517","3145517.00"
"Singapore","SGP","SP.POP.TOTL","Population-2353600","2353600.00"
"Sint Maarten (Dutch part)","SXM","SP.POP.TOTL","Population-11039","11039.00"
"Slovak Republic","SVK","SP.POP.TOTL","Population-4890125","4890125.00"
"Slovenia","SVN","SP.POP.TOTL","Population-1862548","1862548.00"
"Small states","SST","SP.POP.TOTL","Population-11149899","11149899.00"
"Solomon Islands","SLB","SP.POP.TOTL","Population-222029","222029.00"
"Somalia","SOM","SP.POP.TOTL","Population-4814892","4814892.00"
"South Africa","ZAF","SP.POP.TOTL","Population-27869507","27869507.00"
"South Asia","SAS","SP.POP.TOTL","Population-859247929","859247929.00"
"South Asia (IDA & IBRD)","TSA","SP.POP.TOTL","Population-859247929","859247929.00"
"South Sudan","SSD","SP.POP.TOTL","Population-4127657","4127657.00"
"Spain","ESP","SP.POP.TOTL","Population-36864898","36864898.00"
"Sri Lanka","LKA","SP.POP.TOTL","Population-14310128","14310128.00"
"St. Kitts and Nevis","KNA","SP.POP.TOTL","Population-43217","43217.00"
"St. Lucia","LCA","SP.POP.TOTL","Population-115834","115834.00"
"St. Martin (French part)","MAF","SP.POP.TOTL","Population-7822","7822.00"
"St. Vincent and the Grenadines","VCT","SP.POP.TOTL","Population-102775","102775.00"
"Sub-Saharan Africa","SSF","SP.POP.TOTL","Population-367476902","367476902.00"
"Sub-Saharan Africa (excluding high income)","SSA","SP.POP.TOTL","Population-367414752","367414752.00"
"Sub-Saharan Africa (IDA & IBRD countries)","TSS","SP.POP.TOTL","Population-367476902","367476902.00"
"Sudan","SDN","SP.POP.TOTL","Population-15695003","15695003.00"
"Suriname","SUR","SP.POP.TOTL","Population-381502","381502.00"
