"```csv"
"Year_Report","Annual_Launch_Permits_Issued","Daily_Launch_Authorizations","Boat_Rentals_Count","Leonard_Springs_Participation","Griffy_Lake_Participation"
"Year 1999","28 permits","549 Daily","2405","",""
"Year 2000","32 permits","529 Daily","2201","",""
"Year 2001","35 permits","442 Daily","2441","",""
"Year 2002","24 permits","466 Daily","1767","",""
"Year 2003","19 permits","453 Daily","1625","",""
"Year 2004","31 permits","653 Daily","2996","",""
"Year 2005","15 permits","271 Daily","2986","",""
"Year 2006","0 permits","0 Daily","3058","",""
"Year 2007","66 permits","753 Daily","3794","",""
"Year 2008","74 permits","655 Daily","3746","1.9K",""
"Year 2009","45 permits","615 Daily","4309","1.8K","0.6K"
"Year 2010","44 permits","445 Daily","3105","1.7K","0.6K"
"Year 2011","43 permits","417 Daily","2507","1.6K","1.0K"
"Year 2012","0 permits","405 Daily","1447","1.5K","2.0K"
"Year 2013","0 permits","0 Daily","0","1.7K","1.7K"
"Year 2014","32 permits","260 Daily","4452","1.5K","1.3K"
"Year 2015","68 permits","447 Daily","6048","1.5K","1.8K"
"Year 2016","79 permits","766 Daily","5653","1.5K","1.6K"
"Year 2017","106 permits","829 Daily","5946","1.4K","1.7K"
"Year 2018","109 permits","790 Daily","5624","1.7K","1.6K"
"```"
