Year,2019,Unnamed: 2,Unnamed: 3,Unnamed: 4
,,,,
Sum of Population,,,Indicator Name,
Country Name,Country Code,Indicator Code,"Population, total",Grand Total
Afghanistan,AFG,SP.POP.TOTL,37856121,37856121
Africa Eastern and Southern,AFE,SP.POP.TOTL,675950189,675950189
Africa Western and Central,AFW,SP.POP.TOTL,463365429,463365429
Albania,ALB,SP.POP.TOTL,2854191,2854191
Algeria,DZA,SP.POP.TOTL,43294546,43294546
American Samoa,ASM,SP.POP.TOTL,50209,50209
Andorra,AND,SP.POP.TOTL,76474,76474
Angola,AGO,SP.POP.TOTL,32375632,32375632
Antigua and Barbuda,ATG,SP.POP.TOTL,91364,91364
Arab World,ARB,SP.POP.TOTL,444281315,444281315
Argentina,ARG,SP.POP.TOTL,44973465,44973465
Armenia,ARM,SP.POP.TOTL,2962500,2962500
Aruba,ABW,SP.POP.TOTL,109203,109203
Australia,AUS,SP.POP.TOTL,25334826,25334826
Austria,AUT,SP.POP.TOTL,8879920,8879920
Azerbaijan,AZE,SP.POP.TOTL,10024283,10024283
"Bahamas, The",BHS,SP.POP.TOTL,394675,394675
Bahrain,BHR,SP.POP.TOTL,1483756,1483756
Bangladesh,BGD,SP.POP.TOTL,164913055,164913055
Barbados,BRB,SP.POP.TOTL,281207,281207
Belarus,BLR,SP.POP.TOTL,9419758,9419758
Belgium,BEL,SP.POP.TOTL,11488980,11488980
Belize,BLZ,SP.POP.TOTL,385829,385829
Benin,BEN,SP.POP.TOTL,12726755,12726755
Bermuda,BMU,SP.POP.TOTL,64107,64107
Bhutan,BTN,SP.POP.TOTL,764824,764824
Bolivia,BOL,SP.POP.TOTL,11671386,11671386
Bosnia and Herzegovina,BIH,SP.POP.TOTL,3345533,3345533
Botswana,BWA,SP.POP.TOTL,2332083,2332083
Brazil,BRA,SP.POP.TOTL,207455459,207455459
British Virgin Islands,VGB,SP.POP.TOTL,36395,36395
Brunei Darussalam,BRN,SP.POP.TOTL,442680,442680
Bulgaria,BGR,SP.POP.TOTL,6975761,6975761
Burkina Faso,BFA,SP.POP.TOTL,20961952,20961952
Burundi,BDI,SP.POP.TOTL,12255336,12255336
Cabo Verde,CPV,SP.POP.TOTL,514104,514104
Cambodia,KHM,SP.POP.TOTL,16481304,16481304
Cameroon,CMR,SP.POP.TOTL,25506095,25506095
Canada,CAN,SP.POP.TOTL,37618495,37618495
Caribbean small states,CSS,SP.POP.TOTL,3079149,3079149
Cayman Islands,CYM,SP.POP.TOTL,67327,67327
Central African Republic,CAF,SP.POP.TOTL,4944703,4944703
Central Europe and the Baltics,CEB,SP.POP.TOTL,102282674,102282674
Chad,TCD,SP.POP.TOTL,16685223,16685223
Channel Islands,CHI,SP.POP.TOTL,165639,165639
Chile,CHL,SP.POP.TOTL,19197744,19197744
China,CHN,SP.POP.TOTL,1407745000,1407745000
Colombia,COL,SP.POP.TOTL,49907985,49907985
Comoros,COM,SP.POP.TOTL,786578,786578
"Congo, Dem. Rep.",COD,SP.POP.TOTL,92947442,92947442
"Congo, Rep.",COG,SP.POP.TOTL,5616661,5616661
Costa Rica,CRI,SP.POP.TOTL,4999553,4999553
Cote d'Ivoire,CIV,SP.POP.TOTL,28193009,28193009
Croatia,HRV,SP.POP.TOTL,3949390,3949390
Cuba,CUB,SP.POP.TOTL,11202846,11202846
Curacao,CUW,SP.POP.TOTL,157441,157441
Cyprus,CYP,SP.POP.TOTL,1286671,1286671
Czechia,CZE,SP.POP.TOTL,10671870,10671870
Denmark,DNK,SP.POP.TOTL,5814422,5814422
Djibouti,DJI,SP.POP.TOTL,1088709,1088709
Dominica,DMA,SP.POP.TOTL,67880,67880
Dominican Republic,DOM,SP.POP.TOTL,10894043,10894043
Early-demographic dividend,EAR,SP.POP.TOTL,3355014793,3355014793
East Asia & Pacific,EAS,SP.POP.TOTL,2359771090,2359771090
East Asia & Pacific (excluding high income),EAP,SP.POP.TOTL,2112289891,2112289891
East Asia & Pacific (IDA & IBRD countries),TEA,SP.POP.TOTL,2086281644,2086281644
Ecuador,ECU,SP.POP.TOTL,17340021,17340021
"Egypt, Arab Rep.",EGY,SP.POP.TOTL,107553158,107553158
El Salvador,SLV,SP.POP.TOTL,6222318,6222318
Equatorial Guinea,GNQ,SP.POP.TOTL,1670177,1670177
Eritrea,ERI,SP.POP.TOTL,3240194,3240194
Estonia,EST,SP.POP.TOTL,1326898,1326898
Eswatini,SWZ,SP.POP.TOTL,1179874,1179874
Ethiopia,ETH,SP.POP.TOTL,115737383,115737383
Euro area,EMU,SP.POP.TOTL,346454019,346454019
Europe & Central Asia,ECS,SP.POP.TOTL,922811778,922811778
Europe & Central Asia (excluding high income),ECA,SP.POP.TOTL,248858341,248858341
Europe & Central Asia (IDA & IBRD countries),TEC,SP.POP.TOTL,462573906,462573906
European Union,EUU,SP.POP.TOTL,447303223,447303223
Faroe Islands,FRO,SP.POP.TOTL,51795,51795
Fiji,FJI,SP.POP.TOTL,914899,914899
Finland,FIN,SP.POP.TOTL,5521606,5521606
Fragile and conflict affected situations,FCS,SP.POP.TOTL,974824119,974824119
France,FRA,SP.POP.TOTL,67382061,67382061
French Polynesia,PYF,SP.POP.TOTL,279034,279034
Gabon,GAB,SP.POP.TOTL,2267706,2267706
"Gambia, The",GMB,SP.POP.TOTL,2456844,2456844
Georgia,GEO,SP.POP.TOTL,3720161,3720161
Germany,DEU,SP.POP.TOTL,83092962,83092962
Ghana,GHA,SP.POP.TOTL,31258945,31258945
Gibraltar,GIB,SP.POP.TOTL,35494,35494
Greece,GRC,SP.POP.TOTL,10721582,10721582
Greenland,GRL,SP.POP.TOTL,56225,56225
Grenada,GRD,SP.POP.TOTL,115981,115981
Guam,GUM,SP.POP.TOTL,161808,161808
Guatemala,GTM,SP.POP.TOTL,17103803,17103803
Guinea,GIN,SP.POP.TOTL,13034346,13034346
Guinea-Bissau,GNB,SP.POP.TOTL,1967696,1967696
Guyana,GUY,SP.POP.TOTL,807665,807665
Haiti,HTI,SP.POP.TOTL,11105163,11105163
Heavily indebted poor countries (HIPC),HPC,SP.POP.TOTL,824649053,824649053
High income,HIC,SP.POP.TOTL,1383372477,1383372477
Honduras,HND,SP.POP.TOTL,9943633,9943633
"Hong Kong SAR, China",HKG,SP.POP.TOTL,7507900,7507900
Hungary,HUN,SP.POP.TOTL,9771141,9771141
IBRD only,IBD,SP.POP.TOTL,4845715724,4845715724
Iceland,ISL,SP.POP.TOTL,360563,360563
IDA & IBRD total,IBT,SP.POP.TOTL,6594857152,6594857152
IDA blend,IDB,SP.POP.TOTL,585824310,585824310
IDA only,IDX,SP.POP.TOTL,1163317118,1163317118
IDA total,IDA,SP.POP.TOTL,1749141428,1749141428
India,IND,SP.POP.TOTL,1389030312,1389030312
Indonesia,IDN,SP.POP.TOTL,272489381,272489381
"Iran, Islamic Rep.",IRN,SP.POP.TOTL,87051648,87051648
Iraq,IRQ,SP.POP.TOTL,41192171,41192171
Ireland,IRL,SP.POP.TOTL,4934340,4934340
Isle of Man,IMN,SP.POP.TOTL,83957,83957
Israel,ISR,SP.POP.TOTL,9054000,9054000
Italy,ITA,SP.POP.TOTL,59729081,59729081
Jamaica,JAM,SP.POP.TOTL,2823271,2823271
Japan,JPN,SP.POP.TOTL,126633000,126633000
Jordan,JOR,SP.POP.TOTL,10671891,10671891
Kazakhstan,KAZ,SP.POP.TOTL,19209555,19209555
Kenya,KEN,SP.POP.TOTL,51202827,51202827
Kiribati,KIR,SP.POP.TOTL,123921,123921
"Korea, Dem. People's Rep.",PRK,SP.POP.TOTL,26037632,26037632
"Korea, Rep.",KOR,SP.POP.TOTL,51764822,51764822
Kosovo,XKX,SP.POP.TOTL,1788891,1788891
Kuwait,KWT,SP.POP.TOTL,4442316,4442316
Kyrgyz Republic,KGZ,SP.POP.TOTL,6590211,6590211
Lao PDR,LAO,SP.POP.TOTL,7237636,7237636
Late-demographic dividend,LTE,SP.POP.TOTL,2309008599,2309008599
Latin America & Caribbean,LCN,SP.POP.TOTL,640853375,640853375
Latin America & Caribbean (excluding high income),LAC,SP.POP.TOTL,578311232,578311232
Latin America & the Caribbean (IDA & IBRD countries),TLA,SP.POP.TOTL,625467307,625467307
Latvia,LVA,SP.POP.TOTL,1913822,1913822
Least developed countries: UN classification,LDC,SP.POP.TOTL,1058013514,1058013514
Lebanon,LBN,SP.POP.TOTL,5794594,5794594
Lesotho,LSO,SP.POP.TOTL,2209405,2209405
Liberia,LBR,SP.POP.TOTL,5043721,5043721
Libya,LBY,SP.POP.TOTL,6951033,6951033
Liechtenstein,LIE,SP.POP.TOTL,38563,38563
Lithuania,LTU,SP.POP.TOTL,2794137,2794137
Low & middle income,LMY,SP.POP.TOTL,6364581440,6364581440
Low income,LIC,SP.POP.TOTL,660718366,660718366
Lower middle income,LMC,SP.POP.TOTL,2926690682,2926690682
Luxembourg,LUX,SP.POP.TOTL,620001,620001
"Macao SAR, China",MAC,SP.POP.TOTL,672000,672000
Madagascar,MDG,SP.POP.TOTL,28219554,28219554
Malawi,MWI,SP.POP.TOTL,19025752,19025752
Malaysia,MYS,SP.POP.TOTL,33440596,33440596
Maldives,MDV,SP.POP.TOTL,487731,487731
Mali,MLI,SP.POP.TOTL,21068405,21068405
Malta,MLT,SP.POP.TOTL,504062,504062
Marshall Islands,MHL,SP.POP.TOTL,44007,44007
Mauritania,MRT,SP.POP.TOTL,4467708,4467708
Mauritius,MUS,SP.POP.TOTL,1265985,1265985
Mexico,MEX,SP.POP.TOTL,125762982,125762982
"Micronesia, Fed. Sts.",FSM,SP.POP.TOTL,110282,110282
Middle East & North Africa,MEA,SP.POP.TOTL,474057593,474057593
Middle East & North Africa (excluding high income),MNA,SP.POP.TOTL,411833977,411833977
Middle East & North Africa (IDA & IBRD countries),TMN,SP.POP.TOTL,407148671,407148671
Middle income,MIC,SP.POP.TOTL,5703863074,5703863074
Moldova,MDA,SP.POP.TOTL,2664224,2664224
Monaco,MCO,SP.POP.TOTL,38109,38109
Mongolia,MNG,SP.POP.TOTL,3267673,3267673
Montenegro,MNE,SP.POP.TOTL,622028,622028
Morocco,MAR,SP.POP.TOTL,36210898,36210898
Mozambique,MOZ,SP.POP.TOTL,29884380,29884380
Myanmar,MMR,SP.POP.TOTL,52640713,52640713
Namibia,NAM,SP.POP.TOTL,2650494,2650494
Nauru,NRU,SP.POP.TOTL,11587,11587
Nepal,NPL,SP.POP.TOTL,28414064,28414064
Netherlands,NLD,SP.POP.TOTL,17344874,17344874
New Caledonia,NCL,SP.POP.TOTL,283606,283606
New Zealand,NZL,SP.POP.TOTL,4979200,4979200
Nicaragua,NIC,SP.POP.TOTL,6483657,6483657
Niger,NER,SP.POP.TOTL,22947757,22947757
Nigeria,NGA,SP.POP.TOTL,209485641,209485641
North America,NAC,SP.POP.TOTL,366012555,366012555
North Macedonia,MKD,SP.POP.TOTL,1876262,1876262
Northern Mariana Islands,MNP,SP.POP.TOTL,48129,48129
Norway,NOR,SP.POP.TOTL,5347896,5347896
OECD members,OED,SP.POP.TOTL,1362497757,1362497757
Oman,OMN,SP.POP.TOTL,4591241,4591241
Other small states,OSS,SP.POP.TOTL,13761088,13761088
Pacific island small states,PSS,SP.POP.TOTL,2568656,2568656
Pakistan,PAK,SP.POP.TOTL,230800899,230800899
Palau,PLW,SP.POP.TOTL,17798,17798
Panama,PAN,SP.POP.TOTL,4234700,4234700
Papua New Guinea,PNG,SP.POP.TOTL,9609010,9609010
Paraguay,PRY,SP.POP.TOTL,6515058,6515058
Peru,PER,SP.POP.TOTL,32449303,32449303
Philippines,PHL,SP.POP.TOTL,110804683,110804683
Poland,POL,SP.POP.TOTL,37965475,37965475
Portugal,PRT,SP.POP.TOTL,10286263,10286263
Post-demographic dividend,PST,SP.POP.TOTL,1113651656,1113651656
Pre-demographic dividend,PRE,SP.POP.TOTL,972302503,972302503
Puerto Rico,PRI,SP.POP.TOTL,3193694,3193694
Qatar,QAT,SP.POP.TOTL,2638657,2638657
Romania,ROU,SP.POP.TOTL,19371648,19371648
Russian Federation,RUS,SP.POP.TOTL,145453291,145453291
Rwanda,RWA,SP.POP.TOTL,12776103,12776103
Samoa,WSM,SP.POP.TOTL,209780,209780
San Marino,SMR,SP.POP.TOTL,34663,34663
Sao Tome and Principe,STP,SP.POP.TOTL,213392,213392
Saudi Arabia,SAU,SP.POP.TOTL,30063799,30063799
Senegal,SEN,SP.POP.TOTL,16352922,16352922
Serbia,SRB,SP.POP.TOTL,6945235,6945235
Seychelles,SYC,SP.POP.TOTL,97625,97625
Sierra Leone,SLE,SP.POP.TOTL,7731991,7731991
Singapore,SGP,SP.POP.TOTL,5703569,5703569
Sint Maarten (Dutch part),SXM,SP.POP.TOTL,40385,40385
Slovak Republic,SVK,SP.POP.TOTL,5454147,5454147
Slovenia,SVN,SP.POP.TOTL,2088385,2088385
Small states,SST,SP.POP.TOTL,19408893,19408893
Solomon Islands,SLB,SP.POP.TOTL,728147,728147
Somalia,SOM,SP.POP.TOTL,16030971,16030971
South Africa,ZAF,SP.POP.TOTL,59587885,59587885
South Asia,SAS,SP.POP.TOTL,1874070006,1874070006
South Asia (IDA & IBRD),TSA,SP.POP.TOTL,1874070006,1874070006
South Sudan,SSD,SP.POP.TOTL,10423384,10423384
Spain,ESP,SP.POP.TOTL,47134837,47134837
Sri Lanka,LKA,SP.POP.TOTL,21803000,21803000
St. Kitts and Nevis,KNA,SP.POP.TOTL,46952,46952
St. Lucia,LCA,SP.POP.TOTL,177661,177661
St. Martin (French part),MAF,SP.POP.TOTL,34267,34267
St. Vincent and the Grenadines,VCT,SP.POP.TOTL,104167,104167
Sub-Saharan Africa,SSF,SP.POP.TOTL,1139315618,1139315618
Sub-Saharan Africa (excluding high income),SSA,SP.POP.TOTL,1139217993,1139217993
Sub-Saharan Africa (IDA & IBRD countries),TSS,SP.POP.TOTL,1139315618,1139315618
Sudan,SDN,SP.POP.TOTL,45548175,45548175
Suriname,SUR,SP.POP.TOTL,605768,605768
Sweden,SWE,SP.POP.TOTL,10278887,10278887
Switzerland,CHE,SP.POP.TOTL,8575280,8575280
Syrian Arab Republic,SYR,SP.POP.TOTL,20353534,20353534
Tajikistan,TJK,SP.POP.TOTL,9529966,9529966
Tanzania,TZA,SP.POP.TOTL,59174891,59174891
Thailand,THA,SP.POP.TOTL,71522271,71522271
Timor-Leste,TLS,SP.POP.TOTL,1300945,1300945
Togo,TGO,SP.POP.TOTL,8463068,8463068
Tonga,TON,SP.POP.TOTL,105669,105669
Trinidad and Tobago,TTO,SP.POP.TOTL,1363985,1363985
Tunisia,TUN,SP.POP.TOTL,11875081,11875081
Turkiye,TUR,SP.POP.TOTL,82579440,82579440
Turkmenistan,TKM,SP.POP.TOTL,6803944,6803944
Turks and Caicos Islands,TCA,SP.POP.TOTL,43166,43166
Tuvalu,TUV,SP.POP.TOTL,10581,10581
Uganda,UGA,SP.POP.TOTL,42999637,42999637
Ukraine,UKR,SP.POP.TOTL,44957458,44957458
United Arab Emirates,ARE,SP.POP.TOTL,9445785,9445785
United Kingdom,GBR,SP.POP.TOTL,66836327,66836327
United States,USA,SP.POP.TOTL,328329953,328329953
Upper middle income,UMC,SP.POP.TOTL,2777172392,2777172392
Uruguay,URY,SP.POP.TOTL,3397206,3397206
Uzbekistan,UZB,SP.POP.TOTL,32964701,32964701
Vanuatu,VUT,SP.POP.TOTL,291985,291985
"Venezuela, RB",VEN,SP.POP.TOTL,28938098,28938098
Viet Nam,VNM,SP.POP.TOTL,97173776,97173776
Virgin Islands (U.S.),VIR,SP.POP.TOTL,106669,106669
West Bank and Gaza,PSE,SP.POP.TOTL,4685306,4685306
World,WLD,SP.POP.TOTL,7776892015,7776892015
"Yemen, Rep.",YEM,SP.POP.TOTL,35111408,35111408
Zambia,ZMB,SP.POP.TOTL,18513839,18513839
Zimbabwe,ZWE,SP.POP.TOTL,15271368,15271368
Grand Total,,,83636124392,83636124392
