Year,2005,Unnamed: 2,Unnamed: 3,Unnamed: 4
,,,,
Sum of Population,,,Indicator Name,
Country Name,Country Code,Indicator Code,"Population, total",Grand Total
Afghanistan,AFG,SP.POP.TOTL,24404567,24404567
Africa Eastern and Southern,AFE,SP.POP.TOTL,463076637,463076637
Africa Western and Central,AFW,SP.POP.TOTL,316588476,316588476
Albania,ALB,SP.POP.TOTL,3011487,3011487
Algeria,DZA,SP.POP.TOTL,33109249,33109249
American Samoa,ASM,SP.POP.TOTL,56617,56617
Andorra,AND,SP.POP.TOTL,77421,77421
Angola,AGO,SP.POP.TOTL,19291161,19291161
Antigua and Barbuda,ATG,SP.POP.TOTL,79611,79611
Arab World,ARB,SP.POP.TOTL,322628451,322628451
Argentina,ARG,SP.POP.TOTL,39216789,39216789
Armenia,ARM,SP.POP.TOTL,3146400,3146400
Aruba,ABW,SP.POP.TOTL,97635,97635
Australia,AUS,SP.POP.TOTL,20176844,20176844
Austria,AUT,SP.POP.TOTL,8227829,8227829
Azerbaijan,AZE,SP.POP.TOTL,8391850,8391850
"Bahamas, The",BHS,SP.POP.TOTL,343894,343894
Bahrain,BHR,SP.POP.TOTL,888822,888822
Bangladesh,BGD,SP.POP.TOTL,144715786,144715786
Barbados,BRB,SP.POP.TOTL,268706,268706
Belarus,BLR,SP.POP.TOTL,9663915,9663915
Belgium,BEL,SP.POP.TOTL,10478617,10478617
Belize,BLZ,SP.POP.TOTL,279731,279731
Benin,BEN,SP.POP.TOTL,8426144,8426144
Bermuda,BMU,SP.POP.TOTL,62711,62711
Bhutan,BTN,SP.POP.TOTL,661865,661865
Bolivia,BOL,SP.POP.TOTL,9360754,9360754
Bosnia and Herzegovina,BIH,SP.POP.TOTL,4096493,4096493
Botswana,BWA,SP.POP.TOTL,1839877,1839877
Brazil,BRA,SP.POP.TOTL,184688101,184688101
British Virgin Islands,VGB,SP.POP.TOTL,23665,23665
Brunei Darussalam,BRN,SP.POP.TOTL,358916,358916
Bulgaria,BGR,SP.POP.TOTL,7658972,7658972
Burkina Faso,BFA,SP.POP.TOTL,13932123,13932123
Burundi,BDI,SP.POP.TOTL,7587299,7587299
Cabo Verde,CPV,SP.POP.TOTL,485115,485115
Cambodia,KHM,SP.POP.TOTL,13439202,13439202
Cameroon,CMR,SP.POP.TOTL,17074594,17074594
Canada,CAN,SP.POP.TOTL,32242732,32242732
Caribbean small states,CSS,SP.POP.TOTL,2754974,2754974
Cayman Islands,CYM,SP.POP.TOTL,46788,46788
Central African Republic,CAF,SP.POP.TOTL,4288810,4288810
Central Europe and the Baltics,CEB,SP.POP.TOTL,106041911,106041911
Chad,TCD,SP.POP.TOTL,10328092,10328092
Channel Islands,CHI,SP.POP.TOTL,153126,153126
Chile,CHL,SP.POP.TOTL,16348778,16348778
China,CHN,SP.POP.TOTL,1303720000,1303720000
Colombia,COL,SP.POP.TOTL,42128977,42128977
Comoros,COM,SP.POP.TOTL,592677,592677
"Congo, Dem. Rep.",COD,SP.POP.TOTL,58775724,58775724
"Congo, Rep.",COG,SP.POP.TOTL,3696393,3696393
Costa Rica,CRI,SP.POP.TOTL,4261240,4261240
Cote d'Ivoire,CIV,SP.POP.TOTL,20068458,20068458
Croatia,HRV,SP.POP.TOTL,4310145,4310145
Cuba,CUB,SP.POP.TOTL,11262554,11262554
Curacao,CUW,SP.POP.TOTL,137658,137658
Cyprus,CYP,SP.POP.TOTL,1036151,1036151
Czechia,CZE,SP.POP.TOTL,10211216,10211216
Denmark,DNK,SP.POP.TOTL,5419432,5419432
Djibouti,DJI,SP.POP.TOTL,839167,839167
Dominica,DMA,SP.POP.TOTL,68734,68734
Dominican Republic,DOM,SP.POP.TOTL,9225034,9225034
Early-demographic dividend,EAR,SP.POP.TOTL,2738846905,2738846905
East Asia & Pacific,EAS,SP.POP.TOTL,2134573057,2134573057
East Asia & Pacific (excluding high income),EAP,SP.POP.TOTL,1898853723,1898853723
East Asia & Pacific (IDA & IBRD countries),TEA,SP.POP.TOTL,1874487158,1874487158
Ecuador,ECU,SP.POP.TOTL,13846163,13846163
"Egypt, Arab Rep.",EGY,SP.POP.TOTL,81101004,81101004
El Salvador,SLV,SP.POP.TOTL,6005578,6005578
Equatorial Guinea,GNQ,SP.POP.TOTL,947367,947367
Eritrea,ERI,SP.POP.TOTL,2661215,2661215
Estonia,EST,SP.POP.TOTL,1354775,1354775
Eswatini,SWZ,SP.POP.TOTL,1079022,1079022
Ethiopia,ETH,SP.POP.TOTL,78367470,78367470
Euro area,EMU,SP.POP.TOTL,333700554,333700554
Europe & Central Asia,ECS,SP.POP.TOTL,875366720.5,875366720.5
Europe & Central Asia (excluding high income),ECA,SP.POP.TOTL,223360134.5,223360134.5
Europe & Central Asia (IDA & IBRD countries),TEC,SP.POP.TOTL,438333195.5,438333195.5
European Union,EUU,SP.POP.TOTL,435591941,435591941
Faroe Islands,FRO,SP.POP.TOTL,48359,48359
Fiji,FJI,SP.POP.TOTL,882379,882379
Finland,FIN,SP.POP.TOTL,5246096,5246096
Fragile and conflict affected situations,FCS,SP.POP.TOTL,702638957,702638957
France,FRA,SP.POP.TOTL,63180854,63180854
French Polynesia,PYF,SP.POP.TOTL,259507,259507
Gabon,GAB,SP.POP.TOTL,1463495,1463495
"Gambia, The",GMB,SP.POP.TOTL,1667037,1667037
Georgia,GEO,SP.POP.TOTL,3902469,3902469
Germany,DEU,SP.POP.TOTL,82469422,82469422
Ghana,GHA,SP.POP.TOTL,22449438,22449438
Gibraltar,GIB,SP.POP.TOTL,29163,29163
Greece,GRC,SP.POP.TOTL,10987314,10987314
Greenland,GRL,SP.POP.TOTL,56935,56935
Grenada,GRD,SP.POP.TOTL,109734,109734
Guam,GUM,SP.POP.TOTL,164365,164365
Guatemala,GTM,SP.POP.TOTL,13087629,13087629
Guinea,GIN,SP.POP.TOTL,9245844,9245844
Guinea-Bissau,GNB,SP.POP.TOTL,1381585,1381585
Guyana,GUY,SP.POP.TOTL,760914,760914
Haiti,HTI,SP.POP.TOTL,9061273,9061273
Heavily indebted poor countries (HIPC),HPC,SP.POP.TOTL,555358929,555358929
High income,HIC,SP.POP.TOTL,1284667419,1284667419
Honduras,HND,SP.POP.TOTL,7478355,7478355
"Hong Kong SAR, China",HKG,SP.POP.TOTL,6813200,6813200
Hungary,HUN,SP.POP.TOTL,10087065,10087065
IBRD only,IBD,SP.POP.TOTL,4214082145,4214082145
Iceland,ISL,SP.POP.TOTL,296734,296734
IDA & IBRD total,IBT,SP.POP.TOTL,5492481029.5,5492481029.5
IDA blend,IDB,SP.POP.TOTL,427064487,427064487
IDA only,IDX,SP.POP.TOTL,851334397.5,851334397.5
IDA total,IDA,SP.POP.TOTL,1278398884.5,1278398884.5
India,IND,SP.POP.TOTL,1154676322,1154676322
Indonesia,IDN,SP.POP.TOTL,230871650,230871650
"Iran, Islamic Rep.",IRN,SP.POP.TOTL,71828455,71828455
Iraq,IRQ,SP.POP.TOTL,28407448,28407448
Ireland,IRL,SP.POP.TOTL,4159914,4159914
Isle of Man,IMN,SP.POP.TOTL,79516,79516
Israel,ISR,SP.POP.TOTL,6930100,6930100
Italy,ITA,SP.POP.TOTL,57969484,57969484
Jamaica,JAM,SP.POP.TOTL,2687066,2687066
Japan,JPN,SP.POP.TOTL,127773000,127773000
Jordan,JOR,SP.POP.TOTL,6029587,6029587
Kazakhstan,KAZ,SP.POP.TOTL,15968117,15968117
Kenya,KEN,SP.POP.TOTL,35796484,35796484
Kiribati,KIR,SP.POP.TOTL,98035,98035
"Korea, Dem. People's Rep.",PRK,SP.POP.TOTL,24396433,24396433
"Korea, Rep.",KOR,SP.POP.TOTL,48184561,48184561
Kosovo,XKX,SP.POP.TOTL,1818354,1818354
Kuwait,KWT,SP.POP.TOTL,2236788,2236788
Kyrgyz Republic,KGZ,SP.POP.TOTL,5162639.5,5162639.5
Lao PDR,LAO,SP.POP.TOTL,5869523,5869523
Late-demographic dividend,LTE,SP.POP.TOTL,2112603350.5,2112603350.5
Latin America & Caribbean,LCN,SP.POP.TOTL,555120780,555120780
Latin America & Caribbean (excluding high income),LAC,SP.POP.TOTL,498267811,498267811
Latin America & the Caribbean (IDA & IBRD countries),TLA,SP.POP.TOTL,539188798,539188798
Latvia,LVA,SP.POP.TOTL,2238799,2238799
Least developed countries: UN classification,LDC,SP.POP.TOTL,760741611,760741611
Lebanon,LBN,SP.POP.TOTL,4671102,4671102
Lesotho,LSO,SP.POP.TOTL,1953076,1953076
Liberia,LBR,SP.POP.TOTL,3301015,3301015
Libya,LBY,SP.POP.TOTL,5858798,5858798
Liechtenstein,LIE,SP.POP.TOTL,34753,34753
Lithuania,LTU,SP.POP.TOTL,3322528,3322528
Low & middle income,LMY,SP.POP.TOTL,5264191084.5,5264191084.5
Low income,LIC,SP.POP.TOTL,450155667,450155667
Lower middle income,LMC,SP.POP.TOTL,2335616862.5,2335616862.5
Luxembourg,LUX,SP.POP.TOTL,465158,465158
"Macao SAR, China",MAC,SP.POP.TOTL,473500,473500
Madagascar,MDG,SP.POP.TOTL,19159707,19159707
Malawi,MWI,SP.POP.TOTL,12840031,12840031
Malaysia,MYS,SP.POP.TOTL,25836071,25836071
Maldives,MDV,SP.POP.TOTL,306429,306429
Mali,MLI,SP.POP.TOTL,13538647,13538647
Malta,MLT,SP.POP.TOTL,403834,403834
Marshall Islands,MHL,SP.POP.TOTL,51906,51906
Mauritania,MRT,SP.POP.TOTL,2939059,2939059
Mauritius,MUS,SP.POP.TOTL,1228254,1228254
Mexico,MEX,SP.POP.TOTL,105811504,105811504
"Micronesia, Fed. Sts.",FSM,SP.POP.TOTL,111412,111412
Middle East & North Africa,MEA,SP.POP.TOTL,356352432,356352432
Middle East & North Africa (excluding high income),MNA,SP.POP.TOTL,317382998,317382998
Middle East & North Africa (IDA & IBRD countries),TMN,SP.POP.TOTL,314062602,314062602
Middle income,MIC,SP.POP.TOTL,4814035417.5,4814035417.5
Moldova,MDA,SP.POP.TOTL,2888985,2888985
Monaco,MCO,SP.POP.TOTL,32210,32210
Mongolia,MNG,SP.POP.TOTL,2536407,2536407
Montenegro,MNE,SP.POP.TOTL,614261,614261
Morocco,MAR,SP.POP.TOTL,30358144,30358144
Mozambique,MOZ,SP.POP.TOTL,20304569,20304569
Myanmar,MMR,SP.POP.TOTL,47438365,47438365
Namibia,NAM,SP.POP.TOTL,1966582,1966582
Nauru,NRU,SP.POP.TOTL,10049,10049
Nepal,NPL,SP.POP.TOTL,26309458,26309458
Netherlands,NLD,SP.POP.TOTL,16319868,16319868
New Caledonia,NCL,SP.POP.TOTL,244381,244381
New Zealand,NZL,SP.POP.TOTL,4133900,4133900
Nicaragua,NIC,SP.POP.TOTL,5342105,5342105
Niger,NER,SP.POP.TOTL,13756192,13756192
Nigeria,NGA,SP.POP.TOTL,145017253,145017253
North America,NAC,SP.POP.TOTL,327822042,327822042
North Macedonia,MKD,SP.POP.TOTL,2005330,2005330
Northern Mariana Islands,MNP,SP.POP.TOTL,62354,62354
Norway,NOR,SP.POP.TOTL,4623291,4623291
OECD members,OED,SP.POP.TOTL,1246459292,1246459292
Oman,OMN,SP.POP.TOTL,2459802,2459802
Other small states,OSS,SP.POP.TOTL,11368666,11368666
Pacific island small states,PSS,SP.POP.TOTL,2170029,2170029
Pakistan,PAK,SP.POP.TOTL,175453212,175453212
Palau,PLW,SP.POP.TOTL,19819,19819
Panama,PAN,SP.POP.TOTL,3313026,3313026
Papua New Guinea,PNG,SP.POP.TOTL,6535905,6535905
Paraguay,PRY,SP.POP.TOTL,5448097,5448097
Peru,PER,SP.POP.TOTL,28101180,28101180
Philippines,PHL,SP.POP.TOTL,88015962,88015962
Poland,POL,SP.POP.TOTL,38165445,38165445
Portugal,PRT,SP.POP.TOTL,10503330,10503330
Post-demographic dividend,PST,SP.POP.TOTL,1046942910,1046942910
Pre-demographic dividend,PRE,SP.POP.TOTL,651320620,651320620
Puerto Rico,PRI,SP.POP.TOTL,3821362,3821362
Qatar,QAT,SP.POP.TOTL,825408,825408
Romania,ROU,SP.POP.TOTL,21319685,21319685
Russian Federation,RUS,SP.POP.TOTL,143518814,143518814
Rwanda,RWA,SP.POP.TOTL,9054528,9054528
Samoa,WSM,SP.POP.TOTL,186978,186978
San Marino,SMR,SP.POP.TOTL,29836,29836
Sao Tome and Principe,STP,SP.POP.TOTL,161639,161639
Saudi Arabia,SAU,SP.POP.TOTL,20559890,20559890
Senegal,SEN,SP.POP.TOTL,11235472,11235472
Serbia,SRB,SP.POP.TOTL,7440769,7440769
Seychelles,SYC,SP.POP.TOTL,82858,82858
Sierra Leone,SLE,SP.POP.TOTL,5501712,5501712
Singapore,SGP,SP.POP.TOTL,4265762,4265762
Sint Maarten (Dutch part),SXM,SP.POP.TOTL,32057,32057
Slovak Republic,SVK,SP.POP.TOTL,5372807,5372807
Slovenia,SVN,SP.POP.TOTL,2000474,2000474
Small states,SST,SP.POP.TOTL,16293669,16293669
Solomon Islands,SLB,SP.POP.TOTL,483080,483080
Somalia,SOM,SP.POP.TOTL,10644228,10644228
South Africa,ZAF,SP.POP.TOTL,49490033,49490033
South Asia,SAS,SP.POP.TOTL,1546744163,1546744163
South Asia (IDA & IBRD),TSA,SP.POP.TOTL,1546744163,1546744163
South Sudan,SSD,SP.POP.TOTL,7590143,7590143
Spain,ESP,SP.POP.TOTL,43653155,43653155
Sri Lanka,LKA,SP.POP.TOTL,20216524,20216524
St. Kitts and Nevis,KNA,SP.POP.TOTL,46437,46437
St. Lucia,LCA,SP.POP.TOTL,165450,165450
St. Martin (French part),MAF,SP.POP.TOTL,33928,33928
St. Vincent and the Grenadines,VCT,SP.POP.TOTL,112450,112450
Sub-Saharan Africa,SSF,SP.POP.TOTL,779665113,779665113
Sub-Saharan Africa (excluding high income),SSA,SP.POP.TOTL,779582255,779582255
Sub-Saharan Africa (IDA & IBRD countries),TSS,SP.POP.TOTL,779665113,779665113
Sudan,SDN,SP.POP.TOTL,31262444,31262444
Suriname,SUR,SP.POP.TOTL,519313,519313
Sweden,SWE,SP.POP.TOTL,9029572,9029572
Switzerland,CHE,SP.POP.TOTL,7437115,7437115
Syrian Arab Republic,SYR,SP.POP.TOTL,18814091,18814091
Tajikistan,TJK,SP.POP.TOTL,6924720,6924720
Tanzania,TZA,SP.POP.TOTL,39182076,39182076
Thailand,THA,SP.POP.TOTL,66017420,66017420
Timor-Leste,TLS,SP.POP.TOTL,948311,948311
Togo,TGO,SP.POP.TOTL,5844631,5844631
Tonga,TON,SP.POP.TOTL,105671,105671
Trinidad and Tobago,TTO,SP.POP.TOTL,1294494,1294494
Tunisia,TUN,SP.POP.TOTL,10255472,10255472
Turkiye,TUR,SP.POP.TOTL,69329557,69329557
Turkmenistan,TKM,SP.POP.TOTL,5052257,5052257
Turks and Caicos Islands,TCA,SP.POP.TOTL,23988,23988
Tuvalu,TUV,SP.POP.TOTL,9940,9940
Uganda,UGA,SP.POP.TOTL,27963289,27963289
Ukraine,UKR,SP.POP.TOTL,47585556,47585556
United Arab Emirates,ARE,SP.POP.TOTL,4664790,4664790
United Kingdom,GBR,SP.POP.TOTL,60401206,60401206
United States,USA,SP.POP.TOTL,295516599,295516599
Upper middle income,UMC,SP.POP.TOTL,2478418555,2478418555
Uruguay,URY,SP.POP.TOTL,3285771,3285771
Uzbekistan,UZB,SP.POP.TOTL,26356975,26356975
Vanuatu,VUT,SP.POP.TOTL,210760,210760
"Venezuela, RB",VEN,SP.POP.TOTL,26785804,26785804
Viet Nam,VNM,SP.POP.TOTL,81088313,81088313
Virgin Islands (U.S.),VIR,SP.POP.TOTL,108453,108453
West Bank and Gaza,PSE,SP.POP.TOTL,3320396,3320396
World,WLD,SP.POP.TOTL,6575644307.5,6575644307.5
"Yemen, Rep.",YEM,SP.POP.TOTL,22790085,22790085
Zambia,ZMB,SP.POP.TOTL,11718819,11718819
Zimbabwe,ZWE,SP.POP.TOTL,12483432,12483432
Grand Total,,,69629712146,69629712146
