Year,2003,Unnamed: 2,Unnamed: 3,Unnamed: 4
,,,,
Sum of Population,,,Indicator Name,
Country Name,Country Code,Indicator Code,"Population, total",Grand Total
Afghanistan,AFG,SP.POP.TOTL,22733049,22733049
Africa Eastern and Southern,AFE,SP.POP.TOTL,439173286,439173286
Africa Western and Central,AFW,SP.POP.TOTL,299142845,299142845
Albania,ALB,SP.POP.TOTL,3039616,3039616
Algeria,DZA,SP.POP.TOTL,32175818,32175818
American Samoa,ASM,SP.POP.TOTL,56971,56971
Andorra,AND,SP.POP.TOTL,69486,69486
Angola,AGO,SP.POP.TOTL,17943712,17943712
Antigua and Barbuda,ATG,SP.POP.TOTL,77884,77884
Arab World,ARB,SP.POP.TOTL,307815105,307815105
Argentina,ARG,SP.POP.TOTL,38424282,38424282
Armenia,ARM,SP.POP.TOTL,3182500,3182500
Aruba,ABW,SP.POP.TOTL,93128,93128
Australia,AUS,SP.POP.TOTL,19720737,19720737
Austria,AUT,SP.POP.TOTL,8121423,8121423
Azerbaijan,AZE,SP.POP.TOTL,8234100,8234100
"Bahamas, The",BHS,SP.POP.TOTL,335618,335618
Bahrain,BHR,SP.POP.TOTL,764517,764517
Bangladesh,BGD,SP.POP.TOTL,140970351,140970351
Barbados,BRB,SP.POP.TOTL,265776,265776
Belarus,BLR,SP.POP.TOTL,9796749,9796749
Belgium,BEL,SP.POP.TOTL,10376133,10376133
Belize,BLZ,SP.POP.TOTL,263780,263780
Benin,BEN,SP.POP.TOTL,7913070,7913070
Bermuda,BMU,SP.POP.TOTL,62386,62386
Bhutan,BTN,SP.POP.TOTL,637663,637663
Bolivia,BOL,SP.POP.TOTL,9050700,9050700
Bosnia and Herzegovina,BIH,SP.POP.TOTL,4178523,4178523
Botswana,BWA,SP.POP.TOTL,1775736,1775736
Brazil,BRA,SP.POP.TOTL,180622688,180622688
British Virgin Islands,VGB,SP.POP.TOTL,22134,22134
Brunei Darussalam,BRN,SP.POP.TOTL,346637,346637
Bulgaria,BGR,SP.POP.TOTL,7775327,7775327
Burkina Faso,BFA,SP.POP.TOTL,13082532,13082532
Burundi,BDI,SP.POP.TOTL,7043154,7043154
Cabo Verde,CPV,SP.POP.TOTL,473383,473383
Cambodia,KHM,SP.POP.TOTL,13050968,13050968
Cameroon,CMR,SP.POP.TOTL,16160340,16160340
Canada,CAN,SP.POP.TOTL,31642461,31642461
Caribbean small states,CSS,SP.POP.TOTL,2712281,2712281
Cayman Islands,CYM,SP.POP.TOTL,43934,43934
Central African Republic,CAF,SP.POP.TOTL,4103086,4103086
Central Europe and the Baltics,CEB,SP.POP.TOTL,106624167,106624167
Chad,TCD,SP.POP.TOTL,9487833,9487833
Channel Islands,CHI,SP.POP.TOTL,150960,150960
Chile,CHL,SP.POP.TOTL,16024752,16024752
China,CHN,SP.POP.TOTL,1288400000,1288400000
Colombia,COL,SP.POP.TOTL,40937429,40937429
Comoros,COM,SP.POP.TOTL,569798,569798
"Congo, Dem. Rep.",COD,SP.POP.TOTL,55343867,55343867
"Congo, Rep.",COG,SP.POP.TOTL,3445753,3445753
Costa Rica,CRI,SP.POP.TOTL,4138784,4138784
Cote d'Ivoire,CIV,SP.POP.TOTL,19125542,19125542
Croatia,HRV,SP.POP.TOTL,4303399,4303399
Cuba,CUB,SP.POP.TOTL,11209383,11209383
Curacao,CUW,SP.POP.TOTL,131897,131897
Cyprus,CYP,SP.POP.TOTL,999590,999590
Czechia,CZE,SP.POP.TOTL,10193998,10193998
Denmark,DNK,SP.POP.TOTL,5390574,5390574
Djibouti,DJI,SP.POP.TOTL,813519,813519
Dominica,DMA,SP.POP.TOTL,68531,68531
Dominican Republic,DOM,SP.POP.TOTL,8980620,8980620
Early-demographic dividend,EAR,SP.POP.TOTL,2647109296,2647109296
East Asia & Pacific,EAS,SP.POP.TOTL,2102761941,2102761941
East Asia & Pacific (excluding high income),EAP,SP.POP.TOTL,1868409996,1868409996
East Asia & Pacific (IDA & IBRD countries),TEA,SP.POP.TOTL,1844349334,1844349334
Ecuador,ECU,SP.POP.TOTL,13372306,13372306
"Egypt, Arab Rep.",EGY,SP.POP.TOTL,77853548,77853548
El Salvador,SLV,SP.POP.TOTL,5998599,5998599
Equatorial Guinea,GNQ,SP.POP.TOTL,847862,847862
Eritrea,ERI,SP.POP.TOTL,2493903,2493903
Estonia,EST,SP.POP.TOTL,1370720,1370720
Eswatini,SWZ,SP.POP.TOTL,1066700,1066700
Ethiopia,ETH,SP.POP.TOTL,73832663,73832663
Euro area,EMU,SP.POP.TOTL,330200359,330200359
Europe & Central Asia,ECS,SP.POP.TOTL,870443479,870443479
Europe & Central Asia (excluding high income),ECA,SP.POP.TOTL,221399692,221399692
Europe & Central Asia (IDA & IBRD countries),TEC,SP.POP.TOTL,437905932,437905932
European Union,EUU,SP.POP.TOTL,432426935,432426935
Faroe Islands,FRO,SP.POP.TOTL,48032,48032
Fiji,FJI,SP.POP.TOTL,866286,866286
Finland,FIN,SP.POP.TOTL,5213014,5213014
Fragile and conflict affected situations,FCS,SP.POP.TOTL,669470707,669470707
France,FRA,SP.POP.TOTL,62249855,62249855
French Polynesia,PYF,SP.POP.TOTL,251637,251637
Gabon,GAB,SP.POP.TOTL,1382350,1382350
"Gambia, The",GMB,SP.POP.TOTL,1577611,1577611
Georgia,GEO,SP.POP.TOTL,3951736,3951736
Germany,DEU,SP.POP.TOTL,82534176,82534176
Ghana,GHA,SP.POP.TOTL,21296705,21296705
Gibraltar,GIB,SP.POP.TOTL,28274,28274
Greece,GRC,SP.POP.TOTL,10928070,10928070
Greenland,GRL,SP.POP.TOTL,56765,56765
Grenada,GRD,SP.POP.TOTL,108884,108884
Guam,GUM,SP.POP.TOTL,163137,163137
Guatemala,GTM,SP.POP.TOTL,12525842,12525842
Guinea,GIN,SP.POP.TOTL,8870781,8870781
Guinea-Bissau,GNB,SP.POP.TOTL,1318806,1318806
Guyana,GUY,SP.POP.TOTL,763101,763101
Haiti,HTI,SP.POP.TOTL,8759912,8759912
Heavily indebted poor countries (HIPC),HPC,SP.POP.TOTL,524773987,524773987
High income,HIC,SP.POP.TOTL,1270975826,1270975826
Honduras,HND,SP.POP.TOTL,7119213,7119213
"Hong Kong SAR, China",HKG,SP.POP.TOTL,6730800,6730800
Hungary,HUN,SP.POP.TOTL,10129552,10129552
IBRD only,IBD,SP.POP.TOTL,4122775918,4122775918
Iceland,ISL,SP.POP.TOTL,289521,289521
IDA & IBRD total,IBT,SP.POP.TOTL,5341840046,5341840046
IDA blend,IDB,SP.POP.TOTL,406185760,406185760
IDA only,IDX,SP.POP.TOTL,812878368,812878368
IDA total,IDA,SP.POP.TOTL,1219064128,1219064128
India,IND,SP.POP.TOTL,1116803006,1116803006
Indonesia,IDN,SP.POP.TOTL,225048008,225048008
"Iran, Islamic Rep.",IRN,SP.POP.TOTL,68769340,68769340
Iraq,IRQ,SP.POP.TOTL,26802659,26802659
Ireland,IRL,SP.POP.TOTL,3996521,3996521
Isle of Man,IMN,SP.POP.TOTL,78049,78049
Israel,ISR,SP.POP.TOTL,6689700,6689700
Italy,ITA,SP.POP.TOTL,57313203,57313203
Jamaica,JAM,SP.POP.TOTL,2656623,2656623
Japan,JPN,SP.POP.TOTL,127718000,127718000
Jordan,JOR,SP.POP.TOTL,5741828,5741828
Kazakhstan,KAZ,SP.POP.TOTL,15747380,15747380
Kenya,KEN,SP.POP.TOTL,33652223,33652223
Kiribati,KIR,SP.POP.TOTL,94175,94175
"Korea, Dem. People's Rep.",PRK,SP.POP.TOTL,24090380,24090380
"Korea, Rep.",KOR,SP.POP.TOTL,47892330,47892330
Kosovo,XKX,SP.POP.TOTL,1826434,1826434
Kuwait,KWT,SP.POP.TOTL,2109881,2109881
Kyrgyz Republic,KGZ,SP.POP.TOTL,5043308,5043308
Lao PDR,LAO,SP.POP.TOTL,5697945,5697945
Late-demographic dividend,LTE,SP.POP.TOTL,2086139068,2086139068
Latin America & Caribbean,LCN,SP.POP.TOTL,541643365,541643365
Latin America & Caribbean (excluding high income),LAC,SP.POP.TOTL,486116511,486116511
Latin America & the Caribbean (IDA & IBRD countries),TLA,SP.POP.TOTL,525787222,525787222
Latvia,LVA,SP.POP.TOTL,2287955,2287955
Least developed countries: UN classification,LDC,SP.POP.TOTL,725111768,725111768
Lebanon,LBN,SP.POP.TOTL,4525508,4525508
Lesotho,LSO,SP.POP.TOTL,1985059,1985059
Liberia,LBR,SP.POP.TOTL,3119532,3119532
Libya,LBY,SP.POP.TOTL,5619398,5619398
Liechtenstein,LIE,SP.POP.TOTL,34079,34079
Lithuania,LTU,SP.POP.TOTL,3415213,3415213
Low & middle income,LMY,SP.POP.TOTL,5112795945,5112795945
Low income,LIC,SP.POP.TOTL,425077105,425077105
Lower middle income,LMC,SP.POP.TOTL,2251947497,2251947497
Luxembourg,LUX,SP.POP.TOTL,451630,451630
"Macao SAR, China",MAC,SP.POP.TOTL,443600,443600
Madagascar,MDG,SP.POP.TOTL,18071854,18071854
Malawi,MWI,SP.POP.TOTL,12181574,12181574
Malaysia,MYS,SP.POP.TOTL,24679602,24679602
Maldives,MDV,SP.POP.TOTL,296491,296491
Mali,MLI,SP.POP.TOTL,12684955,12684955
Malta,MLT,SP.POP.TOTL,398582,398582
Marshall Islands,MHL,SP.POP.TOTL,51639,51639
Mauritania,MRT,SP.POP.TOTL,2802046,2802046
Mauritius,MUS,SP.POP.TOTL,1213370,1213370
Mexico,MEX,SP.POP.TOTL,102978515,102978515
"Micronesia, Fed. Sts.",FSM,SP.POP.TOTL,112285,112285
Middle East & North Africa,MEA,SP.POP.TOTL,340495691,340495691
Middle East & North Africa (excluding high income),MNA,SP.POP.TOTL,304445309,304445309
Middle East & North Africa (IDA & IBRD countries),TMN,SP.POP.TOTL,301290340,301290340
Middle income,MIC,SP.POP.TOTL,4687718840,4687718840
Moldova,MDA,SP.POP.TOTL,2903198,2903198
Monaco,MCO,SP.POP.TOTL,32374,32374
Mongolia,MNG,SP.POP.TOTL,2480374,2480374
Montenegro,MNE,SP.POP.TOTL,612267,612267
Morocco,MAR,SP.POP.TOTL,29571415,29571415
Mozambique,MOZ,SP.POP.TOTL,19392475,19392475
Myanmar,MMR,SP.POP.TOTL,46667192,46667192
Namibia,NAM,SP.POP.TOTL,1917464,1917464
Nauru,NRU,SP.POP.TOTL,10059,10059
Nepal,NPL,SP.POP.TOTL,25688758,25688758
Netherlands,NLD,SP.POP.TOTL,16225302,16225302
New Caledonia,NCL,SP.POP.TOTL,236678,236678
New Zealand,NZL,SP.POP.TOTL,4027200,4027200
Nicaragua,NIC,SP.POP.TOTL,5210963,5210963
Niger,NER,SP.POP.TOTL,12796984,12796984
Nigeria,NGA,SP.POP.TOTL,137202644,137202644
North America,NAC,SP.POP.TOTL,321812780,321812780
North Macedonia,MKD,SP.POP.TOTL,2022725,2022725
Northern Mariana Islands,MNP,SP.POP.TOTL,65421,65421
Norway,NOR,SP.POP.TOTL,4564855,4564855
OECD members,OED,SP.POP.TOTL,1228926236,1228926236
Oman,OMN,SP.POP.TOTL,2363796,2363796
Other small states,OSS,SP.POP.TOTL,11034074,11034074
Pacific island small states,PSS,SP.POP.TOTL,2120592,2120592
Pakistan,PAK,SP.POP.TOTL,167110248,167110248
Palau,PLW,SP.POP.TOTL,19659,19659
Panama,PAN,SP.POP.TOTL,3189807,3189807
Papua New Guinea,PNG,SP.POP.TOTL,6123997,6123997
Paraguay,PRY,SP.POP.TOTL,5326436,5326436
Peru,PER,SP.POP.TOTL,27580490,27580490
Philippines,PHL,SP.POP.TOTL,84731835,84731835
Poland,POL,SP.POP.TOTL,38204570,38204570
Portugal,PRT,SP.POP.TOTL,10458821,10458821
Post-demographic dividend,PST,SP.POP.TOTL,1036412650,1036412650
Pre-demographic dividend,PRE,SP.POP.TOTL,614269146,614269146
Puerto Rico,PRI,SP.POP.TOTL,3826095,3826095
Qatar,QAT,SP.POP.TOTL,744682,744682
Romania,ROU,SP.POP.TOTL,21574326,21574326
Russian Federation,RUS,SP.POP.TOTL,144648618,144648618
Rwanda,RWA,SP.POP.TOTL,8586875,8586875
Samoa,WSM,SP.POP.TOTL,185430,185430
San Marino,SMR,SP.POP.TOTL,27843,27843
Sao Tome and Principe,STP,SP.POP.TOTL,153814,153814
Saudi Arabia,SAU,SP.POP.TOTL,18786767,18786767
Senegal,SEN,SP.POP.TOTL,10721176,10721176
Serbia,SRB,SP.POP.TOTL,7480591,7480591
Seychelles,SYC,SP.POP.TOTL,82781,82781
Sierra Leone,SLE,SP.POP.TOTL,5177687,5177687
Singapore,SGP,SP.POP.TOTL,4114826,4114826
Sint Maarten (Dutch part),SXM,SP.POP.TOTL,31327,31327
Slovak Republic,SVK,SP.POP.TOTL,5373374,5373374
Slovenia,SVN,SP.POP.TOTL,1995733,1995733
Small states,SST,SP.POP.TOTL,15866947,15866947
Solomon Islands,SLB,SP.POP.TOTL,466154,466154
Somalia,SOM,SP.POP.TOTL,9909157,9909157
South Africa,ZAF,SP.POP.TOTL,48500348,48500348
South Asia,SAS,SP.POP.TOTL,1494191087,1494191087
South Asia (IDA & IBRD),TSA,SP.POP.TOTL,1494191087,1494191087
South Sudan,SSD,SP.POP.TOTL,6903127,6903127
Spain,ESP,SP.POP.TOTL,42187645,42187645
Sri Lanka,LKA,SP.POP.TOTL,19951521,19951521
St. Kitts and Nevis,KNA,SP.POP.TOTL,46176,46176
St. Lucia,LCA,SP.POP.TOTL,162976,162976
St. Martin (French part),MAF,SP.POP.TOTL,32395,32395
St. Vincent and the Grenadines,VCT,SP.POP.TOTL,113141,113141
Sub-Saharan Africa,SSF,SP.POP.TOTL,738316131,738316131
Sub-Saharan Africa (excluding high income),SSA,SP.POP.TOTL,738233350,738233350
Sub-Saharan Africa (IDA & IBRD countries),TSS,SP.POP.TOTL,738316131,738316131
Sudan,SDN,SP.POP.TOTL,29896035,29896035
Suriname,SUR,SP.POP.TOTL,506414,506414
Sweden,SWE,SP.POP.TOTL,8958229,8958229
Switzerland,CHE,SP.POP.TOTL,7339001,7339001
Syrian Arab Republic,SYR,SP.POP.TOTL,17889296,17889296
Tajikistan,TJK,SP.POP.TOTL,6658575,6658575
Tanzania,TZA,SP.POP.TOTL,37089555,37089555
Thailand,THA,SP.POP.TOTL,64868166,64868166
Timor-Leste,TLS,SP.POP.TOTL,916878,916878
Togo,TGO,SP.POP.TOTL,5552167,5552167
Tonga,TON,SP.POP.TOTL,104464,104464
Trinidad and Tobago,TTO,SP.POP.TOTL,1338709,1338709
Tunisia,TUN,SP.POP.TOTL,10071632,10071632
Turkiye,TUR,SP.POP.TOTL,67831730,67831730
Turkmenistan,TKM,SP.POP.TOTL,4863865,4863865
Turks and Caicos Islands,TCA,SP.POP.TOTL,21727,21727
Tuvalu,TUV,SP.POP.TOTL,9695,9695
Uganda,UGA,SP.POP.TOTL,26352124,26352124
Ukraine,UKR,SP.POP.TOTL,48315136,48315136
United Arab Emirates,ARE,SP.POP.TOTL,4192457,4192457
United Kingdom,GBR,SP.POP.TOTL,59647577,59647577
United States,USA,SP.POP.TOTL,290107933,290107933
Upper middle income,UMC,SP.POP.TOTL,2435771343,2435771343
Uruguay,URY,SP.POP.TOTL,3281186,3281186
Uzbekistan,UZB,SP.POP.TOTL,25711259,25711259
Vanuatu,VUT,SP.POP.TOTL,200746,200746
"Venezuela, RB",VEN,SP.POP.TOTL,25892703,25892703
Viet Nam,VNM,SP.POP.TOTL,79563777,79563777
Virgin Islands (U.S.),VIR,SP.POP.TOTL,108505,108505
West Bank and Gaza,PSE,SP.POP.TOTL,3154969,3154969
World,WLD,SP.POP.TOTL,6409664474,6409664474
"Yemen, Rep.",YEM,SP.POP.TOTL,21456379,21456379
Zambia,ZMB,SP.POP.TOTL,10983595,10983595
Zimbabwe,ZWE,SP.POP.TOTL,12232323,12232323
Grand Total,,,67733244298,67733244298
