Year,1998,Unnamed: 2,Unnamed: 3,Unnamed: 4
,,,,
Sum of Population,,,Indicator Name,
Country Name,Country Code,Indicator Code,"Population, total",Grand Total
Afghanistan,AFG,SP.POP.TOTL,19159996,19159996
Africa Eastern and Southern,AFE,SP.POP.TOTL,385505757,385505757
Africa Western and Central,AFW,SP.POP.TOTL,260297834,260297834
Albania,ALB,SP.POP.TOTL,3128530,3128530
Algeria,DZA,SP.POP.TOTL,30054133,30054133
American Samoa,ASM,SP.POP.TOTL,55334,55334
Andorra,AND,SP.POP.TOTL,65382,65382
Angola,AGO,SP.POP.TOTL,15159370,15159370
Antigua and Barbuda,ATG,SP.POP.TOTL,72412,72412
Arab World,ARB,SP.POP.TOTL,273094199,273094199
Argentina,ARG,SP.POP.TOTL,36372860,36372860
Armenia,ARM,SP.POP.TOTL,3208401,3208401
Aruba,ABW,SP.POP.TOTL,88451,88451
Australia,AUS,SP.POP.TOTL,18607584,18607584
Austria,AUT,SP.POP.TOTL,7976789,7976789
Azerbaijan,AZE,SP.POP.TOTL,7913000,7913000
"Bahamas, The",BHS,SP.POP.TOTL,315368,315368
Bahrain,BHR,SP.POP.TOTL,604842,604842
Bangladesh,BGD,SP.POP.TOTL,129622332,129622332
Barbados,BRB,SP.POP.TOTL,262436,262436
Belarus,BLR,SP.POP.TOTL,10071963,10071963
Belgium,BEL,SP.POP.TOTL,10203008,10203008
Belize,BLZ,SP.POP.TOTL,225173,225173
Benin,BEN,SP.POP.TOTL,6789489,6789489
Bermuda,BMU,SP.POP.TOTL,60639,60639
Bhutan,BTN,SP.POP.TOTL,569435,569435
Bolivia,BOL,SP.POP.TOTL,8313394,8313394
Bosnia and Herzegovina,BIH,SP.POP.TOTL,4089356,4089356
Botswana,BWA,SP.POP.TOTL,1606899,1606899
Brazil,BRA,SP.POP.TOTL,169159655,169159655
British Virgin Islands,VGB,SP.POP.TOTL,19238,19238
Brunei Darussalam,BRN,SP.POP.TOTL,312385,312385
Bulgaria,BGR,SP.POP.TOTL,8256786,8256786
Burkina Faso,BFA,SP.POP.TOTL,11240664,11240664
Burundi,BDI,SP.POP.TOTL,6187108,6187108
Cabo Verde,CPV,SP.POP.TOTL,439784,439784
Cambodia,KHM,SP.POP.TOTL,12058173,12058173
Cameroon,CMR,SP.POP.TOTL,14144860,14144860
Canada,CAN,SP.POP.TOTL,30155173,30155173
Caribbean small states,CSS,SP.POP.TOTL,2583369,2583369
Cayman Islands,CYM,SP.POP.TOTL,36922,36922
Central African Republic,CAF,SP.POP.TOTL,3628827,3628827
Central Europe and the Baltics,CEB,SP.POP.TOTL,109238340,109238340
Chad,TCD,SP.POP.TOTL,7938840,7938840
Channel Islands,CHI,SP.POP.TOTL,146906,146906
Chile,CHL,SP.POP.TOTL,15127799,15127799
China,CHN,SP.POP.TOTL,1241935000,1241935000
Colombia,COL,SP.POP.TOTL,37792165,37792165
Comoros,COM,SP.POP.TOTL,516597,516597
"Congo, Dem. Rep.",COD,SP.POP.TOTL,47297600,47297600
"Congo, Rep.",COG,SP.POP.TOTL,2952061,2952061
Costa Rica,CRI,SP.POP.TOTL,3782838,3782838
Cote d'Ivoire,CIV,SP.POP.TOTL,16663948,16663948
Croatia,HRV,SP.POP.TOTL,4532135,4532135
Cuba,CUB,SP.POP.TOTL,11034712,11034712
Curacao,CUW,SP.POP.TOTL,144472,144472
Cyprus,CYP,SP.POP.TOTL,914548,914548
Czechia,CZE,SP.POP.TOTL,10294373,10294373
Denmark,DNK,SP.POP.TOTL,5304219,5304219
Djibouti,DJI,SP.POP.TOTL,699352,699352
Dominica,DMA,SP.POP.TOTL,69124,69124
Dominican Republic,DOM,SP.POP.TOTL,8310362,8310362
Early-demographic dividend,EAR,SP.POP.TOTL,2416119734,2416119734
East Asia & Pacific,EAS,SP.POP.TOTL,2010443502,2010443502
East Asia & Pacific (excluding high income),EAP,SP.POP.TOTL,1781546477,1781546477
East Asia & Pacific (IDA & IBRD countries),TEA,SP.POP.TOTL,1758263635,1758263635
Ecuador,ECU,SP.POP.TOTL,12251184,12251184
"Egypt, Arab Rep.",EGY,SP.POP.TOTL,69943294,69943294
El Salvador,SLV,SP.POP.TOTL,5880781,5880781
Equatorial Guinea,GNQ,SP.POP.TOTL,641474,641474
Eritrea,ERI,SP.POP.TOTL,2180419,2180419
Estonia,EST,SP.POP.TOTL,1386156,1386156
Eswatini,SWZ,SP.POP.TOTL,1019653,1019653
Ethiopia,ETH,SP.POP.TOTL,63363524,63363524
Euro area,EMU,SP.POP.TOTL,323976358,323976358
Europe & Central Asia,ECS,SP.POP.TOTL,863317612.5,863317612.5
Europe & Central Asia (excluding high income),ECA,SP.POP.TOTL,217104724.5,217104724.5
Europe & Central Asia (IDA & IBRD countries),TEC,SP.POP.TOTL,438735254.5,438735254.5
European Union,EUU,SP.POP.TOTL,428120105,428120105
Faroe Islands,FRO,SP.POP.TOTL,44674,44674
Fiji,FJI,SP.POP.TOTL,822258,822258
Finland,FIN,SP.POP.TOTL,5153498,5153498
Fragile and conflict affected situations,FCS,SP.POP.TOTL,594968744,594968744
France,FRA,SP.POP.TOTL,60190684,60190684
French Polynesia,PYF,SP.POP.TOTL,232891,232891
Gabon,GAB,SP.POP.TOTL,1211736,1211736
"Gambia, The",GMB,SP.POP.TOTL,1376987,1376987
Georgia,GEO,SP.POP.TOTL,4243607,4243607
Germany,DEU,SP.POP.TOTL,82047195,82047195
Ghana,GHA,SP.POP.TOTL,18688036,18688036
Gibraltar,GIB,SP.POP.TOTL,27650,27650
Greece,GRC,SP.POP.TOTL,10720509,10720509
Greenland,GRL,SP.POP.TOTL,56100,56100
Grenada,GRD,SP.POP.TOTL,106009,106009
Guam,GUM,SP.POP.TOTL,156237,156237
Guatemala,GTM,SP.POP.TOTL,11139145,11139145
Guinea,GIN,SP.POP.TOTL,8081990,8081990
Guinea-Bissau,GNB,SP.POP.TOTL,1187473,1187473
Guyana,GUY,SP.POP.TOTL,763586,763586
Haiti,HTI,SP.POP.TOTL,8002143,8002143
Heavily indebted poor countries (HIPC),HPC,SP.POP.TOTL,455939263,455939263
High income,HIC,SP.POP.TOTL,1239114888,1239114888
Honduras,HND,SP.POP.TOTL,6234431,6234431
"Hong Kong SAR, China",HKG,SP.POP.TOTL,6543700,6543700
Hungary,HUN,SP.POP.TOTL,10266570,10266570
IBRD only,IBD,SP.POP.TOTL,3884078902,3884078902
Iceland,ISL,SP.POP.TOTL,274047,274047
IDA & IBRD total,IBT,SP.POP.TOTL,4963254079.5,4963254079.5
IDA blend,IDB,SP.POP.TOTL,357598998,357598998
IDA only,IDX,SP.POP.TOTL,721576179.5,721576179.5
IDA total,IDA,SP.POP.TOTL,1079175177.5,1079175177.5
India,IND,SP.POP.TOTL,1018665080,1018665080
Indonesia,IDN,SP.POP.TOTL,209826788,209826788
"Iran, Islamic Rep.",IRN,SP.POP.TOTL,64519859,64519859
Iraq,IRQ,SP.POP.TOTL,22884399,22884399
Ireland,IRL,SP.POP.TOTL,3712696,3712696
Isle of Man,IMN,SP.POP.TOTL,73861,73861
Israel,ISR,SP.POP.TOTL,5971000,5971000
Italy,ITA,SP.POP.TOTL,56906744,56906744
Jamaica,JAM,SP.POP.TOTL,2569736,2569736
Japan,JPN,SP.POP.TOTL,126400000,126400000
Jordan,JOR,SP.POP.TOTL,5164284,5164284
Kazakhstan,KAZ,SP.POP.TOTL,15647785,15647785
Kenya,KEN,SP.POP.TOTL,28888057,28888057
Kiribati,KIR,SP.POP.TOTL,85657,85657
"Korea, Dem. People's Rep.",PRK,SP.POP.TOTL,23311564,23311564
"Korea, Rep.",KOR,SP.POP.TOTL,46286503,46286503
Kosovo,XKX,SP.POP.TOTL,2078964,2078964
Kuwait,KWT,SP.POP.TOTL,1844302,1844302
Kyrgyz Republic,KGZ,SP.POP.TOTL,4769014.5,4769014.5
Lao PDR,LAO,SP.POP.TOTL,5248266,5248266
Late-demographic dividend,LTE,SP.POP.TOTL,2010169495.5,2010169495.5
Latin America & Caribbean,LCN,SP.POP.TOTL,504952583,504952583
Latin America & Caribbean (excluding high income),LAC,SP.POP.TOTL,453065995,453065995
Latin America & the Caribbean (IDA & IBRD countries),TLA,SP.POP.TOTL,489346270,489346270
Latvia,LVA,SP.POP.TOTL,2410019,2410019
Least developed countries: UN classification,LDC,SP.POP.TOTL,641401023,641401023
Lebanon,LBN,SP.POP.TOTL,4181281,4181281
Lesotho,LSO,SP.POP.TOTL,1998049,1998049
Liberia,LBR,SP.POP.TOTL,2670124,2670124
Libya,LBY,SP.POP.TOTL,5140704,5140704
Liechtenstein,LIE,SP.POP.TOTL,31668,31668
Lithuania,LTU,SP.POP.TOTL,3549331,3549331
Low & middle income,LMY,SP.POP.TOTL,4731323838.5,4731323838.5
Low income,LIC,SP.POP.TOTL,369081911,369081911
Lower middle income,LMC,SP.POP.TOTL,2040638444.5,2040638444.5
Luxembourg,LUX,SP.POP.TOTL,424700,424700
"Macao SAR, China",MAC,SP.POP.TOTL,422300,422300
Madagascar,MDG,SP.POP.TOTL,15489364,15489364
Malawi,MWI,SP.POP.TOTL,10792876,10792876
Malaysia,MYS,SP.POP.TOTL,21906713,21906713
Maldives,MDV,SP.POP.TOTL,272723,272723
Mali,MLI,SP.POP.TOTL,10919573,10919573
Malta,MLT,SP.POP.TOTL,385287,385287
Marshall Islands,MHL,SP.POP.TOTL,49717,49717
Mauritania,MRT,SP.POP.TOTL,2474651,2474651
Mauritius,MUS,SP.POP.TOTL,1160421,1160421
Mexico,MEX,SP.POP.TOTL,95575245,95575245
"Micronesia, Fed. Sts.",FSM,SP.POP.TOTL,111377,111377
Middle East & North Africa,MEA,SP.POP.TOTL,306364681,306364681
Middle East & North Africa (excluding high income),MNA,SP.POP.TOTL,276793615,276793615
Middle East & North Africa (IDA & IBRD countries),TMN,SP.POP.TOTL,274017047,274017047
Middle income,MIC,SP.POP.TOTL,4362241927.5,4362241927.5
Moldova,MDA,SP.POP.TOTL,2935227,2935227
Monaco,MCO,SP.POP.TOTL,32267,32267
Mongolia,MNG,SP.POP.TOTL,2323809,2323809
Montenegro,MNE,SP.POP.TOTL,607662,607662
Morocco,MAR,SP.POP.TOTL,27621648,27621648
Mozambique,MOZ,SP.POP.TOTL,17340464,17340464
Myanmar,MMR,SP.POP.TOTL,44257793,44257793
Namibia,NAM,SP.POP.TOTL,1732745,1732745
Nauru,NRU,SP.POP.TOTL,10198,10198
Nepal,NPL,SP.POP.TOTL,23680357,23680357
Netherlands,NLD,SP.POP.TOTL,15707209,15707209
New Caledonia,NCL,SP.POP.TOTL,214047,214047
New Zealand,NZL,SP.POP.TOTL,3815000,3815000
Nicaragua,NIC,SP.POP.TOTL,4883655,4883655
Niger,NER,SP.POP.TOTL,10741413,10741413
Nigeria,NGA,SP.POP.TOTL,119846254,119846254
North America,NAC,SP.POP.TOTL,306069812,306069812
North Macedonia,MKD,SP.POP.TOTL,2007523,2007523
Northern Mariana Islands,MNP,SP.POP.TOTL,61337,61337
Norway,NOR,SP.POP.TOTL,4431464,4431464
OECD members,OED,SP.POP.TOTL,1184928348,1184928348
Oman,OMN,SP.POP.TOTL,2222489,2222489
Other small states,OSS,SP.POP.TOTL,10351144,10351144
Pacific island small states,PSS,SP.POP.TOTL,1984859,1984859
Pakistan,PAK,SP.POP.TOTL,146522356,146522356
Palau,PLW,SP.POP.TOTL,18524,18524
Panama,PAN,SP.POP.TOTL,2893914,2893914
Papua New Guinea,PNG,SP.POP.TOTL,5166390,5166390
Paraguay,PRY,SP.POP.TOTL,4900025,4900025
Peru,PER,SP.POP.TOTL,25738095,25738095
Philippines,PHL,SP.POP.TOTL,75791024,75791024
Poland,POL,SP.POP.TOTL,38663481,38663481
Portugal,PRT,SP.POP.TOTL,10160196,10160196
Post-demographic dividend,PST,SP.POP.TOTL,1011086034,1011086034
Pre-demographic dividend,PRE,SP.POP.TOTL,531450214,531450214
Puerto Rico,PRI,SP.POP.TOTL,3781101,3781101
Qatar,QAT,SP.POP.TOTL,580540,580540
Romania,ROU,SP.POP.TOTL,22507344,22507344
Russian Federation,RUS,SP.POP.TOTL,147670784,147670784
Rwanda,RWA,SP.POP.TOTL,8081681,8081681
Samoa,WSM,SP.POP.TOTL,178905,178905
San Marino,SMR,SP.POP.TOTL,26125,26125
Sao Tome and Principe,STP,SP.POP.TOTL,140751,140751
Saudi Arabia,SAU,SP.POP.TOTL,14922185,14922185
Senegal,SEN,SP.POP.TOTL,9502952,9502952
Serbia,SRB,SP.POP.TOTL,7567745,7567745
Seychelles,SYC,SP.POP.TOTL,78846,78846
Sierra Leone,SLE,SP.POP.TOTL,4295785,4295785
Singapore,SGP,SP.POP.TOTL,3927213,3927213
Sint Maarten (Dutch part),SXM,SP.POP.TOTL,31193,31193
Slovak Republic,SVK,SP.POP.TOTL,5390516,5390516
Slovenia,SVN,SP.POP.TOTL,1981629,1981629
Small states,SST,SP.POP.TOTL,14919372,14919372
Solomon Islands,SLB,SP.POP.TOTL,419071,419071
Somalia,SOM,SP.POP.TOTL,8155417,8155417
South Africa,ZAF,SP.POP.TOTL,46223880,46223880
South Asia,SAS,SP.POP.TOTL,1357088282,1357088282
South Asia (IDA & IBRD),TSA,SP.POP.TOTL,1357088282,1357088282
South Sudan,SSD,SP.POP.TOTL,5620068,5620068
Spain,ESP,SP.POP.TOTL,40223509,40223509
Sri Lanka,LKA,SP.POP.TOTL,18596003,18596003
St. Kitts and Nevis,KNA,SP.POP.TOTL,43998,43998
St. Lucia,LCA,SP.POP.TOTL,154677,154677
St. Martin (French part),MAF,SP.POP.TOTL,29107,29107
St. Vincent and the Grenadines,VCT,SP.POP.TOTL,113180,113180
Sub-Saharan Africa,SSF,SP.POP.TOTL,645803591,645803591
Sub-Saharan Africa (excluding high income),SSA,SP.POP.TOTL,645724745,645724745
Sub-Saharan Africa (IDA & IBRD countries),TSS,SP.POP.TOTL,645803591,645803591
Sudan,SDN,SP.POP.TOTL,26458999,26458999
Suriname,SUR,SP.POP.TOTL,457406,457406
Sweden,SWE,SP.POP.TOTL,8850974,8850974
Switzerland,CHE,SP.POP.TOTL,7110001,7110001
Syrian Arab Republic,SYR,SP.POP.TOTL,15820413,15820413
Tajikistan,TJK,SP.POP.TOTL,6176397,6176397
Tanzania,TZA,SP.POP.TOTL,32420458,32420458
Thailand,THA,SP.POP.TOTL,61522630,61522630
Timor-Leste,TLS,SP.POP.TOTL,942530,942530
Togo,TGO,SP.POP.TOTL,4860913,4860913
Tonga,TON,SP.POP.TOTL,101388,101388
Trinidad and Tobago,TTO,SP.POP.TOTL,1310225,1310225
Tunisia,TUN,SP.POP.TOTL,9541667,9541667
Turkiye,TUR,SP.POP.TOTL,63734383,63734383
Turkmenistan,TKM,SP.POP.TOTL,4410507,4410507
Turks and Caicos Islands,TCA,SP.POP.TOTL,17212,17212
Tuvalu,TUV,SP.POP.TOTL,9451,9451
Uganda,UGA,SP.POP.TOTL,22515806,22515806
Ukraine,UKR,SP.POP.TOTL,50379731,50379731
United Arab Emirates,ARE,SP.POP.TOTL,3040421,3040421
United Kingdom,GBR,SP.POP.TOTL,58487141,58487141
United States,USA,SP.POP.TOTL,275854000,275854000
Upper middle income,UMC,SP.POP.TOTL,2321603483,2321603483
Uruguay,URY,SP.POP.TOTL,3239280,3239280
Uzbekistan,UZB,SP.POP.TOTL,24134929,24134929
Vanuatu,VUT,SP.POP.TOTL,178313,178313
"Venezuela, RB",VEN,SP.POP.TOTL,23601337,23601337
Viet Nam,VNM,SP.POP.TOTL,75299660,75299660
Virgin Islands (U.S.),VIR,SP.POP.TOTL,108537,108537
West Bank and Gaza,PSE,SP.POP.TOTL,2776568,2776568
World,WLD,SP.POP.TOTL,5994040063.5,5994040063.5
"Yemen, Rep.",YEM,SP.POP.TOTL,18446013,18446013
Zambia,ZMB,SP.POP.TOTL,9482408,9482408
Zimbabwe,ZWE,SP.POP.TOTL,11594297,11594297
Grand Total,,,63023598076,63023598076
