"```csv"
"dataYear","col2","col3","col4","col5"
"","","","",""
"data_Description","","","indicator",""
"countryName","countryCode","indicatorCode","totalPopulation","total"
"Afghanistan","AFG","SP.POP.TOTL","25424094","25424094"
"Africa Eastern and Southern","AFE","SP.POP.TOTL","475606210","475606210"
"Africa Western and Central","AFW","SP.POP.TOTL","325663158","325663158"
"Albania","ALB","SP.POP.TOTL","2992547","2992547"
"Algeria","DZA","SP.POP.TOTL","33623506","33623506"
"American Samoa","ASM","SP.POP.TOTL","56374","56374"
"Andorra","AND","SP.POP.TOTL","79585","79585"
"Angola","AGO","SP.POP.TOTL","20015279","20015279"
"Antigua and Barbuda","ATG","SP.POP.TOTL","80604","80604"
"Arab World","ARB","SP.POP.TOTL","330526310","330526310"
"Argentina","ARG","SP.POP.TOTL","39622115","39622115"
"Armenia","ARM","SP.POP.TOTL","3127100","3127100"
"Aruba","ABW","SP.POP.TOTL","99405","99405"
"Australia","AUS","SP.POP.TOTL","20450966","20450966"
"Austria","AUT","SP.POP.TOTL","8268641","8268641"
"Azerbaijan","AZE","SP.POP.TOTL","8484550","8484550"
"Bahamas, The","BHS","SP.POP.TOTL","348375","348375"
"Bahrain","BHR","SP.POP.TOTL","960424","960424"
"Bangladesh","BGD","SP.POP.TOTL","146405973","146405973"
"Barbados","BRB","SP.POP.TOTL","270002","270002"
"Belarus","BLR","SP.POP.TOTL","9604924","9604924"
"Belgium","BEL","SP.POP.TOTL","10547958","10547958"
"Belize","BLZ","SP.POP.TOTL","287878","287878"
"Benin","BEN","SP.POP.TOTL","8693242","8693242"
"Bermuda","BMU","SP.POP.TOTL","62834","62834"
"Bhutan","BTN","SP.POP.TOTL","670799","670799"
"Bolivia","BOL","SP.POP.TOTL","9521689","9521689"
"Bosnia and Herzegovina","BIH","SP.POP.TOTL","4063272","4063272"
"Botswana","BWA","SP.POP.TOTL","1874516","1874516"
"Brazil","BRA","SP.POP.TOTL","186653106","186653106"
"British Virgin Islands","VGB","SP.POP.TOTL","24493","24493"
"Brunei Darussalam","BRN","SP.POP.TOTL","364663","364663"
"Bulgaria","BGR","SP.POP.TOTL","7601022","7601022"
"Burkina Faso","BFA","SP.POP.TOTL","14373707","14373707"
"Burundi","BDI","SP.POP.TOTL","7865547","7865547"
"Cabo Verde","CPV","SP.POP.TOTL","490728","490728"
"Cambodia","KHM","SP.POP.TOTL","13639028","13639028"
"Cameroon","CMR","SP.POP.TOTL","17550407","17550407"
"Canada","CAN","SP.POP.TOTL","32571193","32571193"
"Caribbean small states","CSS","SP.POP.TOTL","2774985","2774985"
"Cayman Islands","CYM","SP.POP.TOTL","48232","48232"
"Central African Republic","CAF","SP.POP.TOTL","4377579","4377579"
"Central Europe and the Baltics","CEB","SP.POP.TOTL","105772481","105772481"
"Chad","TCD","SP.POP.TOTL","10706424","10706424"
"Channel Islands","CHI","SP.POP.TOTL","154214","154214"
"Chile","CHL","SP.POP.TOTL","16509195","16509195"
"China","CHN","SP.POP.TOTL","1311020000","1311020000"
"Colombia","COL","SP.POP.TOTL","42691084","42691084"
"Comoros","COM","SP.POP.TOTL","604753","604753"
"Congo, Dem. Rep.","COD","SP.POP.TOTL","60615908","60615908"
"Congo, Rep.","COG","SP.POP.TOTL","3837409","3837409"
"Costa Rica","CRI","SP.POP.TOTL","4321340","4321340"
"Cote d'Ivoire","CIV","SP.POP.TOTL","20546802","20546802"
"Croatia","HRV","SP.POP.TOTL","4311159","4311159"
"Cuba","CUB","SP.POP.TOTL","11278550","11278550"
"Curacao","CUW","SP.POP.TOTL","141239","141239"
"Cyprus","CYP","SP.POP.TOTL","1054418","1054418"
"Czechia","CZE","SP.POP.TOTL","10238905","10238905"
"Denmark","DNK","SP.POP.TOTL","5437272","5437272"
"Djibouti","DJI","SP.POP.TOTL","855764","855764"
"Dominica","DMA","SP.POP.TOTL","68806","68806"
"Dominican Republic","DOM","SP.POP.TOTL","9341183","9341183"
"Early-demographic dividend","EAR","SP.POP.TOTL","2784726644","2784726644"
"East Asia & Pacific","EAS","SP.POP.TOTL","2150688938","2150688938"
"East Asia & Pacific (excluding high income)","EAP","SP.POP.TOTL","1914002124","1914002124"
"East Asia & Pacific (IDA & IBRD countries)","TEA","SP.POP.TOTL","1889507244","1889507244"
"Ecuador","ECU","SP.POP.TOTL","14086131","14086131"
"Egypt, Arab Rep.","EGY","SP.POP.TOTL","82700403","82700403"
"El Salvador","SLV","SP.POP.TOTL","6002319","6002319"
"Equatorial Guinea","GNQ","SP.POP.TOTL","990343","990343"
"Eritrea","ERI","SP.POP.TOTL","2703502","2703502"
"Estonia","EST","SP.POP.TOTL","1346810","1346810"
"Eswatini","SWZ","SP.POP.TOTL","1084436","1084436"
"Ethiopia","ETH","SP.POP.TOTL","80703490","80703490"
"Euro area","EMU","SP.POP.TOTL","335243820","335243820"
"Europe & Central Asia","ECS","SP.POP.TOTL","877911050","877911050"
"Europe & Central Asia (excluding high income)","ECA","SP.POP.TOTL","224417513","224417513"
"Europe & Central Asia (IDA & IBRD countries)","TEC","SP.POP.TOTL","438714358","438714358"
"European Union","EUU","SP.POP.TOTL","437007921","437007921"
"Faroe Islands","FRO","SP.POP.TOTL","48335","48335"
"Fiji","FJI","SP.POP.TOTL","890365","890365"
"Finland","FIN","SP.POP.TOTL","5266268","5266268"
"Fragile and conflict affected situations","FCS","SP.POP.TOTL","719788972","719788972"
"France","FRA","SP.POP.TOTL","63622342","63622342"
"French Polynesia","PYF","SP.POP.TOTL","263223","263223"
"Gabon","GAB","SP.POP.TOTL","1508337","1508337"
"Gambia, The","GMB","SP.POP.TOTL","1715275","1715275"
"Georgia","GEO","SP.POP.TOTL","3880347","3880347"
"Germany","DEU","SP.POP.TOTL","82376451","82376451"
"Ghana","GHA","SP.POP.TOTL","23040702","23040702"
"Gibraltar","GIB","SP.POP.TOTL","29594","29594"
"Greece","GRC","SP.POP.TOTL","11020362","11020362"
"Greenland","GRL","SP.POP.TOTL","56774","56774"
"Grenada","GRD","SP.POP.TOTL","110135","110135"
"Guam","GUM","SP.POP.TOTL","164839","164839"
"Guatemala","GTM","SP.POP.TOTL","13367459","13367459"
"Guinea","GIN","SP.POP.TOTL","9441171","9441171"
"Guinea-Bissau","GNB","SP.POP.TOTL","1415303","1415303"
"Guyana","GUY","SP.POP.TOTL","758966","758966"
"Haiti","HTI","SP.POP.TOTL","9216562","9216562"
"Heavily indebted poor countries (HIPC)","HPC","SP.POP.TOTL","571454590","571454590"
"High income","HIC","SP.POP.TOTL","1292314271","1292314271"
"Honduras","HND","SP.POP.TOTL","7656832","7656832"
"Hong Kong SAR, China","HKG","SP.POP.TOTL","6857100","6857100"
"Hungary","HUN","SP.POP.TOTL","10071370","10071370"
"IBRD only","IBD","SP.POP.TOTL","4258827055","4258827055"
"Iceland","ISL","SP.POP.TOTL","303782","303782"
"IDA & IBRD total","IBT","SP.POP.TOTL","5568236362","5568236362"
"IDA blend","IDB","SP.POP.TOTL","437847651","437847651"
"IDA only","IDX","SP.POP.TOTL","871561656","871561656"
"IDA total","IDA","SP.POP.TOTL","1309409307","1309409307"
"India","IND","SP.POP.TOTL","1172878890","1172878890"
"Indonesia","IDN","SP.POP.TOTL","233951652","233951652"
"Iran, Islamic Rep.","IRN","SP.POP.TOTL","73392747","73392747"
"Iraq","IRQ","SP.POP.TOTL","28616515","28616515"
"Ireland","IRL","SP.POP.TOTL","4273591","4273591"
"Isle of Man","IMN","SP.POP.TOTL","80294","80294"
"Israel","ISR","SP.POP.TOTL","7053700","7053700"
"Italy","ITA","SP.POP.TOTL","58143979","58143979"
"Jamaica","JAM","SP.POP.TOTL","2700968","2700968"
"Japan","JPN","SP.POP.TOTL","127854000","127854000"
"Jordan","JOR","SP.POP.TOTL","6427371","6427371"
"Kazakhstan","KAZ","SP.POP.TOTL","16103716","16103716"
"Kenya","KEN","SP.POP.TOTL","36904008","36904008"
"Kiribati","KIR","SP.POP.TOTL","100017","100017"
"Korea, Dem. People's Rep.","PRK","SP.POP.TOTL","24524507","24524507"
"Korea, Rep.","KOR","SP.POP.TOTL","48438292","48438292"
"Kosovo","XKX","SP.POP.TOTL","1813079","1813079"
"Kuwait","KWT","SP.POP.TOTL","2364733","2364733"
"Kyrgyz Republic","KGZ","SP.POP.TOTL","5218373","5218373"
"Lao PDR","LAO","SP.POP.TOTL","5963200","5963200"
"Late-demographic dividend","LTE","SP.POP.TOTL","2126122277","2126122277"
"Latin America & Caribbean","LCN","SP.POP.TOTL","561751999","561751999"
"Latin America & Caribbean (excluding high income)","LAC","SP.POP.TOTL","504231967","504231967"
"Latin America & the Caribbean (IDA & IBRD countries)","TLA","SP.POP.TOTL","545805913","545805913"
"Latvia","LVA","SP.POP.TOTL","2218357","2218357"
"Least developed countries: UN classification","LDC","SP.POP.TOTL","779230030","779230030"
"Lebanon","LBN","SP.POP.TOTL","4751136","4751136"
"Lesotho","LSO","SP.POP.TOTL","1945063","1945063"
"Liberia","LBR","SP.POP.TOTL","3490787","3490787"
"Libya","LBY","SP.POP.TOTL","5980211","5980211"
"Liechtenstein","LIE","SP.POP.TOTL","35037","35037"
"Lithuania","LTU","SP.POP.TOTL","3269909","3269909"
"Low & middle income","LMY","SP.POP.TOTL","5340182185","5340182185"
"Low income","LIC","SP.POP.TOTL","463744491","463744491"
"Lower middle income","LMC","SP.POP.TOTL","2377469865","2377469865"
"Luxembourg","LUX","SP.POP.TOTL","472637","472637"
"Macao SAR, China","MAC","SP.POP.TOTL","498900","498900"
"Madagascar","MDG","SP.POP.TOTL","19730909","19730909"
"Malawi","MWI","SP.POP.TOTL","13198701","13198701"
"Malaysia","MYS","SP.POP.TOTL","26417909","26417909"
"Maldives","MDV","SP.POP.TOTL","313851","313851"
"Mali","MLI","SP.POP.TOTL","13990139","13990139"
"Malta","MLT","SP.POP.TOTL","405308","405308"
"Marshall Islands","MHL","SP.POP.TOTL","51992","51992"
"Mauritania","MRT","SP.POP.TOTL","3013660","3013660"
"Mauritius","MUS","SP.POP.TOTL","1233996","1233996"
"Mexico","MEX","SP.POP.TOTL","107253666","107253666"
"Micronesia, Fed. Sts.","FSM","SP.POP.TOTL","110729","110729"
"Middle East & North Africa","MEA","SP.POP.TOTL","364791715","364791715"
"Middle East & North Africa (excluding high income)","MNA","SP.POP.TOTL","324051680","324051680"
"Middle East & North Africa (IDA & IBRD countries)","TMN","SP.POP.TOTL","320645346","320645346"
"Middle income","MIC","SP.POP.TOTL","4876437694","4876437694"
"Moldova","MDA","SP.POP.TOTL","2880967","2880967"
"Monaco","MCO","SP.POP.TOTL","32057","32057"
"Mongolia","MNG","SP.POP.TOTL","2567168","2567168"
"Montenegro","MNE","SP.POP.TOTL","615025","615025"
"Morocco","MAR","SP.POP.TOTL","30771178","30771178"
"Mozambique","MOZ","SP.POP.TOTL","20787087","20787087"
"Myanmar","MMR","SP.POP.TOTL","47785135","47785135"
"Namibia","NAM","SP.POP.TOTL","1991888","1991888"
"Nauru","NRU","SP.POP.TOTL","10034","10034"
"Nepal","NPL","SP.POP.TOTL","26565425","26565425"
"Netherlands","NLD","SP.POP.TOTL","16346101","16346101"
"New Caledonia","NCL","SP.POP.TOTL","247547","247547"
"New Zealand","NZL","SP.POP.TOTL","4184600","4184600"
"Nicaragua","NIC","SP.POP.TOTL","5418855","5418855"
"Niger","NER","SP.POP.TOTL","14268581","14268581"
"Nigeria","NGA","SP.POP.TOTL","149077334","149077334"
"North America","NAC","SP.POP.TOTL","331013939","331013939"
"North Macedonia","MKD","SP.POP.TOTL","1994287","1994287"
"Northern Mariana Islands","MNP","SP.POP.TOTL","60682","60682"
"Norway","NOR","SP.POP.TOTL","4660677","4660677"
"OECD members","OED","SP.POP.TOTL","1255490764","1255490764"
"Oman","OMN","SP.POP.TOTL","2514795","2514795"
"Other small states","OSS","SP.POP.TOTL","11561776","11561776"
"Pacific island small states","PSS","SP.POP.TOTL","2194265","2194265"
"Pakistan","PAK","SP.POP.TOTL","179682690","179682690"
"Palau","PLW","SP.POP.TOTL","19593","19593"
"Panama","PAN","SP.POP.TOTL","3375024","3375024"
"Papua New Guinea","PNG","SP.POP.TOTL","6747720","6747720"
"Paraguay","PRY","SP.POP.TOTL","5505148","5505148"
"Peru","PER","SP.POP.TOTL","28324491","28324491"
"Philippines","PHL","SP.POP.TOTL","89508986","89508986"
"Poland","POL","SP.POP.TOTL","38141267","38141267"
"Portugal","PRT","SP.POP.TOTL","10522288","10522288"
"Post-demographic dividend","PST","SP.POP.TOTL","1052610469","1052610469"
"Pre-demographic dividend","PRE","SP.POP.TOTL","670229212","670229212"
"Puerto Rico","PRI","SP.POP.TOTL","3805214","3805214"
"Qatar","QAT","SP.POP.TOTL","972831","972831"
"Romania","ROU","SP.POP.TOTL","21193760","21193760"
"Russian Federation","RUS","SP.POP.TOTL","143049637","143049637"
"Rwanda","RWA","SP.POP.TOTL","9299246","9299246"
"Samoa","WSM","SP.POP.TOTL","187709","187709"
"San Marino","SMR","SP.POP.TOTL","30184","30184"
"Sao Tome and Principe","STP","SP.POP.TOTL","165638","165638"
"Saudi Arabia","SAU","SP.POP.TOTL","21459144","21459144"
"Senegal","SEN","SP.POP.TOTL","11500094","11500094"
"Serbia","SRB","SP.POP.TOTL","7411569","7411569"
"Seychelles","SYC","SP.POP.TOTL","84600","84600"
"Sierra Leone","SLE","SP.POP.TOTL","5624466","5624466"
"Singapore","SGP","SP.POP.TOTL","4401365","4401365"
"Sint Maarten (Dutch part)","SXM","SP.POP.TOTL","32428","32428"
"Slovak Republic","SVK","SP.POP.TOTL","5373054","5373054"
"Slovenia","SVN","SP.POP.TOTL","2006868","2006868"
"Small states","SST","SP.POP.TOTL","16531026","16531026"
"Solomon Islands","SLB","SP.POP.TOTL","491594","491594"
"Somalia","SOM","SP.POP.TOTL","10975502","10975502"
"South Africa","ZAF","SP.POP.TOTL","49998277","49998277"
"South Asia","SAS","SP.POP.TOTL","1572294133","1572294133"
"South Asia (IDA & IBRD)","TSA","SP.POP.TOTL","1572294133","1572294133"
"South Sudan","SSD","SP.POP.TOTL","7976526","7976526"
"Spain","ESP","SP.POP.TOTL","44397319","44397319"
"Sri Lanka","LKA","SP.POP.TOTL","20352411","20352411"
"St. Kitts and Nevis","KNA","SP.POP.TOTL","46569","46569"
"St. Lucia","LCA","SP.POP.TOTL","166639","166639"
"St. Martin (French part)","MAF","SP.POP.TOTL","34658","34658"
"St. Vincent and the Grenadines","VCT","SP.POP.TOTL","112014","112014"
"Sub-Saharan Africa","SSF","SP.POP.TOTL","801269368","801269368"
"Sub-Saharan Africa (excluding high income)","SSA","SP.POP.TOTL","801184768","801184768"
"Sub-Saharan Africa (IDA & IBRD countries)","TSS","SP.POP.TOTL","801269368","801269368"
"Sudan","SDN","SP.POP.TOTL","31992435","31992435"
"Suriname","SUR","SP.POP.TOTL","524997","524997"
"Sweden","SWE","SP.POP.TOTL","9080505","9080505"
"Switzerland","CHE","SP.POP.TOTL","7483934","7483934"
"Syrian Arab Republic","SYR","SP.POP.TOTL","19637022","19637022"
"Tajikistan","TJK","SP.POP.TOTL","7057566","7057566"
"Tanzania","TZA","SP.POP.TOTL","40294902","40294902"
"Thailand","THA","SP.POP.TOTL","66567687","66567687"
"Timor-Leste","TLS","SP.POP.TOTL","976597","976597"
"Togo","TGO","SP.POP.TOTL","6010668","6010668"
"Tonga","TON","SP.POP.TOTL","106253","106253"
"Trinidad and Tobago","TTO","SP.POP.TOTL","1297944","1297944"
"Tunisia","TUN","SP.POP.TOTL","10346410","10346410"
"Turkiye","TUR","SP.POP.TOTL","70045349","70045349"
"Turkmenistan","TKM","SP.POP.TOTL","5147105","5147105"
"Turks and Caicos Islands","TCA","SP.POP.TOTL","25123","25123"
"Tuvalu","TUV","SP.POP.TOTL","10056","10056"
"Uganda","UGA","SP.POP.TOTL","28794003","28794003"
"Ukraine","UKR","SP.POP.TOTL","47278694","47278694"
"United Arab Emirates","ARE","SP.POP.TOTL","5009100","5009100"
"United Kingdom","GBR","SP.POP.TOTL","60846820","60846820"
"United States"
