"```csv"
"Table_B_2","Major_Disturbances_2002","Unnamed_2","Unnamed_3","Unnamed_4","Unnamed_5","Unnamed_6","Unnamed_7","Month"
"","","","","","","","","MonthName"
"Event_Date","Nerc_Region","Event_Time","Incident_Area","Disturbance_Type","Power_Loss_MW","Customers_Affected","Restoration",""
"01/30/2002","SPP","6:00AM","OK","Ice Storm","500 MW","1,881,134","2/7/2002 12:00PM","January"
"","","","","","","","",""
"01/29/2002","SPP","Evening","Kansas City Metro","Ice Storm","500-600","270000","","January"
"01/30/2002","SPP","4:00PM","MO","Ice Storm","210","95,000","2/10/2002 9:00PM","January"
"02/27/2002","WSCC","10:48","California","Firm Load Interruption","300","255k","2/27/2002 11:35","February"
"03/09/2002","ECAR","Midnight","Michigan Lower Peninsula","Severe Weather","190","190000","03/11/2002 12:00","March"
"04/08/2002","WSCC","3:00PM","Arizona","Vandalism/Insulators","0","0","04/09/2002 0:00","April"
"","","","","","","","",""
"07/09/2002","WSCC","12:27","California","Firm Power Interruption","240","1 PG&E","07/09/2002 19:54","July"
"07/19/2002","WSCC","11:51","California","Firm Power Interruption (Unit Tripped)","240","1 PG&E","07/19/2002 16:30","July"
"07/20/2002","NPCC","12:40","New York","Fire","278","63,500","07/20/2002 20:12","July"
"08/02/2002","MAIN","12:43","Illinois","Firm Power Interruption","232","53,565","08/02/2002 18:36","August"
"08/09/2002","SERC","8:23","Florida","Firm Power Interruption","51","25000","08/09/2002 12:13","August"
"08/25/2002","WSCC","3:41","California","Firm Power Interruption","120","1 PG&E","08/25/2002 09:17","August"
"08/28/2002","SERC","2:09PM","Florida","Severe Weather","67.6","25000","08/28/2002 15:38","August"
"10/03/2002","SPP","3:33","Louisiana Coast","Hurricane Lily","","242910","10/12/2002 0:00","October"
"11/06/2002","WSCC","10:00PM","California","Winter Storm","270","939,000","Noon November 10","November"
"11/17/2002","NPPC","3:48PM","Northport, NY","Cable Tripped","0","0","Unknown","November"
"","","","Norwalk, CT","","","","",""
"11/17/2002","NPCC","6:00","Connecticut","Ice Storm","","224912","11/21/2002 8:00","November"
"12/03/2002","SPP","6:30PM","Arkansas","Ice Storm","","43000","12/09/2002 22:30","December"
"12/11/2002","SERC","1:09PM","Virginia","Winter Storm","63","130000","12/13/2002 22:00","December"
"","","","Staunton to Harrisonburg","","","","",""
"12/14/2002","WSCC","11:00","California","Winter Storm","180","1.5 million","12/19/2002 16:00","December"
"12/19/2002","WSCC","6:00","California","Winter Storm","56","385000","12/21/2002 17:00","December"
"12/25/2002","MAAC","5:00PM","Pennsylvania","Winter Storm","250","106000","12/26/2002 05:00","December"
"12/25/2002","MAAC","10:00","Pennsylvania","Winter Storm","","95630","12/27/2002 08:30","December"
"","","","","","","","",""
"Note: North American Electric Reliability Council region acronyms are defined in the glossary.","","","","","","","",""
"""Source:  Form EIA-417, ""Electric Emergency Incident and Disturbance Report""","""","""","""","""","""",""""
"```"
