Year,2009,Unnamed: 2,Unnamed: 3,Unnamed: 4
,,,,
Sum of Population,,,Indicator Name,
Country Name,Country Code,Indicator Code,"Population, total",Grand Total
Afghanistan,AFG,SP.POP.TOTL,27466101,27466101
Africa Eastern and Southern,AFE,SP.POP.TOTL,516003448,516003448
Africa Western and Central,AFW,SP.POP.TOTL,354343844,354343844
Albania,ALB,SP.POP.TOTL,2927519,2927519
Algeria,DZA,SP.POP.TOTL,35490445,35490445
American Samoa,ASM,SP.POP.TOTL,55528,55528
Andorra,AND,SP.POP.TOTL,83888,83888
Angola,AGO,SP.POP.TOTL,22414773,22414773
Antigua and Barbuda,ATG,SP.POP.TOTL,84173,84173
Arab World,ARB,SP.POP.TOTL,356386673,356386673
Argentina,ARG,SP.POP.TOTL,40854831,40854831
Armenia,ARM,SP.POP.TOTL,3066000,3066000
Aruba,ABW,SP.POP.TOTL,101604,101604
Australia,AUS,SP.POP.TOTL,21691653,21691653
Austria,AUT,SP.POP.TOTL,8343323,8343323
Azerbaijan,AZE,SP.POP.TOTL,8947243,8947243
"Bahamas, The",BHS,SP.POP.TOTL,362810,362810
Bahrain,BHR,SP.POP.TOTL,1178415,1178415
Bangladesh,BGD,SP.POP.TOTL,150873714,150873714
Barbados,BRB,SP.POP.TOTL,274123,274123
Belarus,BLR,SP.POP.TOTL,9504583,9504583
Belgium,BEL,SP.POP.TOTL,10796493,10796493
Belize,BLZ,SP.POP.TOTL,312614,312614
Benin,BEN,SP.POP.TOTL,9509423,9509423
Bermuda,BMU,SP.POP.TOTL,63565,63565
Bhutan,BTN,SP.POP.TOTL,693988,693988
Bolivia,BOL,SP.POP.TOTL,10016275,10016275
Bosnia and Herzegovina,BIH,SP.POP.TOTL,3879794,3879794
Botswana,BWA,SP.POP.TOTL,1990673,1990673
Brazil,BRA,SP.POP.TOTL,192079951,192079951
British Virgin Islands,VGB,SP.POP.TOTL,27218,27218
Brunei Darussalam,BRN,SP.POP.TOTL,384952,384952
Bulgaria,BGR,SP.POP.TOTL,7444443,7444443
Burkina Faso,BFA,SP.POP.TOTL,15710066,15710066
Burundi,BDI,SP.POP.TOTL,8947646,8947646
Cabo Verde,CPV,SP.POP.TOTL,506141,506141
Cambodia,KHM,SP.POP.TOTL,14276810,14276810
Cameroon,CMR,SP.POP.TOTL,19113974,19113974
Canada,CAN,SP.POP.TOTL,33630069,33630069
Caribbean small states,CSS,SP.POP.TOTL,2836793,2836793
Cayman Islands,CYM,SP.POP.TOTL,52618,52618
Central African Republic,CAF,SP.POP.TOTL,4529047,4529047
Central Europe and the Baltics,CEB,SP.POP.TOTL,104800475,104800475
Chad,TCD,SP.POP.TOTL,11893754,11893754
Channel Islands,CHI,SP.POP.TOTL,157511,157511
Chile,CHL,SP.POP.TOTL,17009731,17009731
China,CHN,SP.POP.TOTL,1331260000,1331260000
Colombia,COL,SP.POP.TOTL,44271541,44271541
Comoros,COM,SP.POP.TOTL,641947,641947
"Congo, Dem. Rep.",COD,SP.POP.TOTL,66412044,66412044
"Congo, Rep.",COG,SP.POP.TOTL,4281219,4281219
Costa Rica,CRI,SP.POP.TOTL,4499791,4499791
Cote d'Ivoire,CIV,SP.POP.TOTL,21997940,21997940
Croatia,HRV,SP.POP.TOTL,4305181,4305181
Cuba,CUB,SP.POP.TOTL,11294719,11294719
Curacao,CUW,SP.POP.TOTL,146833,146833
Cyprus,CYP,SP.POP.TOTL,1109371,1109371
Czechia,CZE,SP.POP.TOTL,10443936,10443936
Denmark,DNK,SP.POP.TOTL,5523095,5523095
Djibouti,DJI,SP.POP.TOTL,911527,911527
Dominica,DMA,SP.POP.TOTL,68864,68864
Dominican Republic,DOM,SP.POP.TOTL,9695265,9695265
Early-demographic dividend,EAR,SP.POP.TOTL,2921563644,2921563644
East Asia & Pacific,EAS,SP.POP.TOTL,2199148703,2199148703
East Asia & Pacific (excluding high income),EAP,SP.POP.TOTL,1959017463,1959017463
East Asia & Pacific (IDA & IBRD countries),TEA,SP.POP.TOTL,1934167856,1934167856
Ecuador,ECU,SP.POP.TOTL,14825954,14825954
"Egypt, Arab Rep.",EGY,SP.POP.TOTL,87501636,87501636
El Salvador,SLV,SP.POP.TOTL,6048279,6048279
Equatorial Guinea,GNQ,SP.POP.TOTL,1135673,1135673
Eritrea,ERI,SP.POP.TOTL,2887885,2887885
Estonia,EST,SP.POP.TOTL,1334515,1334515
Eswatini,SWZ,SP.POP.TOTL,1105153,1105153
Ethiopia,ETH,SP.POP.TOTL,88007636,88007636
Euro area,EMU,SP.POP.TOTL,339676755,339676755
Europe & Central Asia,ECS,SP.POP.TOTL,887281039,887281039
Europe & Central Asia (excluding high income),ECA,SP.POP.TOTL,228250911,228250911
Europe & Central Asia (IDA & IBRD countries),TEC,SP.POP.TOTL,441304973,441304973
European Union,EUU,SP.POP.TOTL,440928484,440928484
Faroe Islands,FRO,SP.POP.TOTL,48791,48791
Fiji,FJI,SP.POP.TOTL,907239,907239
Finland,FIN,SP.POP.TOTL,5338871,5338871
Fragile and conflict affected situations,FCS,SP.POP.TOTL,773810618,773810618
France,FRA,SP.POP.TOTL,64706436,64706436
French Polynesia,PYF,SP.POP.TOTL,269481,269481
Gabon,GAB,SP.POP.TOTL,1661556,1661556
"Gambia, The",GMB,SP.POP.TOTL,1871422,1871422
Georgia,GEO,SP.POP.TOTL,3814419,3814419
Germany,DEU,SP.POP.TOTL,81902307,81902307
Ghana,GHA,SP.POP.TOTL,24862664,24862664
Gibraltar,GIB,SP.POP.TOTL,30823,30823
Greece,GRC,SP.POP.TOTL,11107017,11107017
Greenland,GRL,SP.POP.TOTL,56323,56323
Grenada,GRD,SP.POP.TOTL,111254,111254
Guam,GUM,SP.POP.TOTL,166173,166173
Guatemala,GTM,SP.POP.TOTL,14215611,14215611
Guinea,GIN,SP.POP.TOTL,10143534,10143534
Guinea-Bissau,GNB,SP.POP.TOTL,1526377,1526377
Guyana,GUY,SP.POP.TOTL,752094,752094
Haiti,HTI,SP.POP.TOTL,9689581,9689581
Heavily indebted poor countries (HIPC),HPC,SP.POP.TOTL,621337653,621337653
High income,HIC,SP.POP.TOTL,1317794172,1317794172
Honduras,HND,SP.POP.TOTL,8189899,8189899
"Hong Kong SAR, China",HKG,SP.POP.TOTL,6972800,6972800
Hungary,HUN,SP.POP.TOTL,10022650,10022650
IBRD only,IBD,SP.POP.TOTL,4391389527,4391389527
Iceland,ISL,SP.POP.TOTL,318499,318499
IDA & IBRD total,IBT,SP.POP.TOTL,5797994405,5797994405
IDA blend,IDB,SP.POP.TOTL,473612630,473612630
IDA only,IDX,SP.POP.TOTL,932992248,932992248
IDA total,IDA,SP.POP.TOTL,1406604878,1406604878
India,IND,SP.POP.TOTL,1225524753,1225524753
Indonesia,IDN,SP.POP.TOTL,243220028,243220028
"Iran, Islamic Rep.",IRN,SP.POP.TOTL,76457825,76457825
Iraq,IRQ,SP.POP.TOTL,30058206,30058206
Ireland,IRL,SP.POP.TOTL,4535375,4535375
Isle of Man,IMN,SP.POP.TOTL,82939,82939
Israel,ISR,SP.POP.TOTL,7485600,7485600
Italy,ITA,SP.POP.TOTL,59095365,59095365
Jamaica,JAM,SP.POP.TOTL,2736995,2736995
Japan,JPN,SP.POP.TOTL,128047000,128047000
Jordan,JOR,SP.POP.TOTL,7141753,7141753
Kazakhstan,KAZ,SP.POP.TOTL,16619846,16619846
Kenya,KEN,SP.POP.TOTL,40408891,40408891
Kiribati,KIR,SP.POP.TOTL,106467,106467
"Korea, Dem. People's Rep.",PRK,SP.POP.TOTL,24878332,24878332
"Korea, Rep.",KOR,SP.POP.TOTL,49307835,49307835
Kosovo,XKX,SP.POP.TOTL,1794681,1794681
Kuwait,KWT,SP.POP.TOTL,2795484,2795484
Kyrgyz Republic,KGZ,SP.POP.TOTL,5389643,5389643
Lao PDR,LAO,SP.POP.TOTL,6241642,6241642
Late-demographic dividend,LTE,SP.POP.TOTL,2167303374,2167303374
Latin America & Caribbean,LCN,SP.POP.TOTL,581388129,581388129
Latin America & Caribbean (excluding high income),LAC,SP.POP.TOTL,521959738,521959738
Latin America & the Caribbean (IDA & IBRD countries),TLA,SP.POP.TOTL,565454932,565454932
Latvia,LVA,SP.POP.TOTL,2141669,2141669
Least developed countries: UN classification,LDC,SP.POP.TOTL,835687108,835687108
Lebanon,LBN,SP.POP.TOTL,4992287,4992287
Lesotho,LSO,SP.POP.TOTL,1980883,1980883
Liberia,LBR,SP.POP.TOTL,3943028,3943028
Libya,LBY,SP.POP.TOTL,6366686,6366686
Liechtenstein,LIE,SP.POP.TOTL,35742,35742
Lithuania,LTU,SP.POP.TOTL,3162916,3162916
Low & middle income,LMY,SP.POP.TOTL,5569896557,5569896557
Low income,LIC,SP.POP.TOTL,505585022,505585022
Lower middle income,LMC,SP.POP.TOTL,2505415842,2505415842
Luxembourg,LUX,SP.POP.TOTL,497783,497783
"Macao SAR, China",MAC,SP.POP.TOTL,535000,535000
Madagascar,MDG,SP.POP.TOTL,21547280,21547280
Malawi,MWI,SP.POP.TOTL,14395788,14395788
Malaysia,MYS,SP.POP.TOTL,28124778,28124778
Maldives,MDV,SP.POP.TOTL,348275,348275
Mali,MLI,SP.POP.TOTL,15435539,15435539
Malta,MLT,SP.POP.TOTL,412477,412477
Marshall Islands,MHL,SP.POP.TOTL,52019,52019
Mauritania,MRT,SP.POP.TOTL,3284448,3284448
Mauritius,MUS,SP.POP.TOTL,1247429,1247429
Mexico,MEX,SP.POP.TOTL,111999721,111999721
"Micronesia, Fed. Sts.",FSM,SP.POP.TOTL,107957,107957
Middle East & North Africa,MEA,SP.POP.TOTL,390285866,390285866
Middle East & North Africa (excluding high income),MNA,SP.POP.TOTL,343195616,343195616
Middle East & North Africa (IDA & IBRD countries),TMN,SP.POP.TOTL,339506517,339506517
Middle income,MIC,SP.POP.TOTL,5064311535,5064311535
Moldova,MDA,SP.POP.TOTL,2865213,2865213
Monaco,MCO,SP.POP.TOTL,32364,32364
Mongolia,MNG,SP.POP.TOTL,2691115,2691115
Montenegro,MNE,SP.POP.TOTL,618294,618294
Morocco,MAR,SP.POP.TOTL,32030778,32030778
Mozambique,MOZ,SP.POP.TOTL,22391745,22391745
Myanmar,MMR,SP.POP.TOTL,48660459,48660459
Namibia,NAM,SP.POP.TOTL,2077394,2077394
Nauru,NRU,SP.POP.TOTL,10016,10016
Nepal,NPL,SP.POP.TOTL,27173035,27173035
Netherlands,NLD,SP.POP.TOTL,16530388,16530388
New Caledonia,NCL,SP.POP.TOTL,257250,257250
New Zealand,NZL,SP.POP.TOTL,4302600,4302600
Nicaragua,NIC,SP.POP.TOTL,5656601,5656601
Niger,NER,SP.POP.TOTL,15943675,15943675
Nigeria,NGA,SP.POP.TOTL,162049464,162049464
North America,NAC,SP.POP.TOTL,340465163,340465163
North Macedonia,MKD,SP.POP.TOTL,1958782,1958782
Northern Mariana Islands,MNP,SP.POP.TOTL,55325,55325
Norway,NOR,SP.POP.TOTL,4828726,4828726
OECD members,OED,SP.POP.TOTL,1283513127,1283513127
Oman,OMN,SP.POP.TOTL,2684659,2684659
Other small states,OSS,SP.POP.TOTL,12167982,12167982
Pacific island small states,PSS,SP.POP.TOTL,2262456,2262456
Pakistan,PAK,SP.POP.TOTL,194376534,194376534
Palau,PLW,SP.POP.TOTL,18709,18709
Panama,PAN,SP.POP.TOTL,3564381,3564381
Papua New Guinea,PNG,SP.POP.TOTL,7406438,7406438
Paraguay,PRY,SP.POP.TOTL,5671236,5671236
Peru,PER,SP.POP.TOTL,28896811,28896811
Philippines,PHL,SP.POP.TOTL,94384250,94384250
Poland,POL,SP.POP.TOTL,38151603,38151603
Portugal,PRT,SP.POP.TOTL,10568247,10568247
Post-demographic dividend,PST,SP.POP.TOTL,1070658067,1070658067
Pre-demographic dividend,PRE,SP.POP.TOTL,730293963,730293963
Puerto Rico,PRI,SP.POP.TOTL,3740410,3740410
Qatar,QAT,SP.POP.TOTL,1608903,1608903
Romania,ROU,SP.POP.TOTL,20367487,20367487
Russian Federation,RUS,SP.POP.TOTL,142785348,142785348
Rwanda,RWA,SP.POP.TOTL,10060432,10060432
Samoa,WSM,SP.POP.TOTL,191513,191513
San Marino,SMR,SP.POP.TOTL,33066,33066
Sao Tome and Principe,STP,SP.POP.TOTL,177853,177853
Saudi Arabia,SAU,SP.POP.TOTL,24217654,24217654
Senegal,SEN,SP.POP.TOTL,12337389,12337389
Serbia,SRB,SP.POP.TOTL,7320807,7320807
Seychelles,SYC,SP.POP.TOTL,87298,87298
Sierra Leone,SLE,SP.POP.TOTL,6055646,6055646
Singapore,SGP,SP.POP.TOTL,4987573,4987573
Sint Maarten (Dutch part),SXM,SP.POP.TOTL,33491,33491
Slovak Republic,SVK,SP.POP.TOTL,5386406,5386406
Slovenia,SVN,SP.POP.TOTL,2039669,2039669
Small states,SST,SP.POP.TOTL,17267231,17267231
Solomon Islands,SLB,SP.POP.TOTL,518141,518141
Somalia,SOM,SP.POP.TOTL,11961201,11961201
South Africa,ZAF,SP.POP.TOTL,51728516,51728516
South Asia,SAS,SP.POP.TOTL,1647212835,1647212835
South Asia (IDA & IBRD),TSA,SP.POP.TOTL,1647212835,1647212835
South Sudan,SSD,SP.POP.TOTL,9243556,9243556
Spain,ESP,SP.POP.TOTL,46362946,46362946
Sri Lanka,LKA,SP.POP.TOTL,20756435,20756435
St. Kitts and Nevis,KNA,SP.POP.TOTL,46916,46916
St. Lucia,LCA,SP.POP.TOTL,169869,169869
St. Martin (French part),MAF,SP.POP.TOTL,36502,36502
St. Vincent and the Grenadines,VCT,SP.POP.TOTL,110508,110508
Sub-Saharan Africa,SSF,SP.POP.TOTL,870347292,870347292
Sub-Saharan Africa (excluding high income),SSA,SP.POP.TOTL,870259994,870259994
Sub-Saharan Africa (IDA & IBRD countries),TSS,SP.POP.TOTL,870347292,870347292
Sudan,SDN,SP.POP.TOTL,34569113,34569113
Suriname,SUR,SP.POP.TOTL,543568,543568
Sweden,SWE,SP.POP.TOTL,9298515,9298515
Switzerland,CHE,SP.POP.TOTL,7743831,7743831
Syrian Arab Republic,SYR,SP.POP.TOTL,21976969,21976969
Tajikistan,TJK,SP.POP.TOTL,7490230,7490230
Tanzania,TZA,SP.POP.TOTL,43633982,43633982
Thailand,THA,SP.POP.TOTL,68121080,68121080
Timor-Leste,TLS,SP.POP.TOTL,1058782,1058782
Togo,TGO,SP.POP.TOTL,6551865,6551865
Tonga,TON,SP.POP.TOTL,107203,107203
Trinidad and Tobago,TTO,SP.POP.TOTL,1310106,1310106
Tunisia,TUN,SP.POP.TOTL,10650681,10650681
Turkiye,TUR,SP.POP.TOTL,72039206,72039206
Turkmenistan,TKM,SP.POP.TOTL,5451592,5451592
Turks and Caicos Islands,TCA,SP.POP.TOTL,28588,28588
Tuvalu,TUV,SP.POP.TOTL,10461,10461
Uganda,UGA,SP.POP.TOTL,31451151,31451151
Ukraine,UKR,SP.POP.TOTL,46623731,46623731
United Arab Emirates,ARE,SP.POP.TOTL,6707058,6707058
United Kingdom,GBR,SP.POP.TOTL,62276270,62276270
United States,USA,SP.POP.TOTL,306771529,306771529
Upper middle income,UMC,SP.POP.TOTL,2558895693,2558895693
Uruguay,URY,SP.POP.TOTL,3310091,3310091
Uzbekistan,UZB,SP.POP.TOTL,27939328,27939328
Vanuatu,VUT,SP.POP.TOTL,232731,232731
"Venezuela, RB",VEN,SP.POP.TOTL,28438298,28438298
Viet Nam,VNM,SP.POP.TOTL,86460018,86460018
Virgin Islands (U.S.),VIR,SP.POP.TOTL,108404,108404
West Bank and Gaza,PSE,SP.POP.TOTL,3689099,3689099
World,WLD,SP.POP.TOTL,6916129027,6916129027
"Yemen, Rep.",YEM,SP.POP.TOTL,25927724,25927724
Zambia,ZMB,SP.POP.TOTL,13490389,13490389
Zimbabwe,ZWE,SP.POP.TOTL,13142790,13142790
Grand Total,,,73521330067,73521330067
