"```csv"
"table_name","event_details","unnamed_2","unnamed_3","unnamed_4","unnamed_5","unnamed_6","unnamed_7"
"eventDate","region","eventTime","affectedArea","incidentType","loss_mw","customersAffected","restorationDateTime"
"","","","","","","","",""
"January","","","","","","",""
"Jan-04-2005","SPP","6:00PM","Eastern One Third Of Kansas","winter_storm","0.2K","211000","Jan-14-2005 12:00PM"
"Jan-05-2005","ECAR","4:00PM","Akron / Mansfield Areas","ice_storm","0.3K","246990","Jan-13-2005 6:00PM"
"Jan-05-2005","ECAR","9:10PM","Indiana-Michigan - Muncie","Winter Ice","0.5K","114791","Jan-16-2005 11:00AM"
"Jan-07-2005","WECC","1:00PM","NorCal","Winter Storm","0.1K","442000","Jan-10-2005 8:00AM"
"Jan-19-2005","PR","9:17AM","Island Of Puerto Rico","Voltage Issue","0.2K","N/A","Jan-19-2005 9:27AM"
"Jan-23-2005","PR","10:42AM","Island Of Puerto Rico","Voltage issue","0.1K","N/A","Jan-23-2005 11:24AM"
"Jan-24-2005","PR","6:38AM","Island Of Puerto Rico","Voltage Issue/Load Shed","0.2K","70717","Jan-24-2005 6:50AM"
"Jan-24-2005","PR","12:27PM","Island Of Puerto Rico","Voltage Reduction/Shed","0.4K","N/A","Jan-24-2005 12:34PM"
"Jan-29-2005","SERC","10:00AM","Alabama / Georgia","Ice_storm","0.1K","150000","Jan-31-2005 10:00AM"
"Jan-29-2005","SERC","4:00PM","Georgia","Ice Storm","0.1K","82000","Jan-30-2005 3:00PM"
"February","","","","","","",""
"Feb-01-2005","PR","5:78PM","Island Of Puerto Rico","Voltage Reduction","0.5K","N/A","Feb-01-2005 6:01PM"
"Feb-15-2005","PR","1:12PM","Island Of Puerto Rico","Gen Loss","0.4K","N/A","Feb-15-2005 1:30PM"
"Feb-16-2005","PR","1:26PM","Island Of Puerto Rico","Load Shedding","0.3K","139438","Feb-16-2005 1:43PM"
"Feb-18-2005","PR","8:16AM","Island Of Puerto Rico","Gen Loss/Voltage Reduction","0.6K","372288","Feb-18-2005 8:41AM"
"Feb-24-2005","PR","12:58AM","Island Of Puerto Rico","Voltage Reduction","0.2K","N/A","Feb-24-2005 1:05AM"
"March","","","","","","",""
"Mar-08-2005","SERC","11:00AM","Eastern / Central North Carolina","Wind Storms","0.2K","51600","Mar-08-2005 3:00PM"
"April","","","","","","",""
"Apr-01-2005","ECAR","Midnight","Cleveland - Ohio","Winter_Storm","N/A","211000","Apr-06-2005 12:00PM"
"Apr-22-2005","WECC","3:51PM","San Francisco Bay Area","Lightning","0.1K","PG&E","Apr-22-2005 3:59PM"
"Apr-23-2005","PR","4:22AM","Island Of Puerto Rico","Voltage Reduction","0.3K","116552","Apr-23-2005 4:48AM"
"Apr-23-2005","ECAR","6:00AM","Cleveland - Ohio","Winter Storm","N/A","150000","Apr-27-2005 6:00AM"
"Apr-30-2005","SERC","8:00AM","Alabama / Georgia","Thunder Storms","0.1K","51808","Apr-30-2005 10:00AM"
"May","","","","","","",""
"May-08-2005","ERCOT","3:00PM","Houston Metro","Strong Thunderstorms","0.7K","243000","May-08-2005 10:00PM"
"May-11-2005","PR","7:00PM","Island Of Puerto Rico","Voltage Reduction","0.5K","N/A","May-11-2005 8:31PM"
"May-29-2005","ERCOT","8:00PM","Houston Metro","Strong Thunderstorms","0.3K","123000","May-30-2005 2:30AM"
"June","","","","","","",""
"Jun-05-2005","ECAR","2:00PM","Southeast Michigan","Storm/High Winds","1.8K","201580","Jun-10-2005 7:30AM"
"Jun-05-2005","ECAR","2:00PM","Southern Michigan","Strong Thunder Storm","0.1K","105000","Jun-07-2005 6:00PM"
"Jun-06-2005","NPCC","12:00PM","Central NY","Strong Thunderstorms","N/A","65000","Jun-08-2005 6:00PM"
"","","","","","","","",""
"","","","","","","","",""
"table_name","event_details","unnamed_2","unnamed_3","unnamed_4","unnamed_5","unnamed_6","unnamed_7"
"(Continued)","","","","","","","",""
"eventDate","region","eventTime","affectedArea","incidentType","loss_mw","customersAffected","restorationDateTime"
"","","","","","","","",""
"Jun-06-2005","MAAC","4:43PM","Pennsylvania","Strong Thunder Storm","N/A","143000","Jun-07-2005 10:00PM"
"Jun-08-2005","MRO","4:00AM","Minnesota","Strong Thunder Storm","0.1K","300000","Jun-10-2005 10:00PM"
"Jun-20-2005","PR","11:16AM","Island Of Puerto Rico","Voltage Reduction","0.0K","600000","Jun-20-2005 5:15PM"
"Jun-24-2005","MAIN","8:37PM","Chicago","Transmission Failure","0.4K","51500","Jun-24-2005 11:06PM"
"Jun-28-2005","WECC","11:30AM","Denver Metro","Fuel Deficiency","0.0K","0","Ongoing"
"Jun-29-2005","ECAR","4:30PM","Southeast Michigan","Storm/High Winds","1.0K","114711","Jul-04-2005 11:30PM"
"July","","","","","","",""
"Jul-01-2005","ERCOT","N/A","Texas, New Mexico","Fuel Deficiency","0.0K","0","Ongoing"
"Jul-02-2005","PR","1:27AM","Island Of Puerto Rico","Load Shedding","0.2K","132290","Jul-02-2005 1:46AM"
"","","","","","","","",""
"Jul-05-2005","SPP","9:00PM","Louisiana","Tropical Storm","Unknown","287000","Jul-06-2005 9:00AM"
"Jul-10-2005","SERC","8:00AM","Alabama, Mississippi","Hurricane Dennis","0.0K","228102","Jul-12-2005 8:00AM"
"Jul-10-2005","SERC","12:53PM","Alabama / Florida","Hurricane Dennis","0.1K","50000","Jul-11-2005 5:33PM"
"Jul-21-2005","WECC","2:39PM","SoCal","Air Conditioner Cycling","0.2K","128050","Jul-21-2005 5:30PM"
"Jul-22-2005","WECC","1:55PM","SoCal","Air Conditioner Cycling","0.2K","133900","Jul-22-2005 6:00PM"
"Jul-23-2005","MAAC","1:02AM","Washington DC / Maryland","Severe Thunder Storms","N/A","55118","Jul-26-2005 10:50AM"
"Jul-27-2005","MAAC","4:50PM","Pennsylvania","Severe Thunderstorms","N/A","93837","Jul-28-2005 9:24PM"
"Jul-27-2005","MAAC","5:50PM","Washington DC / Maryland","Severe Thunder Storm","N/A","64943","Jul-30-2005 9:07PM"
"Jul-27-2005","MAAC","6:00PM","Maryland","Severe Thunder Storms","N/A","87600","Jul-29-2005 4:00PM"
"Jul-28-2005","SERC","8:30PM","Carolina","Severe Thunderstorm","0.3K","52200","Aug-01-2005 5:00PM"
"August","","","","","","",""
"Aug-01-2005","PR","10:28AM","Island Of Puerto Rico","Voltage Reduction/Load Shed","0.2K","47116","Aug-01-2005 10:47AM"
"Aug-08-2005","WECC","12:38PM","San Francisco Bay Area","Plant Tripped","0.2K","PG&E","Aug-08-2005 4:00PM"
"","","","","","","","",""
"table_name","event_details","unnamed_2","unnamed_3","unnamed_4","unnamed_5","unnamed_6","unnamed_7"
"(Continued)","","","","","","","",""
"eventDate","region","eventTime","affectedArea","incidentType","loss_mw","customersAffected","restorationDateTime"
"","","","","","","","",""
"Aug-19-2005","PR","7:37PM","Island Of Puerto Rico","Voltage Reduction/Load Shed","0.3K","71864","Aug-19-2005 8:15PM"
"Aug-20-2005","ECAR","2:15PM","Northwest Arkansas","Severe Thunder Storms","0.7K","50797","Aug-20-2005 4:21PM"
"Aug-25-2005","WECC","3:50PM","SoCal","Resource Shortage","-","-","Aug-25-2005 8:00PM"
"Aug-25-2005","WECC","3:51PM","SoCal","Transmission Emergency","0.9K","409000","Aug-25-2005 8:00PM"
"Aug-29-2005","SPP","1:10AM","Louisiana","Hurricane Katrina","0.3K","143000","Aug-29-2005 12:42PM"
"Aug-29-2005","SPP","6:00AM","Buras","Hurricane Katrina","N/A","1.2M","Aug-30-2005 6:00AM"
"Aug-29-2005","FRCC","7:10AM","Florida","Fuel Supply","0.0K","0","Sep-07-2005 3:00PM"
"Aug-29-2005","SERC","7:10AM","Alabama / Mississippi","Hurricane Katrina ","5.1K","512049","Aug-29-2005 10:00PM"
"Aug-29-2005","SERC","3:50PM","Alabama / Mississippi","Hurricane Katrina","0.1K","323529","Sep-10-2005 12:00PM"
"Aug-29-2005","FRCC","5:00PM","Lakeland","Fuel Supply","0.0K","0","Sep-08-2005 12:01AM"
"Aug-31-2005","FRCC","4:00PM","West Florida","Fuel Supply","0.0K","0","Sep-12-2005 8:00AM"
"September","","","","","","",""
"Sep-12-2005","WECC","12:32PM","Los Angeles","Breaker Issue","2.6K","900000","Sep-12-2005 1:56PM"
"Sep-13-2005","PR","2:14PM","Island Of Puerto Rico","Voltage Reduction/Load Shed","0.2K","66480","Sep-13-2005 2:29PM"
"Sep-13-2005","MAIN","6:30PM","Wisconsin","Severe Storm","0.6K","110000","Sep-16-2005 8:00PM"
"Sep-14-2005","SERC","3:00PM","Eastern North Carolina","Hurricane Ophelia","0.2K","60000","Sep-15-2005 3:00PM"
"Sep-21-2005","MRO","7:00PM","Minnesota","High Winds","N/A","200000","Sep-27-2005 11:00PM"
"Sep-22-2005","ECAR","11:00AM","Southeast Michigan","Severe Thunder Storm","0.4K","53000","Sep-26-2005 11:30PM"
"","","","","","","","",""
"","","","","","","","",""
"table_name","event_details","unnamed_2","unnamed_3","unnamed_4","unnamed_5","unnamed_6","unnamed_7"
"(Continued)","","","","","","","",""
"eventDate","region","eventTime","affectedArea","incidentType","loss_mw","customersAffected","restorationDateTime"
"","","","","","","","",""
"","","","","","","","",""
"Sep-22-2005","FRCC","12:00PM","Florida","Fuel Supply","0.0K","0","Sep-29-2005 12:00PM"
"Sep-23-2005","FRCC","7:00AM","Lakeland","Fuel Supply","0.0K","0","Sep-28-2005 11:29AM"
"Sep-23-2005","SPP","1:06PM","Louisiana","Hurricane Rita","0.4K","125000","Oct-06-2005 2:30PM"
"Sep-23-2005","ERCOT","5:00PM","Houston Metro","Hurricane Rita","2.0K","715000","Sep-24-2005 8:00PM"
"Sep-23-2005","SPP","9:00PM","Texas, Louisiana","Hurricane Rita","N/A","766000","Sep-25-2005 7:30AM"
"Sep-24-2005","ERCOT","6:00AM","East Texas","Hurricane Rita","0.3K","200000","Oct-02-2005 5:00PM"
"Sep-24-2005","ECAR","10:00AM","Shreveport","Hurricane Rita","0.7K","190000","Sep-28-2005 6:00PM"
"October","","","","","","",""
"Oct-02-2005","PR","5:40PM","Island Of Puerto Rico","Voltage Reduction/Load Shed","0.3K","71240","Oct-02-2005 5:54PM"
"Oct-18-2005","PR","3:19PM","Island Of Puerto Rico","Voltage Reduction/Load Shed","0.5K","142591","Oct-18-2005 3:37PM"
"Oct-22-2005","PR","9:44AM","Island Of Puerto Rico","Voltage Reduction/Load Shed","0.4K","85682","Oct-22-2005 11:40AM"
"Oct-23-2005","FRCC","8:00PM","South Florida","Hurricane Wilma","10.0K","3241437","Oct-24-2005 2:00PM"
"Oct-24-2005","FRCC","4:00AM","Florida","Hurricane Wilma","0.3K","105000","Oct-24-2005 4:00PM"
"Oct-24-2005","FRCC","7:00AM","South Florida","Hurricane Wilma ","0.1K","84900","Nov-10-2005 12:00AM"
"Oct-24-2005","MAAC","8:00PM","Maryland, Pennsylvania","Hurricane Wilma","0.4K","303795","Nov-02-2005 4:30PM"
"November","","","","","","",""
"Nov-03-2005","WECC","6:47PM","San Francisco Bay Area","Plant Tripped","0.1K","N/A","Nov-03-2005 7:00PM"
"Nov-06-2005","ECAR","7:30AM","Southeast Michigan","Severe Thunder Storm","0.2K","118000","Nov-11-2005 11:30PM"
"Nov-12-2005","WeEnergiesMAIN","4:00PM","Southeast Wisconsin ","Severe Thunderstorms","0.0K","48000","Nov-14-2005 6:00PM"
"Nov-12-2005","ECAR","11:00PM","Michigan","Severe Thunder Storm","0.4K","272355","Nov-14-2005 11:59PM"
"","","","","","","","",""
"","","","","","","","",""
"table_name","event_details","unnamed_2","unnamed_3","unnamed_4","unnamed_5","unnamed_6","unnamed_7"
"(Continued)","","","","","","","",""
"eventDate","region","eventTime","affectedArea","incidentType","loss_mw","customersAffected","restorationDateTime"
"","","","","","","","",""
"","","","","","","","",""
"December","","","","","","",""
"Dec-15-2005","SERC","4:00AM","Carolina","Ice Storm","3.5K","683000","Dec-21-2005 5:00PM"
"Dec-15-2005","SERC","5:05AM","Georgia","Ice Storm","0.1K","52659","Dec-16-2005 12:10PM"
"Dec-31-2005","WECC","6:00AM","California","Severe Storms","0.8K","1667316","Jan-05-2006 9:00AM"
"N/A","","","","","","","",""
"N/A","","","","","","","",""
"N/A","","","","","","","",""
"```"
