Table B.2.,"Major Disturbances and Unusual Occurrences,  January through December 2005",Unnamed: 2,Unnamed: 3,Unnamed: 4,Unnamed: 5,Unnamed: 6,Unnamed: 7
Date,NERC Region,Time,Area Affected,Type of Disturbance,Loss (megawatts),Number of Customers Affected 1,Restoration
,,,,,,,Date/Time
January,,,,,,,
2005-01-04 00:00:00,SPP,6:00 p.m. ,Eastern one third of the state of Kansas,Winter Storm,200,211000,"1/14/05, 12:00 p.m."
2005-01-05 00:00:00,ECAR,4:00 p.m.,Akron and Mansfield areas,Ice Storm,250,246990,"1/13/05, 6:00 p.m."
2005-01-05 00:00:00,ECAR,9:10 p.m.,Indiana Michigan Region - Muncie District,Winter Ice Storm,545,114791,"1/16/05, 11:00 a.m."
2005-01-07 00:00:00,WECC,1:00 p.m.,Northern California,Winter Storm,120,442000,"1/10/05, 8:00 a.m."
 1/19/05,PR,9:17 a.m.,Island of Puerto Rico,Voltage Reduction,209,,"1/19/05, 9:27 a.m."
2005-01-23 00:00:00,PR,10:42 a.m.,Island of Puerto Rico,Voltage Reduction,140,,"1/23/05, 11:24 a.m.  "
2005-01-24 00:00:00,PR,6:38 a.m.,Island of Puerto Rico,Voltage Reduction/Shed Load,225,70717,"1/24/05, 6:50 a.m."
2005-01-24 00:00:00,PR,12:27 p.m.,Island of Puerto Rico,Voltage Reduction/Shed Load,385,,"1/24/05, 12:34 p.m."
2005-01-29 00:00:00,SERC,10:00 a.m.,Parts of Alabama and Georgia,Ice Storm,100,150000,"1/31/05, 10:00 a.m"
2005-01-29 00:00:00,SERC,4:00 p.m.,Georgia,Ice Storm,65 to 100,82000,"1/30/05, 3:00 p.m."
February ,,,,,,,
2005-02-01 00:00:00,PR,5:78 p.m.,Island of Puerto Rico,Voltage Reduction,460,,"2/01/05, 6:01 p.m."
2005-02-15 00:00:00,PR,1:12 p.m.,Island of Puerto Rico,Generator Loss,380,,2/15/05 1:30 p.m.
2005-02-16 00:00:00,PR,1:26 p.m. ,Island of Puerto Rico,Load Shedding,325,139438,"2/16/05, 1:43 p.m."
2005-02-18 00:00:00,PR,8:16 a.m.,Island of Puerto Rico,Generator Loss/Voltage Reduction,648,372288,"2/18/05, 8:41 a.m."
2005-02-24 00:00:00,PR,12:58 a.m.,Island of Puerto Rico,Voltage Reduction,200,,"2/24/05, 1:05 a.m."
March,,,,,,,
2005-03-08 00:00:00,SERC,11:00 a.m.,Eastern and Central North Carolina,Wind Storms,180,51600,"3/08/05, 3:00 p.m."
April,,,,,,,
2005-04-01 00:00:00,ECAR,Midnight,"Cleveland, Ohio and northeast Ohio ",Winter Storm,,211000,"4/06/05, 12:00 p.m. "
2005-04-22 00:00:00,WECC,3:51 p.m.,"San Francisco Bay area, California",Lightning Strike,126,PG&E,"4/22/05, 3:59 p.m."
2005-04-23 00:00:00,PR,4:22 a.m.,Island of Puerto Rico,Voltage Reduction,345,116552,"4/23/05, 4:48 a.m."
2005-04-23 00:00:00,ECAR,6:00 a.m,"Cleveland, Ohio and northeast Ohio ",Winter Storm,,150000,"4/27/05, 6:00 a.m."
2005-04-30 00:00:00,SERC,8:00 a.m.,Alabama and Georgia,Thunderstorms,100,51808,"4/30/05, 10:00 a.m."
May,,,,,,,
2005-05-08 00:00:00,ERCOT,3:00 p.m.,"Houston, Texas and surrounding suburban areas",Strong Thunderstorms,672,243000,"5/08/05, 10:00 p.m."
2005-05-11 00:00:00,PR,7:00 p.m.,Island of Puerto Rico,Voltage Reduction,529,,"5/11/05, 8:31 p.m."
2005-05-29 00:00:00,ERCOT,8:00 p.m.,"Houston, Texas and surrounding suburban areas",Strong Thunderstorms,328,123000,"5/30/05, 2:30 a.m."
June,,,,,,,
2005-06-05 00:00:00,ECAR,2:00 p.m.,Southeast  Michigan,Strong Thunderstorm/High Winds,1826,201580,"6/10/05, 7:30 a.m."
2005-06-05 00:00:00,ECAR,2:00 p.m.,Portions of  the southern 2/3 of  Michigan's Lower Peninsula,Strong Thunderstorm,50-60 ,105000,"6/07/05, 6:00 p.m."
2005-06-06 00:00:00,NPCC,12:00 p.m.,Central/Eastern New York state,Strong Thunderstorms,,65000,"6/08/05, 6:00 p.m."
,,,,,,,
,,,,,,,
Table B.2.,"Major Disturbances and Unusual Occurrences,  January through December 2005",,,,,,
(Continued),,,,,,,
Date,NERC Region,Time,Area Affected,Type of Disturbance,Loss (megawatts),Number of Customers Affected 1,Restoration
,,,,,,,Date/Time
2005-06-06 00:00:00,MAAC,4:43  p.m.,"Bucks, Montgomery, Delaware, Chester, Philadelphia counties, Pennsylvania",Strong Thunderstorm,,143000,"6/07/05, 10:00 p.m."
2005-06-08 00:00:00,MRO,4:00 a.m.,Minnesota,Strong Thunderstorm,50-100,300000,"6/10/05, 10:00 p.m."
2005-06-20 00:00:00,PR,11:16 a.m.,Island of Puerto Rico,Voltage Reduction,35,600000,"6/20/05, 5:15 pm."
2005-06-24 00:00:00,MAIN,8:37 p.m.,"Chicago, Illinois",Transmission Equipment Failure,350,51500,"6/24/05, 11:06 p.m."
2005-06-28 00:00:00,WECC,11:30 a.m.,Denver Metropolitan area of Colorado,Fuel Supply Deficiency/Coal Rail Transportation Interruption,0,0,Ongoing
2005-06-29 00:00:00,ECAR,4:30 p.m.,Southeast  Michigan,Strong Thunderstorm/High Winds,1000,114711,"7/04/05, 11:30 p.m."
July,,,,,,,
7/01//05,ERCOT,,"Texas, New Mexico, Oklahoma, Kansas",Fuel Supply - Deficiency Coal Rail Transporation Interruption,0,0,Ongoing
2005-07-02 00:00:00,PR,1:27 a.m.,Island of Puerto Rico,Load Shedding,226,132290,"7/02/05, 1:46 a.m."
,,,,,,,
2005-07-05 00:00:00,SPP,9:00 p.m.,"Southeast and Northeast, Louisiana including the New Orleans area",Tropical Storm Cindy,unknown,287000,"7/06/05, 9:00 a.m."
2005-07-10 00:00:00,SERC,8:00 a.m.,"Alabama, Mississippi, Florida, Georgia",Hurricane Dennis,45,228102,"7/12/05, 8:00 a.m."
2005-07-10 00:00:00,SERC,12:53 p.m.,Southwest Alabama and Western Panhandle of Florida,Hurricane Dennis,51.2,50000,"7/11/05, 5:33 pm."
2005-07-21 00:00:00,WECC,2:39 p.m.,Southern California,CA ISO  Stage 2 -Initiated interruption of Air Conditioner Cycling Interruptible Load Program,197,128050,"7/21/05, 5:30 p.m."
2005-07-22 00:00:00,WECC,1:55 p.m.,Southern California ,CA ISO Stage 2 -Initiated interruption of Air Conditioner Cycling Interruptible Load Program,206,133900,"7/22/05, 6:00 p.m."
2005-07-23 00:00:00,MAAC,1:02 a.m.,"Washington, DC, Montgomery and Prince Georges Counties, Maryland",Severe Thunderstorms,,55118,"7/26/05, 10:50 a.m."
2005-07-27 00:00:00,MAAC,4:50 p.m,"Bucks, Chester, Delaware, Montgomery and Philadelphia counties, Pennsylvania",Severe Thunderstorms,,93837,"7/28/05, 9:24 p.m."
2005-07-27 00:00:00,MAAC,5:50 p.m.,"Washington, DC, Montgomery and Prince Georges Counties, Maryland",Severe Thunderstorm,  N/A,64943,"7/30/05, 9:07 p.m."
2005-07-27 00:00:00,MAAC,6:00 p.m.,"Baltimore County, Anne Arundel County and Prince Georges County, Maryland",Severe Thunderstorms,,87600,"7/29/05, 4:00 p.m."
2005-07-28 00:00:00,SERC,8:30 p.m.,Piedmont North and South Carolina,Severe Thunderstorm,300,52200,"8/01/05, 5:00 p.m."
August,,,,,,,
2005-08-01 00:00:00,PR,10:28 a.m.,Island of Puerto Rico,Voltage Reduction/Load Shed,175,47116,"8/01/05, 10:47 a.m."
2005-08-08 00:00:00,WECC,12:38 p.m.,"San Francisco Bay area, California",Plant Tripped,240,PG&E,"8/08/05, 4:00 p.m."
,,,,,,,
Table B.2.,"Major Disturbances and Unusual Occurrences,  January through December 2005",,,,,,
(Continued),,,,,,,
Date,NERC Region,Time,Area Affected,Type of Disturbance,Loss (megawatts),Number of Customers Affected 1,Restoration
,,,,,,,Date/Time
2005-08-19 00:00:00,PR,7:37 p.m.,Island of Puerto Rico,Voltage Reduction/Load Shed,259,71864,"8/19/05, 8:15 p.m."
2005-08-20 00:00:00,ECAR,2:15 p.m.,Northwest Arkansas,Severe Thunderstorms,650,50797,"8/20/05, 4:21 p.m. "
2005-08-25 00:00:00,WECC,3:50 p.m.,Southern California,CAISO determined there was  inadequate electric resources to serve load.  Public appeals and a shedding of interruptible and firm load occurred.,-,-,"8/25/05, 8:00 p.m."
2005-08-25 00:00:00,WECC,3:51 p.m.,Southern California,CAISO initiated interruption of  interruptible and firm load due to declaration of  Transmission Emergency in Southern California,864,409000,"8/25/05,  8:00 p.m."
2005-08-29 00:00:00,SPP,1:10 a.m.,East and Southeast Louisiana,Hurricane Katrina,300,143000,"8/29/05, 12:42 p.m."
2005-08-29 00:00:00,SPP,6:00 a.m.,"Buras, Louisiana",Hurricane Katrina,,"1.1 million and 100,000 gas customers","8/30/05, 6:00 a.m."
2005-08-29 00:00:00,FRCC,7:10 a.m.,"Counties of Alachua, Bay, Citrus, Columbia, Dixie, Franklin, Gilchrist, Gulf, Hamilton, Hardee, Hernando, Highlands, Jefferson, Lafayette, Lake, Levy, Madison, Marion, Orange, Osceola, Pasco, Pinellas, Polk, Seminole, Sumter, Suwannee, Taylor, Volusia and Wakulla",Hurricane Katrina disrupted fuel supply in the Gulf of Mexico. Public appeals for conservation were issued.,0,0,"9/07/05, 3:00 p.m."
2005-08-29 00:00:00,SERC,7:10 a.m.,"Alabama, Florida, Mississippi",Hurricane Katrina ,5120,512049,"8/29/05, 10:00 p.m."
2005-08-29 00:00:00,SERC,3:50 p.m.,"Alabama, Mississippi,  Tennessee",Hurricane Katrina,118.5,323529,"9/10/05, 12:00 p.m."
2005-08-29 00:00:00,FRCC,5:00 p.m.,"City of Lakeland, Florida",Hurricane Katrina  disrupted normal gas allotment through natural gas pipelines (FGT & Gulf stream). Public appeals for conservation were issued.,0,0,"9/08/05,12:01 a.m."
2005-08-31 00:00:00,FRCC,4:00 p.m.,Member Service Territory is located in the West coast of Florida from Tallahassee to Fort Myers,Hurricane Katrina disrupted normal gas supplies distribution. Public appeals for conservation were issued.,0,0,"9/12/05, 8:00 a.m."
September,,,,,,,
2005-09-12 00:00:00,WECC,12:32 p.m.," Los Angeles, California",Breaker protection cable accidentally cut,2578,900000,"9/12/05, 1:56 p.m."
2005-09-13 00:00:00,PR,2:14 p.m.,Island of Puerto Rico,Voltage Reduction/Load Shed,249,66480,"9/13/05, 2:29 p.m."
2005-09-13 00:00:00,MAIN,6:30 p.m.,Southeast Wisconsin and Fox Valley,Severe Storm,600,110000,"9/16/05, 8:00 p.m."
2005-09-14 00:00:00,SERC,3:00 p.m.,Eastern North Carolina,Hurricane Ophelia,215,60000,"9/15/05, 3:00 p.m."
2005-09-21 00:00:00,MRO,7:00 p.m.,Minnesota,High Winds/Tornados,,200000,"9/27/05, 11:00 p.m."
2005-09-22 00:00:00,ECAR,11:00 a.m.,Southeast Michigan,Severe Thunderstorm,366,53000,"9/26/05, 11:30 p.m."
,,,,,,,
,,,,,,,
Table B.2.,"Major Disturbances and Unusual Occurrences,  January through December 2005",,,,,,
(Continued),,,,,,,
Date,NERC Region,Time,Area Affected,Type of Disturbance,Loss (megawatts),Number of Customers Affected 1,Restoration
,,,,,,,Date/Time
,,,,,,,
2005-09-22 00:00:00,FRCC,12:00 p.m.,"Counties of Alachua, Bay, Citrus, Columbia, Dixie, Franklin, Gilchrist, Gulf, Hamilton, Hardee, Hernando, Highlands, Jefferson, Lafayette, Lake, Levy, Madison, Marion, Orange, Osceola, Pasco, Pinellas, Polk, Seminole, Sumter, Suwannee, Taylor, Volusia and Wakulla",Hurricane Rita disrupted fuel supply in the Gulf of Mexico. Public Appeals for conservation were issued.,0,0,"9/29/05, 12:00 p.m."
2005-09-23 00:00:00,FRCC,7:00 a.m.," Lakeland, Florida",Hurricane Rita  disrupted normal gas allotment through natural gas pipelines (FGT & Gulf stream). Public Appeals for conservation were issued.,0,0,"9/28/05, 11:29 a.m."
2005-09-23 00:00:00,SPP,1:06 p.m.,West and Southwest Louisiana,Hurricane Rita,350,125000,"10/06/05, 2:30 p.m."
2005-09-23 00:00:00,ERCOT,5:00 p.m.,"Houston, Texas and the surrounding suburban areas",Hurricane Rita,1950,715000,"9/24/05, 8:00 p.m."
2005-09-23 00:00:00,SPP,9:00 p.m.,"Texas, Louisiana, Arkansas, and Mississippi",Hurricane Rita,,766000,"9/25/05, 7:30 a.m."
2005-09-24 00:00:00,ERCOT,6:00 a.m.,"Nacogdoches, Lufkin, Tyler, Jacksonville, Rusk, Paris, Commerce, Huntington",Hurricane Rita,260,200000," 10/02/05, 5:00 p.m."
2005-09-24 00:00:00,ECAR,10:00 a.m.,"Shreveport, Louisiana",Hurricane Rita,700,190000,"9/28/05, 6:00 p.m."
October,,,,,,,
2005-10-02 00:00:00,PR,5:40 p.m.,Island of Puerto Rico,Voltage Reduction/Load Shed,312,71240,"10/02/05, 5:54 p.m."
2005-10-18 00:00:00,PR,3:19 p.m.,Island of Puerto Rico,Voltage Reduction/Load Shed,460,142591,"10/18/05, 3: 37 p.m."
2005-10-22 00:00:00,PR,9:44 a.m.,Island of Puerto Rico,Voltage Reduction/Load Shed,360,85682,"10/22/05, 11:40 a.m."
2005-10-23 00:00:00,FRCC,8:00 p.m..,"South Florida, Naples, Ft. Myers, Miami, Ft. Lauderdale, West Palm Beach and Martin county",Hurricane Wilma,10000,3241437,"10/24/05, 2:00 p.m."
2005-10-24 00:00:00,FRCC,4:00 a.m.,"Florida counties of Collier, Charlotte and Lee",Hurricane Wilma,280,105000,"10/24/05, 4:00 p.m."
2005-10-24 00:00:00,FRCC,7:00 a.m.,"South Florida - Cities of Key West, Clewiston, Lake Worth, and Ft. Pierce",Hurricane Wilma ,148,84900,"11/10/05, 12:00 a.m."
2005-10-24 00:00:00,MAAC,8:00 p.m.,"Maryland, North Central West Virginia, Southwestern Pennsylvania, and Northern Pennsylvania",Hurricane Wilma,400,303795,"11/02/05, 4:30 p.m."
November,,,,,,,
2005-11-03 00:00:00,WECC,6:47 p.m.,"San Francisco Bay area, California",Plant Tripped,136,--,"11/03/05, 7:00 p.m."
2005-11-06 00:00:00,ECAR,7:30 a.m.,Southeast Michigan,Severe Thunderstorm,212,118000,"11/11/05, 11:30  p.m."
2005-11-12 00:00:00,WeEnergiesMAIN,4:00 p.m.,Southeast Wisconsin ,Severe Thunderstorms,10,48000,"11/14/05, 6:00 p.m."
2005-11-12 00:00:00,ECAR,11:00 p.m.,Western and Central portions of Michigan's Lower Peninsula,Severe Thunderstorm,408,272355,"11/14/05, 11:59 p.m."
,,,,,,,
,,,,,,,
Table B.2.,"Major Disturbances and Unusual Occurrences,  January through December 2005",,,,,,
(Continued),,,,,,,
Date,NERC Region,Time,Area Affected,Type of Disturbance,Loss (megawatts),Number of Customers Affected 1,Restoration
,,,,,,,Date/Time
,,,,,,,
December,,,,,,,
2005-12-15 00:00:00,SERC,4:00 a.m.,Piedmont North Carolina and South Carolina,Ice Storm,3500,683000,"12/21/05, 5:00 p.m."
2005-12-15 00:00:00,SERC,5:05 a.m.,Northeast Georgia,Ice Storm,75,52659,"12/16/05, 12:10  p.m."
2005-12-31 00:00:00,WECC,6:00 a.m.,Northern and Central California,Severe Storms,800,1667316,"01/05/06, 9:00 a.m."
1 = Estimated Values.,,,,,,,
Note: North American Electric Reliability Council region acronyms are defined in the glossary.,,,,,,,
"Source:  Form OE-417, ""Electric Emergency Incident and Disturbance Report.""",,,,,,,
