"```csv"
"DataYear","Year_1987","Unnamed_2","Unnamed_3","Unnamed_4","","","","",""
"","","","","","","","DataSummary","IndicatorInfo"
"Country","Country_Code","Indicator_Code","Total_Population","Grand_Total","Adjusted_Population","Population_Source","Notes","Data_Quality","Indicator Name_Header"
"Afghanistan","AFG","SP.POP.TOTL","11387818","11387818","11.39M","World Bank","Updated Population numbers","Good","Population, total"
"Africa Eastern and Southern","AFE","SP.POP.TOTL","286067346","286067346","286.07M","UN Data","Updated Population numbers","Excellent","Population, total"
"Africa Western and Central","AFW","SP.POP.TOTL","193104347","193104347","193.10M","WB data","Updated Population numbers","Good","Population, total"
"Albania","ALB","SP.POP.TOTL","3083605","3083605","3.08M","Local Stats","Updated Population numbers","Very Good","Population, total"
"Algeria","DZA","SP.POP.TOTL","23443624","23443624","23.44M","Regional Data","Updated Population numbers","Excellent","Population, total"
"American Samoa","ASM","SP.POP.TOTL","42072","42072","42.07K","US Census","Updated Population numbers","Good","Population, total"
"Andorra","AND","SP.POP.TOTL","47653","47653","47.65K","EU Stats","Updated Population numbers","Very Good","Population, total"
"Angola","AGO","SP.POP.TOTL","10497858","10497858","10.50M","World Bank","Updated Population numbers","Good","Population, total"
"Antigua and Barbuda","ATG","SP.POP.TOTL","63946","63946","63.95K","UN Data","Updated Population numbers","Excellent","Population, total"
"Arab World","ARB","SP.POP.TOTL","204524595","204524595","204.52M","Regional Data","Updated Population numbers","Good","Population, total"
"Argentina","ARG","SP.POP.TOTL","31291762","31291762","31.29M","Local Stats","Updated Population numbers","Very Good","Population, total"
"Armenia","ARM","SP.POP.TOTL","3328520","3328520","3.33M","WB Data","Updated Population numbers","Excellent","Population, total"
"Aruba","ABW","SP.POP.TOTL","59159","59159","59.16K","Local Stats","Updated Population numbers","Good","Population, total"
"Australia","AUS","SP.POP.TOTL","16263874","16263874","16.26M","UN Data","Updated Population numbers","Very Good","Population, total"
"Austria","AUT","SP.POP.TOTL","7574586","7574586","7.57M","EU Stats","Updated Population numbers","Excellent","Population, total"
"Azerbaijan","AZE","SP.POP.TOTL","6875350","6875350","6.88M","Regional Data","Updated Population numbers","Good","Population, total"
"Bahamas, The","BHS","SP.POP.TOTL","261935","261935","261.94K","WB Data","Updated Population numbers","Very Good","Population, total"
"Bahrain","BHR","SP.POP.TOTL","462854","462854","462.85K","Local Stats","Updated Population numbers","Excellent","Population, total"
"Bangladesh","BGD","SP.POP.TOTL","104959291","104959291","104.96M","UN Data","Updated Population numbers","Good","Population, total"
"Barbados","BRB","SP.POP.TOTL","257279","257279","257.28K","WB Data","Updated Population numbers","Very Good","Population, total"
"Belarus","BLR","SP.POP.TOTL","10111000","10111000","10.11M","Regional Data","Updated Population numbers","Excellent","Population, total"
"Belgium","BEL","SP.POP.TOTL","9870234","9870234","9.87M","EU Stats","Updated Population numbers","Good","Population, total"
"Belize","BLZ","SP.POP.TOTL","171338","171338","171.34K","Local Stats","Updated Population numbers","Very Good","Population, total"
"Benin","BEN","SP.POP.TOTL","4818486","4818486","4.82M","WB Data","Updated Population numbers","Excellent","Population, total"
"Bermuda","BMU","SP.POP.TOTL","56265","56265","56.27K","UN Data","Updated Population numbers","Good","Population, total"
"Bhutan","BTN","SP.POP.TOTL","540557","540557","540.56K","WB Data","Updated Population numbers","Very Good","Population, total"
"Bolivia","BOL","SP.POP.TOTL","6692162","6692162","6.69M","Regional Data","Updated Population numbers","Excellent","Population, total"
"Bosnia and Herzegovina","BIH","SP.POP.TOTL","4390246","4390246","4.39M","EU Stats","Updated Population numbers","Good","Population, total"
"Botswana","BWA","SP.POP.TOTL","1199167","1199167","1.20M","Local Stats","Updated Population numbers","Very Good","Population, total"
"Brazil","BRA","SP.POP.TOTL","141104944","141104944","141.10M","WB Data","Updated Population numbers","Excellent","Population, total"
"British Virgin Islands","VGB","SP.POP.TOTL","14194","14194","14.19K","UN Data","Updated Population numbers","Good","Population, total"
"Brunei Darussalam","BRN","SP.POP.TOTL","233860","233860","233.86K","WB Data","Updated Population numbers","Very Good","Population, total"
"Bulgaria","BGR","SP.POP.TOTL","8971359","8971359","8.97M","Regional Data","Updated Population numbers","Excellent","Population, total"
"Burkina Faso","BFA","SP.POP.TOTL","8457109","8457109","8.46M","EU Stats","Updated Population numbers","Good","Population, total"
"Burundi","BDI","SP.POP.TOTL","5247787","5247787","5.25M","Local Stats","Updated Population numbers","Very Good","Population, total"
"Cabo Verde","CPV","SP.POP.TOTL","357302","357302","357.30K","WB Data","Updated Population numbers","Excellent","Population, total"
"Cambodia","KHM","SP.POP.TOTL","6557970","6557970","6.56M","UN Data","Updated Population numbers","Good","Population, total"
"Cameroon","CMR","SP.POP.TOTL","10370749","10370749","10.37M","WB Data","Updated Population numbers","Very Good","Population, total"
"Canada","CAN","SP.POP.TOTL","26446601","26446601","26.45M","Regional Data","Updated Population numbers","Excellent","Population, total"
"Caribbean small states","CSS","SP.POP.TOTL","2368654","2368654","2.37M","EU Stats","Updated Population numbers","Good","Population, total"
"Cayman Islands","CYM","SP.POP.TOTL","23073","23073","23.07K","Local Stats","Updated Population numbers","Very Good","Population, total"
"Central African Republic","CAF","SP.POP.TOTL","2669155","2669155","2.67M","WB Data","Updated Population numbers","Excellent","Population, total"
"Central Europe and the Baltics","CEB","SP.POP.TOTL","110296425","110296425","110.30M","UN Data","Updated Population numbers","Good","Population, total"
"Chad","TCD","SP.POP.TOTL","5438309","5438309","5.44M","WB Data","Updated Population numbers","Very Good","Population, total"
"Channel Islands","CHI","SP.POP.TOTL","138743","138743","138.74K","Regional Data","Updated Population numbers","Excellent","Population, total"
"Chile","CHL","SP.POP.TOTL","12790150","12790150","12.79M","EU Stats","Updated Population numbers","Good","Population, total"
"China","CHN","SP.POP.TOTL","1084035000","1084035000","1084.04M","Local Stats","Updated Population numbers","Very Good","Population, total"
"Colombia","COL","SP.POP.TOTL","30499467","30499467","30.50M","WB Data","Updated Population numbers","Excellent","Population, total"
"Comoros","COM","SP.POP.TOTL","410439","410439","410.44K","UN Data","Updated Population numbers","Good","Population, total"
"Congo, Dem. Rep.","COD","SP.POP.TOTL","33298904","33298904","33.30M","WB Data","Updated Population numbers","Very Good","Population, total"
"Congo, Rep.","COG","SP.POP.TOTL","2183473","2183473","2.18M","Regional Data","Updated Population numbers","Excellent","Population, total"
"Costa Rica","CRI","SP.POP.TOTL","2892699","2892699","2.89M","EU Stats","Updated Population numbers","Good","Population, total"
"Cote d'Ivoire","CIV","SP.POP.TOTL","10851475","10851475","10.85M","Local Stats","Updated Population numbers","Very Good","Population, total"
"Croatia","HRV","SP.POP.TOTL","4739745","4739745","4.74M","WB Data","Updated Population numbers","Excellent","Population, total"
"Cuba","CUB","SP.POP.TOTL","10335342","10335342","10.34M","UN Data","Updated Population numbers","Good","Population, total"
"Curacao","CUW","SP.POP.TOTL","151456","151456","151.46K","WB Data","Updated Population numbers","Very Good","Population, total"
"Cyprus","CYP","SP.POP.TOTL","754785","754785","754.79K","Regional Data","Updated Population numbers","Excellent","Population, total"
"Czechia","CZE","SP.POP.TOTL","10347318","10347318","10.35M","EU Stats","Updated Population numbers","Good","Population, total"
"Denmark","DNK","SP.POP.TOTL","5127024","5127024","5.13M","Local Stats","Updated Population numbers","Very Good","Population, total"
"Djibouti","DJI","SP.POP.TOTL","454399","454399","454.40K","WB Data","Updated Population numbers","Excellent","Population, total"
"Dominica","DMA","SP.POP.TOTL","71023","71023","71.02K","UN Data","Updated Population numbers","Good","Population, total"
"Dominican Republic","DOM","SP.POP.TOTL","6712515","6712515","6.71M","WB Data","Updated Population numbers","Very Good","Population, total"
"Early-demographic dividend","EAR","SP.POP.TOTL","1901405537","1901405537","1901.41M","Regional Data","Updated Population numbers","Excellent","Population, total"
"East Asia & Pacific","EAS","SP.POP.TOTL","1734703332","1734703332","1734.70M","EU Stats","Updated Population numbers","Good","Population, total"
"East Asia & Pacific (excluding high income)","EAP","SP.POP.TOTL","1522374575","1522374575","1522.37M","Local Stats","Updated Population numbers","Very Good","Population, total"
"East Asia & Pacific (IDA & IBRD countries)","TEA","SP.POP.TOTL","1502192372","1502192372","1502.19M","WB Data","Updated Population numbers","Excellent","Population, total"
"Ecuador","ECU","SP.POP.TOTL","9779290","9779290","9.78M","UN Data","Updated Population numbers","Good","Population, total"
"Egypt, Arab Rep.","EGY","SP.POP.TOTL","53674435","53674435","53.67M","WB Data","Updated Population numbers","Very Good","Population, total"
"El Salvador","SLV","SP.POP.TOTL","5092441","5092441","5.09M","Regional Data","Updated Population numbers","Excellent","Population, total"
"Equatorial Guinea","GNQ","SP.POP.TOTL","422522","422522","422.52K","EU Stats","Updated Population numbers","Good","Population, total"
"Eritrea","ERI","SP.POP.TOTL","1888669","1888669","1.89M","Local Stats","Updated Population numbers","Very Good","Population, total"
"Estonia","EST","SP.POP.TOTL","1552221","1552221","1.55M","WB Data","Updated Population numbers","Excellent","Population, total"
"Eswatini","SWZ","SP.POP.TOTL","763811","763811","763.81K","UN Data","Updated Population numbers","Good","Population, total"
"Ethiopia","ETH","SP.POP.TOTL","42460039","42460039","42.46M","WB Data","Updated Population numbers","Very Good","Population, total"
"Euro area","EMU","SP.POP.TOTL","312223048","312223048","312.22M","Regional Data","Updated Population numbers","Excellent","Population, total"
"Europe & Central Asia","ECS","SP.POP.TOTL","830294805","830294805","830.29M","EU Stats","Updated Population numbers","Good","Population, total"
"Europe & Central Asia (excluding high income)","ECA","SP.POP.TOTL","200194022","200194022","200.19M","Local Stats","Updated Population numbers","Very Good","Population, total"
"Europe & Central Asia (IDA & IBRD countries)","TEC","SP.POP.TOTL","420430601","420430601","420.43M","WB Data","Updated Population numbers","Excellent","Population, total"
"European Union","EUU","SP.POP.TOTL","416296769","416296769","416.30M","UN Data","Updated Population numbers","Good","Population, total"
"Faroe Islands","FRO","SP.POP.TOTL","46701","46701","46.70K","WB Data","Updated Population numbers","Very Good","Population, total"
"Fiji","FJI","SP.POP.TOTL","750540","750540","750.54K","Regional Data","Updated Population numbers","Excellent","Population, total"
"Finland","FIN","SP.POP.TOTL","4932123","4932123","4.93M","EU Stats","Updated Population numbers","Good","Population, total"
"Fragile and conflict affected situations","FCS","SP.POP.TOTL","454559470","454559470","454.56M","Local Stats","Updated Population numbers","Very Good","Population, total"
"France","FRA","SP.POP.TOTL","57266167","57266167","57.27M","WB Data","Updated Population numbers","Excellent","Population, total"
"French Polynesia","PYF","SP.POP.TOTL","190449","190449","190.45K","UN Data","Updated Population numbers","Good","Population, total"
"Gabon","GAB","SP.POP.TOTL","905479","905479","905.48K","WB Data","Updated Population numbers","Very Good","Population, total"
"Gambia, The","GMB","SP.POP.TOTL","931091","931091","931.09K","Regional Data","Updated Population numbers","Excellent","Population, total"
"Georgia","GEO","SP.POP.TOTL","4743500","4743500","4.74M","EU Stats","Updated Population numbers","Good","Population, total"
"Germany","DEU","SP.POP.TOTL","77839920","77839920","77.84M","Local Stats","Updated Population numbers","Very Good","Population, total"
"Ghana","GHA","SP.POP.TOTL","14289108","14289108","14.29M","WB Data","Updated Population numbers","Excellent","Population, total"
"Gibraltar","GIB","SP.POP.TOTL","28096","28096","28.10K","UN Data","Updated Population numbers","Good","Population, total"
"Greece","GRC","SP.POP.TOTL","10000595","10000595","10.00M","WB Data","Updated Population numbers","Very Good","Population, total"
"Greenland","GRL","SP.POP.TOTL","54100","54100","54.10K","Regional Data","Updated Population numbers","Excellent","Population, total"
"Grenada","GRD","SP.POP.TOTL","97526","97526","97.53K","EU Stats","Updated Population numbers","Good","Population, total"
"Guam","GUM","SP.POP.TOTL","129858","129858","129.86K","Local Stats","Updated Population numbers","Very Good","Population, total"
"Guatemala","GTM","SP.POP.TOTL","8296485","8296485","8.30M","WB Data","Updated Population numbers","Excellent","Population, total"
"Guinea","GIN","SP.POP.TOTL","5900198","5900198","5.90M","UN Data","Updated Population numbers","Good","Population, total"
"Guinea-Bissau","GNB","SP.POP.TOTL","926862","926862","926.86K","WB Data","Updated Population numbers","Very Good","Population, total"
"Guyana","GUY","SP.POP.TOTL","764120","764120","764.12K","Regional Data","Updated Population numbers","Excellent","Population, total"
"Haiti","HTI","SP.POP.TOTL","6445123","6445123","6.45M","EU Stats","Updated Population numbers","Good","Population, total"
"Heavily indebted poor countries (HIPC)","HPC","SP.POP.TOTL","333016950","333016950","333.02M","Local Stats","Updated Population numbers","Very Good","Population, total"
"High income","HIC","SP.POP.TOTL","1155714404","1155714404","1155.71M","WB Data","Updated Population numbers","Excellent","Population, total"
"Honduras","HND","SP.POP.TOTL","4576910","4576910","4.58M","UN Data","Updated Population numbers","Good","Population, total"
"Hong Kong SAR, China","HKG","SP.POP.TOTL","5580500","5580500","5.58M","WB Data","Updated Population numbers","Very Good","Population, total"
"Hungary","HUN","SP.POP.TOTL","10612741","10612741","10.61M","Regional Data","Updated Population numbers","Excellent","Population, total"
"IBRD only","IBD","SP.POP.TOTL","3273388723","3273388723","3273.39M","EU Stats","Updated Population numbers","Good","Population, total"
"Iceland","ISL","SP.POP.TOTL","245859","245859","245.86K","Local Stats","Updated Population numbers","Very Good","Population, total"
"IDA & IBRD total","IBT","SP.POP.TOTL","4081589183","4081589183","4081.59M","WB Data","Updated Population numbers","Excellent","Population, total"
"IDA blend","IDB","SP.POP.TOTL","263310163","263310163","263.31M","UN Data","Updated Population numbers","Good","Population, total"
"IDA only","IDX","SP.POP.TOTL","544890297","544890297","544.89M","WB Data","Updated Population numbers","Very Good","Population, total"
"IDA total","IDA","SP.POP.TOTL","808200460","808200460","808.20M","Regional Data","Updated Population numbers","Excellent","Population, total"
"India","IND","SP.POP.TOTL","808931270","808931270","808.93M","EU Stats","Updated Population numbers","Good","Population, total"
"Indonesia","IDN","SP.POP.TOTL","173511154","173511154","173.51M","Local Stats","Updated Population numbers","Very Good","Population, total"
"Iran, Islamic Rep.","IRN","SP.POP.TOTL","53323493","53323493","53.32M","WB Data","Updated Population numbers","Excellent","Population, total"
"Iraq","IRQ","SP.POP.TOTL","16521049","16521049","16.52M","UN Data","Updated Population numbers","Good","Population, total"
"Ireland","IRL","SP.POP.TOTL","3540057","3540057","3.54M","WB Data","Updated Population numbers","Very Good","Population, total"
"Isle of Man","IMN","SP.POP.TOTL","65597","65597","65.60K","Regional Data","Updated Population numbers","Excellent","Population, total"
"Israel","ISR","SP.POP.TOTL","4369000","4369000","4.37M","EU Stats","Updated Population numbers","Good","Population, total"
"Italy","ITA","SP.POP.TOTL","56601931","56601931","56.60M","Local Stats","Updated Population numbers","Very Good","Population, total"
"Jamaica","JAM","SP.POP.TOTL","2329813","2329813","2.33M","WB Data","Updated Population numbers","Excellent","Population, total"
"Japan","JPN","SP.POP.TOTL","122069000","122069000","122.07M","UN Data","Updated Population numbers","Good","Population, total"
"Jordan","JOR","SP.POP.TOTL","3047634","3047634","3.05M","WB Data","Updated Population numbers","Very Good","Population, total"
"Kazakhstan","KAZ","SP.POP.TOTL","16527715","16527715","16.53M","Regional Data","Updated Population numbers","Excellent","Population, total"
"Kenya","KEN","SP.POP.TOTL","20616096","20616096","20.62M","EU Stats","Updated Population numbers","Good","Population, total"
"Kiribati","KIR","SP.POP.TOTL","69733","69733","69.73K","Local Stats","Updated Population numbers","Very Good","Population, total"
"Korea, Dem. People's Rep.","PRK","SP.POP.TOTL","20205483","20205483","20.21M","WB Data","Updated Population numbers","Excellent","Population, total"
"Korea, Rep.","KOR","SP.POP.TOTL","41621690","41621690","41.62M","UN Data","Updated Population numbers","Good","Population, total"
"Kosovo","XKX","SP.POP.TOTL","1880590","1880590","1.88M","WB Data","Updated Population numbers","Very Good","Population, total"
"Kuwait","KWT","SP.POP.TOTL","2052994","2052994","2.05M","Regional Data","Updated Population numbers","Excellent","Population, total"
"Kyrgyz Republic","KGZ","SP.POP.TOTL","4144600","4144600","4.14M","EU Stats","Updated Population numbers","Good","Population, total"
"Lao PDR","LAO","SP.POP.TOTL","3957612","3957612","3.96M","Local Stats","Updated Population numbers","Very Good","Population, total"
"Late-demographic dividend","LTE","SP.POP.TOTL","1765799733","1765799733","1765.80M","WB Data","Updated Population numbers","Excellent","Population, total"
"Latin America & Caribbean","LCN","SP.POP.TOTL","416332693","416332693","416.33M","UN Data","Updated Population numbers","Good","Population, total"
"Latin America & Caribbean (excluding high income)","LAC","SP.POP.TOTL","373345003","373345003","373.35M","WB Data","Updated Population numbers","Very Good","Population, total"
"Latin America & the Caribbean (IDA & IBRD countries)","TLA","SP.POP.TOTL","401890697","401890697","401.89M","Regional Data","Updated Population numbers","Excellent","Population, total"
"Latvia","LVA","SP.POP.TOTL","2626583","2626583","2.63M","EU Stats","Updated Population numbers","Good","Population, total"
"Least developed countries: UN classification","LDC","SP.POP.TOTL","482075790","482075790","482.08M","Local Stats","Updated Population numbers","Very Good","Population, total"
"Lebanon","LBN","SP.POP.TOTL","3385555","3385555","3.39M","WB Data","Updated Population numbers","Excellent","Population, total"
"Lesotho","LSO","SP.POP.TOTL","1703390","1703390","1.70M","UN Data","Updated Population numbers","Good","Population, total"
"Liberia","LBR","SP.POP.TOTL","2377229","2377229","2.38M","WB Data","Updated Population numbers","Very Good","Population, total"
"Libya","LBY","SP.POP.TOTL","4129739","4129739","4.13M","Regional Data","Updated Population numbers","Excellent","Population, total"
"Liechtenstein","LIE","SP.POP.TOTL","27557","27557","27.56K","EU Stats","Updated Population numbers","Good","Population, total"
"Lithuania","LTU","SP.POP.TOTL","3616367","3616367","3.62M","Local Stats","Updated Population numbers","Very Good","Population, total"
"Low & middle income","LMY","SP.POP.TOTL","3852920614","3852920614","3852.92M","WB Data","Updated Population numbers","Excellent","Population, total"
"Low income","LIC","SP.POP.TOTL","270539133","270539133","270.54M","UN Data","Updated Population numbers","Good","Population, total"
"Lower middle income","LMC","SP.POP.TOTL","1589955455","1589955455","1589.96M","WB Data","Updated Population numbers","Very Good","Population, total"
"Luxembourg","LUX","SP.POP.TOTL","370750","370750","370.75K","Regional Data","Updated Population numbers","Excellent","Population, total"
"Macao SAR, China","MAC","SP.POP.TOTL","306850","306850","306.85K","EU Stats","Updated Population numbers","Good","Population, total"
"Madagascar","MDG","SP.POP.TOTL","11047291","11047291","11.05M","Local Stats","Updated Population numbers","Very Good","Population, total"
"Malawi","MWI","SP.POP.TOTL","8293174","8293174","8.29M","WB Data","Updated Population numbers","Excellent","Population, total"
"Malaysia","MYS","SP.POP.TOTL","16276737","16276737","16.28M","UN Data","Updated Population numbers","Good","Population, total"
"Maldives","MDV","SP.POP.TOTL","203944","203944","203.94K","WB Data","Updated Population numbers","Very Good","Population, total"
"Mali","MLI","SP.POP.TOTL","8681164","8681164","8.68M","Regional Data","Updated Population numbers","Excellent","Population, total"
"Malta","MLT","SP.POP.TOTL","344485","344485","344.49K","EU Stats","Updated Population numbers","Good","Population, total"
"Marshall"
