Year,2000,Unnamed: 2,Unnamed: 3,Unnamed: 4
,,,,
Sum of Population,,,Indicator Name,
Country Name,Country Code,Indicator Code,"Population, total",Grand Total
Afghanistan,AFG,SP.POP.TOTL,20130327,20130327
Africa Eastern and Southern,AFE,SP.POP.TOTL,406156661,406156661
Africa Western and Central,AFW,SP.POP.TOTL,274968446,274968446
Albania,ALB,SP.POP.TOTL,3089027,3089027
Algeria,DZA,SP.POP.TOTL,30903893,30903893
American Samoa,ASM,SP.POP.TOTL,56855,56855
Andorra,AND,SP.POP.TOTL,65685,65685
Angola,AGO,SP.POP.TOTL,16194869,16194869
Antigua and Barbuda,ATG,SP.POP.TOTL,74912,74912
Arab World,ARB,SP.POP.TOTL,286548096,286548096
Argentina,ARG,SP.POP.TOTL,37213984,37213984
Armenia,ARM,SP.POP.TOTL,3221100,3221100
Aruba,ABW,SP.POP.TOTL,90588,90588
Australia,AUS,SP.POP.TOTL,19028802,19028802
Austria,AUT,SP.POP.TOTL,8011566,8011566
Azerbaijan,AZE,SP.POP.TOTL,8048600,8048600
"Bahamas, The",BHS,SP.POP.TOTL,323835,323835
Bahrain,BHR,SP.POP.TOTL,637582,637582
Bangladesh,BGD,SP.POP.TOTL,134544304,134544304
Barbados,BRB,SP.POP.TOTL,262063,262063
Belarus,BLR,SP.POP.TOTL,9979610,9979610
Belgium,BEL,SP.POP.TOTL,10251250,10251250
Belize,BLZ,SP.POP.TOTL,240799,240799
Benin,BEN,SP.POP.TOTL,7221619,7221619
Bermuda,BMU,SP.POP.TOTL,61550,61550
Bhutan,BTN,SP.POP.TOTL,596863,596863
Bolivia,BOL,SP.POP.TOTL,8606326,8606326
Bosnia and Herzegovina,BIH,SP.POP.TOTL,4159771,4159771
Botswana,BWA,SP.POP.TOTL,1677382,1677382
Brazil,BRA,SP.POP.TOTL,174018282,174018282
British Virgin Islands,VGB,SP.POP.TOTL,20241,20241
Brunei Darussalam,BRN,SP.POP.TOTL,326424,326424
Bulgaria,BGR,SP.POP.TOTL,8170172,8170172
Burkina Faso,BFA,SP.POP.TOTL,11925546,11925546
Burundi,BDI,SP.POP.TOTL,6470194,6470194
Cabo Verde,CPV,SP.POP.TOTL,453317,453317
Cambodia,KHM,SP.POP.TOTL,12462336,12462336
Cameroon,CMR,SP.POP.TOTL,14912631,14912631
Canada,CAN,SP.POP.TOTL,30685730,30685730
Caribbean small states,CSS,SP.POP.TOTL,2636455,2636455
Cayman Islands,CYM,SP.POP.TOTL,39674,39674
Central African Republic,CAF,SP.POP.TOTL,3833416,3833416
Central Europe and the Baltics,CEB,SP.POP.TOTL,108447824,108447824
Chad,TCD,SP.POP.TOTL,8512093,8512093
Channel Islands,CHI,SP.POP.TOTL,148110,148110
Chile,CHL,SP.POP.TOTL,15503635,15503635
China,CHN,SP.POP.TOTL,1262645000,1262645000
Colombia,COL,SP.POP.TOTL,39089934,39089934
Comoros,COM,SP.POP.TOTL,536080,536080
"Congo, Dem. Rep.",COD,SP.POP.TOTL,50507442,50507442
"Congo, Rep.",COG,SP.POP.TOTL,3151345,3151345
Costa Rica,CRI,SP.POP.TOTL,3937739,3937739
Cote d'Ivoire,CIV,SP.POP.TOTL,17699004,17699004
Croatia,HRV,SP.POP.TOTL,4468302,4468302
Cuba,CUB,SP.POP.TOTL,11109109,11109109
Curacao,CUW,SP.POP.TOTL,133860,133860
Cyprus,CYP,SP.POP.TOTL,947667,947667
Czechia,CZE,SP.POP.TOTL,10255063,10255063
Denmark,DNK,SP.POP.TOTL,5339616,5339616
Djibouti,DJI,SP.POP.TOTL,747318,747318
Dominica,DMA,SP.POP.TOTL,68511,68511
Dominican Republic,DOM,SP.POP.TOTL,8584190,8584190
Early-demographic dividend,EAR,SP.POP.TOTL,2509431470,2509431470
East Asia & Pacific,EAS,SP.POP.TOTL,2050149617,2050149617
East Asia & Pacific (excluding high income),EAP,SP.POP.TOTL,1819011507,1819011507
East Asia & Pacific (IDA & IBRD countries),TEA,SP.POP.TOTL,1795374943,1795374943
Ecuador,ECU,SP.POP.TOTL,12689206,12689206
"Egypt, Arab Rep.",EGY,SP.POP.TOTL,73083284,73083284
El Salvador,SLV,SP.POP.TOTL,5943366,5943366
Equatorial Guinea,GNQ,SP.POP.TOTL,703279,703279
Eritrea,ERI,SP.POP.TOTL,2247031,2247031
Estonia,EST,SP.POP.TOTL,1396985,1396985
Eswatini,SWZ,SP.POP.TOTL,1041414,1041414
Ethiopia,ETH,SP.POP.TOTL,67411494,67411494
Euro area,EMU,SP.POP.TOTL,325789631,325789631
Europe & Central Asia,ECS,SP.POP.TOTL,865392493.5,865392493.5
Europe & Central Asia (excluding high income),ECA,SP.POP.TOTL,218486597.5,218486597.5
Europe & Central Asia (IDA & IBRD countries),TEC,SP.POP.TOTL,438423540.5,438423540.5
European Union,EUU,SP.POP.TOTL,429339162,429339162
Faroe Islands,FRO,SP.POP.TOTL,45754,45754
Fiji,FJI,SP.POP.TOTL,840909,840909
Finland,FIN,SP.POP.TOTL,5176209,5176209
Fragile and conflict affected situations,FCS,SP.POP.TOTL,622883185,622883185
France,FRA,SP.POP.TOTL,60918661,60918661
French Polynesia,PYF,SP.POP.TOTL,240337,240337
Gabon,GAB,SP.POP.TOTL,1275572,1275572
"Gambia, The",GMB,SP.POP.TOTL,1455084,1455084
Georgia,GEO,SP.POP.TOTL,4077131,4077131
Germany,DEU,SP.POP.TOTL,82211508,82211508
Ghana,GHA,SP.POP.TOTL,19637087,19637087
Gibraltar,GIB,SP.POP.TOTL,27709,27709
Greece,GRC,SP.POP.TOTL,10805808,10805808
Greenland,GRL,SP.POP.TOTL,56200,56200
Grenada,GRD,SP.POP.TOTL,107451,107451
Guam,GUM,SP.POP.TOTL,160065,160065
Guatemala,GTM,SP.POP.TOTL,11697592,11697592
Guinea,GIN,SP.POP.TOTL,8428832,8428832
Guinea-Bissau,GNB,SP.POP.TOTL,1234741,1234741
Guyana,GUY,SP.POP.TOTL,764832,764832
Haiti,HTI,SP.POP.TOTL,8303151,8303151
Heavily indebted poor countries (HIPC),HPC,SP.POP.TOTL,481984327,481984327
High income,HIC,SP.POP.TOTL,1251758606,1251758606
Honduras,HND,SP.POP.TOTL,6577773,6577773
"Hong Kong SAR, China",HKG,SP.POP.TOTL,6665000,6665000
Hungary,HUN,SP.POP.TOTL,10210971,10210971
IBRD only,IBD,SP.POP.TOTL,3983328255,3983328255
Iceland,ISL,SP.POP.TOTL,281205,281205
IDA & IBRD total,IBT,SP.POP.TOTL,5116723506.5,5116723506.5
IDA blend,IDB,SP.POP.TOTL,376430953,376430953
IDA only,IDX,SP.POP.TOTL,756964298.5,756964298.5
IDA total,IDA,SP.POP.TOTL,1133395251.5,1133395251.5
India,IND,SP.POP.TOTL,1057922733,1057922733
Indonesia,IDN,SP.POP.TOTL,216077790,216077790
"Iran, Islamic Rep.",IRN,SP.POP.TOTL,66418659,66418659
Iraq,IRQ,SP.POP.TOTL,24424056,24424056
Ireland,IRL,SP.POP.TOTL,3805174,3805174
Isle of Man,IMN,SP.POP.TOTL,75659,75659
Israel,ISR,SP.POP.TOTL,6289000,6289000
Italy,ITA,SP.POP.TOTL,56942108,56942108
Jamaica,JAM,SP.POP.TOTL,2607826,2607826
Japan,JPN,SP.POP.TOTL,126843000,126843000
Jordan,JOR,SP.POP.TOTL,5386945,5386945
Kazakhstan,KAZ,SP.POP.TOTL,15501103,15501103
Kenya,KEN,SP.POP.TOTL,30642890,30642890
Kiribati,KIR,SP.POP.TOTL,88613,88613
"Korea, Dem. People's Rep.",PRK,SP.POP.TOTL,23665910,23665910
"Korea, Rep.",KOR,SP.POP.TOTL,47008111,47008111
Kosovo,XKX,SP.POP.TOTL,1802493,1802493
Kuwait,KWT,SP.POP.TOTL,1954709,1954709
Kyrgyz Republic,KGZ,SP.POP.TOTL,4898361.5,4898361.5
Lao PDR,LAO,SP.POP.TOTL,5431212,5431212
Late-demographic dividend,LTE,SP.POP.TOTL,2043581321.5,2043581321.5
Latin America & Caribbean,LCN,SP.POP.TOTL,520272118,520272118
Latin America & Caribbean (excluding high income),LAC,SP.POP.TOTL,466891427,466891427
Latin America & the Caribbean (IDA & IBRD countries),TLA,SP.POP.TOTL,504556065,504556065
Latvia,LVA,SP.POP.TOTL,2367550,2367550
Least developed countries: UN classification,LDC,SP.POP.TOTL,673630102,673630102
Lebanon,LBN,SP.POP.TOTL,4329340,4329340
Lesotho,LSO,SP.POP.TOTL,2003913,2003913
Liberia,LBR,SP.POP.TOTL,2928117,2928117
Libya,LBY,SP.POP.TOTL,5305021,5305021
Liechtenstein,LIE,SP.POP.TOTL,32645,32645
Lithuania,LTU,SP.POP.TOTL,3499536,3499536
Low & middle income,LMY,SP.POP.TOTL,4885599511.5,4885599511.5
Low income,LIC,SP.POP.TOTL,390079731,390079731
Lower middle income,LMC,SP.POP.TOTL,2125376113.5,2125376113.5
Luxembourg,LUX,SP.POP.TOTL,436300,436300
"Macao SAR, China",MAC,SP.POP.TOTL,430600,430600
Madagascar,MDG,SP.POP.TOTL,16516338,16516338
Malawi,MWI,SP.POP.TOTL,11315942,11315942
Malaysia,MYS,SP.POP.TOTL,22967816,22967816
Maldives,MDV,SP.POP.TOTL,282019,282019
Mali,MLI,SP.POP.TOTL,11559290,11559290
Malta,MLT,SP.POP.TOTL,390087,390087
Marshall Islands,MHL,SP.POP.TOTL,50706,50706
Mauritania,MRT,SP.POP.TOTL,2613441,2613441
Mauritius,MUS,SP.POP.TOTL,1186873,1186873
Mexico,MEX,SP.POP.TOTL,98625552,98625552
"Micronesia, Fed. Sts.",FSM,SP.POP.TOTL,112044,112044
Middle East & North Africa,MEA,SP.POP.TOTL,319840863,319840863
Middle East & North Africa (excluding high income),MNA,SP.POP.TOTL,287971068,287971068
Middle East & North Africa (IDA & IBRD countries),TMN,SP.POP.TOTL,285048915,285048915
Middle income,MIC,SP.POP.TOTL,4495519780.5,4495519780.5
Moldova,MDA,SP.POP.TOTL,2924668,2924668
Monaco,MCO,SP.POP.TOTL,32455,32455
Mongolia,MNG,SP.POP.TOTL,2388299,2388299
Montenegro,MNE,SP.POP.TOTL,604950,604950
Morocco,MAR,SP.POP.TOTL,28423435,28423435
Mozambique,MOZ,SP.POP.TOTL,18129653,18129653
Myanmar,MMR,SP.POP.TOTL,45290841,45290841
Namibia,NAM,SP.POP.TOTL,1818647,1818647
Nauru,NRU,SP.POP.TOTL,10168,10168
Nepal,NPL,SP.POP.TOTL,24546509,24546509
Netherlands,NLD,SP.POP.TOTL,15925513,15925513
New Caledonia,NCL,SP.POP.TOTL,223098,223098
New Zealand,NZL,SP.POP.TOTL,3857700,3857700
Nicaragua,NIC,SP.POP.TOTL,5022633,5022633
Niger,NER,SP.POP.TOTL,11509630,11509630
Nigeria,NGA,SP.POP.TOTL,126382494,126382494
North America,NAC,SP.POP.TOTL,312909691,312909691
North Macedonia,MKD,SP.POP.TOTL,2026350,2026350
Northern Mariana Islands,MNP,SP.POP.TOTL,68356,68356
Norway,NOR,SP.POP.TOTL,4490967,4490967
OECD members,OED,SP.POP.TOTL,1202226474,1202226474
Oman,OMN,SP.POP.TOTL,2282131,2282131
Other small states,OSS,SP.POP.TOTL,10425820,10425820
Pacific island small states,PSS,SP.POP.TOTL,2042274,2042274
Pakistan,PAK,SP.POP.TOTL,154879127,154879127
Palau,PLW,SP.POP.TOTL,19178,19178
Panama,PAN,SP.POP.TOTL,3010369,3010369
Papua New Guinea,PNG,SP.POP.TOTL,5537064,5537064
Paraguay,PRY,SP.POP.TOTL,5100868,5100868
Peru,PER,SP.POP.TOTL,26598331,26598331
Philippines,PHL,SP.POP.TOTL,79625397,79625397
Poland,POL,SP.POP.TOTL,38258629,38258629
Portugal,PRT,SP.POP.TOTL,10289898,10289898
Post-demographic dividend,PST,SP.POP.TOTL,1021150563,1021150563
Pre-demographic dividend,PRE,SP.POP.TOTL,562428025,562428025
Puerto Rico,PRI,SP.POP.TOTL,3810605,3810605
Qatar,QAT,SP.POP.TOTL,644989,644989
Romania,ROU,SP.POP.TOTL,22442971,22442971
Russian Federation,RUS,SP.POP.TOTL,146596869,146596869
Rwanda,RWA,SP.POP.TOTL,8213931,8213931
Samoa,WSM,SP.POP.TOTL,181685,181685
San Marino,SMR,SP.POP.TOTL,26799,26799
Sao Tome and Principe,STP,SP.POP.TOTL,144018,144018
Saudi Arabia,SAU,SP.POP.TOTL,16177722,16177722
Senegal,SEN,SP.POP.TOTL,9968260,9968260
Serbia,SRB,SP.POP.TOTL,7516346,7516346
Seychelles,SYC,SP.POP.TOTL,81131,81131
Sierra Leone,SLE,SP.POP.TOTL,4423611,4423611
Singapore,SGP,SP.POP.TOTL,4027887,4027887
Sint Maarten (Dutch part),SXM,SP.POP.TOTL,30773,30773
Slovak Republic,SVK,SP.POP.TOTL,5388720,5388720
Slovenia,SVN,SP.POP.TOTL,1988925,1988925
Small states,SST,SP.POP.TOTL,15104549,15104549
Solomon Islands,SLB,SP.POP.TOTL,440469,440469
Somalia,SOM,SP.POP.TOTL,8838713,8838713
South Africa,ZAF,SP.POP.TOTL,47159719,47159719
South Asia,SAS,SP.POP.TOTL,1412194936,1412194936
South Asia (IDA & IBRD),TSA,SP.POP.TOTL,1412194936,1412194936
South Sudan,SSD,SP.POP.TOTL,6032267,6032267
Spain,ESP,SP.POP.TOTL,40567864,40567864
Sri Lanka,LKA,SP.POP.TOTL,19293054,19293054
St. Kitts and Nevis,KNA,SP.POP.TOTL,45248,45248
St. Lucia,LCA,SP.POP.TOTL,158616,158616
St. Martin (French part),MAF,SP.POP.TOTL,29996,29996
St. Vincent and the Grenadines,VCT,SP.POP.TOTL,113545,113545
Sub-Saharan Africa,SSF,SP.POP.TOTL,681125107,681125107
Sub-Saharan Africa (excluding high income),SSA,SP.POP.TOTL,681043976,681043976
Sub-Saharan Africa (IDA & IBRD countries),TSS,SP.POP.TOTL,681125107,681125107
Sudan,SDN,SP.POP.TOTL,27816745,27816745
Suriname,SUR,SP.POP.TOTL,476643,476643
Sweden,SWE,SP.POP.TOTL,8872109,8872109
Switzerland,CHE,SP.POP.TOTL,7184250,7184250
Syrian Arab Republic,SYR,SP.POP.TOTL,16637888,16637888
Tajikistan,TJK,SP.POP.TOTL,6284735,6284735
Tanzania,TZA,SP.POP.TOTL,34260139,34260139
Thailand,THA,SP.POP.TOTL,63007815,63007815
Timor-Leste,TLS,SP.POP.TOTL,745088,745088
Togo,TGO,SP.POP.TOTL,5140037,5140037
Tonga,TON,SP.POP.TOTL,102677,102677
Trinidad and Tobago,TTO,SP.POP.TOTL,1319774,1319774
Tunisia,TUN,SP.POP.TOTL,9764935,9764935
Turkiye,TUR,SP.POP.TOTL,65425961,65425961
Turkmenistan,TKM,SP.POP.TOTL,4582677,4582677
Turks and Caicos Islands,TCA,SP.POP.TOTL,18730,18730
Tuvalu,TUV,SP.POP.TOTL,9544,9544
Uganda,UGA,SP.POP.TOTL,24000150,24000150
Ukraine,UKR,SP.POP.TOTL,49556660,49556660
United Arab Emirates,ARE,SP.POP.TOTL,3493575,3493575
United Kingdom,GBR,SP.POP.TOTL,58892514,58892514
United States,USA,SP.POP.TOTL,282162411,282162411
Upper middle income,UMC,SP.POP.TOTL,2370143667,2370143667
Uruguay,URY,SP.POP.TOTL,3266206,3266206
Uzbekistan,UZB,SP.POP.TOTL,24787054,24787054
Vanuatu,VUT,SP.POP.TOTL,186281,186281
"Venezuela, RB",VEN,SP.POP.TOTL,24526708,24526708
Viet Nam,VNM,SP.POP.TOTL,77154011,77154011
Virgin Islands (U.S.),VIR,SP.POP.TOTL,108642,108642
West Bank and Gaza,PSE,SP.POP.TOTL,2922153,2922153
World,WLD,SP.POP.TOTL,6161884825.5,6161884825.5
"Yemen, Rep.",YEM,SP.POP.TOTL,19624141,19624141
Zambia,ZMB,SP.POP.TOTL,10017631,10017631
Zimbabwe,ZWE,SP.POP.TOTL,11892055,11892055
Grand Total,,,64917704089,64917704089
