"```csv"
"Reporting Month","Start Date","Incident Start Time","Estimated Restoration Date","Outage End Time","Affected Area","Reliability Region","Cause","Incident Category","Megawatt Loss","Customer Impact"
"Product-January","01-01-2018","6:21PM","1/2/2018","6:11PM","Product-Tennessee:","SERC","Public appeal to reduce the use of electricity for purposes of maintaining the continuity of the electric power system ","Product-Severe Weather","Product-Unknown","Product-Unknown"
"Product-January","01-01-2018","5:43PM","Product-Unknown","Product-Unknown","Product-Texas:","TRE","Public appeal to reduce the use of electricity for purposes of maintaining the continuity of the electric power system ","Product-Severe Weather","Product-Unknown","Product-Unknown"
"Product-January","01-01-2018","9:37PM","1/2/2018","10:30AM","Product-Tennessee:","SERC","Public appeal to reduce the use of electricity for purposes of maintaining the continuity of the electric power system ","Product-System Operations","Product-Unknown","Product-Unknown"
"Product-January","01-02-2018","10:00AM","02-12-2018","8:00AM","Product-New York: Niagara County;","NPCC","Fuel supply emergencies that could impact electric power system adequacy or reliability","Product-Fuel Supply Deficiency","675","Product-Unknown"
"Product-January","01-02-2018","7:30AM","Product-Unknown","Product-Unknown","Product-South Carolina:","SERC","Public appeal to reduce the use of electricity for purposes of maintaining the continuity of the electric power system ","Product-Severe Weather","0","717.0K"
"Product-January","01-02-2018","6:45AM","01-02-2018","9:00AM","Product-North Carolina: South Carolina:","SERC","System-wide voltage reductions of 3 percent or more","Product-Severe Weather","14998","Product-Unknown"
"Product-January","01-04-2018","1:49AM","01-04-2018","2:09AM","Product-Texas: Midland County;","TRE","Physical attack that could potentially impact electric power system adequacy or reliability; or vandalism which targets components of any security systems","Product-Actual Physical Attack","Product-Unknown","500"
"Product-January","01-12-2018","1:08PM","01-12-2018","2:53PM","Product-Michigan: Midland County, Genesee County;","RF","Cyber event that causes interruptions of electrical system operations","Product-System Operations","41","23.0K"
"Product-January","01-15-2018","4:20AM","01-18-2018","5:48AM","Product-Texas:","TRE","Public appeal to reduce the use of electricity for purposes of maintaining the continuity of the electric power system ","Product-Severe Weather","Product-Unknown","Product-Unknown"
"Product-January","01-16-2018","3:00PM","01-18-2018","1:00PM","Product-Tennessee:","SERC","Public appeal to reduce the use of electricity for purposes of maintaining the continuity of the electric power system ","Product-Severe Weather","Product-Unknown","Product-Unknown"
"Product-January","01-16-2018","3:00PM","01-18-2018","1:00PM","Product-Tennessee: Shelby County;","SERC","Public appeal to reduce the use of electricity for purposes of maintaining the continuity of the electric power system ","Product-System Operations","Product-Unknown","Product-Unknown"
"Product-January","01-16-2018","1:57PM","01-16-2018","2:32PM","Product-Texas:","TRE","Electrical System Separation (Islanding) where part or parts of a power grid remain(s) operational in an otherwise blacked out area or within the partial failure of an integrated electrical system","Product-Severe Weather","Product-Unknown","Product-Unknown"
"Product-January","01-17-2018","5:10AM","01-17-2018","1:00PM","Product-Mississippi:","SERC","Public appeal to reduce the use of electricity for purposes of maintaining the continuity of the electric power system ","Product-System Operations","1788","420.0K"
"Product-January","01-17-2018","6:10AM","01-17-2018","2:00PM","Product-Louisiana:","SERC","Public appeal to reduce the use of electricity for purposes of maintaining the continuity of the electric power system ","Product-System Operations","Product-Unknown","Product-Unknown"
"Product-January","01-18-2018","5:00AM","01-18-2018","11:00AM","Product-Arkansas: Mississippi: Louisiana: Texas:","SERC","Public appeal to reduce the use of electricity for purposes of maintaining the continuity of the electric power system ","Product-Severe Weather","31500","Product-Unknown"
"Product-January","01-18-2018","5:00AM","01-18-2018","9:45AM","Product-Mississippi:","SERC","Public appeal to reduce the use of electricity for purposes of maintaining the continuity of the electric power system ","Product-System Operations","1760","420.0K"
"Product-January","01-18-2018","6:00AM","Product-Unknown","Product-Unknown","Product-Louisiana:","SERC","Public appeal to reduce the use of electricity for purposes of maintaining the continuity of the electric power system ","Product-System Operations","Product-Unknown","Product-Unknown"
"Product-January","01-25-2018","8:19PM","01-26-2018","2:00AM","Product-Pennsylvania: Montgomery County;","RF","Cyber event that could potentially impact electric power system adequacy or reliability","Product-Suspicious Activity","Product-Unknown","Product-Unknown"
"Product-February","02-04-2018","1:42PM","02-04-2018","3:25PM","Product-California:","WECC","Physical attack that could potentially impact electric power system adequacy or reliability; or vandalism which targets components of any security systems","Product-Vandalism","9760","0"
"Product-February","02-08-2018","1:25PM","02-08-2018","1:31PM","Product-California:","WECC","Electrical System Separation (Islanding) where part or parts of a power grid remain(s) operational in an otherwise blacked out area or within the partial failure of an integrated electrical system","Product-System Operations","30","10.9K"
"Product-February","02-17-2018","4:33PM","02-18-2018","12:00AM","Product-Oregon: Washington: California:","WECC","Physical attack that causes major interruptions or impacts to critical infrastructure facilities or to operations","Product-Vandalism","2330","0"
"Product-February","02-17-2018","5:56PM","02-18-2018","4:11AM","Product-Oregon: Washington: California:","WECC","Physical attack that causes major interruptions or impacts to critical infrastructure facilities or to operations","Product-Vandalism","2327","0"
"Product-February","02-28-2018","12:08PM","03-01-2018","3:45PM","Product-Florida:","FRCC","Cyber event that could potentially impact electric power system adequacy or reliability","Product-System Operations","0","0"
"Product-February","02-28-2018","12:08PM","03-01-2018","3:45PM","Product-Florida:","FRCC","Cyber event that could potentially impact electric power system adequacy or reliability","Product-System Operations","0","0"
"Product-March","03-01-2018","11:43AM","03-01-2018","11:56AM","Product-California:","WECC","Electrical System Separation (Islanding) where part or parts of a power grid remain(s) operational in an otherwise blacked out area or within the partial failure of an integrated electrical system","Product-Severe Weather","38","10.9K"
"Product-March","03-01-2018","9:57PM","03-02-2018","10:14AM","Product-Ohio:","RF","Loss of electric service to more than 50,000 customers for 1 hour or more","Product-Severe Weather","Product-Unknown","86.5K"
"Product-March","03-01-2018","10:20PM","03-04-2018","8:00PM","Product-Michigan: Wayne County, Washtenaw County, Oakland County, Macomb County, Monroe County;","RF","Loss of electric service to more than 50,000 customers for 1 hour or more","Product-Severe Weather","Product-Unknown","95.0K"
"Product-March","03-02-2018","5:00PM","03-06-2018","11:00AM","Product-Delaware: Maryland:","RF","Loss of electric service to more than 50,000 customers for 1 hour or more","Product-Severe Weather","Product-Unknown","60.0K"
"Product-March","03-02-2018","11:17PM","03-03-2018","12:51AM","Product-Washington: Clark County;","WECC","Physical attack that could potentially impact electric power system adequacy or reliability; or vandalism which targets components of any security systems","Product-Vandalism","0","0"
"Product-March","03-02-2018","3:10PM","03-06-2018","4:57AM","Product-Ohio:","RF","Loss of electric service to more than 50,000 customers for 1 hour or more","Product-Severe Weather","Product-Unknown","249.3K"
"Product-March","03-02-2018","11:34AM","Product-Unknown","Product-Unknown","Product-New York:","NPCC","Loss of electric service to more than 50,000 customers for 1 hour or more","Product-Severe Weather","Product-Unknown","50.0K"
"Product-March","03-02-2018","3:46PM","03-04-2018","7:46PM","Product-New York: New York County, Westchester County;","NPCC","Loss of electric service to more than 50,000 customers for 1 hour or more","Product-Severe Weather","Product-Unknown","72.4K"
"Product-March","03-02-2018","1:51PM","03-05-2018","1:18PM","Product-Connecticut: Massachusetts: Rhode Island:","NPCC","Loss of electric service to more than 50,000 customers for 1 hour or more","Product-Severe Weather","Product-Unknown","325.0K"
"Product-March","03-02-2018","1:51PM","03-04-2018","12:11PM","Product-Pennsylvania:","RF","Loss of electric service to more than 50,000 customers for 1 hour or more","Product-Severe Weather","Product-Unknown","233.1K"
"Product-March","03-02-2018","11:58AM","Product-Unknown","Product-Unknown","Product-Pennsylvania: Berks County, Bucks County, Carbon County, Chester County, Clinton County, Columbia County, Cumberland County, Dauphin County, Juniata County, Lackawanna County, Lancaster County, Lebanon County, Lehigh County, Luzerne County, Lycoming County, Monroe County, Montgomery County, Montour County, Northampton County, Northumberland County, Pike County, Schuylkill County, Snyder County;","RF","Electrical System Separation (Islanding) where part or parts of a power grid remain(s) operational in an otherwise blacked out area or within the partial failure of an integrated electrical system","Product-Severe Weather","Product-Unknown","126.0K"
"Product-March","03-02-2018","12:00PM","03-05-2018","12:00AM","Product-Pennsylvania:","RF","Loss of electric service to more than 50,000 customers for 1 hour or more","Product-Severe Weather","Product-Unknown","630.0K"
"Product-March","03-02-2018","7:00AM","Product-Unknown","Product-Unknown","Product-New York: Dutchess County, Orange County, Greene County, Ulster County, Putnam County, Sullivan County, Albany County, Columbia County;","NPCC","Loss of electric service to more than 50,000 customers for 1 hour or more","Product-Severe Weather","Product-Unknown","90.0K"
"Product-March","03-02-2018","12:00PM","Product-Unknown","Product-Unknown","Product-Maryland:","RF","Public appeal to reduce the use of electricity for purposes of maintaining the continuity of the electric power system","Product-Severe Weather","670","474.0K"
"Product-March","03-02-2018","8:42AM","Product-Unknown","Product-Unknown","Product-New York:","NPCC","Loss of electric service to more than 50,000 customers for 1 hour or more","Product-Severe Weather","Product-Unknown","63.3K"
"Product-March","03-02-2018","8:00AM","03-03-2018","11:00PM","Product-Virginia: West Virginia:","RF","Loss of electric service to more than 50,000 customers for 1 hour or more","Product-Severe Weather","Product-Unknown","65.2K"
"Product-March","03-07-2018","4:10PM","03-10-2018","11:32AM","Product-New Jersey:","RF","Loss of electric service to more than 50,000 customers for 1 hour or more","Product-Severe Weather","Product-Unknown","216.8K"
"Product-March","03-07-2018","5:15PM","Product-Unknown","Product-Unknown","Product-New Jersey:","RF","Loss of electric service to more than 50,000 customers for 1 hour or more","Product-Severe Weather","50","58.0K"
"Product-March","03-07-2018","12:00PM","03-07-2018","5:00PM","Product-Pennsylvania:","RF","Loss of electric service to more than 50,000 customers for 1 hour or more","Product-Severe Weather","Product-Unknown","120.0K"
"Product-March","03-07-2018","7:37PM","03-10-2018","4:35PM","Product-Connecticut: Massachusetts: Maine: New Hampshire: Rhode Island: Vermont:","NPCC","Loss of electric service to more than 50,000 customers for 1 hour or more","Product-Severe Weather","Product-Unknown","102.0K"
"Product-March","03-12-2018","12:00AM","04-06-2018","11:00AM","Product-New York: Dutchess County;","NPCC","Physical attack that could potentially impact electric power system adequacy or reliability; or vandalism which targets components of any security systems","Product-Vandalism","0","0"
"Product-March","03-13-2018","8:50AM","03-14-2018","11:22PM","Product-Massachusetts: Rhode Island:","NPCC","Loss of electric service to more than 50,000 customers for 1 hour or more","Product-Severe Weather","Product-Unknown","123.6K"
"Product-March","03-13-2018","12:10AM","03-13-2018","12:34AM","Product-Colorado:","WECC","Physical attack that could potentially impact electric power system adequacy or reliability; or vandalism which targets components of any security systems","Product-Suspicious Activity","0","0"
"Product-March","03-19-2018","11:29PM","03-20-2018","3:37AM","Product-Alabama: Georgia:","SERC","Loss of electric service to more than 50,000 customers for 1 hour or more","Product-Severe Weather","261","78.2K"
"Product-March","03-20-2018","7:00PM","03-25-2018","6:30AM","Product-New Jersey: Atlantic County, Camden County, Cape May County, Gloucester County, Salem County, Cumberland County, Burlington County;","RF","Loss of electric service to more than 50,000 customers for 1 hour or more","Product-Severe Weather","80","124.0K"
"Product-March","03-24-2018","10:30PM","03-26-2018","8:00PM","Product-Virginia: West Virginia:","RF","Loss of electric service to more than 50,000 customers for 1 hour or more","Product-Severe Weather","Product-Unknown","81.2K"
"Product-March","03-26-2018","3:05AM","03-26-2018","3:35AM","Product-California:","WECC","Physical attack that could potentially impact electric power system adequacy or reliability; or vandalism which targets components of any security systems","Product-Vandalism","0","0"
"Product-March","03-28-2018","3:00PM","03-28-2018","4:00PM","Product-Washington: Walla Walla County;","WECC","Physical attack that could potentially impact electric power system adequacy or reliability; or vandalism which targets components of any security systems","Product-Vandalism","12","1.2K"
"Product-April","04-03-2018","11:15AM","04-03-2018","11:30AM","Product-California:","WECC","Physical attack that could potentially impact electric power system adequacy or reliability; or vandalism which targets components of any security systems","Product-Vandalism","0","0"
"Product-April","04-04-2018","4:42PM","04-07-2018","6:22AM","Product-New York:","NPCC","Loss of electric service to more than 50,000 customers for 1 hour or more","Product-Severe Weather","Product-Unknown","72.9K"
"Product-April","04-05-2018","12:50AM","04-05-2018","4:00PM","Product-Connecticut: Maine: Massachusetts: New Hampshire: Rhode Island: Vermont:","NPCC","Loss of electric service to more than 50,000 customers for 1 hour or more","Product-Severe Weather","Product-Unknown","65.9K"
"Product-April","04-09-2018","10:07AM","04-09-2018","4:00PM","Product-Washington: Walla Walla County;","WECC","Physical attack that could potentially impact electric power system adequacy or reliability; or vandalism which targets components of any security systems","Product-Vandalism","0","0"
"Product-April","04-09-2018","12:16PM","04-09-2018","1:52PM","Product-Utah: Salt Lake County;","WECC","Uncontrolled loss of 300 Megawatts or more of firm system loads for more than 15 minutes from a single incident","Product-Transmission Interruption","806","57.0K"
"Product-April","04-09-2018","11:16AM","Product-Unknown","Product-Unknown","Product-Utah:","WECC","Uncontrolled loss of 300 Megawatts or more of firm system loads for more than 15 minutes from a single incident","Product-Transmission Interruption","300","250.0K"
"Product-April","04-09-2018","11:10PM","04-10-2018","6:47AM","Product-Florida: Palm Beach County;","FRCC","Physical attack that causes major interruptions or impacts to critical infrastructure facilities or to operations","Product-Sabotage","55","27.0K"
"Product-April","04-14-2018","9:30AM","04-14-2018","10:00AM","Product-Louisiana: Arkansas: Mississippi: Texas:","SERC","Loss of electric service to more than 50,000 customers for 1 hour or more","Product-Severe Weather","Product-Unknown","56.4K"
"Product-April","04-15-2018","7:30AM","04-18-2018","7:30AM","Product-Michigan:","RF","Loss of electric service to more than 50,000 customers for 1 hour or more","Product-Severe Weather","Product-Unknown","389.6K"
"Product-April","04-15-2018","5:14PM","04-15-2018","11:25PM","Product-North Carolina: South Carolina:","SERC","Loss of electric service to more than 50,000 customers for 1 hour or more","Product-Severe Weather","Product-Unknown","78.1K"
"Product-May","05-02-2018","2:52PM","05-02-2018","4:14PM","Product-North Carolina:","SERC","Physical attack that could potentially impact electric power system adequacy or reliability; or vandalism which targets components of any security systems","Product-Vandalism","0","0"
"Product-May","05-04-2018","2:00PM","05-05-2018","9:30AM","Product-Michigan: Calhoun County, Genesee County, Ingham County, Kent County, Macomb County, Midland County, Saginaw County, Gratiot County;","RF","Loss of electric service to more than 50,000 customers for 1 hour or more","Product-Severe Weather","Product-Unknown","90.0K"
"Product-May","05-04-2018","12:00PM","05-06-2018","1:00PM","Product-Michigan:","RF","Loss of electric service to more than 50,000 customers for 1 hour or more","Product-Severe Weather","Product-Unknown","300.0K"
"Product-May","05-04-2018","8:10PM","Product-Unknown","Product-Unknown","Product-New York:","NPCC","Loss of electric service to more than 50,000 customers for 1 hour or more","Product-Severe Weather","Product-Unknown","106.2K"
"Product-May","05-04-2018","11:10PM","05-05-2018","12:40AM","Product-New Hampshire: Vermont:","NPCC","Loss of electric service to more than 50,000 customers for 1 hour or more","Product-Severe Weather","Product-Unknown","56.0K"
"Product-May","05-05-2018","4:30AM","05-05-2018","3:30PM","Product-Vermont: New Hampshire: Maine:","NPCC","Loss of electric service to more than 50,000 customers for 1 hour or more","Product-Severe Weather","Product-Unknown","31.9K"
"Product-May","05-07-2018","10:30AM","05-07-2018","10:36AM","Product-New York: Tompkins County;","NPCC","Physical attack that could potentially impact electric power system adequacy or reliability; or vandalism which targets components of any security systems","Product-Suspected Physical Attack","0","0"
"Product-May","05-08-2018","4:00PM","05-08-2018","4:01PM","Product-Utah: Washington County;","WECC","Physical attack that could potentially impact electric power system adequacy or reliability; or vandalism which targets components of any security systems","Product-Actual Physical Attack","0","0"
"Product-May","05-14-2018","7:08PM","Product-Unknown","Product-Unknown","Product-Virginia:","SERC","Loss of electric service to more than 50,000 customers for 1 hour or more","Product-Severe Weather","Product-Unknown","112.0K"
"Product-May","05-15-2018","2:50PM","Product-Unknown","Product-Unknown","Product-Pennsylvania: Lehigh County, Schuylkill County, Cumberland County, Lancaster County, Northampton County, Berks County, Clinton County, Susquehanna County, Bucks County, Carbon County, Chester County, Columbia County, Juniata County;","RF","Loss of electric service to more than 50,000 customers for 1 hour or more","Product-Severe Weather","Product-Unknown","114.0K"
"Product-May","05-15-2018","4:00PM","Product-Unknown","Product-Unknown","Product-New York: Dutchess County, Ulster County, Orange County;","NPCC","Loss of electric service to more than 50,000 customers for 1 hour or more","Product-Severe Weather","Product-Unknown","72.0K"
"Product-May","05-15-2018","5:25PM","Product-Unknown","Product-Unknown","Product-New Jersey:","RF","Loss of electric service to more than 50,000 customers for 1 hour or more","Product-Severe Weather","Product-Unknown","82.4K"
"Product-May","05-15-2018","6:14PM","05-15-2018","7:00PM","Product-Pennsylvania:","RF","Loss of electric service to more than 50,000 customers for 1 hour or more","Product-Severe Weather","Product-Unknown","52.9K"
"Product-May","05-15-2018","6:35PM","05-18-2018","3:57PM","Product-Connecticut: Massachusetts: Rhode Island:","NPCC","Loss of electric service to more than 50,000 customers for 1 hour or more","Product-Severe Weather","Product-Unknown","120.0K"
"Product-May","05-15-2018","3:00PM","05-18-2018","1:48PM","Product-Massachusetts:","NPCC","Physical attack that could potentially impact electric power system adequacy or reliability; or vandalism which targets components of any security systems","Product-Vandalism","0","0"
"Product-May","05-15-2018","5:15PM","Product-Unknown","Product-Unknown","Product-New York:","NPCC","Loss of electric service to more than 50,000 customers for 1 hour or more","Product-Severe Weather","Product-Unknown","50.0K"
"Product-May","05-17-2018","1:11AM","Product-Unknown","Product-Unknown","Product-California: Contra Costa County;","WECC","Loss of electric service to more than 50,000 customers for 1 hour or more","Product-Severe Weather","70","70.0K"
"Product-May","05-17-2018","1:11AM","05-18-2018","12:38AM","Product-California:","WECC","Loss of electric service to more than 50,000 customers for 1 hour or more","Product-Transmission Disruption","124","70.0K"
"Product-May","05-26-2018","6:40PM","05-27-2018","11:50PM","Product-Texas: Harris County;","TRE","Loss of electric service to more than 50,000 customers for 1 hour or more","Product-Severe Weather","Product-Unknown","163.9K"
"Product-June","06-02-2018","5:00AM","06-02-2018","11:00AM","Product-Missouri: Jackson County, Clay County, Platte County, Andrew County; Kansas: Johnson County;","Product-SPP RE","Loss of electric service to more than 50,000 customers for 1 hour or more","Product-Severe Weather","Product-Unknown","103.5K"
"Product-June","06-04-2018","8:50AM","06-04-2018","2:00PM","Product-Florida: Alachua County;","FRCC","Physical attack that could potentially impact electric power system adequacy or reliability; or vandalism which targets components of any security systems","Product-Vandalism","0","0"
"Product-June","06-09-2018","9:54AM","06-09-2018","12:12PM","Product-Georgia:","SERC","Unplanned evacuation from its Bulk Electric System control center facility for 30 continuous minutes or more","Product-System Operations","0","0"
"Product-June","06-10-2018","2:25PM","06-11-2018","5:58AM","Product-Kentucky:","SERC","Unplanned evacuation from its Bulk Electric System control center facility for 30 continuous minutes or more","Product-System Operations","Product-Unknown","Product-Unknown"
"Product-June","06-12-2018","4:15PM","Product-Unknown","Product-Unknown","Product-Nevada: Clark County;","WECC","Damage or destruction of its Facility that results from actual or suspected intentional human action.","Product-Vandalism","0","0"
"Product-June","06-12-2018","3:00PM","06-12-2018","3:15PM","Product-California: Kern County;","WECC","Damage or destruction of its Facility that results from actual or suspected intentional human action.","Product-Vandalism","0","0"
"Product-June","06-18-2018","6:20PM","06-19-2018","12:15AM","Product-Connecticut: Maine: Massachusetts: New Hampshire: Rhode Island: Vermont:","NPCC","Loss of electric service to more than 50,000 customers for 1 hour or more","Product-Severe Weather","Product-Unknown","112.9K"
"Product-June","06-20-2018","10:58PM","06-21-2018","6:05AM","Product-Florida: Palm Beach County;","FRCC","Complete operational failure or shut-down of the transmission and/or distribution of electrical system","Product-Transmission Interruption","73","27.0K"
"Product-June","06-22-2018","2:38PM","Product-Unknown","Product-Unknown","Product-Washington:","WECC","Electrical System Separation (Islanding) where part or parts of power grid remain(s) operational in an otherwise blocked out area or within the partial failure of an integrated electrical system","Product-Severe Weather","10000","4200.0K"
"Product-June","06-27-2018","2:30PM","06-27-2018","2:33PM","Product-New York: New York County;","NPCC","Physical threat to its Bulk Electric System control center, excluding weather or natural disaster related threats, which has the potential to degrade the normal operation of the control center. Or suspicious device or activity at its Bulk Electric System control center","Product-Suspicious Activity","0","0"
"Product-June","06-28-2018","6:36PM","07-01-2018","7:00AM","Product-Missouri: Illinois:","SERC","Loss of electric service to more than 50,000 customers for 1 hour or more","Product-Severe Weather","Product-Unknown","112.0K"
"Product-June","06-28-2018","2:50PM","06-29-2018","9:00AM","Product-Alabama: Georgia:","SERC","Loss of electric service to more than 50,000 customers for 1 hour or more","Product-Severe Weather","160","48.1K"
"Product-June","06-29-2018","7:35AM","06-29-2018","9"
