Year,1993,Unnamed: 2,Unnamed: 3,Unnamed: 4
,,,,
Sum of Population,,,Indicator Name,
Country Name,Country Code,Indicator Code,"Population, total",Grand Total
Afghanistan,AFG,SP.POP.TOTL,14943172,14943172
Africa Eastern and Southern,AFE,SP.POP.TOTL,338324002,338324002
Africa Western and Central,AFW,SP.POP.TOTL,227246778,227246778
Albania,ALB,SP.POP.TOTL,3227287,3227287
Algeria,DZA,SP.POP.TOTL,27277048,27277048
American Samoa,ASM,SP.POP.TOTL,50159,50159
Andorra,AND,SP.POP.TOTL,63272,63272
Angola,AGO,SP.POP.TOTL,12827135,12827135
Antigua and Barbuda,ATG,SP.POP.TOTL,65587,65587
Arab World,ARB,SP.POP.TOTL,240926205,240926205
Argentina,ARG,SP.POP.TOTL,34152717,34152717
Armenia,ARM,SP.POP.TOTL,3453332,3453332
Aruba,ABW,SP.POP.TOTL,73685,73685
Australia,AUS,SP.POP.TOTL,17634808,17634808
Austria,AUT,SP.POP.TOTL,7905633,7905633
Azerbaijan,AZE,SP.POP.TOTL,7494800,7494800
"Bahamas, The",BHS,SP.POP.TOTL,291339,291339
Bahrain,BHR,SP.POP.TOTL,530225,530225
Bangladesh,BGD,SP.POP.TOTL,118132360,118132360
Barbados,BRB,SP.POP.TOTL,261027,261027
Belarus,BLR,SP.POP.TOTL,10239050,10239050
Belgium,BEL,SP.POP.TOTL,10084475,10084475
Belize,BLZ,SP.POP.TOTL,194902,194902
Benin,BEN,SP.POP.TOTL,5872706,5872706
Bermuda,BMU,SP.POP.TOTL,58816,58816
Bhutan,BTN,SP.POP.TOTL,554673,554673
Bolivia,BOL,SP.POP.TOTL,7579195,7579195
Bosnia and Herzegovina,BIH,SP.POP.TOTL,3904482,3904482
Botswana,BWA,SP.POP.TOTL,1420115,1420115
Brazil,BRA,SP.POP.TOTL,156794577,156794577
British Virgin Islands,VGB,SP.POP.TOTL,16989,16989
Brunei Darussalam,BRN,SP.POP.TOTL,276971,276971
Bulgaria,BGR,SP.POP.TOTL,8472313,8472313
Burkina Faso,BFA,SP.POP.TOTL,9871713,9871713
Burundi,BDI,SP.POP.TOTL,5676843,5676843
Cabo Verde,CPV,SP.POP.TOTL,401965,401965
Cambodia,KHM,SP.POP.TOTL,8616381,8616381
Cameroon,CMR,SP.POP.TOTL,12353131,12353131
Canada,CAN,SP.POP.TOTL,28684764,28684764
Caribbean small states,CSS,SP.POP.TOTL,2454690,2454690
Cayman Islands,CYM,SP.POP.TOTL,29976,29976
Central African Republic,CAF,SP.POP.TOTL,3157839,3157839
Central Europe and the Baltics,CEB,SP.POP.TOTL,110041924,110041924
Chad,TCD,SP.POP.TOTL,6629146,6629146
Channel Islands,CHI,SP.POP.TOTL,144984,144984
Chile,CHL,SP.POP.TOTL,14102276,14102276
China,CHN,SP.POP.TOTL,1178440000,1178440000
Colombia,COL,SP.POP.TOTL,34441473,34441473
Comoros,COM,SP.POP.TOTL,473682,473682
"Congo, Dem. Rep.",COD,SP.POP.TOTL,40656336,40656336
"Congo, Rep.",COG,SP.POP.TOTL,2595124,2595124
Costa Rica,CRI,SP.POP.TOTL,3367434,3367434
Cote d'Ivoire,CIV,SP.POP.TOTL,13735951,13735951
Croatia,HRV,SP.POP.TOTL,4600463,4600463
Cuba,CUB,SP.POP.TOTL,10841031,10841031
Curacao,CUW,SP.POP.TOTL,144299,144299
Cyprus,CYP,SP.POP.TOTL,826034,826034
Czechia,CZE,SP.POP.TOTL,10329855,10329855
Denmark,DNK,SP.POP.TOTL,5188628,5188628
Djibouti,DJI,SP.POP.TOTL,614245,614245
Dominica,DMA,SP.POP.TOTL,69433,69433
Dominican Republic,DOM,SP.POP.TOTL,7594572,7594572
Early-demographic dividend,EAR,SP.POP.TOTL,2184656122,2184656122
East Asia & Pacific,EAS,SP.POP.TOTL,1893258583,1893258583
East Asia & Pacific (excluding high income),EAP,SP.POP.TOTL,1671604370,1671604370
East Asia & Pacific (IDA & IBRD countries),TEA,SP.POP.TOTL,1649557492,1649557492
Ecuador,ECU,SP.POP.TOTL,11154274,11154274
"Egypt, Arab Rep.",EGY,SP.POP.TOTL,62915681,62915681
El Salvador,SLV,SP.POP.TOTL,5659957,5659957
Equatorial Guinea,GNQ,SP.POP.TOTL,530023,530023
Eritrea,ERI,SP.POP.TOTL,1856006,1856006
Estonia,EST,SP.POP.TOTL,1494128,1494128
Eswatini,SWZ,SP.POP.TOTL,971318,971318
Ethiopia,ETH,SP.POP.TOTL,53708891,53708891
Euro area,EMU,SP.POP.TOTL,320053176,320053176
Europe & Central Asia,ECS,SP.POP.TOTL,855554221,855554221
Europe & Central Asia (excluding high income),ECA,SP.POP.TOTL,213395945,213395945
Europe & Central Asia (IDA & IBRD countries),TEC,SP.POP.TOTL,436152186,436152186
European Union,EUU,SP.POP.TOTL,424344744,424344744
Faroe Islands,FRO,SP.POP.TOTL,46473,46473
Fiji,FJI,SP.POP.TOTL,790369,790369
Finland,FIN,SP.POP.TOTL,5066447,5066447
Fragile and conflict affected situations,FCS,SP.POP.TOTL,526665569,526665569
France,FRA,SP.POP.TOTL,59103094,59103094
French Polynesia,PYF,SP.POP.TOTL,215219,215219
Gabon,GAB,SP.POP.TOTL,1066405,1066405
"Gambia, The",GMB,SP.POP.TOTL,1188365,1188365
Georgia,GEO,SP.POP.TOTL,4911100,4911100
Germany,DEU,SP.POP.TOTL,81156363,81156363
Ghana,GHA,SP.POP.TOTL,16589519,16589519
Gibraltar,GIB,SP.POP.TOTL,27070,27070
Greece,GRC,SP.POP.TOTL,10460415,10460415
Greenland,GRL,SP.POP.TOTL,55200,55200
Grenada,GRD,SP.POP.TOTL,102382,102382
Guam,GUM,SP.POP.TOTL,145654,145654
Guatemala,GTM,SP.POP.TOTL,9779761,9779761
Guinea,GIN,SP.POP.TOTL,7128177,7128177
Guinea-Bissau,GNB,SP.POP.TOTL,1058745,1058745
Guyana,GUY,SP.POP.TOTL,752965,752965
Haiti,HTI,SP.POP.TOTL,7278181,7278181
Heavily indebted poor countries (HIPC),HPC,SP.POP.TOTL,394851493,394851493
High income,HIC,SP.POP.TOTL,1203954507,1203954507
Honduras,HND,SP.POP.TOTL,5423249,5423249
"Hong Kong SAR, China",HKG,SP.POP.TOTL,5901000,5901000
Hungary,HUN,SP.POP.TOTL,10357523,10357523
IBRD only,IBD,SP.POP.TOTL,3622924380,3622924380
Iceland,ISL,SP.POP.TOTL,263725,263725
IDA & IBRD total,IBT,SP.POP.TOTL,4570777029,4570777029
IDA blend,IDB,SP.POP.TOTL,313404363,313404363
IDA only,IDX,SP.POP.TOTL,634448286,634448286
IDA total,IDA,SP.POP.TOTL,947852649,947852649
India,IND,SP.POP.TOTL,922118387,922118387
Indonesia,IDN,SP.POP.TOTL,193305168,193305168
"Iran, Islamic Rep.",IRN,SP.POP.TOTL,61403543,61403543
Iraq,IRQ,SP.POP.TOTL,19201195,19201195
Ireland,IRL,SP.POP.TOTL,3576261,3576261
Isle of Man,IMN,SP.POP.TOTL,70772,70772
Israel,ISR,SP.POP.TOTL,5261000,5261000
Italy,ITA,SP.POP.TOTL,56831821,56831821
Jamaica,JAM,SP.POP.TOTL,2449916,2449916
Japan,JPN,SP.POP.TOTL,124829000,124829000
Jordan,JOR,SP.POP.TOTL,4348020,4348020
Kazakhstan,KAZ,SP.POP.TOTL,17274487,17274487
Kenya,KEN,SP.POP.TOTL,25117188,25117188
Kiribati,KIR,SP.POP.TOTL,78841,78841
"Korea, Dem. People's Rep.",PRK,SP.POP.TOTL,22073352,22073352
"Korea, Rep.",KOR,SP.POP.TOTL,44194628,44194628
Kosovo,XKX,SP.POP.TOTL,2072664,2072664
Kuwait,KWT,SP.POP.TOTL,1672151,1672151
Kyrgyz Republic,KGZ,SP.POP.TOTL,4516777,4516777
Lao PDR,LAO,SP.POP.TOTL,4685060,4685060
Late-demographic dividend,LTE,SP.POP.TOTL,1912010271,1912010271
Latin America & Caribbean,LCN,SP.POP.TOTL,465325731,465325731
Latin America & Caribbean (excluding high income),LAC,SP.POP.TOTL,417442885,417442885
Latin America & the Caribbean (IDA & IBRD countries),TLA,SP.POP.TOTL,450131381,450131381
Latvia,LVA,SP.POP.TOTL,2563290,2563290
Least developed countries: UN classification,LDC,SP.POP.TOTL,562489881,562489881
Lebanon,LBN,SP.POP.TOTL,3820647,3820647
Lesotho,LSO,SP.POP.TOTL,1901793,1901793
Liberia,LBR,SP.POP.TOTL,2155126,2155126
Libya,LBY,SP.POP.TOTL,4733045,4733045
Liechtenstein,LIE,SP.POP.TOTL,30089,30089
Lithuania,LTU,SP.POP.TOTL,3682613,3682613
Low & middle income,LMY,SP.POP.TOTL,4339569593,4339569593
Low income,LIC,SP.POP.TOTL,319597139,319597139
Lower middle income,LMC,SP.POP.TOTL,1832730370,1832730370
Luxembourg,LUX,SP.POP.TOTL,397475,397475
"Macao SAR, China",MAC,SP.POP.TOTL,384000,384000
Madagascar,MDG,SP.POP.TOTL,13197345,13197345
Malawi,MWI,SP.POP.TOTL,10284024,10284024
Malaysia,MYS,SP.POP.TOTL,19322664,19322664
Maldives,MDV,SP.POP.TOTL,244884,244884
Mali,MLI,SP.POP.TOTL,9754786,9754786
Malta,MLT,SP.POP.TOTL,371308,371308
Marshall Islands,MHL,SP.POP.TOTL,47093,47093
Mauritania,MRT,SP.POP.TOTL,2174328,2174328
Mauritius,MUS,SP.POP.TOTL,1097374,1097374
Mexico,MEX,SP.POP.TOTL,87653807,87653807
"Micronesia, Fed. Sts.",FSM,SP.POP.TOTL,107066,107066
Middle East & North Africa,MEA,SP.POP.TOTL,275187055,275187055
Middle East & North Africa (excluding high income),MNA,SP.POP.TOTL,250408196,250408196
Middle East & North Africa (IDA & IBRD countries),TMN,SP.POP.TOTL,248145520,248145520
Middle income,MIC,SP.POP.TOTL,4019972454,4019972454
Moldova,MDA,SP.POP.TOTL,2975966,2975966
Monaco,MCO,SP.POP.TOTL,31136,31136
Mongolia,MNG,SP.POP.TOTL,2165130,2165130
Montenegro,MNE,SP.POP.TOTL,610170,610170
Morocco,MAR,SP.POP.TOTL,25614586,25614586
Mozambique,MOZ,SP.POP.TOTL,14051192,14051192
Myanmar,MMR,SP.POP.TOTL,41502429,41502429
Namibia,NAM,SP.POP.TOTL,1508697,1508697
Nauru,NRU,SP.POP.TOTL,10102,10102
Nepal,NPL,SP.POP.TOTL,21180159,21180159
Netherlands,NLD,SP.POP.TOTL,15290368,15290368
New Caledonia,NCL,SP.POP.TOTL,190857,190857
New Zealand,NZL,SP.POP.TOTL,3572200,3572200
Nicaragua,NIC,SP.POP.TOTL,4453732,4453732
Niger,NER,SP.POP.TOTL,9100789,9100789
Nigeria,NGA,SP.POP.TOTL,105122069,105122069
North America,NAC,SP.POP.TOTL,288662580,288662580
North Macedonia,MKD,SP.POP.TOTL,2006854,2006854
Northern Mariana Islands,MNP,SP.POP.TOTL,45952,45952
Norway,NOR,SP.POP.TOTL,4311991,4311991
OECD members,OED,SP.POP.TOTL,1139203498,1139203498
Oman,OMN,SP.POP.TOTL,2021675,2021675
Other small states,OSS,SP.POP.TOTL,9779331,9779331
Pacific island small states,PSS,SP.POP.TOTL,1853148,1853148
Pakistan,PAK,SP.POP.TOTL,127020117,127020117
Palau,PLW,SP.POP.TOTL,16372,16372
Panama,PAN,SP.POP.TOTL,2615099,2615099
Papua New Guinea,PNG,SP.POP.TOTL,4320872,4320872
Paraguay,PRY,SP.POP.TOTL,4362696,4362696
Peru,PER,SP.POP.TOTL,23413783,23413783
Philippines,PHL,SP.POP.TOTL,67530621,67530621
Poland,POL,SP.POP.TOTL,38461408,38461408
Portugal,PRT,SP.POP.TOTL,9964675,9964675
Post-demographic dividend,PST,SP.POP.TOTL,984398082,984398082
Pre-demographic dividend,PRE,SP.POP.TOTL,459529211,459529211
Puerto Rico,PRI,SP.POP.TOTL,3615497,3615497
Qatar,QAT,SP.POP.TOTL,484545,484545
Romania,ROU,SP.POP.TOTL,22763280,22763280
Russian Federation,RUS,SP.POP.TOTL,148458777,148458777
Rwanda,RWA,SP.POP.TOTL,7981132,7981132
Samoa,WSM,SP.POP.TOTL,171774,171774
San Marino,SMR,SP.POP.TOTL,24472,24472
Sao Tome and Principe,STP,SP.POP.TOTL,130467,130467
Saudi Arabia,SAU,SP.POP.TOTL,12215862,12215862
Senegal,SEN,SP.POP.TOTL,8396288,8396288
Serbia,SRB,SP.POP.TOTL,7614328,7614328
Seychelles,SYC,SP.POP.TOTL,72253,72253
Sierra Leone,SLE,SP.POP.TOTL,4157130,4157130
Singapore,SGP,SP.POP.TOTL,3313471,3313471
Sint Maarten (Dutch part),SXM,SP.POP.TOTL,32026,32026
Slovak Republic,SVK,SP.POP.TOTL,5325305,5325305
Slovenia,SVN,SP.POP.TOTL,1991746,1991746
Small states,SST,SP.POP.TOTL,14087169,14087169
Solomon Islands,SLB,SP.POP.TOTL,362839,362839
Somalia,SOM,SP.POP.TOTL,6681399,6681399
South Africa,ZAF,SP.POP.TOTL,43297156,43297156
South Asia,SAS,SP.POP.TOTL,1221219670,1221219670
South Asia (IDA & IBRD),TSA,SP.POP.TOTL,1221219670,1221219670
South Sudan,SSD,SP.POP.TOTL,4956002,4956002
Spain,ESP,SP.POP.TOTL,39361262,39361262
Sri Lanka,LKA,SP.POP.TOTL,17025918,17025918
St. Kitts and Nevis,KNA,SP.POP.TOTL,41242,41242
St. Lucia,LCA,SP.POP.TOTL,143726,143726
St. Martin (French part),MAF,SP.POP.TOTL,29282,29282
St. Vincent and the Grenadines,VCT,SP.POP.TOTL,112735,112735
Sub-Saharan Africa,SSF,SP.POP.TOTL,565570780,565570780
Sub-Saharan Africa (excluding high income),SSA,SP.POP.TOTL,565498527,565498527
Sub-Saharan Africa (IDA & IBRD countries),TSS,SP.POP.TOTL,565570780,565570780
Sudan,SDN,SP.POP.TOTL,23445592,23445592
Suriname,SUR,SP.POP.TOTL,419352,419352
Sweden,SWE,SP.POP.TOTL,8718561,8718561
Switzerland,CHE,SP.POP.TOTL,6938265,6938265
Syrian Arab Republic,SYR,SP.POP.TOTL,13795686,13795686
Tajikistan,TJK,SP.POP.TOTL,5724993,5724993
Tanzania,TZA,SP.POP.TOTL,28332692,28332692
Thailand,THA,SP.POP.TOTL,57408198,57408198
Timor-Leste,TLS,SP.POP.TOTL,821437,821437
Togo,TGO,SP.POP.TOTL,4207453,4207453
Tonga,TON,SP.POP.TOTL,100103,100103
Trinidad and Tobago,TTO,SP.POP.TOTL,1280466,1280466
Tunisia,TUN,SP.POP.TOTL,8857910,8857910
Turkiye,TUR,SP.POP.TOTL,58999167,58999167
Turkmenistan,TKM,SP.POP.TOTL,4032407,4032407
Turks and Caicos Islands,TCA,SP.POP.TOTL,13648,13648
Tuvalu,TUV,SP.POP.TOTL,9126,9126
Uganda,UGA,SP.POP.TOTL,19445161,19445161
Ukraine,UKR,SP.POP.TOTL,52350126,52350126
United Arab Emirates,ARE,SP.POP.TOTL,2222093,2222093
United Kingdom,GBR,SP.POP.TOTL,57718614,57718614
United States,USA,SP.POP.TOTL,259919000,259919000
Upper middle income,UMC,SP.POP.TOTL,2187242084,2187242084
Uruguay,URY,SP.POP.TOTL,3156345,3156345
Uzbekistan,UZB,SP.POP.TOTL,21987955,21987955
Vanuatu,VUT,SP.POP.TOTL,159463,159463
"Venezuela, RB",VEN,SP.POP.TOTL,21254520,21254520
Viet Nam,VNM,SP.POP.TOTL,69586384,69586384
Virgin Islands (U.S.),VIR,SP.POP.TOTL,106578,106578
West Bank and Gaza,PSE,SP.POP.TOTL,2262676,2262676
World,WLD,SP.POP.TOTL,5564778620,5564778620
"Yemen, Rep.",YEM,SP.POP.TOTL,15563914,15563914
Zambia,ZMB,SP.POP.TOTL,8373921,8373921
Zimbabwe,ZWE,SP.POP.TOTL,10860288,10860288
Grand Total,,,58207977140,58207977140
