"```csv"
"game_athletes","height_meters","athlete_id","country","weight_kg","gym_name","athlete_status","bib_number","profile_pic_url","competitor_id","first_name","sex","age_years","last_name","country_code","full_name","ranking","final_score","division_name","record_count"
"Game Athletes - Men","","AffiliateID","CountryOfOriginName","Weight (kg)","AffiliateName","Status","BibID","ProfilePicS3Key","CompetitorID","FirstName","Gender","Age","LastName","CountryOfOriginCode","CompetitorName","OverallRank","OverallScore","Division","Number of Records"
"Year2019","","","","","","","","","","","","","","","","","","",""
"*****","","","","","","","","","","","","","","","","","","",""
"","","","","","","","","","","","","","","","","","","",""
"","","","","","","","","","","","","","","","","","","",""
"","","","","","","","","","","","","","","","","","","",""
"","","","","","","","","","","","","","","","","","","",""
"","","","","","","","","","","","","","","","","","","",""
"","","","","","","","","","","","","","","","","","","",""
"","","","","","","","","","","","","","","","","","","",""
"","1.74","44632","United States of America","88.5","CrossFit MAYHEM","active","16","9e218-P153604_4-184.jpg","153604","Mathew","M","29","Fraser","US","Mathew Fraser","1","984","Men's","1"
"","1.74","44800","United States of America","86.2","Peak 360 CROSSFIT","active","302","0a0bc-P2725_5-184.jpg","2725","Noah","M","28","Ohlsen","US","Noah Ohlsen","2","949","Men's","1"
"","1.55","44753","Republic of Iceland","83.9","CrossFit Hengill","active","122","4c5dc-P81616_4-184.jpg","81616","Bjorgvin Karl","M","26","Gudmundsson","IS","Bjorgvin Karl Gudmundsson","3","888","Men's","1"
"","1.8","44597","United States of America","84.8","CrossFit Mentality","active","105","e23e0-P34796_8-184.jpg","34796","Scott","M","31","Panchik","US","Scott Panchik","4","795","Men's","1"
"","1.55","44792","Commonwealth of Australia","87.1","CrossFit Mode","active","303","b7c6d-P16080_7-184.jpg","16080","James","M","28","Newbury","AU","James Newbury","5","728","Men's","1"
"","1.77","44590","United States of America","87.1","Cobra Command CROSSFIT","active","101","d1ef5-P199938_3-184.jpg","199938","Jacob","M","29","Heppner","US","Jacob Heppner","6","694","Men's","1"
"","1.71","44805","Commonwealth of Australia","82.1","CrossFit Crossaxed","active","311","41bf6-P660204_5-184.jpg","660204","Matt","M","26","Mcleod","AU","Matt Mcleod","7","671","Men's","1"
"","1.77","","Switzerland","84.8","","Active","135","ff2d6-P698182_6-184.jpg","698182","Adrian","M","26","Mundwiler","CH","Adrian Mundwiler","8","632","Men's","1"
"","1.8","44969","United States of America","83.9","CrossFit Cliffside","active","310","00087-P310970_11-184.jpg","310970","Saxon","M","23","Panchik","US","Saxon Panchik","9","587","Men's","1"
"","1.8","44802","United States of America","86.2","CrossFit Trivium","active","309","d3cc2-P35627_6-184.jpg","35627","Will","M","30","Moorad","US","Will Moorad","10","485","Men's","1"
"","1.55","44588","United States of America","91.6","CrossFit Spokane Valley","CUT","102","ce316-P153625_5-184.jpg","153625","Cole","M","28","Sager","US","Cole Sager","11","368","Men's","1"
"","1.56","44599","United States of America","89.8","CrossFit Passion","CUT","108","9de68-P1690_5-184.jpg","1690","Travis","M","28","Mayer","US","Travis Mayer","12","368","Men's","1"
"","1.56","","United States of America","90.7","","CUT","111","a9afa-P74320_4-184.jpg","74320","Samuel","M","23","Kwant","US","Samuel Kwant","13","349","Men's","1"
"","1.74","44700","United States of America","82.6","CrossFit Rejoice","CUT","113","5afca-P123764_4-184.jpg","123764","Logan","M","28","Collins","US","Logan Collins","14","340","Men's","1"
"","1.77","44804","United States of America","87.5","CrossFit Sacrifice","CUT","312","22a7d-P469626_5-184.jpg","469626","Chandler","M","26","Smith","US","Chandler Smith","15","329","Men's","1"
"","1.56","44773","Canada","88.5","CrossFit Solid Ground","CUT","119","d471c-P158264_7-184.jpg","158264","Patrick","M","29","Vellner","CA","Patrick Vellner","16","322","Men's","1"
"","1.83","44756","Kingdom of Sweden","95.7","CrossFit Nordic","CUT","128","0c02c-P24309_6-184.jpg","24309","Lukas","M","28","Hogberg","SE","Lukas Hogberg","17","319","Men's","1"
"","1.83","44658","Federal Republic of Germany","86.2","CrossFit Flensburg","CUT","136","565d0-P286691_2-184.jpg","286691","Joshua","M","27","Wichtrup","DE","Joshua Wichtrup","18","315","Men's","1"
"","1.86","44663","United Kingdom","89.8","CrossFit Yas","CUT","132","ae97a-P86089_6-184.jpg","86089","Elliot","M","25","Simmonds","GB","Elliot Simmonds","19","303","Men's","1"
"","1.83","44593","Denmark","86.2","CrossFit Skodsborg","CUT","115","0e8b6-P230757_2-184.jpg","230757","Casper","M","28","Gammelmark","DK","Casper Gammelmark","20","251","Men's","1"
"","1.55","44688","France","86.2","CrossFit Lutece","CUT","130","9ca60-P702092_3-184.jpg","702092","Willy","M","26","Georges","FR","Willy Georges","21","245","Men's","1"
"","1.55","44977","United States of America","83.9","Solidarity CrossFit","CUT","316","b72ee-P111592_7-184.jpg","111592","Connor","M","26","Duddy","US","Connor Duddy","22","244","Men's","1"
"","1.89","44790","Canada","98.4","Kelowna CrossFit","CUT","308","1780d-P107101_9-184.jpg","107101","Brent","M","28","Fikowski","CA","Brent Fikowski","23","243","Men's","1"
"","1.8","44789","United States of America","87.1","CrossFit Powerstroke","CUT","304","a0a86-P134617_10-184.jpg","134617","Sean","M","27","Sweeney","US","Sean Sweeney","24","236","Men's","1"
"","1.56","44602","Canada","94.3","CrossFit Quebec City","CUT","116","ebe1c-P180541_4-184.jpg","180541","Alex","M","27","Vigneault","CA","Alex Vigneault","25","233","Men's","1"
"","1.83","44676","Republic of Ireland","95.3","CrossFit 8020","CUT","146","15913-P461734_4-184.jpg","461734","Michael","M","27","Smith","IE","Michael Smith","26","224","Men's","1"
"","1.55","44626","China","88","CrossFit CFPT","CUT","145","7aece-P23655_2-184.jpg","23655","Ant","M","29","Haynes","CN","Ant Haynes","27","218","Men's","1"
"","1.56","44795","United States of America","88.5","CrossFit Krypton","CUT","15","eab2e-P43761_13-184.jpg","43761","Ben","M","29","Smith","US","Ben Smith","28","217","Men's","1"
"","1.86","44766","South Africa","88.5","CrossFit Kyalami","CUT","137","f2583-P120333_4-184.jpg","120333","Jason","M","35","Smith","ZA","Jason Smith","29","216","Men's","1"
"","1.77","44782","United States of America","86.2","Ft. Wright CrossFit","CUT","313","cb045-P682551_3-184.jpg","682551","Ryan","M","25","Sowder","US","Ryan Sowder","30","208","Men's","1"
"","1.8","44689","Latvia","83.9","CrossFit Riga","CUT","125","cf540-P472642_5-184.jpg","472642","Uldis","M","21","Upenieks","LV","Uldis Upenieks","31","194","Men's","1"
"","1.8","44606","United States of America","83.9","BrewCity CrossFit","CUT","103","79ace-P329279_12-184.jpg","329279","George","M","20","Sterner","US","George Sterner","32","194","Men's","1"
"","1.8","44595","Canada","89.4","CrossFit Wonderland","CUT","117","e480e-P469656_1-184.jpg","469656","Jeffrey","M","25","Adler","CA","Jeffrey Adler","33","193","Men's","1"
"","1.56","44725","Switzerland","90.7","CrossFit Kreis 9","CUT","307","b98a5-P2766_6-184.jpg","2766","Lukas","M","26","Esslinger","CH","Lukas Esslinger","34","191","Men's","1"
"","1.56","44600","Canada","88.5","Deka CrossFit","CUT","104","ab5f0-P327636_3-184.jpg","327636","Samuel","M","23","Cournoyer","CA","Samuel Cournoyer","35","186","Men's","1"
"","1.77","44741","Commonwealth of Australia","87.1","CrossFit Lionmode","CUT","118","1ce47-P8690_5-184.jpg","8690","Dean","M","28","Linder-Leighton","AU","Dean Linder-Leighton","36","170","Men's","1"
"","1.74","44725","Finland","84.8","CrossFit Kreis 9","CUT","131","9f8e1-P173837_3-184.jpg","173837","Jonne","M","24","Koski","FI","Jonne Koski","37","165","Men's","1"
"","1.56","44591","United States of America","90.7","CrossFit Invictus","CUT","114","a0d02-P28040_5-184.jpg","28040","Eric","M","31","Carmody","US","Eric Carmody","38","160","Men's","1"
"","1.55","44752","United States of America","83.9","LumberYard CrossFit","CUT","106","709b2-P501728_4-184.jpg","501728","Jason","M","30","Carroll","US","Jason Carroll","39","159","Men's","1"
"","1.83","44702","Norway","92.1","CrossFit Sandvika","CUT","152","5b3bf-P542883_2-184.jpg","542883","Nicolay","M","29","Billaudel","NO","Nicolay Billaudel","40","154","Men's","1"
"","1.83","44948","United States of America","95.3","CrossFit Fond du Lac","CUT","314","907aa-P8325_6-184.jpg","8325","Nick","M","33","Bloch","US","Nick Bloch","41","116","Men's","1"
"","1.83","","Poland","98.9","","CUT","305","9750f-P250172_2-184.jpg","250172","Bronislaw","M","30","Olenkowicz","PL","Bronislaw Olenkowicz","42","112","Men's","1"
"","1.8","44669","Lithuania","87.1","CrossFit 82","CUT","143","2d23e-P432338_3-184.jpg","432338","Arminas","M","26","Balevicius","LT","Arminas Balevicius","43","108","Men's","1"
"","1.56","44623","Egypt","92.1","CrossFit MetaliZe","CUT","173","f6b3e-P487949_3-184.jpg","487949","Mohamed","M","31","Elomda","EG","Mohamed Elomda","44","100","Men's","1"
"","1.56","44592","Kingdom of Sweden","94.8","CrossFit Riders","CUT","112","f749d-P106655_3-184.jpg","106655","Simon","M","28","Mantyla","SE","Simon Mantyla","45","99","Men's","1"
"","1.55","44794","United States of America","87.1","Shockoe Bottom CrossFit","CUT","306","b1338-P244353_1-184.jpg","244353","John-Paul","M","26","Hethcock","US","John-Paul Hethcock","46","92","Men's","1"
"","1.56","44747","Slovenia","86.2","Reebok CrossFit Ljubljana","CUT","181","pukie.png","842919","Aleks","M","26","Kostomaj","SI","Aleks Kostomaj","47","90","Men's","1"
"","1.77","","Hungary","84.8","","CUT","139","fabed-P511473_2-184.jpg","511473","Gabor","M","28","Torok","HU","Gabor Torok","48","86","Men's","1"
"","1.8","44660","Brazil","87.1","CrossFit Al Ain","CUT","142","1853e-P686308_3-184.jpg","686308","Guilherme","M","19","Malheiros","BR","Guilherme Malheiros","49","74","Men's","1"
"","1.77","","Argentina","79.8","","CUT","134","7870f-P478414_5-184.jpg","478414","Agustin","M","22","Richelme","AR","Agustin Richelme","50","66","Men's","1"
"","1.71","44734","Colombia","74.8","CrossFit Canarias","CUT","161","306d0-P468290_1-184.jpg","468290","Bryan","M","21","Hernandez","CO","Bryan Hernandez","51","53","Men's","1"
"","1.8","44655","Belgium","86.2","CrossFit Albi","CUT","165","d7e4d-P677889_5-184.jpg","677889","Alban","M","24","Dubois","BE","Alban Dubois","52","49","Men's","1"
"","1.8","44672","New Zealand","88","Thorndon CrossFit","CUT","138","1353d-P221436_10-184.jpg","221436","Luke","M","29","Fiso","NZ","Luke Fiso","53","48","Men's","1"
"","1.74","44758","Mexico","81.6","CrossFit 3 Sons","CUT","144","b159c-P155471_5-184.jpg","155471","Darwin","M","30","Perez","MX","Darwin Perez","54","47","Men's","1"
"","1.8","","Guatemala","88","","CUT","159","db495-P286311_4-184.jpg","286311","Marlon","M","33","Azurdia","GT","Marlon Azurdia","55","46","Men's","1"
"","1.8","44732","Russian Federation","87.1","CrossFit Idol","CUT","133","9cea9-P1325298_1-184.jpg","1325298","Aleksandar","M","29","Ilin","RU","Aleksandar Ilin","56","45","Men's","1"
"","1.8","44610","Spain","73.9","CrossFit Zurriola","CUT","148","5bcb0-P351417_1-184.jpg","351417","Alexander","M","27","Anasagasti","ES","Alexander Anasagasti","57","41","Men's","1"
"","1.8","44596","United Arab Emirates","88","CrossFit Alioth","CUT","158","cae81-P1697328_1-184.jpg","1697328","Mahmood","M","26","Shalan","AE","Mahmood Shalan","58","40","Men's","1"
"","1.55","44659","Slovakia","83.9","CrossFit BBros","CUT","149","f9e0a-P119313_6-184.jpg","119313","Erik","M","29","Toth","SK","Erik Toth","59","35","Men's","1"
"","1.74","44713","Greece","81.2","CrossFit North Zone","CUT","123","931eb-P514502_2-184.jpg","514502","Lefteris","M","29","Theofanidis","GR","Lefteris Theofanidis","60","34","Men's","1"
"","1.77","44755","Turkey","76.7","CrossFit Boran","CUT","166","0cb10-P231921_6-184.jpg","231921","Ates","M","33","Boran","TR","Ates Boran","61","33","Men's","1"
"","1.89","44942","United States of America","93","Precision CrossFit","CUT","401","43261-P196667_2-184.jpg","196667","Hunter","M","30","McIntyre","US","Hunter McIntyre","62","31","Men's","1"
"","1.83","44591","Luxembourg","95.3","CrossFit Invictus","CUT","156","60a27-P160128_2-184.jpg","160128","Connor","M","25","Nellans","LU","Connor Nellans","63","31","Men's","1"
"","1.56","","Croatia","91.2","","CUT","178","pukie.png","858387","Augustin","M","29","Vilicnik","HR","Augustin Vilicnik","64","31","Men's","1"
"","0.15","44696","Japan","83.9","BeeGrow CrossFit","CUT","171","fbb8f-P849478_2-184.jpg","849478","Shingo","M","32","Moromasa","JP","Shingo Moromasa","65","31","Men's","1"
"","1.74","44638","Jordan","79.8","CrossFit 962","CUT","172","e2cfb-P315266_3-184.jpg","315266","Amin","M","25","Attallah","JO","Amin Attallah","66","25","Men's","1"
"","0.03","44636","Venezuela","76.2","CrossFit 4 L","CUT","141","cb959-P270266_2-184.jpg","270266","Omar","M","27","Martinez","VE","Omar Martinez","67","24","Men's","1"
"","1.83","44719","Netherlands","91.2","CrossFit Finestrat","CUT","160","a2893-P423302_1-184.jpg","423302","Sam","M","22","Lubben","NL","Sam Lubben","68","23","Men's","1"
"","1.83","","Nigeria","87.1","","CUT","188","85757-P1692338_1-184.jpg","1692338","Uyi Nosa","M","29","Osawe","NG","Uyi Nosa Osawe","69","20","Men's","1"
"","1.56","44673","Austria","89.8","Triller CrossFit","CUT","147","3f1be-P275390_1-184.jpg","275390","Christoph","M","31","Koerner","AT","Christoph Koerner","70","18","Men's","1"
"","1.83","44643","Ukraine","88.9","CrossFit Sea Energy","CUT","154","1d878-P470906_2-184.jpg","470906","Oleksandr","M","29","Shkoliarenko","UA","Oleksandr Shkoliarenko","71","18","Men's","1"
"","1.89","44690","Bosnia and Herzegovina","87.1","Tantum CrossFit","CUT","170","f6ae1-P667464_4-184.jpg","667464","Dorde","M","24","Duric","BA","Dorde Duric","72","16","Men's","1"
"","1.77","44729","Palestinian Territory, Occupied","87.1","CrossFit Ramallah","CUT","168","db955-P1076087_3-184.jpg","1076087","Hamzeh","M","24","Tarefi","PS","Hamzeh Tarefi","73","13","Men's","1"
"","1.83","","Chile","89.8","","CUT","153","b8edd-P1178252_1-184.jpg","1178252","Piero","M","27","Gorichon","CL","Piero Gorichon","74","7","Men's","1"
"","1.77","","Tunisia","76.2","","CUT","196","298c2-P844066_3-184.jpg","844066","Marzougui","M","28","Mootez","TN","Marzougui Mootez","75","3","Men's","1"
"","1.55","44736","Zimbabwe","86.2","CrossFit Dignus","CUT","182","433f0-P105253_8-184.jpg","105253","Jean-Claude","M","27","Jardim","ZW","Jean-Claude Jardim","76","3","Men's","1"
"","1.8","44699","Kuwait","88","Circuit Plus CrossFit Shuwaikh","CUT","185","49d3e-P703126_1-184.jpg","703126","Khalid","M","32","Aljarallah","KW","Khalid Aljarallah","77","-2","Men's","1"
"","1.83","44627","Paraguay","88","BIGG CrossFit Herrera","CUT","177","70c62-P683220_4-184.jpg","683220","Diego","M","28","Kemper","PY","Diego Kemper","78","-3","Men's","1"
"","1.83","","Romania","88","","CUT","162","dcd71-P213806_3-184.jpg","213806","Severin","M","31","Irimia","RO","Severin Irimia","79","-4","Men's","1"
"","1.77","44628","Belize","77.1","CrossFit Subterranean","CUT","201","c6cea-P1523179_7-184.jpg","1523179","Vernon","M","30","Neal","BZ","Vernon Neal","80","-5","Men's","1"
"","1.74","44765","Portugal","83.9","CrossFit OPO","CUT","155","50ca1-P233855_8-184.jpg","233855","Joao","M","24","Ferreira","PT","Joao Ferreira","81","-6","Men's","1"
"","1.55","44614","Dominican Republic","92.5","CrossFit Steel Factory","CUT","187","6518d-P256607_4-184.jpg","256607","Eusebio","M","34","Aldano","DO","Eusebio Aldano","82","-7","Men's","1"
"","1.8","44971","United States of America","86.2","CrossFit Crash","CUT","315","b3ff4-P93473_3-184.jpg","93473","Josh","M","30","Miller","US","Josh Miller","83","-8","Men's","1"
"","0.18","44633","Panama","83.9","Reebok CrossFit PTY","CUT","186","fd95b-P191624_2-184.jpg","191624","Alvaro","M","33","Lopez","PA","Alvaro Lopez","84","-9","Men's","1"
"","1.8","44617","Canada","88.5","Tonic CrossFit","CUT","124","47f1f-P308712_3-184.jpg","308712","Jean-Simon","M","25","Roy-Lemaire","CA","Jean-Simon Roy-Lemaire","85","-10","Men's","1"
"","1.8","44742","Philippines","83.9","Avant Garde CrossFit","CUT","183","6aece-P434258_1-184.jpg","434258","Justin","M","25","Hernandez","PH","Justin Hernandez","86","-11","Men's","1"
"","1.71","","Honduras","77.1","","CUT","189","17cc4-P345700_4-184.jpg","345700","Franky","M","31","Wood","HN","Franky Wood","87","-12","Men's","1"
"","1.8","44596","United States of America","88.5","CrossFit Alioth","CUT","109","0e176-P247005_2-184.jpg","247005","Streat","M","24","Hoerner","US","Streat Hoerner","88","-13","Men's","1"
"","1.77","44647","Kenya","86.2","CrossFit Progression","CUT","215","33ba3-P1721_9-184.jpg","1721","Jeremy","M","28","Mghenyi","KE","Jeremy Mghenyi","89","-14","Men's","1"
"","1.83","44603","United States of America","93","CrossFit T-Town","CUT","107","c7ff3-P755342_4-184.jpg","755342","Zachery","M","25","Buntin","US","Zachery Buntin","90","-15","Men's","1"
"","1.56","44685","Estonia","83","CrossFit Tartu","CUT","200","310fb-P733576_3-184.jpg","733576","Mihkel","M","24","Keldoja","EE","Mihkel Keldoja","91","-16","Men's","1"
"","1.74",""
