"```csv"
"Suggestion_ID","Category","Suggestion_Summary","Received_Date","Response_Date","Within_One_Day","Record_ID"
"Idea-S18-01","Money_Matters","Verizon Cell line audit needed. Size seems high.","August 10, 2017","August 10, 2017","Yes","ID: 1"
"Idea-S18-02","Efficiency_Boost","Meeting room addresses in Outlook & SharePoint site for City buildings/maps requested.","October 19, 2017","October 24, 2017","No","ID: 2"
"Idea-S18-03","Eco-Friendly","More transit time for employees to accommodate public transit schedules.","November 21, 2017","November 21, 2017","Yes","ID: 3"
"Idea-S18-04","Efficiency_Boost","Outlook employee searches by first name needed.","January 04, 2018","January 05, 2018","Yes","ID: 4"
"Idea-S18-05","Eco-Friendly","EV charging stations at City buildings for employees suggested.","March 09, 2018","March 12, 2018","Yes","ID: 5"
"Idea-S18-06","Money_Matters","City overpaid AZ taxes by $13K for Amazon use tax. $3.5K/yr savings estimated.","April 16, 2018","April 16, 2018","Yes","ID: 6"
"Idea-S18-07","Money_Matters","City overpaid AZ taxes by ~$7.3K on water usage. $2K/yr savings estimated.","April 16, 2018","April 16, 2018","Yes","ID: 7"
"Idea-S18-08","Revenue Generation","Floating tiny houses on Tempe Town Lake idea.","May 03, 2018","May 03, 2018","Yes","ID: 8"
"Idea-S18-09","Service Excellence","Vendor healthcare savings account communication/service needs improvement.","June 21, 2018","June 21, 2018","Yes","ID: 9"
"Idea-S19-01","Money_Matters","Engage Juliet Funt (Whitespace at Work) for mgmt/employee efficiency training.","August 03, 2018","August 13, 2018","No","ID: 10"
"Idea-S19-02","Efficiency_Boost","Allow picture uploads with Service Work Orders.","March 12, 2019","March 12, 2018","Yes","ID: 11"
"Idea-S19-03","Employee_Morale","Don't allow interim employees to apply for permanent positions.","May 15, 2019","May 16, 2019","Yes","ID: 12"
"Idea-S20-01","Eco-Friendly","Fountain pens instead of plastic pens recommended.","October 26, 2019","October 28, 2019","Yes","ID: 13"
"```"
