Year,2020,Unnamed: 2,Unnamed: 3,Unnamed: 4
,,,,
Sum of Population,,,Indicator Name,
Country Name,Country Code,Indicator Code,"Population, total",Grand Total
Afghanistan,AFG,SP.POP.TOTL,39068979,39068979
Africa Eastern and Southern,AFE,SP.POP.TOTL,694446100,694446100
Africa Western and Central,AFW,SP.POP.TOTL,474569351,474569351
Albania,ALB,SP.POP.TOTL,2837849,2837849
Algeria,DZA,SP.POP.TOTL,44042091,44042091
American Samoa,ASM,SP.POP.TOTL,49761,49761
Andorra,AND,SP.POP.TOTL,77380,77380
Angola,AGO,SP.POP.TOTL,33451132,33451132
Antigua and Barbuda,ATG,SP.POP.TOTL,91846,91846
Arab World,ARB,SP.POP.TOTL,453723239,453723239
Argentina,ARG,SP.POP.TOTL,45191965,45191965
Armenia,ARM,SP.POP.TOTL,2961500,2961500
Aruba,ABW,SP.POP.TOTL,108587,108587
Australia,AUS,SP.POP.TOTL,25649248,25649248
Austria,AUT,SP.POP.TOTL,8916864,8916864
Azerbaijan,AZE,SP.POP.TOTL,10093121,10093121
"Bahamas, The",BHS,SP.POP.TOTL,395863,395863
Bahrain,BHR,SP.POP.TOTL,1472204,1472204
Bangladesh,BGD,SP.POP.TOTL,166298024,166298024
Barbados,BRB,SP.POP.TOTL,281698,281698
Belarus,BLR,SP.POP.TOTL,9379952,9379952
Belgium,BEL,SP.POP.TOTL,11538604,11538604
Belize,BLZ,SP.POP.TOTL,390812,390812
Benin,BEN,SP.POP.TOTL,13070169,13070169
Bermuda,BMU,SP.POP.TOTL,64382,64382
Bhutan,BTN,SP.POP.TOTL,770006,770006
Bolivia,BOL,SP.POP.TOTL,11816299,11816299
Bosnia and Herzegovina,BIH,SP.POP.TOTL,3299349,3299349
Botswana,BWA,SP.POP.TOTL,2365894,2365894
Brazil,BRA,SP.POP.TOTL,208660842,208660842
British Virgin Islands,VGB,SP.POP.TOTL,37135,37135
Brunei Darussalam,BRN,SP.POP.TOTL,447404,447404
Bulgaria,BGR,SP.POP.TOTL,6934015,6934015
Burkina Faso,BFA,SP.POP.TOTL,21478690,21478690
Burundi,BDI,SP.POP.TOTL,12617036,12617036
Cabo Verde,CPV,SP.POP.TOTL,514679,514679
Cambodia,KHM,SP.POP.TOTL,16725474,16725474
Cameroon,CMR,SP.POP.TOTL,26210558,26210558
Canada,CAN,SP.POP.TOTL,38028638,38028638
Caribbean small states,CSS,SP.POP.TOTL,3092577,3092577
Cayman Islands,CYM,SP.POP.TOTL,68684,68684
Central African Republic,CAF,SP.POP.TOTL,5026628,5026628
Central Europe and the Baltics,CEB,SP.POP.TOTL,102046650,102046650
Chad,TCD,SP.POP.TOTL,17224679,17224679
Channel Islands,CHI,SP.POP.TOTL,166235,166235
Chile,CHL,SP.POP.TOTL,19370624,19370624
China,CHN,SP.POP.TOTL,1411100000,1411100000
Colombia,COL,SP.POP.TOTL,50629997,50629997
Comoros,COM,SP.POP.TOTL,802163,802163
"Congo, Dem. Rep.",COD,SP.POP.TOTL,95989998,95989998
"Congo, Rep.",COG,SP.POP.TOTL,5752791,5752791
Costa Rica,CRI,SP.POP.TOTL,5034320,5034320
Cote d'Ivoire,CIV,SP.POP.TOTL,28915449,28915449
Croatia,HRV,SP.POP.TOTL,3914206,3914206
Cuba,CUB,SP.POP.TOTL,11176354,11176354
Curacao,CUW,SP.POP.TOTL,154947,154947
Cyprus,CYP,SP.POP.TOTL,1302247,1302247
Czechia,CZE,SP.POP.TOTL,10697858,10697858
Denmark,DNK,SP.POP.TOTL,5831404,5831404
Djibouti,DJI,SP.POP.TOTL,1105188,1105188
Dominica,DMA,SP.POP.TOTL,67573,67573
Dominican Republic,DOM,SP.POP.TOTL,11008300,11008300
Early-demographic dividend,EAR,SP.POP.TOTL,3396051187,3396051187
East Asia & Pacific,EAS,SP.POP.TOTL,2369438682,2369438682
East Asia & Pacific (excluding high income),EAP,SP.POP.TOTL,2121866294,2121866294
East Asia & Pacific (IDA & IBRD countries),TEA,SP.POP.TOTL,2095759417,2095759417
Ecuador,ECU,SP.POP.TOTL,17546065,17546065
"Egypt, Arab Rep.",EGY,SP.POP.TOTL,109315124,109315124
El Salvador,SLV,SP.POP.TOTL,6234673,6234673
Equatorial Guinea,GNQ,SP.POP.TOTL,1716468,1716468
Eritrea,ERI,SP.POP.TOTL,3291271,3291271
Estonia,EST,SP.POP.TOTL,1329522,1329522
Eswatini,SWZ,SP.POP.TOTL,1192729,1192729
Ethiopia,ETH,SP.POP.TOTL,118917671,118917671
Euro area,EMU,SP.POP.TOTL,346922366,346922366
Europe & Central Asia,ECS,SP.POP.TOTL,925088545.5,925088545.5
Europe & Central Asia (excluding high income),ECA,SP.POP.TOTL,250655325.5,250655325.5
Europe & Central Asia (IDA & IBRD countries),TEC,SP.POP.TOTL,463913014.5,463913014.5
European Union,EUU,SP.POP.TOTL,447653554,447653554
Faroe Islands,FRO,SP.POP.TOTL,52571,52571
Fiji,FJI,SP.POP.TOTL,914963,914963
Finland,FIN,SP.POP.TOTL,5529543,5529543
Fragile and conflict affected situations,FCS,SP.POP.TOTL,996691242,996691242
France,FRA,SP.POP.TOTL,67601110,67601110
French Polynesia,PYF,SP.POP.TOTL,279209,279209
Gabon,GAB,SP.POP.TOTL,2322539,2322539
"Gambia, The",GMB,SP.POP.TOTL,2515733,2515733
Georgia,GEO,SP.POP.TOTL,3722716,3722716
Germany,DEU,SP.POP.TOTL,83160871,83160871
Ghana,GHA,SP.POP.TOTL,31887809,31887809
Gibraltar,GIB,SP.POP.TOTL,36173,36173
Greece,GRC,SP.POP.TOTL,10698599,10698599
Greenland,GRL,SP.POP.TOTL,56367,56367
Grenada,GRD,SP.POP.TOTL,116341,116341
Guam,GUM,SP.POP.TOTL,162158,162158
Guatemala,GTM,SP.POP.TOTL,17357325,17357325
Guinea,GIN,SP.POP.TOTL,13371183,13371183
Guinea-Bissau,GNB,SP.POP.TOTL,2013255,2013255
Guyana,GUY,SP.POP.TOTL,807481,807481
Haiti,HTI,SP.POP.TOTL,11243848,11243848
Heavily indebted poor countries (HIPC),HPC,SP.POP.TOTL,847743308,847743308
High income,HIC,SP.POP.TOTL,1389524835,1389524835
Honduras,HND,SP.POP.TOTL,10119640,10119640
"Hong Kong SAR, China",HKG,SP.POP.TOTL,7481000,7481000
Hungary,HUN,SP.POP.TOTL,9750149,9750149
IBRD only,IBD,SP.POP.TOTL,4879367453,4879367453
Iceland,ISL,SP.POP.TOTL,366463,366463
IDA & IBRD total,IBT,SP.POP.TOTL,6667541078.5,6667541078.5
IDA blend,IDB,SP.POP.TOTL,597524859,597524859
IDA only,IDX,SP.POP.TOTL,1190648766.5,1190648766.5
IDA total,IDA,SP.POP.TOTL,1788173625.5,1788173625.5
India,IND,SP.POP.TOTL,1402617695,1402617695
Indonesia,IDN,SP.POP.TOTL,274814866,274814866
"Iran, Islamic Rep.",IRN,SP.POP.TOTL,87723443,87723443
Iraq,IRQ,SP.POP.TOTL,42116605,42116605
Ireland,IRL,SP.POP.TOTL,4985382,4985382
Isle of Man,IMN,SP.POP.TOTL,84064,84064
Israel,ISR,SP.POP.TOTL,9215100,9215100
Italy,ITA,SP.POP.TOTL,59438851,59438851
Jamaica,JAM,SP.POP.TOTL,2830739,2830739
Japan,JPN,SP.POP.TOTL,126261000,126261000
Jordan,JOR,SP.POP.TOTL,10865228,10865228
Kazakhstan,KAZ,SP.POP.TOTL,19482117,19482117
Kenya,KEN,SP.POP.TOTL,52217334,52217334
Kiribati,KIR,SP.POP.TOTL,126099,126099
"Korea, Dem. People's Rep.",PRK,SP.POP.TOTL,26136312,26136312
"Korea, Rep.",KOR,SP.POP.TOTL,51836239,51836239
Kosovo,XKX,SP.POP.TOTL,1790152,1790152
Kuwait,KWT,SP.POP.TOTL,4400267,4400267
Kyrgyz Republic,KGZ,SP.POP.TOTL,6726595.5,6726595.5
Lao PDR,LAO,SP.POP.TOTL,7346533,7346533
Late-demographic dividend,LTE,SP.POP.TOTL,2316785459.5,2316785459.5
Latin America & Caribbean,LCN,SP.POP.TOTL,645497618,645497618
Latin America & Caribbean (excluding high income),LAC,SP.POP.TOTL,583125825,583125825
Latin America & the Caribbean (IDA & IBRD countries),TLA,SP.POP.TOTL,630051021,630051021
Latvia,LVA,SP.POP.TOTL,1900449,1900449
Least developed countries: UN classification,LDC,SP.POP.TOTL,1083636132,1083636132
Lebanon,LBN,SP.POP.TOTL,5702398,5702398
Lesotho,LSO,SP.POP.TOTL,2235727,2235727
Liberia,LBR,SP.POP.TOTL,5149463,5149463
Libya,LBY,SP.POP.TOTL,7045399,7045399
Liechtenstein,LIE,SP.POP.TOTL,38901,38901
Lithuania,LTU,SP.POP.TOTL,2794885,2794885
Low & middle income,LMY,SP.POP.TOTL,6438169877.5,6438169877.5
Low income,LIC,SP.POP.TOTL,679560744,679560744
Lower middle income,LMC,SP.POP.TOTL,2966396716.5,2966396716.5
Luxembourg,LUX,SP.POP.TOTL,630419,630419
"Macao SAR, China",MAC,SP.POP.TOTL,685400,685400
Madagascar,MDG,SP.POP.TOTL,28953556,28953556
Malawi,MWI,SP.POP.TOTL,19533888,19533888
Malaysia,MYS,SP.POP.TOTL,33889558,33889558
Maldives,MDV,SP.POP.TOTL,502118,502118
Mali,MLI,SP.POP.TOTL,21713836,21713836
Malta,MLT,SP.POP.TOTL,515332,515332
Marshall Islands,MHL,SP.POP.TOTL,42706,42706
Mauritania,MRT,SP.POP.TOTL,4600131,4600131
Mauritius,MUS,SP.POP.TOTL,1266014,1266014
Mexico,MEX,SP.POP.TOTL,126799054,126799054
"Micronesia, Fed. Sts.",FSM,SP.POP.TOTL,110916,110916
Middle East & North Africa,MEA,SP.POP.TOTL,482334398,482334398
Middle East & North Africa (excluding high income),MNA,SP.POP.TOTL,418461302,418461302
Middle East & North Africa (IDA & IBRD countries),TMN,SP.POP.TOTL,413658033,413658033
Middle income,MIC,SP.POP.TOTL,5758609133.5,5758609133.5
Moldova,MDA,SP.POP.TOTL,2635130,2635130
Monaco,MCO,SP.POP.TOTL,38050,38050
Mongolia,MNG,SP.POP.TOTL,3327204,3327204
Montenegro,MNE,SP.POP.TOTL,621306,621306
Morocco,MAR,SP.POP.TOTL,36584208,36584208
Mozambique,MOZ,SP.POP.TOTL,30783688,30783688
Myanmar,MMR,SP.POP.TOTL,53016522,53016522
Namibia,NAM,SP.POP.TOTL,2728762,2728762
Nauru,NRU,SP.POP.TOTL,11643,11643
Nepal,NPL,SP.POP.TOTL,28966574,28966574
Netherlands,NLD,SP.POP.TOTL,17441500,17441500
New Caledonia,NCL,SP.POP.TOTL,284176,284176
New Zealand,NZL,SP.POP.TOTL,5090200,5090200
Nicaragua,NIC,SP.POP.TOTL,6565267,6565267
Niger,NER,SP.POP.TOTL,23717613,23717613
Nigeria,NGA,SP.POP.TOTL,213996181,213996181
North America,NAC,SP.POP.TOTL,369619953,369619953
North Macedonia,MKD,SP.POP.TOTL,1856124,1856124
Northern Mariana Islands,MNP,SP.POP.TOTL,47528,47528
Norway,NOR,SP.POP.TOTL,5379475,5379475
OECD members,OED,SP.POP.TOTL,1370013876,1370013876
Oman,OMN,SP.POP.TOTL,4522497,4522497
Other small states,OSS,SP.POP.TOTL,13884095,13884095
Pacific island small states,PSS,SP.POP.TOTL,2595522,2595522
Pakistan,PAK,SP.POP.TOTL,235001746,235001746
Palau,PLW,SP.POP.TOTL,17792,17792
Panama,PAN,SP.POP.TOTL,4293261,4293261
Papua New Guinea,PNG,SP.POP.TOTL,9815746,9815746
Paraguay,PRY,SP.POP.TOTL,6603739,6603739
Peru,PER,SP.POP.TOTL,32838579,32838579
Philippines,PHL,SP.POP.TOTL,112081264,112081264
Poland,POL,SP.POP.TOTL,37899070,37899070
Portugal,PRT,SP.POP.TOTL,10297081,10297081
Post-demographic dividend,PST,SP.POP.TOTL,1117765361,1117765361
Pre-demographic dividend,PRE,SP.POP.TOTL,998624261,998624261
Puerto Rico,PRI,SP.POP.TOTL,3281557,3281557
Qatar,QAT,SP.POP.TOTL,2794148,2794148
Romania,ROU,SP.POP.TOTL,19265250,19265250
Russian Federation,RUS,SP.POP.TOTL,145245148,145245148
Rwanda,RWA,SP.POP.TOTL,13065837,13065837
Samoa,WSM,SP.POP.TOTL,211944,211944
San Marino,SMR,SP.POP.TOTL,34770,34770
Sao Tome and Principe,STP,SP.POP.TOTL,217435,217435
Saudi Arabia,SAU,SP.POP.TOTL,31552510,31552510
Senegal,SEN,SP.POP.TOTL,16789219,16789219
Serbia,SRB,SP.POP.TOTL,6899126,6899126
Seychelles,SYC,SP.POP.TOTL,98462,98462
Sierra Leone,SLE,SP.POP.TOTL,7912558,7912558
Singapore,SGP,SP.POP.TOTL,5685807,5685807
Sint Maarten (Dutch part),SXM,SP.POP.TOTL,41008,41008
Slovak Republic,SVK,SP.POP.TOTL,5458827,5458827
Slovenia,SVN,SP.POP.TOTL,2102419,2102419
Small states,SST,SP.POP.TOTL,19572194,19572194
Solomon Islands,SLB,SP.POP.TOTL,744498,744498
Somalia,SOM,SP.POP.TOTL,16651191,16651191
South Africa,ZAF,SP.POP.TOTL,60562381,60562381
South Asia,SAS,SP.POP.TOTL,1895144142,1895144142
South Asia (IDA & IBRD),TSA,SP.POP.TOTL,1895144142,1895144142
South Sudan,SSD,SP.POP.TOTL,10698467,10698467
Spain,ESP,SP.POP.TOTL,47365655,47365655
Sri Lanka,LKA,SP.POP.TOTL,21919000,21919000
St. Kitts and Nevis,KNA,SP.POP.TOTL,46870,46870
St. Lucia,LCA,SP.POP.TOTL,178250,178250
St. Martin (French part),MAF,SP.POP.TOTL,31786,31786
St. Vincent and the Grenadines,VCT,SP.POP.TOTL,103526,103526
Sub-Saharan Africa,SSF,SP.POP.TOTL,1169015451,1169015451
Sub-Saharan Africa (excluding high income),SSA,SP.POP.TOTL,1168916989,1168916989
Sub-Saharan Africa (IDA & IBRD countries),TSS,SP.POP.TOTL,1169015451,1169015451
Sudan,SDN,SP.POP.TOTL,46789231,46789231
Suriname,SUR,SP.POP.TOTL,612317,612317
Sweden,SWE,SP.POP.TOTL,10353442,10353442
Switzerland,CHE,SP.POP.TOTL,8638167,8638167
Syrian Arab Republic,SYR,SP.POP.TOTL,21049429,21049429
Tajikistan,TJK,SP.POP.TOTL,9749310,9749310
Tanzania,TZA,SP.POP.TOTL,60972798,60972798
Thailand,THA,SP.POP.TOTL,71641484,71641484
Timor-Leste,TLS,SP.POP.TOTL,1326053,1326053
Togo,TGO,SP.POP.TOTL,8669720,8669720
Tonga,TON,SP.POP.TOTL,105704,105704
Trinidad and Tobago,TTO,SP.POP.TOTL,1366725,1366725
Tunisia,TUN,SP.POP.TOTL,11974057,11974057
Turkiye,TUR,SP.POP.TOTL,83384680,83384680
Turkmenistan,TKM,SP.POP.TOTL,6949912,6949912
Turks and Caicos Islands,TCA,SP.POP.TOTL,44386,44386
Tuvalu,TUV,SP.POP.TOTL,10399,10399
Uganda,UGA,SP.POP.TOTL,44457152,44457152
Ukraine,UKR,SP.POP.TOTL,44680014,44680014
United Arab Emirates,ARE,SP.POP.TOTL,9401038,9401038
United Kingdom,GBR,SP.POP.TOTL,67081234,67081234
United States,USA,SP.POP.TOTL,331526933,331526933
Upper middle income,UMC,SP.POP.TOTL,2792212417,2792212417
Uruguay,URY,SP.POP.TOTL,3398968,3398968
Uzbekistan,UZB,SP.POP.TOTL,33586372,33586372
Vanuatu,VUT,SP.POP.TOTL,298858,298858
"Venezuela, RB",VEN,SP.POP.TOTL,28444077,28444077
Viet Nam,VNM,SP.POP.TOTL,98079191,98079191
Virgin Islands (U.S.),VIR,SP.POP.TOTL,106290,106290
West Bank and Gaza,PSE,SP.POP.TOTL,4803269,4803269
World,WLD,SP.POP.TOTL,7856138789.5,7856138789.5
"Yemen, Rep.",YEM,SP.POP.TOTL,36134863,36134863
Zambia,ZMB,SP.POP.TOTL,19059395,19059395
Zimbabwe,ZWE,SP.POP.TOTL,15526888,15526888
Grand Total,,,84588945340,84588945340
