"```csv"
"TransactionID","ProductID","ReferenceOrderID","ReferenceOrderLineID","TransactionDate","TransactionType","Quantity","ActualCost","ModifiedDate"
"Trans-ID:100000","Item ID:784","Ref Order:41590","Ref Line:0","Date:7/31/2013","Trans Type:Withdrawal","2","Cost:$0.00","Last Modified:July 31, 2013"
"Trans-ID:100001","Item ID:794","Ref Order:41591","Ref Line:0","Date:7/31/2013","Trans Type:Withdrawal","1","Cost:$0.00","Last Modified:July 31, 2013"
"Trans-ID:100002","Item ID:797","Ref Order:41592","Ref Line:0","Date:7/31/2013","Trans Type:Withdrawal","1","Cost:$0.00","Last Modified:July 31, 2013"
"Trans-ID:100003","Item ID:798","Ref Order:41593","Ref Line:0","Date:7/31/2013","Trans Type:Withdrawal","1","Cost:$0.00","Last Modified:July 31, 2013"
"Trans-ID:100004","Item ID:799","Ref Order:41594","Ref Line:0","Date:7/31/2013","Trans Type:Withdrawal","1","Cost:$0.00","Last Modified:July 31, 2013"
"Trans-ID:100005","Item ID:800","Ref Order:41595","Ref Line:0","Date:7/31/2013","Trans Type:Withdrawal","1","Cost:$0.00","Last Modified:July 31, 2013"
"Trans-ID:100006","Item ID:801","Ref Order:41596","Ref Line:0","Date:7/31/2013","Trans Type:Withdrawal","1","Cost:$0.00","Last Modified:July 31, 2013"
"Trans-ID:100007","Item ID:954","Ref Order:41597","Ref Line:0","Date:7/31/2013","Trans Type:Withdrawal","1","Cost:$0.00","Last Modified:July 31, 2013"
"Trans-ID:100008","Item ID:955","Ref Order:41598","Ref Line:0","Date:7/31/2013","Trans Type:Withdrawal","1","Cost:$0.00","Last Modified:July 31, 2013"
"Trans-ID:100009","Item ID:966","Ref Order:41599","Ref Line:0","Date:7/31/2013","Trans Type:Withdrawal","1","Cost:$0.00","Last Modified:July 31, 2013"
"Trans-ID:100010","Item ID:968","Ref Order:41600","Ref Line:0","Date:7/31/2013","Trans Type:Withdrawal","1","Cost:$0.00","Last Modified:July 31, 2013"
"Trans-ID:100011","Item ID:972","Ref Order:41601","Ref Line:0","Date:7/31/2013","Trans Type:Withdrawal","1","Cost:$0.00","Last Modified:July 31, 2013"
"Trans-ID:100012","Item ID:973","Ref Order:41602","Ref Line:0","Date:7/31/2013","Trans Type:Withdrawal","1","Cost:$0.00","Last Modified:July 31, 2013"
"Trans-ID:100013","Item ID:974","Ref Order:41603","Ref Line:0","Date:7/31/2013","Trans Type:Withdrawal","1","Cost:$0.00","Last Modified:July 31, 2013"
"Trans-ID:100014","Item ID:977","Ref Order:41604","Ref Line:0","Date:7/31/2013","Trans Type:Withdrawal","1","Cost:$0.00","Last Modified:July 31, 2013"
"Trans-ID:100015","Item ID:981","Ref Order:41605","Ref Line:0","Date:7/31/2013","Trans Type:Withdrawal","1","Cost:$0.00","Last Modified:July 31, 2013"
"Trans-ID:100016","Item ID:989","Ref Order:41606","Ref Line:0","Date:7/31/2013","Trans Type:Withdrawal","1","Cost:$0.00","Last Modified:July 31, 2013"
"Trans-ID:100017","Item ID:991","Ref Order:41607","Ref Line:0","Date:7/31/2013","Trans Type:Withdrawal","1","Cost:$0.00","Last Modified:July 31, 2013"
"Trans-ID:100018","Item ID:998","Ref Order:41608","Ref Line:0","Date:7/31/2013","Trans Type:Withdrawal","3","Cost:$0.00","Last Modified:July 31, 2013"
"Trans-ID:100019","Item ID:514","Ref Order:41609","Ref Line:0","Date:7/31/2013","Trans Type:Withdrawal","3","Cost:$0.00","Last Modified:July 31, 2013"
"Trans-ID:100020","Item ID:516","Ref Order:41610","Ref Line:0","Date:7/31/2013","Trans Type:Withdrawal","2","Cost:$0.00","Last Modified:July 31, 2013"
"Trans-ID:100021","Item ID:517","Ref Order:41611","Ref Line:0","Date:7/31/2013","Trans Type:Withdrawal","4","Cost:$0.00","Last Modified:July 31, 2013"
"Trans-ID:100022","Item ID:518","Ref Order:41612","Ref Line:0","Date:7/31/2013","Trans Type:Withdrawal","7","Cost:$0.00","Last Modified:July 31, 2013"
"Trans-ID:100023","Item ID:519","Ref Order:41613","Ref Line:0","Date:7/31/2013","Trans Type:Withdrawal","1","Cost:$0.00","Last Modified:July 31, 2013"
"Trans-ID:100024","Item ID:521","Ref Order:41614","Ref Line:0","Date:7/31/2013","Trans Type:Withdrawal","1","Cost:$0.00","Last Modified:July 31, 2013"
"Trans-ID:100025","Item ID:522","Ref Order:41615","Ref Line:0","Date:7/31/2013","Trans Type:Withdrawal","4","Cost:$0.00","Last Modified:July 31, 2013"
"Trans-ID:100026","Item ID:722","Ref Order:41616","Ref Line:0","Date:7/31/2013","Trans Type:Withdrawal","1","Cost:$0.00","Last Modified:July 31, 2013"
"Trans-ID:100027","Item ID:737","Ref Order:41617","Ref Line:0","Date:7/31/2013","Trans Type:Withdrawal","3","Cost:$0.00","Last Modified:July 31, 2013"
"Trans-ID:100028","Item ID:746","Ref Order:41618","Ref Line:0","Date:7/31/2013","Trans Type:Withdrawal","2","Cost:$0.00","Last Modified:July 31, 2013"
"Trans-ID:100029","Item ID:805","Ref Order:41619","Ref Line:0","Date:7/31/2013","Trans Type:Withdrawal","6","Cost:$0.00","Last Modified:July 31, 2013"
"Trans-ID:100030","Item ID:806","Ref Order:41620","Ref Line:0","Date:7/31/2013","Trans Type:Withdrawal","12","Cost:$0.00","Last Modified:July 31, 2013"
"Trans-ID:100031","Item ID:807","Ref Order:41621","Ref Line:0","Date:7/31/2013","Trans Type:Withdrawal","4","Cost:$0.00","Last Modified:July 31, 2013"
"Trans-ID:100032","Item ID:808","Ref Order:41622","Ref Line:0","Date:7/31/2013","Trans Type:Withdrawal","3","Cost:$0.00","Last Modified:July 31, 2013"
"Trans-ID:100033","Item ID:810","Ref Order:41623","Ref Line:0","Date:7/31/2013","Trans Type:Withdrawal","2","Cost:$0.00","Last Modified:July 31, 2013"
"Trans-ID:100034","Item ID:811","Ref Order:41624","Ref Line:0","Date:7/31/2013","Trans Type:Withdrawal","4","Cost:$0.00","Last Modified:July 31, 2013"
"Trans-ID:100035","Item ID:812","Ref Order:41625","Ref Line:0","Date:7/31/2013","Trans Type:Withdrawal","7","Cost:$0.00","Last Modified:July 31, 2013"
"Trans-ID:100036","Item ID:813","Ref Order:41626","Ref Line:0","Date:7/31/2013","Trans Type:Withdrawal","1","Cost:$0.00","Last Modified:July 31, 2013"
"Trans-ID:100037","Item ID:815","Ref Order:41627","Ref Line:0","Date:7/31/2013","Trans Type:Withdrawal","3","Cost:$0.00","Last Modified:July 31, 2013"
"Trans-ID:100038","Item ID:816","Ref Order:41628","Ref Line:0","Date:7/31/2013","Trans Type:Withdrawal","2","Cost:$0.00","Last Modified:July 31, 2013"
"Trans-ID:100039","Item ID:818","Ref Order:41629","Ref Line:0","Date:7/31/2013","Trans Type:Withdrawal","4","Cost:$0.00","Last Modified:July 31, 2013"
"Trans-ID:100040","Item ID:819","Ref Order:41630","Ref Line:0","Date:7/31/2013","Trans Type:Withdrawal","7","Cost:$0.00","Last Modified:July 31, 2013"
"Trans-ID:100041","Item ID:820","Ref Order:41631","Ref Line:0","Date:7/31/2013","Trans Type:Withdrawal","1","Cost:$0.00","Last Modified:July 31, 2013"
"Trans-ID:100042","Item ID:821","Ref Order:41632","Ref Line:0","Date:7/31/2013","Trans Type:Withdrawal","5","Cost:$0.00","Last Modified:July 31, 2013"
"Trans-ID:100043","Item ID:822","Ref Order:41633","Ref Line:0","Date:7/31/2013","Trans Type:Withdrawal","1","Cost:$0.00","Last Modified:July 31, 2013"
"Trans-ID:100044","Item ID:823","Ref Order:41634","Ref Line:0","Date:7/31/2013","Trans Type:Withdrawal","3","Cost:$0.00","Last Modified:July 31, 2013"
"Trans-ID:100045","Item ID:824","Ref Order:41635","Ref Line:0","Date:7/31/2013","Trans Type:Withdrawal","2","Cost:$0.00","Last Modified:July 31, 2013"
"Trans-ID:100046","Item ID:826","Ref Order:41636","Ref Line:0","Date:7/31/2013","Trans Type:Withdrawal","4","Cost:$0.00","Last Modified:July 31, 2013"
"Trans-ID:100047","Item ID:827","Ref Order:41637","Ref Line:0","Date:7/31/2013","Trans Type:Withdrawal","7","Cost:$0.00","Last Modified:July 31, 2013"
"Trans-ID:100048","Item ID:828","Ref Order:41638","Ref Line:0","Date:7/31/2013","Trans Type:Withdrawal","1","Cost:$0.00","Last Modified:July 31, 2013"
"Trans-ID:100049","Item ID:829","Ref Order:41639","Ref Line:0","Date:7/31/2013","Trans Type:Withdrawal","5","Cost:$0.00","Last Modified:July 31, 2013"
"Trans-ID:100050","Item ID:833","Ref Order:41640","Ref Line:0","Date:7/31/2013","Trans Type:Withdrawal","2","Cost:$0.00","Last Modified:July 31, 2013"
"Trans-ID:100051","Item ID:834","Ref Order:41641","Ref Line:0","Date:7/31/2013","Trans Type:Withdrawal","2","Cost:$0.00","Last Modified:July 31, 2013"
"Trans-ID:100052","Item ID:835","Ref Order:41642","Ref Line:0","Date:7/31/2013","Trans Type:Withdrawal","1","Cost:$0.00","Last Modified:July 31, 2013"
"Trans-ID:100053","Item ID:836","Ref Order:41643","Ref Line:0","Date:7/31/2013","Trans Type:Withdrawal","1","Cost:$0.00","Last Modified:July 31, 2013"
"Trans-ID:100054","Item ID:839","Ref Order:41644","Ref Line:0","Date:7/31/2013","Trans Type:Withdrawal","1","Cost:$0.00","Last Modified:July 31, 2013"
"Trans-ID:100055","Item ID:887","Ref Order:41645","Ref Line:0","Date:7/31/2013","Trans Type:Withdrawal","1","Cost:$0.00","Last Modified:July 31, 2013"
"Trans-ID:100056","Item ID:888","Ref Order:41646","Ref Line:0","Date:7/31/2013","Trans Type:Withdrawal","1","Cost:$0.00","Last Modified:July 31, 2013"
"Trans-ID:100057","Item ID:890","Ref Order:41647","Ref Line:0","Date:7/31/2013","Trans Type:Withdrawal","1","Cost:$0.00","Last Modified:July 31, 2013"
"Trans-ID:100058","Item ID:892","Ref Order:41648","Ref Line:0","Date:7/31/2013","Trans Type:Withdrawal","2","Cost:$0.00","Last Modified:July 31, 2013"
"Trans-ID:100059","Item ID:894","Ref Order:41649","Ref Line:0","Date:7/31/2013","Trans Type:Withdrawal","22","Cost:$0.00","Last Modified:July 31, 2013"
"Trans-ID:100060","Item ID:904","Ref Order:41650","Ref Line:0","Date:7/31/2013","Trans Type:Withdrawal","1","Cost:$0.00","Last Modified:July 31, 2013"
"Trans-ID:100061","Item ID:925","Ref Order:41651","Ref Line:0","Date:7/31/2013","Trans Type:Withdrawal","1","Cost:$0.00","Last Modified:July 31, 2013"
"Trans-ID:100062","Item ID:943","Ref Order:41652","Ref Line:0","Date:7/31/2013","Trans Type:Withdrawal","1","Cost:$0.00","Last Modified:July 31, 2013"
"Trans-ID:100063","Item ID:945","Ref Order:41653","Ref Line:0","Date:7/31/2013","Trans Type:Withdrawal","22","Cost:$0.00","Last Modified:July 31, 2013"
"Trans-ID:100064","Item ID:947","Ref Order:41654","Ref Line:0","Date:7/31/2013","Trans Type:Withdrawal","5","Cost:$0.00","Last Modified:July 31, 2013"
"Trans-ID:100065","Item ID:949","Ref Order:41655","Ref Line:0","Date:7/31/2013","Trans Type:Withdrawal","6","Cost:$0.00","Last Modified:July 31, 2013"
"Trans-ID:100066","Item ID:950","Ref Order:41656","Ref Line:0","Date:7/31/2013","Trans Type:Withdrawal","12","Cost:$0.00","Last Modified:July 31, 2013"
"Trans-ID:100067","Item ID:951","Ref Order:41657","Ref Line:0","Date:7/31/2013","Trans Type:Withdrawal","4","Cost:$0.00","Last Modified:July 31, 2013"
"Trans-ID:100068","Item ID:994","Ref Order:41658","Ref Line:0","Date:7/31/2013","Trans Type:Withdrawal","12","Cost:$0.00","Last Modified:July 31, 2013"
"Trans-ID:100069","Item ID:995","Ref Order:41659","Ref Line:0","Date:7/31/2013","Trans Type:Withdrawal","5","Cost:$0.00","Last Modified:July 31, 2013"
"Trans-ID:100070","Item ID:996","Ref Order:41660","Ref Line:0","Date:7/31/2013","Trans Type:Withdrawal","5","Cost:$0.00","Last Modified:July 31, 2013"
"Trans-ID:100071","Item ID:3","Ref Order:41661","Ref Line:0","Date:7/31/2013","Trans Type:Withdrawal","220","Cost:$0.00","Last Modified:July 31, 2013"
"Trans-ID:100072","Item ID:324","Ref Order:41662","Ref Line:0","Date:7/31/2013","Trans Type:Withdrawal","44","Cost:$0.00","Last Modified:July 31, 2013"
"Trans-ID:100073","Item ID:327","Ref Order:41663","Ref Line:0","Date:7/31/2013","Trans Type:Withdrawal","22","Cost:$0.00","Last Modified:July 31, 2013"
"Trans-ID:100074","Item ID:328","Ref Order:41664","Ref Line:0","Date:7/31/2013","Trans Type:Withdrawal","10","Cost:$0.00","Last Modified:July 31, 2013"
"Trans-ID:100075","Item ID:329","Ref Order:41665","Ref Line:0","Date:7/31/2013","Trans Type:Withdrawal","24","Cost:$0.00","Last Modified:July 31, 2013"
"Trans-ID:100076","Item ID:330","Ref Order:41666","Ref Line:0","Date:7/31/2013","Trans Type:Withdrawal","10","Cost:$0.00","Last Modified:July 31, 2013"
"Trans-ID:100077","Item ID:398","Ref Order:41667","Ref Line:0","Date:7/31/2013","Trans Type:Withdrawal","22","Cost:$0.00","Last Modified:July 31, 2013"
"Trans-ID:100078","Item ID:399","Ref Order:41668","Ref Line:0","Date:7/31/2013","Trans Type:Withdrawal","22","Cost:$0.00","Last Modified:July 31, 2013"
"Trans-ID:100079","Item ID:400","Ref Order:41669","Ref Line:0","Date:7/31/2013","Trans Type:Withdrawal","14","Cost:$0.00","Last Modified:July 31, 2013"
"Trans-ID:100080","Item ID:401","Ref Order:41670","Ref Line:0","Date:7/31/2013","Trans Type:Withdrawal","30","Cost:$0.00","Last Modified:July 31, 2013"
"Trans-ID:100081","Item ID:529","Ref Order:41671","Ref Line:0","Date:7/31/2013","Trans Type:Withdrawal","22","Cost:$0.00","Last Modified:July 31, 2013"
"Trans-ID:100082","Item ID:532","Ref Order:41672","Ref Line:0","Date:7/31/2013","Trans Type:Withdrawal","88","Cost:$0.00","Last Modified:July 31, 2013"
"Trans-ID:100083","Item ID:533","Ref Order:41673","Ref Line:0","Date:7/31/2013","Trans Type:Withdrawal","22","Cost:$0.00","Last Modified:July 31, 2013"
"Trans-ID:100084","Item ID:534","Ref Order:41674","Ref Line:0","Date:7/31/2013","Trans Type:Withdrawal","22","Cost:$0.00","Last Modified:July 31, 2013"
"Trans-ID:100085","Item ID:802","Ref Order:41675","Ref Line:0","Date:7/31/2013","Trans Type:Withdrawal","6","Cost:$0.00","Last Modified:July 31, 2013"
"Trans-ID:100086","Item ID:803","Ref Order:41676","Ref Line:0","Date:7/31/2013","Trans Type:Withdrawal","8","Cost:$0.00","Last Modified:July 31, 2013"
"Trans-ID:100087","Item ID:804","Ref Order:41677","Ref Line:0","Date:7/31/2013","Trans Type:Withdrawal","8","Cost:$0.00","Last Modified:July 31, 2013"
"Trans-ID:100088","Item ID:316","Ref Order:41678","Ref Line:0","Date:7/31/2013","Trans Type:Withdrawal","44","Cost:$0.00","Last Modified:July 31, 2013"
"Trans-ID:100089","Item ID:331","Ref Order:41679","Ref Line:0","Date:7/31/2013","Trans Type:Withdrawal","44","Cost:$0.00","Last Modified:July 31, 2013"
"Trans-ID:100090","Item ID:350","Ref Order:41680","Ref Line:0","Date:7/31/2013","Trans Type:Withdrawal","22","Cost:$0.00","Last Modified:July 31, 2013"
"Trans-ID:100091","Item ID:531","Ref Order:41681","Ref Line:0","Date:7/31/2013","Trans Type:Withdrawal","22","Cost:$0.00","Last Modified:July 31, 2013"
"Trans-ID:100092","Item ID:875","Ref Order:53450","Ref Line:1","Date:7/31/2013","Trans Type:Sales","4","Cost:$5.84","Last Modified:July 31, 2013"
"Trans-ID:100093","Item ID:953","Ref Order:53451","Ref Line:2","Date:7/31/2013","Trans Type:Sales","2","Cost:$874.69","Last Modified:July 31, 2013"
"Trans-ID:100094","Item ID:965","Ref Order:53451","Ref Line:1","Date:7/31/2013","Trans Type:Sales","1","Cost:$534.49","Last Modified:July 31, 2013"
"Trans-ID:100095","Item ID:712","Ref Order:53452","Ref Line:10","Date:7/31/2013","Trans Type:Sales","2","Cost:$5.84","Last Modified:July 31, 2013"
"Trans-ID:100096","Item ID:885","Ref Order:53452","Ref Line:31","Date:7/31/2013","Trans Type:Sales","4","Cost:$742.89","Last Modified:July 31, 2013"
"Trans-ID:100097","Item ID:886","Ref Order:53452","Ref Line:41","Date:7/31/2013","Trans Type:Sales","1","Cost:$246.73","Last Modified:July 31, 2013"
"Trans-ID:100098","Item ID:889","Ref Order:53452","Ref Line:32","Date:7/31/2013","Trans Type:Sales","5","Cost:$742.89","Last Modified:July 31, 2013"
"Trans-ID:100099","Item ID:892","Ref Order:53452","Ref Line:21","Date:7/31/2013","Trans Type:Sales","1","Cost:$742.89","Last Modified:July 31, 2013"
"Trans-ID:100100","Item ID:893","Ref Order:53452","Ref Line:40","Date:7/31/2013","Trans Type:Sales","3","Cost:$742.89","Last Modified:July 31, 2013"
"Trans-ID:100101","Item ID:894","Ref Order:53452","Ref Line:16","Date:7/31/2013","Trans Type:Sales","1","Cost:$89.88","Last Modified:July 31, 2013"
"Trans-ID:100102","Item ID:895","Ref Order:53452","Ref Line:9","Date:7/31/2013","Trans Type:Sales","6","Cost:$246.73","Last Modified:July 31, 2013"
"Trans-ID:100103","Item ID:896","Ref Order:53452","Ref Line:30","Date:7/31/2013","Trans Type:Sales","4","Cost:$246.73","Last Modified:July 31, 2013"
"Trans-ID:100104","Item ID:899","Ref Order:53452","Ref Line:28","Date:7/31/2013","Trans Type:Sales","2","Cost:$246.73","Last Modified:July 31, 2013"
"Trans-ID:100105","Item ID:900","Ref Order:53452","Ref Line:2","Date:7/31/2013","Trans Type:Sales","1","Cost:$246.73","Last Modified:July 31, 2013"
"Trans-ID:100106","Item ID:907","Ref Order:53452","Ref Line:19","Date:7/31/2013","Trans Type:Sales","1","Cost:$78.81","Last Modified:July 31, 2013"
"Trans-ID:100107","Item ID:914","Ref Order:53452","Ref Line:6","Date:7/31/2013","Trans Type:Sales","2","Cost:$20.07","Last Modified:July 31, 2013"
"Trans-ID:100108","Item ID:916","Ref Order"
