"```csv"
"Yr","Year1983","Unnamed2","Indicator","GrandTotalPop"
"","","","",""
"SumOfPopulation","","","Indicator_Name",""
"CountryName","CountryCode","IndicatorCode","PopulationTotal","Grand_Total"
"Afghanistan","AFG","SP-POP-TOTL","10917982","10917.98K"
"Africa Eastern and Southern","AFE","SP-POP-TOTL","253644643","253644.64K"
"Africa Western and Central","AFW","SP-POP-TOTL","173255157","173255.16K"
"Albania","ALB","SP-POP-TOTL","2843960","2843.96K"
"Algeria","DZA","SP-POP-TOTL","20558115","20558.12K"
"American Samoa","ASM","SP-POP-TOTL","36271","36.27K"
"Andorra","AND","SP-POP-TOTL","40565","40.57K"
"Angola","AGO","SP-POP-TOTL","9082983","9082.98K"
"Antigua and Barbuda","ATG","SP-POP-TOTL","64934","64.93K"
"Arab World","ARB","SP-POP-TOTL","180973288","180973.29K"
"Argentina","ARG","SP-POP-TOTL","29391332","29391.33K"
"Armenia","ARM","SP-POP-TOTL","3191539","3191.54K"
"Aruba","ABW","SP-POP-TOTL","62228","62.23K"
"Australia","AUS","SP-POP-TOTL","15393472","15393.47K"
"Austria","AUT","SP-POP-TOTL","7561910","7561.91K"
"Azerbaijan","AZE","SP-POP-TOTL","6459800","6459.80K"
"Bahamas, The","BHS","SP-POP-TOTL","244698","244.70K"
"Bahrain","BHR","SP-POP-TOTL","400707","400.71K"
"Bangladesh","BGD","SP-POP-TOTL","95335155","95335.16K"
"Barbados","BRB","SP-POP-TOTL","253992","253.99K"
"Belarus","BLR","SP-POP-TOTL","9843000","9843.00K"
"Belgium","BEL","SP-POP-TOTL","9855520","9855.52K"
"Belize","BLZ","SP-POP-TOTL","156297","156.30K"
"Benin","BEN","SP-POP-TOTL","4278978","4278.98K"
"Bermuda","BMU","SP-POP-TOTL","54777","54.78K"
"Bhutan","BTN","SP-POP-TOTL","477460","477.46K"
"Bolivia","BOL","SP-POP-TOTL","6149060","6149.06K"
"Bosnia and Herzegovina","BIH","SP-POP-TOTL","4258728","4258.73K"
"Botswana","BWA","SP-POP-TOTL","1046137","1046.14K"
"Brazil","BRA","SP-POP-TOTL","129790077","129790.08K"
"British Virgin Islands","VGB","SP-POP-TOTL","12370","12.37K"
"Brunei Darussalam","BRN","SP-POP-TOTL","204741","204.74K"
"Bulgaria","BGR","SP-POP-TOTL","8939738","8939.74K"
"Burkina Faso","BFA","SP-POP-TOTL","7551129","7551.13K"
"Burundi","BDI","SP-POP-TOTL","4808528","4808.53K"
"Cabo Verde","CPV","SP-POP-TOTL","337654","337.65K"
"Cambodia","KHM","SP-POP-TOTL","5636203","5636.20K"
"Cameroon","CMR","SP-POP-TOTL","9215397","9215.40K"
"Canada","CAN","SP-POP-TOTL","25366451","25366.45K"
"Caribbean small states","CSS","SP-POP-TOTL","2316087","2316.09K"
"Cayman Islands","CYM","SP-POP-TOTL","19598","19.60K"
"Central African Republic","CAF","SP-POP-TOTL","2537399","2537.40K"
"Central Europe and the Baltics","CEB","SP-POP-TOTL","108297837","108297.84K"
"Chad","TCD","SP-POP-TOTL","4979130","4979.13K"
"Channel Islands","CHI","SP-POP-TOTL","133413","133.41K"
"Chile","CHL","SP-POP-TOTL","12026138","12026.14K"
"China","CHN","SP-POP-TOTL","1023310000","1023310.00K"
"Colombia","COL","SP-POP-TOTL","27988173","27988.17K"
"Comoros","COM","SP-POP-TOTL","367233","367.23K"
"Congo, Dem. Rep.","COD","SP-POP-TOTL","29250963","29250.96K"
"Congo, Rep.","COG","SP-POP-TOTL","1950321","1950.32K"
"Costa Rica","CRI","SP-POP-TOTL","2595153","2595.15K"
"Cote d'Ivoire","CIV","SP-POP-TOTL","9272744","9272.74K"
"Croatia","HRV","SP-POP-TOTL","4658254","4658.25K"
"Cuba","CUB","SP-POP-TOTL","9991026","9991.03K"
"Curacao","CUW","SP-POP-TOTL","151159","151.16K"
"Cyprus","CYP","SP-POP-TOTL","707225","707.23K"
"Czechia","CZE","SP-POP-TOTL","10323856","10323.86K"
"Denmark","DNK","SP-POP-TOTL","5114297","5114.30K"
"Djibouti","DJI","SP-POP-TOTL","369553","369.55K"
"Dominica","DMA","SP-POP-TOTL","72365","72.37K"
"Dominican Republic","DOM","SP-POP-TOTL","6147248","6147.25K"
"Early-demographic dividend","EAR","SP-POP-TOTL","1721104015","1721104.02K"
"East Asia & Pacific","EAS","SP-POP-TOTL","1630462292","1630462.29K"
"East Asia & Pacific (excluding high income)","EAP","SP-POP-TOTL","1424971585","1424971.59K"
"East Asia & Pacific (IDA & IBRD countries)","TEA","SP-POP-TOTL","1405938773","1405938.77K"
"Ecuador","ECU","SP-POP-TOTL","8840417","8840.42K"
"Egypt, Arab Rep.","EGY","SP-POP-TOTL","47786402","47786.40K"
"El Salvador","SLV","SP-POP-TOTL","4707367","4707.37K"
"Equatorial Guinea","GNQ","SP-POP-TOTL","343421","343.42K"
"Eritrea","ERI","SP-POP-TOTL","1736160","1736.16K"
"Estonia","EST","SP-POP-TOTL","1508745","1508.75K"
"Eswatini","SWZ","SP-POP-TOTL","658957","658.96K"
"Ethiopia","ETH","SP-POP-TOTL","37740817","37740.82K"
"Euro area","EMU","SP-POP-TOTL","309543455","309543.46K"
"Europe & Central Asia","ECS","SP-POP-TOTL","809947364","809947.36K"
"Europe & Central Asia (excluding high income)","ECA","SP-POP-TOTL","188979984","188979.98K"
"Europe & Central Asia (IDA & IBRD countries)","TEC","SP-POP-TOTL","403378262","403378.26K"
"European Union","EUU","SP-POP-TOTL","412072128","412072.13K"
"Faroe Islands","FRO","SP-POP-TOTL","44670","44.67K"
"Fiji","FJI","SP-POP-TOTL","689835","689.83K"
"Finland","FIN","SP-POP-TOTL","4855787","4855.79K"
"Fragile and conflict affected situations","FCS","SP-POP-TOTL","414032302","414032.30K"
"France","FRA","SP-POP-TOTL","56108330","56108.33K"
"French Polynesia","PYF","SP-POP-TOTL","171750","171.75K"
"Gabon","GAB","SP-POP-TOTL","811005","811.01K"
"Gambia, The","GMB","SP-POP-TOTL","794525","794.52K"
"Georgia","GEO","SP-POP-TOTL","4582900","4582.90K"
"Germany","DEU","SP-POP-TOTL","78128282","78128.28K"
"Ghana","GHA","SP-POP-TOTL","13029836","13029.84K"
"Gibraltar","GIB","SP-POP-TOTL","28733","28.73K"
"Greece","GRC","SP-POP-TOTL","9846627","9846.63K"
"Greenland","GRL","SP-POP-TOTL","52100","52.10K"
"Grenada","GRD","SP-POP-TOTL","94948","94.95K"
"Guam","GUM","SP-POP-TOTL","118508","118.51K"
"Guatemala","GTM","SP-POP-TOTL","7419642","7419.64K"
"Guinea","GIN","SP-POP-TOTL","5359814","5359.81K"
"Guinea-Bissau","GNB","SP-POP-TOTL","869592","869.59K"
"Guyana","GUY","SP-POP-TOTL","775891","775.89K"
"Haiti","HTI","SP-POP-TOTL","5951096","5951.10K"
"Heavily indebted poor countries (HIPC)","HPC","SP-POP-TOTL","298600262","298600.26K"
"High income","HIC","SP-POP-TOTL","1125667151","1125667.15K"
"Honduras","HND","SP-POP-TOTL","4078174","4078.17K"
"Hong Kong SAR, China","HKG","SP-POP-TOTL","5345100","5345.10K"
"Hungary","HUN","SP-POP-TOTL","10689463","10689.46K"
"IBRD only","IBD","SP-POP-TOTL","3037252917","3037252.92K"
"Iceland","ISL","SP-POP-TOTL","236977","236.98K"
"IDA & IBRD total","IBT","SP-POP-TOTL","3762109361","3762109.36K"
"IDA blend","IDB","SP-POP-TOTL","233316891","233316.89K"
"IDA only","IDX","SP-POP-TOTL","491539553","491539.55K"
"IDA total","IDA","SP-POP-TOTL","724856444","724856.44K"
"India","IND","SP-POP-TOTL","737372681","737372.68K"
"Indonesia","IDN","SP-POP-TOTL","159651381","159651.38K"
"Iran, Islamic Rep.","IRN","SP-POP-TOTL","46029535","46029.53K"
"Iraq","IRQ","SP-POP-TOTL","14840555","14840.56K"
"Ireland","IRL","SP-POP-TOTL","3510600","3510.60K"
"Isle of Man","IMN","SP-POP-TOTL","64630","64.63K"
"Israel","ISR","SP-POP-TOTL","4105000","4105.00K"
"Italy","ITA","SP-POP-TOTL","56564074","56564.07K"
"Jamaica","JAM","SP-POP-TOTL","2234832","2234.83K"
"Japan","JPN","SP-POP-TOTL","119307000","119307.00K"
"Jordan","JOR","SP-POP-TOTL","2537307","2537.31K"
"Kazakhstan","KAZ","SP-POP-TOTL","15665551","15665.55K"
"Kenya","KEN","SP-POP-TOTL","17846374","17846.37K"
"Kiribati","KIR","SP-POP-TOTL","64169","64.17K"
"Korea, Dem. People's Rep.","PRK","SP-POP-TOTL","19054034","19054.03K"
"Korea, Rep.","KOR","SP-POP-TOTL","39910403","39910.40K"
"Kosovo","XKX","SP-POP-TOTL","1719245","1719.25K"
"Kuwait","KWT","SP-POP-TOTL","1744295","1744.30K"
"Kyrgyz Republic","KGZ","SP-POP-TOTL","3838300","3838.30K"
"Lao PDR","LAO","SP-POP-TOTL","3541001","3541.00K"
"Late-demographic dividend","LTE","SP-POP-TOTL","1664394629","1664394.63K"
"Latin America & Caribbean","LCN","SP-POP-TOTL","383657148","383657.15K"
"Latin America & Caribbean (excluding high income)","LAC","SP-POP-TOTL","343743382","343743.38K"
"Latin America & the Caribbean (IDA & IBRD countries)","TLA","SP-POP-TOTL","369728268","369728.27K"
"Latvia","LVA","SP-POP-TOTL","2546011","2546.01K"
"Least developed countries: UN classification","LDC","SP-POP-TOTL","434142125","434142.13K"
"Lebanon","LBN","SP-POP-TOTL","3094996","3095.00K"
"Lesotho","LSO","SP-POP-TOTL","1534413","1534.41K"
"Liberia","LBR","SP-POP-TOTL","2107113","2107.11K"
"Libya","LBY","SP-POP-TOTL","3718961","3718.96K"
"Liechtenstein","LIE","SP-POP-TOTL","26446","26.45K"
"Lithuania","LTU","SP-POP-TOTL","3485192","3485.19K"
"Low & middle income","LMY","SP-POP-TOTL","3540694674","3540694.67K"
"Low income","LIC","SP-POP-TOTL","243386810","243386.81K"
"Lower middle income","LMC","SP-POP-TOTL","1438755199","1438755.20K"
"Luxembourg","LUX","SP-POP-TOTL","365622","365.62K"
"Macao SAR, China","MAC","SP-POP-TOTL","269300","269.30K"
"Madagascar","MDG","SP-POP-TOTL","9843044","9843.04K"
"Malawi","MWI","SP-POP-TOTL","7051709","7051.71K"
"Malaysia","MYS","SP-POP-TOTL","14285907","14285.91K"
"Maldives","MDV","SP-POP-TOTL","179128","179.13K"
"Mali","MLI","SP-POP-TOTL","8034400","8034.40K"
"Malta","MLT","SP-POP-TOTL","330524","330.52K"
"Marshall Islands","MHL","SP-POP-TOTL","34811","34.81K"
"Mauritania","MRT","SP-POP-TOTL","1606746","1606.75K"
"Mauritius","MUS","SP-POP-TOTL","1001691","1001.69K"
"Mexico","MEX","SP-POP-TOTL","71971240","71971.24K"
"Micronesia, Fed. Sts.","FSM","SP-POP-TOTL","84680","84.68K"
"Middle East & North Africa","MEA","SP-POP-TOTL","204156168","204156.17K"
"Middle East & North Africa (excluding high income)","MNA","SP-POP-TOTL","187576228","187576.23K"
"Middle East & North Africa (IDA & IBRD countries)","TMN","SP-POP-TOTL","187576228","187576.23K"
"Middle income","MIC","SP-POP-TOTL","3297307864","3297307.86K"
"Moldova","MDA","SP-POP-TOTL","2791207","2791.21K"
"Monaco","MCO","SP-POP-TOTL","27960","27.96K"
"Mongolia","MNG","SP-POP-TOTL","1829092","1829.09K"
"Montenegro","MNE","SP-POP-TOTL","594506","594.51K"
"Morocco","MAR","SP-POP-TOTL","21060696","21060.70K"
"Mozambique","MOZ","SP-POP-TOTL","12073822","12073.82K"
"Myanmar","MMR","SP-POP-TOTL","35162715","35162.72K"
"Namibia","NAM","SP-POP-TOTL","1037511","1037.51K"
"Nauru","NRU","SP-POP-TOTL","8216","8.22K"
"Nepal","NPL","SP-POP-TOTL","16689119","16689.12K"
"Netherlands","NLD","SP-POP-TOTL","14367070","14367.07K"
"New Caledonia","NCL","SP-POP-TOTL","155003","155.00K"
"New Zealand","NZL","SP-POP-TOTL","3199300","3199.30K"
"Nicaragua","NIC","SP-POP-TOTL","3530282","3530.28K"
"Niger","NER","SP-POP-TOTL","6708644","6708.64K"
"Nigeria","NGA","SP-POP-TOTL","80438260","80438.26K"
"North America","NAC","SP-POP-TOTL","259213228","259213.23K"
"North Macedonia","MKD","SP-POP-TOTL","1991901","1991.90K"
"Northern Mariana Islands","MNP","SP-POP-TOTL","24936","24.94K"
"Norway","NOR","SP-POP-TOTL","4128432","4128.43K"
"OECD members","OED","SP-POP-TOTL","1046094679","1046094.68K"
"Oman","OMN","SP-POP-TOTL","1181459","1181.46K"
"Other small states","OSS","SP-POP-TOTL","8243752","8243.75K"
"Pacific island small states","PSS","SP-POP-TOTL","1555284","1555.28K"
"Pakistan","PAK","SP-POP-TOTL","92227711","92227.71K"
"Palau","PLW","SP-POP-TOTL","13006","13.01K"
"Panama","PAN","SP-POP-TOTL","2101106","2101.11K"
"Papua New Guinea","PNG","SP-POP-TOTL","3333633","3333.63K"
"Paraguay","PRY","SP-POP-TOTL","3318068","3318.07K"
"Peru","PER","SP-POP-TOTL","18705957","18705.96K"
"Philippines","PHL","SP-POP-TOTL","52194620","52194.62K"
"Poland","POL","SP-POP-TOTL","36571808","36571.81K"
"Portugal","PRT","SP-POP-TOTL","9957865","9957.86K"
"Post-demographic dividend","PST","SP-POP-TOTL","926768139","926768.14K"
"Pre-demographic dividend","PRE","SP-POP-TOTL","349226289","349226.29K"
"Puerto Rico","PRI","SP-POP-TOTL","3311138","3311.14K"
"Qatar","QAT","SP-POP-TOTL","329709","329.71K"
"Romania","ROU","SP-POP-TOTL","22560478","22560.48K"
"Russian Federation","RUS","SP-POP-TOTL","141668000","141668.00K"
"Rwanda","RWA","SP-POP-TOTL","5905311","5905.31K"
"Samoa","WSM","SP-POP-TOTL","166714","166.71K"
"San Marino","SMR","SP-POP-TOTL","22229","22.23K"
"Sao Tome and Principe","STP","SP-POP-TOTL","104380","104.38K"
"Saudi Arabia","SAU","SP-POP-TOTL","7252941","7252.94K"
"Senegal","SEN","SP-POP-TOTL","6324504","6324.50K"
"Serbia","SRB","SP-POP-TOTL","7788100","7788.10K"
"Seychelles","SYC","SP-POP-TOTL","64335","64.34K"
"Sierra Leone","SLE","SP-POP-TOTL","3481646","3481.65K"
"Singapore","SGP","SP-POP-TOTL","2681061","2681.06K"
"Sint Maarten (Dutch part)","SXM","SP-POP-TOTL","16133","16.13K"
"Slovak Republic","SVK","SP-POP-TOTL","5091971","5091.97K"
"Slovenia","SVN","SP-POP-TOTL","1922321","1922.32K"
"Small states","SST","SP-POP-TOTL","12115123","12115.12K"
"Solomon Islands","SLB","SP-POP-TOTL","264068","264.07K"
"Somalia","SOM","SP-POP-TOTL","6198430","6198.43K"
"South Africa","ZAF","SP-POP-TOTL","32739304","32739.30K"
"South Asia","SAS","SP-POP-TOTL","968588030","968588.03K"
"South Asia (IDA & IBRD)","TSA","SP-POP-TOTL","968588030","968588.03K"
"South Sudan","SSD","SP-POP-TOTL","4661574","4661.57K"
"Spain","ESP","SP-POP-TOTL","38171525","38171.52K"
"Sri Lanka","LKA","SP-POP-TOTL","15388794","15388.79K"
"St. Kitts and Nevis","KNA","SP-POP-TOTL","42334","42.33K"
"St. Lucia","LCA","SP-POP-TOTL","125044","125.04K"
"St. Martin (French part)","MAF","SP-POP-TOTL","11485","11.49K"
"St. Vincent and the Grenadines","VCT","SP-POP-TOTL","106838","106.84K"
"Sub-Saharan Africa","SSF","SP-POP-TOTL","426899800","426899.80K"
"Sub-Saharan Africa (excluding high income)","SSA","SP-POP-TOTL","426835465","426835.46K"
"Sub-Saharan Africa (IDA & IBRD countries)","TSS","SP-POP-TOTL","426899800","426899.80K"
"Sudan","SDN","SP-POP-TOTL","19109770","19109.77K"
"Suriname","SUR","SP-POP-TOTL","378746","378.75K"
"Sweden","SWE","SP-POP-TOTL","8329033","8329.03K"
"Switzerland","CHE","SP-POP-TOTL","6418773","6418.77K"
"Syrian Arab Republic","SYR","SP-POP-TOTL","9904809","9904.81K"
"Tajikistan","TJK","SP-POP-TOTL","4350874","4350.87K"
"Tanzania","TZA","SP-POP-TOTL","21079874","21079.87K"
"Thailand","THA","SP-POP-TOTL","48423309","48423.31K"
"Timor-Leste","TLS","SP-POP-TOTL","677707","677.71K"
"Togo","TGO","SP-POP-TOTL","3222899","3222.90K"
"Tonga","TON","SP-POP-TOTL","97998","98.00K"
"Trinidad and Tobago","TTO","SP-POP-TOTL","1160534","1160.53K"
"Tunisia","TUN","SP-POP-TOTL","7053800","7053.80K"
"Turkiye","TUR","SP-POP-TOTL","48447410","48447.41K"
"Turkmenistan","TKM","SP-POP-TOTL","3067534","3067.53K"
"Turks and Caicos Islands","TCA","SP-POP-"
