Year,1983,Unnamed: 2,Unnamed: 3,Unnamed: 4
,,,,
Sum of Population,,,Indicator Name,
Country Name,Country Code,Indicator Code,"Population, total",Grand Total
Afghanistan,AFG,SP.POP.TOTL,10917982,10917982
Africa Eastern and Southern,AFE,SP.POP.TOTL,253644643,253644643
Africa Western and Central,AFW,SP.POP.TOTL,173255157,173255157
Albania,ALB,SP.POP.TOTL,2843960,2843960
Algeria,DZA,SP.POP.TOTL,20558115,20558115
American Samoa,ASM,SP.POP.TOTL,36271,36271
Andorra,AND,SP.POP.TOTL,40565,40565
Angola,AGO,SP.POP.TOTL,9082983,9082983
Antigua and Barbuda,ATG,SP.POP.TOTL,64934,64934
Arab World,ARB,SP.POP.TOTL,180973288,180973288
Argentina,ARG,SP.POP.TOTL,29391332,29391332
Armenia,ARM,SP.POP.TOTL,3191539,3191539
Aruba,ABW,SP.POP.TOTL,62228,62228
Australia,AUS,SP.POP.TOTL,15393472,15393472
Austria,AUT,SP.POP.TOTL,7561910,7561910
Azerbaijan,AZE,SP.POP.TOTL,6459800,6459800
"Bahamas, The",BHS,SP.POP.TOTL,244698,244698
Bahrain,BHR,SP.POP.TOTL,400707,400707
Bangladesh,BGD,SP.POP.TOTL,95335155,95335155
Barbados,BRB,SP.POP.TOTL,253992,253992
Belarus,BLR,SP.POP.TOTL,9843000,9843000
Belgium,BEL,SP.POP.TOTL,9855520,9855520
Belize,BLZ,SP.POP.TOTL,156297,156297
Benin,BEN,SP.POP.TOTL,4278978,4278978
Bermuda,BMU,SP.POP.TOTL,54777,54777
Bhutan,BTN,SP.POP.TOTL,477460,477460
Bolivia,BOL,SP.POP.TOTL,6149060,6149060
Bosnia and Herzegovina,BIH,SP.POP.TOTL,4258728,4258728
Botswana,BWA,SP.POP.TOTL,1046137,1046137
Brazil,BRA,SP.POP.TOTL,129790077,129790077
British Virgin Islands,VGB,SP.POP.TOTL,12370,12370
Brunei Darussalam,BRN,SP.POP.TOTL,204741,204741
Bulgaria,BGR,SP.POP.TOTL,8939738,8939738
Burkina Faso,BFA,SP.POP.TOTL,7551129,7551129
Burundi,BDI,SP.POP.TOTL,4808528,4808528
Cabo Verde,CPV,SP.POP.TOTL,337654,337654
Cambodia,KHM,SP.POP.TOTL,5636203,5636203
Cameroon,CMR,SP.POP.TOTL,9215397,9215397
Canada,CAN,SP.POP.TOTL,25366451,25366451
Caribbean small states,CSS,SP.POP.TOTL,2316087,2316087
Cayman Islands,CYM,SP.POP.TOTL,19598,19598
Central African Republic,CAF,SP.POP.TOTL,2537399,2537399
Central Europe and the Baltics,CEB,SP.POP.TOTL,108297837,108297837
Chad,TCD,SP.POP.TOTL,4979130,4979130
Channel Islands,CHI,SP.POP.TOTL,133413,133413
Chile,CHL,SP.POP.TOTL,12026138,12026138
China,CHN,SP.POP.TOTL,1023310000,1023310000
Colombia,COL,SP.POP.TOTL,27988173,27988173
Comoros,COM,SP.POP.TOTL,367233,367233
"Congo, Dem. Rep.",COD,SP.POP.TOTL,29250963,29250963
"Congo, Rep.",COG,SP.POP.TOTL,1950321,1950321
Costa Rica,CRI,SP.POP.TOTL,2595153,2595153
Cote d'Ivoire,CIV,SP.POP.TOTL,9272744,9272744
Croatia,HRV,SP.POP.TOTL,4658254,4658254
Cuba,CUB,SP.POP.TOTL,9991026,9991026
Curacao,CUW,SP.POP.TOTL,151159,151159
Cyprus,CYP,SP.POP.TOTL,707225,707225
Czechia,CZE,SP.POP.TOTL,10323856,10323856
Denmark,DNK,SP.POP.TOTL,5114297,5114297
Djibouti,DJI,SP.POP.TOTL,369553,369553
Dominica,DMA,SP.POP.TOTL,72365,72365
Dominican Republic,DOM,SP.POP.TOTL,6147248,6147248
Early-demographic dividend,EAR,SP.POP.TOTL,1721104015,1721104015
East Asia & Pacific,EAS,SP.POP.TOTL,1630462292,1630462292
East Asia & Pacific (excluding high income),EAP,SP.POP.TOTL,1424971585,1424971585
East Asia & Pacific (IDA & IBRD countries),TEA,SP.POP.TOTL,1405938773,1405938773
Ecuador,ECU,SP.POP.TOTL,8840417,8840417
"Egypt, Arab Rep.",EGY,SP.POP.TOTL,47786402,47786402
El Salvador,SLV,SP.POP.TOTL,4707367,4707367
Equatorial Guinea,GNQ,SP.POP.TOTL,343421,343421
Eritrea,ERI,SP.POP.TOTL,1736160,1736160
Estonia,EST,SP.POP.TOTL,1508745,1508745
Eswatini,SWZ,SP.POP.TOTL,658957,658957
Ethiopia,ETH,SP.POP.TOTL,37740817,37740817
Euro area,EMU,SP.POP.TOTL,309543455,309543455
Europe & Central Asia,ECS,SP.POP.TOTL,809947364,809947364
Europe & Central Asia (excluding high income),ECA,SP.POP.TOTL,188979984,188979984
Europe & Central Asia (IDA & IBRD countries),TEC,SP.POP.TOTL,403378262,403378262
European Union,EUU,SP.POP.TOTL,412072128,412072128
Faroe Islands,FRO,SP.POP.TOTL,44670,44670
Fiji,FJI,SP.POP.TOTL,689835,689835
Finland,FIN,SP.POP.TOTL,4855787,4855787
Fragile and conflict affected situations,FCS,SP.POP.TOTL,414032302,414032302
France,FRA,SP.POP.TOTL,56108330,56108330
French Polynesia,PYF,SP.POP.TOTL,171750,171750
Gabon,GAB,SP.POP.TOTL,811005,811005
"Gambia, The",GMB,SP.POP.TOTL,794525,794525
Georgia,GEO,SP.POP.TOTL,4582900,4582900
Germany,DEU,SP.POP.TOTL,78128282,78128282
Ghana,GHA,SP.POP.TOTL,13029836,13029836
Gibraltar,GIB,SP.POP.TOTL,28733,28733
Greece,GRC,SP.POP.TOTL,9846627,9846627
Greenland,GRL,SP.POP.TOTL,52100,52100
Grenada,GRD,SP.POP.TOTL,94948,94948
Guam,GUM,SP.POP.TOTL,118508,118508
Guatemala,GTM,SP.POP.TOTL,7419642,7419642
Guinea,GIN,SP.POP.TOTL,5359814,5359814
Guinea-Bissau,GNB,SP.POP.TOTL,869592,869592
Guyana,GUY,SP.POP.TOTL,775891,775891
Haiti,HTI,SP.POP.TOTL,5951096,5951096
Heavily indebted poor countries (HIPC),HPC,SP.POP.TOTL,298600262,298600262
High income,HIC,SP.POP.TOTL,1125667151,1125667151
Honduras,HND,SP.POP.TOTL,4078174,4078174
"Hong Kong SAR, China",HKG,SP.POP.TOTL,5345100,5345100
Hungary,HUN,SP.POP.TOTL,10689463,10689463
IBRD only,IBD,SP.POP.TOTL,3037252917,3037252917
Iceland,ISL,SP.POP.TOTL,236977,236977
IDA & IBRD total,IBT,SP.POP.TOTL,3762109361,3762109361
IDA blend,IDB,SP.POP.TOTL,233316891,233316891
IDA only,IDX,SP.POP.TOTL,491539553,491539553
IDA total,IDA,SP.POP.TOTL,724856444,724856444
India,IND,SP.POP.TOTL,737372681,737372681
Indonesia,IDN,SP.POP.TOTL,159651381,159651381
"Iran, Islamic Rep.",IRN,SP.POP.TOTL,46029535,46029535
Iraq,IRQ,SP.POP.TOTL,14840555,14840555
Ireland,IRL,SP.POP.TOTL,3510600,3510600
Isle of Man,IMN,SP.POP.TOTL,64630,64630
Israel,ISR,SP.POP.TOTL,4105000,4105000
Italy,ITA,SP.POP.TOTL,56564074,56564074
Jamaica,JAM,SP.POP.TOTL,2234832,2234832
Japan,JPN,SP.POP.TOTL,119307000,119307000
Jordan,JOR,SP.POP.TOTL,2537307,2537307
Kazakhstan,KAZ,SP.POP.TOTL,15665551,15665551
Kenya,KEN,SP.POP.TOTL,17846374,17846374
Kiribati,KIR,SP.POP.TOTL,64169,64169
"Korea, Dem. People's Rep.",PRK,SP.POP.TOTL,19054034,19054034
"Korea, Rep.",KOR,SP.POP.TOTL,39910403,39910403
Kosovo,XKX,SP.POP.TOTL,1719245,1719245
Kuwait,KWT,SP.POP.TOTL,1744295,1744295
Kyrgyz Republic,KGZ,SP.POP.TOTL,3838300,3838300
Lao PDR,LAO,SP.POP.TOTL,3541001,3541001
Late-demographic dividend,LTE,SP.POP.TOTL,1664394629,1664394629
Latin America & Caribbean,LCN,SP.POP.TOTL,383657148,383657148
Latin America & Caribbean (excluding high income),LAC,SP.POP.TOTL,343743382,343743382
Latin America & the Caribbean (IDA & IBRD countries),TLA,SP.POP.TOTL,369728268,369728268
Latvia,LVA,SP.POP.TOTL,2546011,2546011
Least developed countries: UN classification,LDC,SP.POP.TOTL,434142125,434142125
Lebanon,LBN,SP.POP.TOTL,3094996,3094996
Lesotho,LSO,SP.POP.TOTL,1534413,1534413
Liberia,LBR,SP.POP.TOTL,2107113,2107113
Libya,LBY,SP.POP.TOTL,3718961,3718961
Liechtenstein,LIE,SP.POP.TOTL,26446,26446
Lithuania,LTU,SP.POP.TOTL,3485192,3485192
Low & middle income,LMY,SP.POP.TOTL,3540694674,3540694674
Low income,LIC,SP.POP.TOTL,243386810,243386810
Lower middle income,LMC,SP.POP.TOTL,1438755199,1438755199
Luxembourg,LUX,SP.POP.TOTL,365622,365622
"Macao SAR, China",MAC,SP.POP.TOTL,269300,269300
Madagascar,MDG,SP.POP.TOTL,9843044,9843044
Malawi,MWI,SP.POP.TOTL,7051709,7051709
Malaysia,MYS,SP.POP.TOTL,14285907,14285907
Maldives,MDV,SP.POP.TOTL,179128,179128
Mali,MLI,SP.POP.TOTL,8034400,8034400
Malta,MLT,SP.POP.TOTL,330524,330524
Marshall Islands,MHL,SP.POP.TOTL,34811,34811
Mauritania,MRT,SP.POP.TOTL,1606746,1606746
Mauritius,MUS,SP.POP.TOTL,1001691,1001691
Mexico,MEX,SP.POP.TOTL,71971240,71971240
"Micronesia, Fed. Sts.",FSM,SP.POP.TOTL,84680,84680
Middle East & North Africa,MEA,SP.POP.TOTL,204156168,204156168
Middle East & North Africa (excluding high income),MNA,SP.POP.TOTL,187576228,187576228
Middle East & North Africa (IDA & IBRD countries),TMN,SP.POP.TOTL,187576228,187576228
Middle income,MIC,SP.POP.TOTL,3297307864,3297307864
Moldova,MDA,SP.POP.TOTL,2791207,2791207
Monaco,MCO,SP.POP.TOTL,27960,27960
Mongolia,MNG,SP.POP.TOTL,1829092,1829092
Montenegro,MNE,SP.POP.TOTL,594506,594506
Morocco,MAR,SP.POP.TOTL,21060696,21060696
Mozambique,MOZ,SP.POP.TOTL,12073822,12073822
Myanmar,MMR,SP.POP.TOTL,35162715,35162715
Namibia,NAM,SP.POP.TOTL,1037511,1037511
Nauru,NRU,SP.POP.TOTL,8216,8216
Nepal,NPL,SP.POP.TOTL,16689119,16689119
Netherlands,NLD,SP.POP.TOTL,14367070,14367070
New Caledonia,NCL,SP.POP.TOTL,155003,155003
New Zealand,NZL,SP.POP.TOTL,3199300,3199300
Nicaragua,NIC,SP.POP.TOTL,3530282,3530282
Niger,NER,SP.POP.TOTL,6708644,6708644
Nigeria,NGA,SP.POP.TOTL,80438260,80438260
North America,NAC,SP.POP.TOTL,259213228,259213228
North Macedonia,MKD,SP.POP.TOTL,1991901,1991901
Northern Mariana Islands,MNP,SP.POP.TOTL,24936,24936
Norway,NOR,SP.POP.TOTL,4128432,4128432
OECD members,OED,SP.POP.TOTL,1046094679,1046094679
Oman,OMN,SP.POP.TOTL,1181459,1181459
Other small states,OSS,SP.POP.TOTL,8243752,8243752
Pacific island small states,PSS,SP.POP.TOTL,1555284,1555284
Pakistan,PAK,SP.POP.TOTL,92227711,92227711
Palau,PLW,SP.POP.TOTL,13006,13006
Panama,PAN,SP.POP.TOTL,2101106,2101106
Papua New Guinea,PNG,SP.POP.TOTL,3333633,3333633
Paraguay,PRY,SP.POP.TOTL,3318068,3318068
Peru,PER,SP.POP.TOTL,18705957,18705957
Philippines,PHL,SP.POP.TOTL,52194620,52194620
Poland,POL,SP.POP.TOTL,36571808,36571808
Portugal,PRT,SP.POP.TOTL,9957865,9957865
Post-demographic dividend,PST,SP.POP.TOTL,926768139,926768139
Pre-demographic dividend,PRE,SP.POP.TOTL,349226289,349226289
Puerto Rico,PRI,SP.POP.TOTL,3311138,3311138
Qatar,QAT,SP.POP.TOTL,329709,329709
Romania,ROU,SP.POP.TOTL,22560478,22560478
Russian Federation,RUS,SP.POP.TOTL,141668000,141668000
Rwanda,RWA,SP.POP.TOTL,5905311,5905311
Samoa,WSM,SP.POP.TOTL,166714,166714
San Marino,SMR,SP.POP.TOTL,22229,22229
Sao Tome and Principe,STP,SP.POP.TOTL,104380,104380
Saudi Arabia,SAU,SP.POP.TOTL,7252941,7252941
Senegal,SEN,SP.POP.TOTL,6324504,6324504
Serbia,SRB,SP.POP.TOTL,7788100,7788100
Seychelles,SYC,SP.POP.TOTL,64335,64335
Sierra Leone,SLE,SP.POP.TOTL,3481646,3481646
Singapore,SGP,SP.POP.TOTL,2681061,2681061
Sint Maarten (Dutch part),SXM,SP.POP.TOTL,16133,16133
Slovak Republic,SVK,SP.POP.TOTL,5091971,5091971
Slovenia,SVN,SP.POP.TOTL,1922321,1922321
Small states,SST,SP.POP.TOTL,12115123,12115123
Solomon Islands,SLB,SP.POP.TOTL,264068,264068
Somalia,SOM,SP.POP.TOTL,6198430,6198430
South Africa,ZAF,SP.POP.TOTL,32739304,32739304
South Asia,SAS,SP.POP.TOTL,968588030,968588030
South Asia (IDA & IBRD),TSA,SP.POP.TOTL,968588030,968588030
South Sudan,SSD,SP.POP.TOTL,4661574,4661574
Spain,ESP,SP.POP.TOTL,38171525,38171525
Sri Lanka,LKA,SP.POP.TOTL,15388794,15388794
St. Kitts and Nevis,KNA,SP.POP.TOTL,42334,42334
St. Lucia,LCA,SP.POP.TOTL,125044,125044
St. Martin (French part),MAF,SP.POP.TOTL,11485,11485
St. Vincent and the Grenadines,VCT,SP.POP.TOTL,106838,106838
Sub-Saharan Africa,SSF,SP.POP.TOTL,426899800,426899800
Sub-Saharan Africa (excluding high income),SSA,SP.POP.TOTL,426835465,426835465
Sub-Saharan Africa (IDA & IBRD countries),TSS,SP.POP.TOTL,426899800,426899800
Sudan,SDN,SP.POP.TOTL,19109770,19109770
Suriname,SUR,SP.POP.TOTL,378746,378746
Sweden,SWE,SP.POP.TOTL,8329033,8329033
Switzerland,CHE,SP.POP.TOTL,6418773,6418773
Syrian Arab Republic,SYR,SP.POP.TOTL,9904809,9904809
Tajikistan,TJK,SP.POP.TOTL,4350874,4350874
Tanzania,TZA,SP.POP.TOTL,21079874,21079874
Thailand,THA,SP.POP.TOTL,48423309,48423309
Timor-Leste,TLS,SP.POP.TOTL,677707,677707
Togo,TGO,SP.POP.TOTL,3222899,3222899
Tonga,TON,SP.POP.TOTL,97998,97998
Trinidad and Tobago,TTO,SP.POP.TOTL,1160534,1160534
Tunisia,TUN,SP.POP.TOTL,7053800,7053800
Turkiye,TUR,SP.POP.TOTL,48447410,48447410
Turkmenistan,TKM,SP.POP.TOTL,3067534,3067534
Turks and Caicos Islands,TCA,SP.POP.TOTL,8697,8697
Tuvalu,TUV,SP.POP.TOTL,7789,7789
Uganda,UGA,SP.POP.TOTL,14221881,14221881
Ukraine,UKR,SP.POP.TOTL,50637029,50637029
United Arab Emirates,ARE,SP.POP.TOTL,1235305,1235305
United Kingdom,GBR,SP.POP.TOTL,56332848,56332848
United States,USA,SP.POP.TOTL,233792000,233792000
Upper middle income,UMC,SP.POP.TOTL,1858552665,1858552665
Uruguay,URY,SP.POP.TOTL,2988778,2988778
Uzbekistan,UZB,SP.POP.TOTL,16908400,16908400
Vanuatu,VUT,SP.POP.TOTL,123998,123998
"Venezuela, RB",VEN,SP.POP.TOTL,16562205,16562205
Viet Nam,VNM,SP.POP.TOTL,56337921,56337921
Virgin Islands (U.S.),VIR,SP.POP.TOTL,100348,100348
World,WLD,SP.POP.TOTL,4682924030,4682924030
"Yemen, Rep.",YEM,SP.POP.TOTL,10621499,10621499
Zambia,ZMB,SP.POP.TOTL,6381038,6381038
Zimbabwe,ZWE,SP.POP.TOTL,8098404,8098404
Grand Total,,,48434154178,48434154178
