"```csv"
"Table_Name","Field_Name","Field_Description"
"ATHLETES","height_meters","Height in meters"
"ATHLETES","gym_id","ID of the gym they're affiliated to"
"ATHLETES","gym_country","Country of the gym"
"ATHLETES","weight_kgs","Weight in Kilograms"
"ATHLETES","gymName","Name of the gym"
"ATHLETES","stat","Status (ACT: active, CUT: cut, WD: withdrew)"
"ATHLETES","bib","Competitor number assigned for the games that year"
"ATHLETES","profilePicLink","Link to profile picture (add ""https://profilepicsbucket.crossfit.com/"" before the link)"
"ATHLETES","athlete_id","Athlete ID"
"ATHLETES","f_name","First name"
"ATHLETES","gndr","Gender"
"ATHLETES","yrs","Age"
"ATHLETES","l_name","Last name"
"ATHLETES","country","Country of origin"
"ATHLETES","athleteName","Full name"
"ATHLETES","overall_Rank","Rank for the division across all the workouts"
"ATHLETES","overallScore","Sum of points scored across all the workouts (used to determine rank)"
"ATHLETES","division_info","Division by gender and age group"
"ATHLETES","Number_of_Records","Unitary column"
"SCORES","workout_id","Workout ID for the division"
"SCORES","score_Breakdown","Points scored"
"SCORES","track","Lane assigned"
"SCORES","workout_Rank","Workout rank"
"SCORES","session","Group in which they performed the workout"
"SCORES","points_scored","Points scored"
"SCORES","score_Displayed","Result from the workout"
"SCORES","duration","Result from the workout"
"SCORES","workoutRank","Rank for the division in the workout"
"SCORES","athleteId","Athlete ID"
"SCORES","numberOfRecords","Unitary column"
"COUNTRIES","CountryName","Country name"
"COUNTRIES","population_size","Population"
"COUNTRIES","dataSource","Source the population was obtained from"
"```"
