type,state,seat,num_polls,num_polls_partisan,Cook rating
HouseRace,AK,District 1,4,0,Lean R
HouseRace,AL,District 1,0,0,Solid R
HouseRace,AL,District 2,0,0,Solid R
HouseRace,AL,District 3,0,0,Solid R
HouseRace,AL,District 4,0,0,Solid R
HouseRace,AL,District 5,0,0,Solid R
HouseRace,AL,District 6,0,0,Solid R
HouseRace,AL,District 7,0,0,Solid D
HouseRace,AR,District 1,0,0,Solid R
HouseRace,AR,District 2,6,4,Toss-Up
HouseRace,AR,District 3,0,0,Solid R
HouseRace,AR,District 4,0,0,Solid R
HouseRace,AZ,District 1,0,0,Lean D
HouseRace,AZ,District 2,0,0,Solid D
HouseRace,AZ,District 3,0,0,Solid D
HouseRace,AZ,District 4,0,0,Solid R
HouseRace,AZ,District 5,0,0,Solid R
HouseRace,AZ,District 6,5,4,Toss-Up
HouseRace,AZ,District 7,0,0,Solid D
HouseRace,AZ,District 8,0,0,Solid R
HouseRace,AZ,District 9,0,0,Solid D
HouseRace,CA,District 1,2,2,Solid R
HouseRace,CA,District 10,0,0,Likely D
HouseRace,CA,District 11,0,0,Solid D
HouseRace,CA,District 12,0,0,Solid D
HouseRace,CA,District 13,0,0,Solid D
HouseRace,CA,District 14,0,0,Solid D
HouseRace,CA,District 15,0,0,Solid D
HouseRace,CA,District 16,0,0,Solid D
HouseRace,CA,District 17,0,0,Solid D
HouseRace,CA,District 18,0,0,Solid D
HouseRace,CA,District 19,0,0,Solid D
HouseRace,CA,District 2,0,0,Solid D
HouseRace,CA,District 20,0,0,Solid D
HouseRace,CA,District 21,1,1,Toss-Up
HouseRace,CA,District 22,2,2,Likely R
HouseRace,CA,District 23,0,0,Solid R
HouseRace,CA,District 24,0,0,Solid D
HouseRace,CA,District 25,4,4,Toss-Up
HouseRace,CA,District 26,0,0,Solid D
HouseRace,CA,District 27,0,0,Solid D
HouseRace,CA,District 28,0,0,Solid D
HouseRace,CA,District 29,0,0,Solid D
HouseRace,CA,District 3,0,0,Solid D
HouseRace,CA,District 30,0,0,Solid D
HouseRace,CA,District 31,0,0,Solid D
HouseRace,CA,District 32,0,0,Solid D
HouseRace,CA,District 33,0,0,Solid D
HouseRace,CA,District 34,0,0,Solid D
HouseRace,CA,District 35,0,0,Solid D
HouseRace,CA,District 36,0,0,Solid D
HouseRace,CA,District 37,0,0,Solid D
HouseRace,CA,District 38,0,0,Solid D
HouseRace,CA,District 39,2,2,Likely D
HouseRace,CA,District 4,2,2,Likely R
HouseRace,CA,District 40,0,0,Solid D
HouseRace,CA,District 41,0,0,Solid D
HouseRace,CA,District 42,0,0,Solid R
HouseRace,CA,District 43,0,0,Solid D
HouseRace,CA,District 44,0,0,Solid D
HouseRace,CA,District 45,0,0,Solid D
HouseRace,CA,District 46,0,0,Solid D
HouseRace,CA,District 47,0,0,Solid D
HouseRace,CA,District 48,0,0,Lean D
HouseRace,CA,District 49,2,0,Solid D
HouseRace,CA,District 5,0,0,Solid D
HouseRace,CA,District 50,3,2,Lean R
HouseRace,CA,District 51,0,0,Solid D
HouseRace,CA,District 52,0,0,Solid D
HouseRace,CA,District 53,3,0,Solid D
HouseRace,CA,District 6,0,0,Solid D
HouseRace,CA,District 7,0,0,Solid D
HouseRace,CA,District 8,1,1,Solid R
HouseRace,CA,District 9,0,0,Solid D
HouseRace,CO,District 1,0,0,Solid D
HouseRace,CO,District 2,0,0,Solid D
HouseRace,CO,District 3,2,2,Lean R
HouseRace,CO,District 4,0,0,Solid R
HouseRace,CO,District 5,0,0,Solid R
HouseRace,CO,District 6,0,0,Solid D
HouseRace,CO,District 7,0,0,Solid D
HouseRace,CT,District 1,0,0,Solid D
HouseRace,CT,District 2,0,0,Solid D
HouseRace,CT,District 3,0,0,Solid D
HouseRace,CT,District 4,0,0,Solid D
HouseRace,CT,District 5,0,0,Solid D
HouseRace,DE,District 1,1,0,Solid D
HouseRace,FL,District 1,0,0,Solid R
HouseRace,FL,District 10,0,0,Solid D
HouseRace,FL,District 11,0,0,Solid R
HouseRace,FL,District 12,0,0,Solid R
HouseRace,FL,District 13,1,0,Solid D
HouseRace,FL,District 14,0,0,Solid D
HouseRace,FL,District 15,3,2,Lean R
HouseRace,FL,District 16,6,6,Likely R
HouseRace,FL,District 17,0,0,Solid R
HouseRace,FL,District 18,2,1,Likely R
HouseRace,FL,District 19,0,0,Solid R
HouseRace,FL,District 2,0,0,Solid R
HouseRace,FL,District 20,0,0,Solid D
HouseRace,FL,District 21,1,0,Solid D
HouseRace,FL,District 22,0,0,Solid D
HouseRace,FL,District 23,0,0,Solid D
HouseRace,FL,District 24,0,0,Solid D
HouseRace,FL,District 25,0,0,Solid R
HouseRace,FL,District 26,1,1,Lean D
HouseRace,FL,District 27,2,2,Likely D
HouseRace,FL,District 3,0,0,Solid R
HouseRace,FL,District 4,2,0,Solid R
HouseRace,FL,District 5,0,0,Solid D
HouseRace,FL,District 6,0,0,Solid R
HouseRace,FL,District 7,0,0,Solid D
HouseRace,FL,District 8,0,0,Solid R
HouseRace,FL,District 9,0,0,Solid D
HouseRace,GA,District 1,0,0,Solid R
HouseRace,GA,District 10,0,0,Solid R
HouseRace,GA,District 11,0,0,Solid R
HouseRace,GA,District 12,0,0,Solid R
HouseRace,GA,District 13,0,0,Solid D
HouseRace,GA,District 14,0,0,Solid R
HouseRace,GA,District 2,0,0,Solid D
HouseRace,GA,District 3,0,0,Solid R
HouseRace,GA,District 4,0,0,Solid D
HouseRace,GA,District 5,0,0,Solid D
HouseRace,GA,District 6,2,2,Likely D
HouseRace,GA,District 7,1,1,Lean D
HouseRace,GA,District 8,0,0,Solid R
HouseRace,GA,District 9,0,0,Solid R
HouseRace,HI,District 1,0,0,Solid D
HouseRace,HI,District 2,0,0,Solid D
HouseRace,IA,District 1,2,1,Toss-Up
HouseRace,IA,District 2,2,1,Toss-Up
HouseRace,IA,District 3,2,1,Lean D
HouseRace,IA,District 4,3,2,Solid R
HouseRace,ID,District 1,0,0,Solid R
HouseRace,ID,District 2,0,0,Solid R
HouseRace,IL,District 1,0,0,Solid D
HouseRace,IL,District 10,0,0,Solid D
HouseRace,IL,District 11,0,0,Solid D
HouseRace,IL,District 12,0,0,Solid R
HouseRace,IL,District 13,3,2,Toss-Up
HouseRace,IL,District 14,0,0,Likely D
HouseRace,IL,District 15,0,0,Solid R
HouseRace,IL,District 16,0,0,Solid R
HouseRace,IL,District 17,2,2,Lean D
HouseRace,IL,District 18,0,0,Solid R
HouseRace,IL,District 2,0,0,Solid D
HouseRace,IL,District 3,1,1,Solid D
HouseRace,IL,District 4,0,0,Solid D
HouseRace,IL,District 5,0,0,Solid D
HouseRace,IL,District 6,0,0,Solid D
HouseRace,IL,District 7,0,0,Solid D
HouseRace,IL,District 8,0,0,Solid D
HouseRace,IL,District 9,0,0,Solid D
HouseRace,IN,District 1,0,0,Solid D
HouseRace,IN,District 2,0,0,Solid R
HouseRace,IN,District 3,0,0,Solid R
HouseRace,IN,District 4,0,0,Solid R
HouseRace,IN,District 5,4,4,Toss-Up
HouseRace,IN,District 6,0,0,Solid R
HouseRace,IN,District 7,0,0,Solid D
HouseRace,IN,District 8,0,0,Solid R
HouseRace,IN,District 9,0,0,Solid R
HouseRace,KS,District 1,1,0,Solid R
HouseRace,KS,District 2,3,2,Likely R
HouseRace,KS,District 3,1,0,Solid D
HouseRace,KS,District 4,1,0,Solid R
HouseRace,KY,District 1,0,0,Solid R
HouseRace,KY,District 2,0,0,Solid R
HouseRace,KY,District 3,0,0,Solid D
HouseRace,KY,District 4,0,0,Solid R
HouseRace,KY,District 5,0,0,Solid R
HouseRace,KY,District 6,1,0,Likely R
HouseRace,LA,District 1,0,0,Solid R
HouseRace,LA,District 2,0,0,Solid D
HouseRace,LA,District 3,0,0,Solid R
HouseRace,LA,District 4,0,0,Solid R
HouseRace,LA,District 5,0,0,Solid R
HouseRace,LA,District 6,0,0,Solid R
HouseRace,MA,District 1,0,0,Solid D
HouseRace,MA,District 2,0,0,Solid D
HouseRace,MA,District 3,0,0,Solid D
HouseRace,MA,District 4,0,0,Solid D
HouseRace,MA,District 5,0,0,Solid D
HouseRace,MA,District 6,0,0,Solid D
HouseRace,MA,District 7,0,0,Solid D
HouseRace,MA,District 8,0,0,Solid D
HouseRace,MA,District 9,0,0,Solid D
HouseRace,MD,District 1,0,0,Solid R
HouseRace,MD,District 2,0,0,Solid D
HouseRace,MD,District 3,0,0,Solid D
HouseRace,MD,District 4,0,0,Solid D
HouseRace,MD,District 5,0,0,Solid D
HouseRace,MD,District 6,0,0,Solid D
HouseRace,MD,District 7,0,0,Solid D
HouseRace,MD,District 8,0,0,Solid D
HouseRace,ME,District 1,3,0,Solid D
HouseRace,ME,District 2,8,1,Likely D
HouseRace,MI,District 1,0,0,Solid R
HouseRace,MI,District 10,0,0,Solid R
HouseRace,MI,District 11,0,0,Lean D
HouseRace,MI,District 12,0,0,Solid D
HouseRace,MI,District 13,0,0,Solid D
HouseRace,MI,District 14,0,0,Solid D
HouseRace,MI,District 2,1,1,Solid R
HouseRace,MI,District 3,7,5,Toss-Up
HouseRace,MI,District 4,0,0,Solid R
HouseRace,MI,District 5,0,0,Solid D
HouseRace,MI,District 6,3,2,Lean R
HouseRace,MI,District 7,0,0,Solid R
HouseRace,MI,District 8,0,0,Lean D
HouseRace,MI,District 9,0,0,Solid D
HouseRace,MN,District 1,4,3,Toss-Up
HouseRace,MN,District 2,2,2,Likely D
HouseRace,MN,District 3,0,0,Solid D
HouseRace,MN,District 4,0,0,Solid D
HouseRace,MN,District 5,0,0,Solid D
HouseRace,MN,District 6,0,0,Solid R
HouseRace,MN,District 7,1,1,Toss-Up
HouseRace,MN,District 8,0,0,Solid R
HouseRace,MO,District 1,0,0,Solid D
HouseRace,MO,District 2,2,2,Toss-Up
HouseRace,MO,District 3,0,0,Solid R
HouseRace,MO,District 4,0,0,Solid R
HouseRace,MO,District 5,0,0,Solid D
HouseRace,MO,District 6,0,0,Solid R
HouseRace,MO,District 7,0,0,Solid R
HouseRace,MO,District 8,0,0,Solid R
HouseRace,MS,District 1,0,0,Solid R
HouseRace,MS,District 2,0,0,Solid D
HouseRace,MS,District 3,0,0,Solid R
HouseRace,MS,District 4,0,0,Solid R
HouseRace,MT,District 1,9,4,Lean R
HouseRace,NC,District 1,0,0,Solid D
HouseRace,NC,District 10,0,0,Solid R
HouseRace,NC,District 11,4,4,Lean R
HouseRace,NC,District 12,0,0,Solid D
HouseRace,NC,District 13,0,0,Solid R
HouseRace,NC,District 2,0,0,Likely D
HouseRace,NC,District 3,0,0,Solid R
HouseRace,NC,District 4,0,0,Solid D
HouseRace,NC,District 5,0,0,Solid R
HouseRace,NC,District 6,0,0,Likely D
HouseRace,NC,District 7,0,0,Solid R
HouseRace,NC,District 8,3,3,Lean R
HouseRace,NC,District 9,1,1,Lean R
HouseRace,ND,District 1,0,0,Solid R
HouseRace,NE,District 1,0,0,Solid R
HouseRace,NE,District 2,6,5,Toss-Up
HouseRace,NE,District 3,0,0,Solid R
HouseRace,NH,District 1,4,0,Likely D
HouseRace,NH,District 2,4,0,Solid D
HouseRace,NJ,District 1,0,0,Solid D
HouseRace,NJ,District 10,0,0,Solid D
HouseRace,NJ,District 11,0,0,Solid D
HouseRace,NJ,District 12,0,0,Solid D
HouseRace,NJ,District 2,7,5,Toss-Up
HouseRace,NJ,District 3,1,1,Likely D
HouseRace,NJ,District 4,0,0,Solid R
HouseRace,NJ,District 5,0,0,Solid D
HouseRace,NJ,District 6,0,0,Solid D
HouseRace,NJ,District 7,0,0,Lean D
HouseRace,NJ,District 8,0,0,Solid D
HouseRace,NJ,District 9,0,0,Solid D
HouseRace,NM,District 1,1,0,Solid D
HouseRace,NM,District 2,3,2,Toss-Up
HouseRace,NM,District 3,1,0,Solid D
HouseRace,NV,District 1,0,0,Solid D
HouseRace,NV,District 2,0,0,Solid R
HouseRace,NV,District 3,0,0,Lean D
HouseRace,NV,District 4,0,0,Likely D
HouseRace,NY,District 1,4,4,Lean R
HouseRace,NY,District 10,0,0,Solid D
HouseRace,NY,District 11,0,0,Toss-Up
HouseRace,NY,District 12,0,0,Solid D
HouseRace,NY,District 13,0,0,Solid D
HouseRace,NY,District 14,0,0,Solid D
HouseRace,NY,District 15,0,0,Solid D
HouseRace,NY,District 16,0,0,Solid D
HouseRace,NY,District 17,0,0,Solid D
HouseRace,NY,District 18,1,1,Solid D
HouseRace,NY,District 19,0,0,Likely D
HouseRace,NY,District 2,0,0,Toss-Up
HouseRace,NY,District 20,0,0,Solid D
HouseRace,NY,District 21,0,0,Solid R
HouseRace,NY,District 22,1,0,Toss-Up
HouseRace,NY,District 23,2,2,Solid R
HouseRace,NY,District 24,8,6,Toss-Up
HouseRace,NY,District 25,0,0,Solid D
HouseRace,NY,District 26,0,0,Solid D
HouseRace,NY,District 27,0,0,Solid R
HouseRace,NY,District 3,1,1,Solid D
HouseRace,NY,District 4,0,0,Solid D
HouseRace,NY,District 5,0,0,Solid D
HouseRace,NY,District 6,0,0,Solid D
HouseRace,NY,District 7,0,0,Solid D
HouseRace,NY,District 8,0,0,Solid D
HouseRace,NY,District 9,0,0,Solid D
HouseRace,OH,District 1,3,3,Toss-Up
HouseRace,OH,District 10,2,2,Likely R
HouseRace,OH,District 11,0,0,Solid D
HouseRace,OH,District 12,1,1,Likely R
HouseRace,OH,District 13,0,0,Solid D
HouseRace,OH,District 14,0,0,Solid R
HouseRace,OH,District 15,0,0,Solid R
HouseRace,OH,District 16,0,0,Solid R
HouseRace,OH,District 2,0,0,Solid R
HouseRace,OH,District 3,0,0,Solid D
HouseRace,OH,District 4,0,0,Solid R
HouseRace,OH,District 5,0,0,Solid R
HouseRace,OH,District 6,0,0,Solid R
HouseRace,OH,District 7,0,0,Solid R
HouseRace,OH,District 8,0,0,Solid R
HouseRace,OH,District 9,0,0,Solid D
HouseRace,OK,District 1,0,0,Solid R
HouseRace,OK,District 2,0,0,Solid R
HouseRace,OK,District 3,0,0,Solid R
HouseRace,OK,District 4,0,0,Solid R
HouseRace,OK,District 5,4,2,Toss-Up
HouseRace,OR,District 1,0,0,Solid D
HouseRace,OR,District 2,0,0,Solid R
HouseRace,OR,District 3,0,0,Solid D
HouseRace,OR,District 4,0,0,Lean D
HouseRace,OR,District 5,0,0,Solid D
HouseRace,PA,District 1,8,8,Lean R
HouseRace,PA,District 10,7,6,Toss-Up
HouseRace,PA,District 11,0,0,Solid R
HouseRace,PA,District 12,0,0,Solid R
HouseRace,PA,District 13,0,0,Solid R
HouseRace,PA,District 14,0,0,Solid R
HouseRace,PA,District 15,0,0,Solid R
HouseRace,PA,District 16,1,1,Likely R
HouseRace,PA,District 17,2,2,Likely D
HouseRace,PA,District 18,0,0,Solid D
HouseRace,PA,District 2,0,0,Solid D
HouseRace,PA,District 3,0,0,Solid D
HouseRace,PA,District 4,0,0,Solid D
HouseRace,PA,District 5,0,0,Solid D
HouseRace,PA,District 6,0,0,Solid D
HouseRace,PA,District 7,3,0,Likely D
HouseRace,PA,District 8,2,2,Lean D
HouseRace,PA,District 9,0,0,Solid R
HouseRace,RI,District 1,0,0,Solid D
HouseRace,RI,District 2,0,0,Solid D
HouseRace,SC,District 1,3,2,Lean D
HouseRace,SC,District 2,0,0,Solid R
HouseRace,SC,District 3,0,0,Solid R
HouseRace,SC,District 4,0,0,Solid R
HouseRace,SC,District 5,0,0,Solid R
HouseRace,SC,District 6,0,0,Solid D
HouseRace,SC,District 7,0,0,Solid R
HouseRace,SD,District 1,0,0,Solid R
HouseRace,TN,District 1,0,0,Solid R
HouseRace,TN,District 2,0,0,Solid R
HouseRace,TN,District 3,0,0,Solid R
HouseRace,TN,District 4,0,0,Solid R
HouseRace,TN,District 5,0,0,Solid D
HouseRace,TN,District 6,0,0,Solid R
HouseRace,TN,District 7,0,0,Solid R
HouseRace,TN,District 8,0,0,Solid R
HouseRace,TN,District 9,0,0,Solid D
HouseRace,TX,District 1,0,0,Solid R
HouseRace,TX,District 10,3,2,Toss-Up
HouseRace,TX,District 11,0,0,Solid R
HouseRace,TX,District 12,0,0,Solid R
HouseRace,TX,District 13,0,0,Solid R
HouseRace,TX,District 14,0,0,Solid R
HouseRace,TX,District 15,0,0,Solid D
HouseRace,TX,District 16,0,0,Solid D
HouseRace,TX,District 17,1,1,Solid R
HouseRace,TX,District 18,0,0,Solid D
HouseRace,TX,District 19,0,0,Solid R
HouseRace,TX,District 2,0,0,Likely R
HouseRace,TX,District 20,0,0,Solid D
HouseRace,TX,District 21,4,4,Toss-Up
HouseRace,TX,District 22,5,4,Toss-Up
HouseRace,TX,District 23,3,2,Lean D
HouseRace,TX,District 24,3,2,Lean D
HouseRace,TX,District 25,3,3,Likely R
HouseRace,TX,District 26,0,0,Solid R
HouseRace,TX,District 27,0,0,Solid R
HouseRace,TX,District 28,0,0,Solid D
HouseRace,TX,District 29,0,0,Solid D
HouseRace,TX,District 3,3,3,Lean R
HouseRace,TX,District 30,0,0,Solid D
HouseRace,TX,District 31,1,1,Lean R
HouseRace,TX,District 32,0,0,Likely D
HouseRace,TX,District 33,0,0,Solid D
HouseRace,TX,District 34,0,0,Solid D
HouseRace,TX,District 35,0,0,Solid D
HouseRace,TX,District 36,0,0,Solid R
HouseRace,TX,District 4,0,0,Solid R
HouseRace,TX,District 5,0,0,Solid R
HouseRace,TX,District 6,2,2,Likely R
HouseRace,TX,District 7,1,1,Likely D
HouseRace,TX,District 8,0,0,Solid R
HouseRace,TX,District 9,0,0,Solid D
HouseRace,UT,District 1,1,0,Solid R
HouseRace,UT,District 2,1,0,Solid R
HouseRace,UT,District 3,1,0,Solid R
HouseRace,UT,District 4,5,1,Toss-Up
HouseRace,VA,District 1,0,0,Solid R
HouseRace,VA,District 10,1,1,Solid D
HouseRace,VA,District 11,0,0,Solid D
HouseRace,VA,District 2,2,1,Lean D
HouseRace,VA,District 3,0,0,Solid D
HouseRace,VA,District 4,0,0,Solid D
HouseRace,VA,District 5,6,6,Toss-Up
HouseRace,VA,District 6,0,0,Solid R
HouseRace,VA,District 7,0,0,Lean D
HouseRace,VA,District 8,0,0,Solid D
HouseRace,VA,District 9,0,0,Solid R
HouseRace,VT,District 1,1,0,Solid D
HouseRace,WA,District 1,0,0,Solid D
HouseRace,WA,District 10,1,1,Solid D
HouseRace,WA,District 2,0,0,Solid D
HouseRace,WA,District 3,2,1,Lean R
HouseRace,WA,District 4,0,0,Solid R
HouseRace,WA,District 5,0,0,Solid R
HouseRace,WA,District 6,0,0,Solid D
HouseRace,WA,District 7,0,0,Solid D
HouseRace,WA,District 8,0,0,Likely D
HouseRace,WA,District 9,0,0,Solid D
HouseRace,WI,District 1,1,1,Solid R
HouseRace,WI,District 2,0,0,Solid D
HouseRace,WI,District 3,0,0,Lean D
HouseRace,WI,District 4,0,0,Solid D
HouseRace,WI,District 5,0,0,Solid R
HouseRace,WI,District 6,0,0,Solid R
HouseRace,WI,District 7,0,0,Solid R
HouseRace,WI,District 8,0,0,Solid R
HouseRace,WV,District 1,0,0,Solid R
HouseRace,WV,District 2,0,0,Solid R
HouseRace,WV,District 3,0,0,Solid R
HouseRace,WY,District 1,0,0,Solid R
SenateRace,AK,Class II,9,4,Lean R
SenateRace,AL,Class II,10,5,Lean R
SenateRace,AR,Class II,2,1,Solid R
SenateRace,CO,Class II,15,4,Lean D
SenateRace,DE,Class II,1,0,Solid D
SenateRace,GA,Class II,40,19,Toss-Up
SenateRace,IA,Class II,23,12,Toss-Up
SenateRace,ID,Class II,1,0,Solid R
SenateRace,IL,Class II,0,0,Solid D
SenateRace,KS,Class II,9,7,Lean R
SenateRace,KY,Class II,11,4,Likely R
SenateRace,LA,Class II,1,1,Solid R
SenateRace,MA,Class II,1,1,Solid D
SenateRace,ME,Class II,20,6,Toss-Up
SenateRace,MI,Class II,69,23,Lean D
SenateRace,MN,Class II,13,3,Solid D
SenateRace,MS,Class II,4,2,Likely R
SenateRace,MT,Class II,12,3,Toss-Up
SenateRace,NC,Class II,75,12,Toss-Up
SenateRace,NE,Class II,0,0,Solid R
SenateRace,NH,Class II,11,0,Solid D
SenateRace,NJ,Class II,2,0,Solid D
SenateRace,NM,Class II,4,1,Solid D
SenateRace,OK,Class II,3,1,Solid R
SenateRace,OR,Class II,1,1,Solid D
SenateRace,RI,Class II,0,0,Solid D
SenateRace,SC,Class II,20,10,Toss-Up
SenateRace,SD,Class II,0,0,Solid R
SenateRace,TN,Class II,0,0,Solid R
SenateRace,TX,Class II,27,7,Lean R
SenateRace,VA,Class II,7,3,Solid D
SenateRace,WV,Class II,1,0,Solid R
SenateRace,WY,Class II,0,0,Solid R
SenateRace,AZ,Class III,68,16,Lean D
SenateRace,GA,Class III,31,17,Toss-Up
SenateRace,GA,Class III,6,5,Toss-Up