"```csv"
"Event Title","Region","Incident Time","Affected Zone","Event Category","Impact (MW)","Customer Outages","Restoration ETA"
"Major Disturbances and Unusual Occurrences","Unidentified","","","","","",""
"Event Date","System Operator","Clock Time","Area of Impact","Disturbance Type","Megawatt Loss","Customers Affected","Recovery"
"January","Unknown","","","","","","",""
"1/14/2006","R.F.C.","15:45","Chester, Montgomery, Delaware, Philadelphia and Bucks Counties, PA","High Winds","--","142,315","5:30 p.m. Jan 16"
"1/18/2006","N.P.C.C.","3:16PM","Southern & Central ME","Severe Storm","75","63,000","6:34 p.m. 1/18"
"February","Unknown","","","","","","",""
"2/4/2006","W.E.C.C.","01:34","Snohomish County, WA","Strong Winds","150","123827","12:01 a.m. Feb 06"
"2/4/2006","W.E.C.C.","4:30 a.m.","Western Washington","Severe Windstorm","--","140,000","08:00 a.m. Feb 08"
"2/11/2006","R.F.C.","9:00 PM","Baltimore Metro & Central MD","Major Snow Storm","500","180000","11:00 p.m. Feb 14"
"2/12/2006","R.F.C.","12:06 AM","Washington DC, Montgomery and Prince Georges Counties MD","Major Snow Storm","300","60,000","5:44 p.m. Feb 14"
"2/12/2006","R.F.C.","2:00AM","Entire Atlantic City Electric territory Southern New Jersey","Winter Snow/Ice Storm","80","130000","4:00 p.m. 2/14"
"2/12/2006","RFC","02:00","Entire Delmarva Power service territory","Winter Snow/Ice Storm","50","58000","7:00 a.m. Feb 13"
"2/12/2006","R.F.C.","5:55 am","Northern/Northwestern VA","Severe Snow Storm","250","126000","2:00 p.m. 2/12"
"2/16/2006","R.F.C.","12:00 PM","Muskegon, MI easterly to Bay City, Michigan","Severe Thunderstorm/ Snow/Ice Storm","100","252,089","11:00 p.m. Feb 20"
"2/16/2006","M.R.O.","Ongoing","North Dakota","Fuel Supply - Deficiency Coal Rail Transportation Interruption","1650","0","Ongoing"
"2/17/2006","N.P.C.C.","04:32","Upstate NY","Severe Weather","250","200000","12:00 p.m. Feb 17"
"2/18/2006","W.E.C.C.","08:50","Colorado","Inadequate Electric Resources to Serve Load","428","-","4:09 p.m. Feb 18"
"2/27/2006","W.E.C.C.","18:25","Northern & Central CA","Severe Winter Storm","-","160000","2:30 p.m. Mar 01"
"March","Unknown","","","","","","",""
"3/9/2006","S.E.R.C.","2:00 pm","Arkansas, Mississippi, Louisiana, Southeast Texas","Severe Weather","","73,000","10:00 p.m. Mar 09"
"3/12/2006","R.F.C.","20:30","Springfield, Illinois and vicinity","Severe Weather","200","65,400","12:00 p.m. Mar 14"
"April","Unknown","","","","","","",""
"4/2/2006","R.F.C.","9:00 pm","Southern half of Indiana","Major Storms/Tornadoes","1000","186000","4:25 a.m. Apr 05"
"4/7/2006","P.R.","8:43 am","Island of Puerto Rico","Voltage Reduction/Load Shed","116","54700","9:29 a.m. Apr 07"
"4/8/2006","S.E.R.C.","04:00","North and Central Alabama and Northern Georgia areas","Severe Weather/ Tornadoes","300","115,589","11:00 a.m. Apr 08"
"4/17/2006","E.R.C.O.T.","15:25","ERCOT Region of Texas","Load Shed/Declared EECP","1000","200000","7:30 p.m. Apr 17"
"4/17/2006","E.R.C.O.T.","4:10 p.m.","System-wide greater Houston metro area (and across ERCOT)","Load Shed/Made Public Appeals/Rolling Blackouts","260","68000","6:11 p.m. Apr 17"
"4/17/2006","Ercot","4:11 PM","North and East TX","Load Shed/ Declared EECP","380","489,478","7:20 p.m. 4/17"
"4/17/2006","E.R.C.O.T.","16:20","State of Texas (all of Austin Energy)","Load Shed/Made Public Appeals/Rolling Blackouts","37- 40","8,000 -10,000","6:30 p.m. Apr 17"
"4/17/2006","E.R.C.O.T.","16:35","AEP Texas Central/Texas North","Load Shed/Declared EECP","108","51404","6:10 p.m. 4/17"
"4/21/2006","E.R.C.O.T.","07:00","System-wide greater Houston metro area","Severe Weather","219","82000","10:00 a.m. Apr 21"
"4/29/2006","P.R.","14:55","Island of Puerto Rico","Lightning Storm","237","164,105","3:45 p.m. Apr 29"
"Major Disturbances and Unusual Occurrences+A55","Unidentified","","","","","","",""
"Event Date","System Operator","Clock Time","Area of Impact","Disturbance Type","Megawatt Loss","Customers Affected","Recovery"
"May","Unknown","","","","","","",""
"5/3/2006","W.E.C.C.","15:30","City of Bakersfield area","Transmission Equipment Failure/Fire","300","55,655","9:35 p.m. May 03"
"5/4/2006","P.R.","14:12","Island of Puerto Rico","Load Shed","140","94,639","2:45 p.m. May 04"
"5/19/2006","W.E.C.C.","15:13","San Francisco Bay area, California","Lightning Strike","133","-","10:30 p.m. May 19"
"5/25/2006","R.F.C.","19:50","Southwest Ohio, Northern Kentucky, Central Indiana","Severe Weather","800","210000","9:00 a.m. May 27"
"June","Unknown","","","","","","",""
"6/1/2006","H.E.C.O.","14:12","Island of Oahu","Load Shed","120","29,300","6:09 p.m. Jun 01"
"6/1/2006","R.F.C.","18:00","Chester, Montgomery, Delaware, Philadelphia and Bucks Counties, Pennsylvania","Severe Weather","","111,555","9:00 a.m. June 03"
"6/1/2006","R.F.C.","6:30 p.m.","Central Maryland","Severe Thunderstorms","335","70000","2:00 p.m. Jun 03"
"6/11/2006","S.E.R.C.","18:00","Charlotte, North Carolina Metropolitan area","Severe Thunderstorm","70","72,000","9:00 p.m. Jun 11"
"6/22/2006","R.F.C.","14:00","Ohio and Indiana","Severe Thunderstorms","750","195000","11:00 p.m. Jun 27"
"July","Unknown","","","","","","",""
"7/2/2006","RFC","18:39","Northern Virginia","Severe Thunderstorms","300","75000","12:31 a.m. Jul 03"
"7/4/2006","S.E.R.C.","17:30","Northern Virginia","Severe Thunderstorms","335","67,000","8:18 p.m. Jul 04"
"7/16/2006","R.F.C.","14:00","Middle 1/3 of Michigan Lower Peninsula","Severe Lightning Storms","150","315,000","12:00 a.m. Jul 21"
"7/17/2006","N.P.C.C.","18:50","Northwest Queens, New York City","Severe Weather/Public Appeals Made/Voltage Reduction","","25,000","3:06 a.m. Jul 25"
"7/17/2006","R.F.C.","21:00","Northern Counties of Illinois","Severe Lightning Storms","","170,519","9:00 a.m. Jul 18"
"7/18/2006","R.F.C.","18:36","Chester, Montgomery, Delaware, Philadelphia and Bucks Counties, Pennsylvania","Severe Lightning Storms","","492,955","11:59 p.m. Jul 23"
"7/18/2006","N.P.C.C.","20:07","Norwalk, Stamford, Connecticut","Lightning Storms/Tripped Lines","0","0","10:32 p.m. Jul 18"
"7/19/2006","S.E.R.C.","11:00","Greater Little Rock, Arkansas","Load Reduction/Public Appeals Made","40","8000","5:54 p.m. Jul 19"
"7/19/2006","M.R.O.","18:00","Greater St. Louis Metropolitan area (Missouri and Illinois)","Severe Storms (3) (Many customers experienced multiple outages.)","1500","700,000 (peak)  2,500,000 (actual)","8:00 a.m. Jul 31"
"7/22/2006","W.E.C.C.","13:09","California","Widespread Heat Wave/Public Appeals Made","200","1271893","4:00 p.m. 7/27"
"7/24/2006","W.E.C.C.","14:33","California","Widespread Heat Wave/CAISO Implementation of Stage 2 Electrical Emergency Plan","414","Interruptible Tarriff 1-6 customers","5:33 p.m. Jul 24"
"7/24/2006","W.E.C.C.","14:33","California","Widespread Heat Wave/CAISO  Implementation of Stage 2 Electrical Emergency Plan","695","","5:33 p.m. Jul 24"
"7/27/2006","R.F.C.","18:38","Chester, Montgomery, Delaware, Philadelphia and Bucks Counties, Pennsylvania","Severe Thunderstorms","","167564","9:36 p.m. Jul 29"
"Major Disturbances and Unusual Occurrences","Unidentified","","","","","","",""
"Event Date","System Operator","Clock Time","Area of Impact","Disturbance Type","Megawatt Loss","Customers Affected","Recovery"
"August","Unknown","","","","","","",""
"8/1/2006","R.F.C.","12:00 PM","Northern Ohio","Made Public Appeals/Heat Wave","","","7:00 p.m. Aug 01"
"8/1/2006","R.F.C.","13:00","Ohio, Indiana, Kentucky","Made Public Appeals","90","","8:30 p.m. Aug 01"
"8/2/2006","M.R.O.","12:00PM","Midwest ISO's Market Sub-regions:  AMRN, CIN, CILC, CWLD, CWLP, FE, HE, IP, IPL, LGEE, MECS, NIPS, SIGE, SIPC","Declared Energy Emergency Alert 2/Heat Wave","","","4:45 p.m. Aug 02"
"8/2/2006","N.P.C.C.","13:00","New England","System Wide Voltage Reduction","","","4:35 p.m. Aug 02"
"8/2/2006","N.P.C.C.","19:00","New England","Severe Thunderstorms","100-140","77,000","1:00 a.m. Aug 03"
"8/3/2006","P.R.","14:16","Island of Puerto Rico","Shed Firm Load","369","227480","2:46 p.m. Aug 03"
"8/7/2006","RFC","13:00","Tulsa, Oklahoma","Made Public Appeals","75","Major Industrial Customer Load Reduction","6:00 p.m. Aug 07"
"8/10/2006","W.E.C.C.","20:00","Southwest Idaho and Eastern Oregon","Severe Thunderstorm","80 to 100","65000","12:00 p.m. Aug 12"
"8/24/2006","P.R.","21:58","Island of Puerto Rico","Shed Firm Load/Reduced Voltage","180","106000","11:25 p.m. 8/24"
"September","Unknown","","","","","","",""
"9/1/2006","S.E.R.C.","05:30","Eastern North Carolina","Tropical Storm Ernesto","","61,000","10:00 a.m. Sep 01"
"9/1/2006","S.E.R.C.","06:41","Virginia and North Carolina","Tropical Storm Ernesto","500","333000","3:25 p.m. Sep 03"
"9/1/2006","R.F.C.","10:00 a.m.","Southern Delmarva Peninsula","Tropical Storm Ernesto","380","105,000","2:00 p.m. Sep 04"
"9/1/2006","R.F.C.","15:00","Chester, Montgomery, Delaware, Philadelphia and Bucks Counties, Pennsylvania","Tropical Storm Ernesto","","146,094","11:00 p.m. 9/04"
"9/1/2006","R.F.C.","20:00","Southern New Jersey Counties","Tropical Storm Ernesto","400","100000","5:00 p.m. Sep 04"
"9/14/2006","P.R.","08:56","Island of Puerto Rico","Shed Firm Load/ Reduced Voltage","59","34716","9:08 a.m. Sep 14"
"9/28/2006","S.E.R.C.","20:08","North, Central and Eastern Virginia and Northern North Carolina","Severe Thunderstorms","84","56500","10:10 p.m. 9/28"
"October","Unknown","","","","","","",""
"10/2/2006","R.F.C.","14:00","Chicago Metro, Northeast Illinois","Severe Thunderstorms","","471,932","6:00 p.m. Oct 03"
"10/2/2006","W.E.C.C.","15:05","Newhall, San Frenando, Saugus, and Santa Clarita, California","Shed Firm Load","308","130000","8:39 p.m. Oct 02"
"10/3/2006","E.R.C.O.T.","17:28","Grimes, Robertson, Fort Bend, Brazos, Burleson and Walker Counties","Shed Firm Load","339","","9:59 p.m. Oct 03"
"10/12/2006","N.P.C.C.","17:48","Western New York State","Snow Storm","600","250000","12:00 a.m. Oct 23"
"10/12/2006","N.P.C.C.","20:00","Western New York State","Snow Storm","353","120000","11:00 p.m. Oct 21"
"10/15/2006","M.E.C.O.","07:09","Island of Maui","Earthquakes","110","59,886","4:12 p.m. 10/15"
"10/15/2006","H.E.C.O.","7:09 a.m.","Island of Oahu","Earthquakes","1170","291000","2:55 p.m. Oct 16"
"10/20/2006","R.F.C.","13:00","Chester, Montgomery, Delaware, Philadelphia and Bucks Counties, Pennsylvania","High Winds","","90,000","5:00 p.m. Oct 22"
"10/26/2006","M.R.0.","05:30","Metro Denver and Boulder, Colorado","Wet Snow/Winds","","65000","5:10 p.m. Oct 27"
"November","Unknown","","","","","","",""
"11/15/2006","E.R.C.O.T.","10:00","System-wide greater Houston area","High Winds","221","83,000","8:00 p.m. Nov 15"
"11/15/2006","W.E.C.C.","13:00","Whatcom and Skagit Counties, Washington","High Winds","50","50000","2:35 a.m. Nov 19"
"Major Disturbances and Unusual Occurrences","Unidentified","","","","","","",""
"Event Date","System Operator","Clock Time","Area of Impact","Disturbance Type","Megawatt Loss","Customers Affected [1]","Recovery"
"11/15/2006","S.E.R.C.","3:00 PM","Georgia","Severe Weather","363","109000","5:00 p.m. 11/15"
"11/26/2006","W.E.C.C.","13:00","Snohomish County, Washington","Wind/Snow Storm","180","63,992","6:00 p.m. Dec 02"
"11/30/2006","M.R.O.","21:00","Missouri and Illinois","Ice Storm","","550000","6:00 p.m. Dec 09"
"December","Unknown","","","","","","",""
"12/1/2006","R.F.C.","18:20","Ohio","Wind Storm","","59,106","6:00 a.m. Dec 02"
"12/10/2006","W.E.C.C.","19:35","San Francisco Bay area, California","Unit Tripped","220","","10:14 p.m. Dec 10"
"12/13/2006","W.E.C.C.","04:30","Western Washington","Wind Storm","","700000","11:59 p.m. Dec 28"
"12/14/2006","W.E.C.C.","00:01","City of Seattle, Washington","Wind Storm","750","175000","8:00 a.m. Dec 15"
"12/14/2006","W.E.C.C.","05:30","Snohomish County, Washington","Wind Storm","360","172060","10:00 p.m. Dec 20"
"12/14/2006","W.E.C.C.","09:44","Oregon, Washington, Idaho, Montana","Wind Storm","258","24","2:34 p.m. Dec 31"
"12/14/2006","W.E.C.C.","12:07","State of Oregon Coastal area","HIgh Winds","","111,000 (peak)","12:00 p.m. Dec 17"
"12/14/2006","W.E.C.C.","17:00","Greater Tacoma area (City of Fircrest, University Place, City of Lakeland) and portions of South Pierce County in State of Washington","High Winds","280","75000","4:00 p.m. Dec 16"
"12/14/2006","W.E.C.C.","19:00","Oregon Counties: Multnomah, Clackamas, Washington, Marion","High Winds","","249,500","8:00 p.m. Dec 17"
"12/16/2006","W.E.C.C.","19:30","Oregon Counties:  Washington, Yamhill","Transmission Equipment/Fire","350","84500","1:00 a.m. Dec 17"
"12/26/2006","W.E.C.C.","00:01","Northern California","Severe Weather","420","850,068","9:13 a.m. Dec 31"
"12/29/2006","P.R.","16:25","North Part of the Island","Main Power Transformer Failure/Voltage Reduction/Fire","50","18386","6:59 p.m. Dec 31"
"12/30/2006","M.R.O.","22:25","Gosper, Harlan, Franklin, Webster, Clay, Adams, Kearney, Phelps, Dawson, Buffalo, Hall, Hamilton, Sherman, Custer, Valley, Greeley, Howard, Merrick, York, Fillmore, Nance, Boone, Wheeler, Madison, Antelope, Pierce, Platte and Seward Counties in Central Nebraska","Severe Weather","300-500","15,000","2:25 p.m. Jan 06"
"Estimated values.","Unidentified","","","","","","",""
"Note: Estimates for 2004 and 2005 are preliminary.","Unidentified","","","","","","",""
"Source: Form OE-417, Electric Emergency Incident and Disturbance Report.","Unidentified","","","","","","",""
"```"
