"```csv"
"Fiscal_Yr","Agency","Category","Detail","Vendo","Payments_Sum"
"2001","Agriculture","Building Lease Payments","BLDG/STORAGE/STRUCTURE LEASES, CAPITAL","NORTH SHORE RESORT","0.13K"
"2001","Agriculture","Building Lease Payments","BLDG/STORAGE/STRUCTURE LEASES, CAPITAL","WHAT'S UP DOCK","81.00"
"2001","Agriculture","Building Lease Payments","BUILDING/STORAGE/STRUCTURE LEASES, OPER","BREWER, DURWARD H AND DONNA G","1.35K"
"2001","Agriculture","Building Lease Payments","BUILDING/STORAGE/STRUCTURE LEASES, OPER","BREWER, DURWOOD H AND DONNA G","270.68"
"2001","Agriculture","Building Lease Payments","BUILDING/STORAGE/STRUCTURE LEASES, OPER","CITY TREASURER-KANSAS CITY","2.1K"
"2001","Agriculture","Building Lease Payments","BUILDING/STORAGE/STRUCTURE LEASES, OPER","COUNTY OF AUDRAIN COMMISSION","1125.00"
"2001","Agriculture","Building Lease Payments","BUILDING/STORAGE/STRUCTURE LEASES, OPER","FARMERS & TRADERS COMMISSION","910.00"
"2001","Agriculture","Building Lease Payments","BUILDING/STORAGE/STRUCTURE LEASES, OPER","HOOVER LEASING INC","1364.40"
"2001","Agriculture","Building Lease Payments","BUILDING/STORAGE/STRUCTURE LEASES, OPER","HUNTER DEVELOPMENT CO INC","21630.00"
"2001","Agriculture","Building Lease Payments","BUILDING/STORAGE/STRUCTURE LEASES, OPER","KOVAC, CHARLES F REVOCABLE","12300.00"
"2001","Agriculture","Building Lease Payments","BUILDING/STORAGE/STRUCTURE LEASES, OPER","LESLIE PROPERTIES  LLC","21600.00"
"2001","Agriculture","Building Lease Payments","BUILDING/STORAGE/STRUCTURE LEASES, OPER","MAYFIELD, BILL BUSINESS","18156.95"
"2001","Agriculture","Building Lease Payments","BUILDING/STORAGE/STRUCTURE LEASES, OPER","OZARK JAR LLC","149750.04"
"2001","Agriculture","Building Lease Payments","BUILDING/STORAGE/STRUCTURE LEASES, OPER","POPE FAMILY TRUST","114840.00"
"2001","Agriculture","Building Lease Payments","BUILDING/STORAGE/STRUCTURE LEASES, OPER","PRENGERS EVER READY TOWING","7200.00"
"2001","Agriculture","Building Lease Payments","BUILDING/STORAGE/STRUCTURE LEASES, OPER","REYNOLDS, JACK & LINDA","34.00K"
"2001","Agriculture","Building Lease Payments","MEETING ROOM/EXHIBIT SPACE RENTALS","AG EXPO '99","270.00"
"2001","Agriculture","Building Lease Payments","MEETING ROOM/EXHIBIT SPACE RENTALS","BEST WESTERN-JEFFERSON CITY","267.60"
"2001","Agriculture","Building Lease Payments","MEETING ROOM/EXHIBIT SPACE RENTALS","CABOOL CHAMBER OF COMMERCE","65.00"
"2001","Agriculture","Building Lease Payments","MEETING ROOM/EXHIBIT SPACE RENTALS","CAPITAL ELECTRIC CONSTRUCTION","60.00"
"2001","Agriculture","Building Lease Payments","MEETING ROOM/EXHIBIT SPACE RENTALS","COLE COUNTY EXTENSION CENTER","210.00"
"2001","Agriculture","Building Lease Payments","MEETING ROOM/EXHIBIT SPACE RENTALS","COLUMBIA EXPO CENTER","55.00"
"2001","Agriculture","Building Lease Payments","MEETING ROOM/EXHIBIT SPACE RENTALS","DAYS INN & CONFERENCE CENTER","800.00"
"2001","Agriculture","Building Lease Payments","MEETING ROOM/EXHIBIT SPACE RENTALS","DEPARTMENT OF FRUIT SCIENCE","290.00"
"2001","Agriculture","Building Lease Payments","MEETING ROOM/EXHIBIT SPACE RENTALS","DRURY INN-COLUMBIA","312.00"
"2001","Agriculture","Building Lease Payments","MEETING ROOM/EXHIBIT SPACE RENTALS","ELMS RESORT & SPA, THE","7.72K"
"2001","Agriculture","Building Lease Payments","MEETING ROOM/EXHIBIT SPACE RENTALS","FORAGE SYSTEMS RESEARCH CENTER","40.00"
"2001","Agriculture","Building Lease Payments","MEETING ROOM/EXHIBIT SPACE RENTALS","FREEMAN DECORATING","3.57K"
"2001","Agriculture","Building Lease Payments","MEETING ROOM/EXHIBIT SPACE RENTALS","GEO E FERN COMPANY","137.25"
"2001","Agriculture","Building Lease Payments","MEETING ROOM/EXHIBIT SPACE RENTALS","GES EXPOSITION SERVICES","4.66K"
"2001","AGRICULTURE","BUILDING LEASE PAYMENTS","MEETING ROOM/EXHIBIT SPACE RENTALS","GOVERNOR'S ECONOMIC DEVELOPMEN","130"
"2001","Agriculture","Building Lease Payments","MEETING ROOM/EXHIBIT SPACE RENTALS","GRAND RIVER INN","40"
"2001","Agriculture","Building Lease Payments","MEETING ROOM/EXHIBIT SPACE RENTALS","GREAT PLAINS VEGETABLE GROWERS","350"
"2001","Agriculture","Building Lease Payments","MEETING ROOM/EXHIBIT SPACE RENTALS","HANNIBAL INN & CONFERENCE CENT","125"
"2001","Agriculture","Building Lease Payments","MEETING ROOM/EXHIBIT SPACE RENTALS","HOLIDAY INN SOUTH-KANSAS CITY","500"
"2001","Agriculture","Building Lease Payments","MEETING ROOM/EXHIBIT SPACE RENTALS","HOLIDAY INN-CAPE GIRARDEAU","1108"
"2001","Agriculture","Building Lease Payments","MEETING ROOM/EXHIBIT SPACE RENTALS","HOLIDAY INN-KANSAS CITY SOUTH","1000"
"2001","Agriculture","Building Lease Payments","MEETING ROOM/EXHIBIT SPACE RENTALS","HOWARD COUNTY UNIVERSITY EXTEN","500"
"2001","Agriculture","Building Lease Payments","MEETING ROOM/EXHIBIT SPACE RENTALS","HUBBELL/TYNER","92"
"2001","Agriculture","Building Lease Payments","MEETING ROOM/EXHIBIT SPACE RENTALS","KQ2 AG & FARM EXPO","685"
"2001","Agriculture","Building Lease Payments","MEETING ROOM/EXHIBIT SPACE RENTALS","KRES","450"
"2001","Agriculture","Building Lease Payments","MEETING ROOM/EXHIBIT SPACE RENTALS","MID-AMERICA FRUIT GROWERS","750"
"2001","Agriculture","Building Lease Payments","MEETING ROOM/EXHIBIT SPACE RENTALS","MISCELLANEOUS VENDOR PAYMENTS","500"
"2001","Agriculture","Building Lease Payments","MEETING ROOM/EXHIBIT SPACE RENTALS","MISSOURI AG INDUSTRIES COUCIL","680"
"2001","Agriculture","Building Lease Payments","MEETING ROOM/EXHIBIT SPACE RENTALS","MISSOURI BOTANICAL GARDEN","150"
"2001","Agriculture","Building Lease Payments","MEETING ROOM/EXHIBIT SPACE RENTALS","MISSOURI CATTLEMANS ASSN","375"
"2001","Agriculture","Building Lease Payments","MEETING ROOM/EXHIBIT SPACE RENTALS","MISSOURI EQUINE COUNCIL","150"
"2001","Agriculture","Building Lease Payments","MEETING ROOM/EXHIBIT SPACE RENTALS","MISSOURI FARM BUREAU","30"
"2001","Agriculture","Building Lease Payments","MEETING ROOM/EXHIBIT SPACE RENTALS","MISSOURI FFA ASSN","437"
"2001","Agriculture","Building Lease Payments","MEETING ROOM/EXHIBIT SPACE RENTALS","MISSOURI GOVERNOR'S CONFERENCE","300"
"2001","Agriculture","Building Lease Payments","MEETING ROOM/EXHIBIT SPACE RENTALS","MISSOURI GROCERS ASSOC","440"
"2001","Agriculture","Building Lease Payments","MEETING ROOM/EXHIBIT SPACE RENTALS","MISSOURI PORK PRODUCERS ASSC","400"
"2001","Agriculture","Building Lease Payments","MEETING ROOM/EXHIBIT SPACE RENTALS","MISSOURI RESTAURANT ASSN.","9.02K"
"2001","Agriculture","Building Lease Payments","MEETING ROOM/EXHIBIT SPACE RENTALS","MISSOURI RESTAURANT ASSN","225"
"2001","Agriculture","Building Lease Payments","MEETING ROOM/EXHIBIT SPACE RENTALS","MO DAIRY ASSOCIATION","150"
"2001","Agriculture","Building Lease Payments","MEETING ROOM/EXHIBIT SPACE RENTALS","MO FORAGE&GRASSLAND COUNCIL","200"
"2001","Agriculture","Building Lease Payments","MEETING ROOM/EXHIBIT SPACE RENTALS","MO NATURAL RESOURCE CONFERENCE","70"
"2001","Agriculture","Building Lease Payments","MEETING ROOM/EXHIBIT SPACE RENTALS","MO STATE FAIR","3250"
"2001","Agriculture","Building Lease Payments","MEETING ROOM/EXHIBIT SPACE RENTALS","MO VETERINARY MEDICAL ASSN","172"
"2001","Agriculture","Building Lease Payments","MEETING ROOM/EXHIBIT SPACE RENTALS","MONROE CITY NUTRITION CENTER","50"
"2001","Agriculture","Building Lease Payments","MEETING ROOM/EXHIBIT SPACE RENTALS","MSWCDEA","150"
"2001","Agriculture","Building Lease Payments","MEETING ROOM/EXHIBIT SPACE RENTALS","NASDA SHOW MANAGEMENT","50400"
"2001","Agriculture","Building Lease Payments","MEETING ROOM/EXHIBIT SPACE RENTALS","NASFT","550"
"2001","Agriculture","Building Lease Payments","MEETING ROOM/EXHIBIT SPACE RENTALS","NATIONAL GROCERS ASSN","5350"
"2001","Agriculture","Building Lease Payments","MEETING ROOM/EXHIBIT SPACE RENTALS","OZARK EMPIRE FAIR","945"
"2001","Agriculture","Building Lease Payments","MEETING ROOM/EXHIBIT SPACE RENTALS","RAMADA INN-JEFFERSON CITY","100"
"2001","Agriculture","Building Lease Payments","MEETING ROOM/EXHIBIT SPACE RENTALS","ROYAL DUTCH FAIRS & GESSULI","3395"
"2001","Agriculture","Building Lease Payments","MEETING ROOM/EXHIBIT SPACE RENTALS","ROYAL DUTCH JAARBEURS","2.18K"
"2001","Agriculture","Building Lease Payments","MEETING ROOM/EXHIBIT SPACE RENTALS","SAUNDERS, JOHN L","66.26"
"2001","Agriculture","Building Lease Payments","MEETING ROOM/EXHIBIT SPACE RENTALS","SEMO DISTRICT FAIR ASSOCIATION","10"
"2001","Agriculture","Building Lease Payments","MEETING ROOM/EXHIBIT SPACE RENTALS","SHERATON HAWTHORN PARK","4.57K"
"2001","Agriculture","Building Lease Payments","MEETING ROOM/EXHIBIT SPACE RENTALS","SMALL FARM TODAY","4.29K"
"2001","Agriculture","Building Lease Payments","MEETING ROOM/EXHIBIT SPACE RENTALS","TAN-TAR-A MARRIOTT","60"
"2001","Agriculture","Building Lease Payments","MEETING ROOM/EXHIBIT SPACE RENTALS","U S POULTRY & EGG ASSOCIATION","150"
"2001","Agriculture","Building Lease Payments","MEETING ROOM/EXHIBIT SPACE RENTALS","UNIVERSITY OF MO EXTENSION","700"
"2001","Agriculture","Building Lease Payments","MEETING ROOM/EXHIBIT SPACE RENTALS","UNIVERSITY OF MO-COLE COUNTY","350"
"2001","Agriculture","Building Lease Payments","MEETING ROOM/EXHIBIT SPACE RENTALS","UNIVERSITY OF MO-COLUMBIA","106.25"
"2001","Agriculture","Building Lease Payments","MEETING ROOM/EXHIBIT SPACE RENTALS","WESTERN FARM SHOW","765"
"2001","Agriculture","Building Lease Payments","MEETING ROOM/EXHIBIT SPACE RENTALS","WORLD TRADE CENTER MIAMI","2000"
"2001","Agriculture","Communication Service & Supplies","ANSWERING CHARGES","RADIO COMM","28.75"
"2001","Agriculture","Communication Service & Supplies","CELLULAR TELEPHONE CHARGES","ALLTEL CORPORATION-LITTLE ROCK","455.75"
"2001","Agriculture","Communication Service & Supplies","CELLULAR TELEPHONE CHARGES","ALLTEL-LITTLE ROCK","45.48"
"2001","Agriculture","Communication Service & Supplies","CELLULAR TELEPHONE CHARGES","AT & T-TAMPA","105.78"
"2001","Agriculture","Communication Service & Supplies","CELLULAR TELEPHONE CHARGES","CINGULAR WIRELESS-DALLAS","413.06"
"2001","Agriculture","Communication Service & Supplies","CELLULAR TELEPHONE CHARGES","CINGULAR WIRELESS","8.06K"
"2001","Agriculture","Communication Service & Supplies","CELLULAR TELEPHONE CHARGES","FINGLAND GLASS","123.00"
"2001","Agriculture","Communication Service & Supplies","CELLULAR TELEPHONE CHARGES","MCI-PHOENIX WORLDCOM RES SVC","165.54"
"2001","Agriculture","Communication Service & Supplies","CELLULAR TELEPHONE CHARGES","MID-AMERICA MOBILE SYSTEMS","19.95"
"2001","Agriculture","Communication Service & Supplies","CELLULAR TELEPHONE CHARGES","MID-AMERICA MOBILE SYSTEMS","19.95"
"2001","Agriculture","Communication Service & Supplies","CELLULAR TELEPHONE CHARGES","MID-MISSOURI CELLULAR","2.66K"
"2001","Agriculture","Communication Service & Supplies","CELLULAR TELEPHONE CHARGES","SOUTHWESTERN BELL WIRELESS-DAL","1.15K"
"2001","Agriculture","Communication Service & Supplies","CELLULAR TELEPHONE CHARGES","SOUTHWESTERN BELL WIRELESS","5.20K"
"2001","Agriculture","Communication Service & Supplies","CELLULAR TELEPHONE CHARGES","SOUTHWESTERN BELL WIRELESS","88.53"
"2001","Agriculture","Communication Service & Supplies","CELLULAR TELEPHONE CHARGES","SOUTHWESTERN BELL WIRELESS","95.82"
"2001","Agriculture","Communication Service & Supplies","CELLULAR TELEPHONE CHARGES","SOUTHWESTERN BELL-DALLAS","24.65"
"2001","Agriculture","Communication Service & Supplies","CELLULAR TELEPHONE CHARGES","SOUTHWESTERN BELL-ST LOUIS","190.17"
"2001","Agriculture","Communication Service & Supplies","CELLULAR TELEPHONE CHARGES","SOUTHWESTERN BELL","115.95"
"2001","Agriculture","Communication Service & Supplies","CELLULAR TELEPHONE CHARGES","SOUTHWESTERN BELL","30.33"
"2001","Agriculture","Communication Service & Supplies","CELLULAR TELEPHONE CHARGES","U S CELLULAR","31.13"
"2001","Agriculture","Communication Service & Supplies","CELLULAR TELEPHONE CHARGES","US CELLULAR","271.59"
"2001","Agriculture","Communication Service & Supplies","INTERNET CHARGES","COMMUNITY RVI SCHOOL DISTRICT","310.00"
"2001","Agriculture","Communication Service & Supplies","INTERNET CHARGES","DTN CORP","1094.00"
"2001","Agriculture","Communication Service & Supplies","INTERNET CHARGES","KCNET INC","239.40"
"2001","Agriculture","Communication Service & Supplies","INTERNET CHARGES","LEARFIELD COMMUNICATION INC","1500.00"
"2001","Agriculture","Communication Service & Supplies","INTERNET CHARGES","MARZ, INC.","139.65"
"2001","Agriculture","Communication Service & Supplies","INTERNET CHARGES","MURLIN COMPUTER","180.00"
"2001","Agriculture","Communication Service & Supplies","INTERNET CHARGES","ONEMAIN.COM","219.45"
"2001","Agriculture","Communication Service & Supplies","INTERNET CHARGES","PONYEXPRESS.NET","210.00"
"2001","Agriculture","Communication Service & Supplies","INTERNET CHARGES","SHELTON INTERNET","229.00"
"2001","Agriculture","Communication Service & Supplies","INTERNET CHARGES","STAT-USA","175.00"
"2001","Agriculture","Communication Service & Supplies","NETWORK CIRCUIT LINE CHARGES","AT & T","16.97"
"2001","Agriculture","Communication Service & Supplies","NETWORK CIRCUIT LINE CHARGES","GTE MIDWEST","45.00"
"2001","Agriculture","Communication Service & Supplies","NETWORK CIRCUIT LINE CHARGES","SPRINT-CHARLOTTE","1.29K"
"2001","Agriculture","Communication Service & Supplies","NETWORK CIRCUIT LINE CHARGES","SPRINT","511.50"
"2001","Agriculture","Communication Service & Supplies","OTHER COMMUNICATION CHARGES","RED CROSS PHARMACY, INC.","99.98"
"2001","Agriculture","Communication Service & Supplies","TELECOMMUNICATION CHARGES","AT & T-OMAHA","1.30K"
"2001","Agriculture","Communication Service & Supplies","TELECOMMUNICATION CHARGES","AT & T-OMAHA","41.57"
"2001","Agriculture","Communication Service & Supplies","TELECOMMUNICATION CHARGES","AT & T-OMAHA","51.90"
"2001","Agriculture","Communication Service & Supplies","TELECOMMUNICATION CHARGES","AT & T-PHOENIX","15.28"
"2001","Agriculture","Communication Service & Supplies","TELECOMMUNICATION CHARGES","AT & T-PHOENIX","26.50"
"2001","Agriculture","Communication Service & Supplies","TELECOMMUNICATION CHARGES","AT & T-TAMPA WIRELESS","31.60"
"2001","Agriculture","Communication Service & Supplies","TELECOMMUNICATION CHARGES","AT & T-TAMPA","3.10"
"2001","Agriculture","Communication Service & Supplies","TELECOMMUNICATION CHARGES","CASS COUNTY TELEPHONE","279.88"
"2001","Agriculture","Communication Service & Supplies","TELECOMMUNICATION CHARGES","CENTURYTEL","5.37K"
"2001","Agriculture","Communication Service & Supplies","TELECOMMUNICATION CHARGES","CHARITON VALLEY TELEPHONE CORP","15.63"
"2001","Agriculture","Communication Service & Supplies","TELECOMMUNICATION CHARGES","CHARITON VALLEY TELEPHONE CORP","150.67"
"2001","Agriculture","Communication Service & Supplies","TELECOMMUNICATION CHARGES","CINGULAR WIRELESS-DALLAS","5.18K"
"2001","Agriculture","Communication Service & Supplies","TELECOMMUNICATION CHARGES","CINGULAR WIRELESS","790.11"
"2001","Agriculture","Communication Service & Supplies","TELECOMMUNICATION CHARGES","CONVERGENT COMMUNICATIONS INC","68.75"
"2001","Agriculture","Communication Service & Supplies","TELECOMMUNICATION CHARGES","CONVERGENT COMMUNICATIONS","840.25"
"2001","Agriculture","Communication Service & Supplies","TELECOMMUNICATION CHARGES","CUE PAGING CORPORATION","28.80"
"2001","Agriculture","Communication Service & Supplies","TELECOMMUNICATION CHARGES","DICK, DAVID","207.40"
"2001","Agriculture","Communication Service & Supplies","TELECOMMUNICATION CHARGES","GARMAN, LAURI J","12.80"
"2001","Agriculture","Communication Service & Supplies","TELECOMMUNICATION CHARGES","GTE MIDWEST INC","30.24"
"2001","Agriculture","Communication Service & Supplies","TELECOMMUNICATION CHARGES","GTE MIDWEST INC","60.89"
"2001","Agriculture","Communication Service & Supplies","TELECOMMUNICATION CHARGES","GTE MIDWEST","1.34K"
"2001","Agriculture","Communication Service & Supplies","TELECOMMUNICATION CHARGES","MCI WORLDCOM","10.68"
"2001","Agriculture","Communication Service & Supplies","TELECOMMUNICATION CHARGES","MCI-LOUISVILLE  WORLDCOM","51.13"
"2001","Agriculture","Communication Service & Supplies","TELECOMMUNICATION CHARGES","MCI-LOUISVILLE- COMM SERV- SW","5.79"
"2001","Agriculture","Communication Service & Supplies","TELECOMMUNICATION CHARGES","MCI-LOUISVILLE- WORLDCOM","29.53"
"2001","Agriculture","Communication Service & Supplies","TELECOMMUNICATION CHARGES","MCI-PHOENIX TELECOMMUNICATIONS","6.76"
"2001","Agriculture","Communication Service & Supplies","TELECOMMUNICATION CHARGES","MCI-PHOENIX WORLDCOM RES SVC","124.80"
"2001","Agriculture","Communication Service & Supplies","TELECOMMUNICATION CHARGES","RADIO SHACK-JEFFERSON CITY","189.99"
"2001","Agriculture","Communication Service & Supplies","TELECOMMUNICATION CHARGES","SOUTHWESTERN BELL - DALLAS","983.29"
"2001","Agriculture","Communication Service & Supplies","TELECOMMUNICATION CHARGES","SOUTHWESTERN BELL TELEPHONE","442.81"
"2001","Agriculture","Communication Service & Supplies","TELECOMMUNICATION CHARGES","SOUTHWESTERN BELL WIRELESS-DAL","2.30K"
"2001","Agriculture","Communication Service & Supplies","TELECOMMUNICATION CHARGES","SOUTHWESTERN BELL WIRELESS","136.79"
"2001","Agriculture","Communication Service & Supplies","TELECOMMUNICATION CHARGES","SOUTHWESTERN BELL-DALLAS","1.64K"
"2001","Agriculture","Communication Service & Supplies","TELECOMMUNICATION CHARGES","SOUTHWESTERN BELL-DALLAS","1.82K"
"2001","Agriculture","Communication Service & Supplies","TELECOMMUNICATION CHARGES","SOUTHWESTERN BELL-DALLAS","274.64"
"2001","Agriculture","Communication Service & Supplies","TELECOMMUNICATION CHARGES","SOUTHWESTERN BELL-DALLAS","45.53"
"2001","Agriculture","Communication Service & Supplies","TELECOMMUNICATION CHARGES","SOUTHWESTERN BELL-DALLAS","69.62"
"2001","Agriculture","Communication Service & Supplies","TELECOMMUNICATION CHARGES","SOUTHWESTERN BELL-ST LOUIS","492.20"
"2001","Agriculture","Communication Service & Supplies","TELECOMMUNICATION CHARGES","SOUTHWESTERN BELL","193.17"
"2001","Agriculture","Communication Service & Supplies","TELECOMMUNICATION CHARGES","SOUTHWESTERN BELL","432.77"
"2001","Agriculture","Communication Service & Supplies","TELECOMMUNICATION CHARGES","SPRINT-CHARLOTTE","763.99"
"2001","Agriculture","Communication Service & Supplies","TELECOMMUNICATION CHARGES","SPRINT-KANSAS CITY","39.95"
"2001","Agriculture","Communication Service & Supplies","TELECOMMUNICATION CHARGES","SPRINT-KANSAS CITY","681.72"
"2001","Agriculture","Communication Service & Supplies","TELECOMMUNICATION CHARGES","SPRINT","67.20"
"2001","Agriculture","Communication Service & Supplies","TELECOMMUNICATION CHARGES","SPRINT","73.89"
"2001","Agriculture","Communication Service & Supplies","TELECOMMUNICATION CHARGES","UNITED PARCEL SERVICE","14.04"
"2001","Agriculture","Communication Service & Supplies","TELECOMMUNICATION CHARGES","VERIZON MIDWEST","1.98K"
"2001","Agriculture","Communication Service & Supplies","TELECOMMUNICATION CHARGES","VERIZON","181.22"
"2001","Agriculture","Communication Service & Supplies","TELECOMMUNICATION SUPPLIES","COMTEL SYSTEMS","262.89"
"2001","Agriculture","Communication Service & Supplies","TELECOMMUNICATION SUPPLIES","INTER-TEL TECHNOLOGIES, INC.","350.00"
"2001","Agriculture","Communication Service & Supplies","TELECOMMUNICATION SUPPLIES","MARLER BUSINESS SYSTEMS","269.00"
"2001","Agriculture","Communication Service & Supplies","TELECOMMUNICATION SUPPLIES","MID-MISSOURI CELLULAR","17.00"
"2001","Agriculture","Communication Service & Supplies","TELECOMMUNICATION SUPPLIES","RADIO SHACK-CHICAGO","153.14"
"2001","Agriculture","Communication Service & Supplies","TELECOMMUNICATION SUPPLIES","SCHMIDT, ROY E INC","61.00"
"2001","Agriculture","Communication Service & Supplies","TELECOMMUNICATION SUPPLIES","SPRINT-CHARLOTTE","103.91"
"2001","Agriculture","Communication Service & Supplies","TELECOMMUNICATION SUPPLIES","SQUARE ONE ELECTRONICS INC","88.74"
"2001","Agriculture","Communication Service & Supplies","TELECOMMUNICATION SUPPLIES","WALMART COMMUNITY BRC","9.92"
"2001","Agriculture","Communication Service & Supplies","TELECOMMUNICATION SUPPLIES","WESTLAKE-KANSAS CITY ACE HDWR","60.39"
"2001","Agriculture","Communication Service & Supplies","WIRELESS HAND-HELD DEVICE CHARGES","CHARITON VALLEY TRISTAR COMMUN","300.00"
"2001","Agriculture","Communication Service & Supplies","WIRELESS HAND-HELD DEVICE CHARGES","CUE PAGING CORPORATION","7.02K"
"2001","Agriculture","Communication Service & Supplies","WIRELESS HAND-HELD DEVICE CHARGES","MIDWEST MOBILE RADIO SERVICE","300.00"
"2001","Agriculture","Communication Service & Supplies","WIRELESS HAND-HELD DEVICE CHARGES","MIDWEST PAGING","3.13K"
"2001","Agriculture","Communication Service & Supplies","WIRELESS HAND-HELD DEVICE CHARGES","PAGE INC","554.68"
"2001","Agriculture","Communication Service & Supplies","WIRELESS HAND-HELD DEVICE CHARGES","PAGENET","27.00"
"2001","Agriculture","Communication Service & Supplies","WIRELESS HAND-HELD DEVICE CHARGES","R C C INC DBA RADIO COMM CO","86.25"
"2001","Agriculture","Communication Service & Supplies","WIRELESS HAND-HELD DEVICE CHARGES","RADIO COMM","287.50"
"2001","Agriculture","Communication Service & Supplies","WIRELESS HAND-HELD DEVICE CHARGES","SOUTHWESTERN BELL WIRELESS-DAL","1.81K"
"2001","Agriculture","Communication Service & Supplies","WIRELESS HAND-HELD DEVICE CHARGES","SPRINT","41.05"
"2001","Agriculture","COMPUTER EQUIPMENT","MAINFRAME EQUIPMENT","IBM CORP-JEFFERSON CITY","60000"
"2001","Agriculture","COMPUTER EQUIPMENT","MAINFRAME EQUIPMENT","SPRINT-JEFFERSON CITY BUS MRKT","94364.39"
"2001","Agriculture","COMPUTER EQUIPMENT","NON MAINFRAME COMPUTER EQUIPMENT","GE CAPITAL-ERLANGER","104990.46"
"2001","Agriculture","COMPUTER EQUIPMENT","NON MAINFRAME COMPUTER EQUIPMENT","HUBER & ASSOCIATES INC","6822.56"
"2001","Agriculture","COMPUTER EQUIPMENT","NON MAINFRAME COMPUTER EQUIPMENT","JASPER R V","250"
"2001","Agriculture","COMPUTER EQUIPMENT","NON MAINFRAME COMPUTER EQUIPMENT","MID-MISSOURI COMPUTER SERV","4498"
"2001","Agriculture","COMPUTER EQUIPMENT","NON MAINFRAME COMPUTER EQUIPMENT","MID-MISSOURI COMPUTER SERVICES","299"
"2001","Agriculture","COMPUTER EQUIPMENT","NON MAINFRAME COMPUTER EQUIPMENT","WORLD WIDE TECHNOLOGY, INC","67262.61"
"2001","Agriculture","COMPUTER EQUIPMENT","NON MAINFRAME COMPUTER EQUIPMENT","WORLD WIDE TECHNOLOGY","163057.42"
"2001","Agriculture","COMPUTER EQUIPMENT","NON-MAINFRAME COMPUTER SOFTWARE","COMPASS DATA SYSTEMS INC","129"
"2001","Agriculture","COMPUTER EQUIPMENT","NON-MAINFRAME COMPUTER SOFTWARE","GE CAPITAL IT SOLUTIONS","71.85"
"2001","Agriculture","COMPUTER EQUIPMENT","NON-MAINFRAME COMPUTER SOFTWARE","GE CAPITAL-ERLANGER","10175.04"
"2001","Agriculture","COMPUTER EQUIPMENT","NON-MAINFRAME COMPUTER SOFTWARE","INFORMATION BUILDERS INC","405"
"2001","Agriculture","COMPUTER EQUIPMENT","NON-MAINFRAME COMPUTER SOFTWARE","RPCONTROL LLC","154.95"
"2001","Agriculture","COMPUTER EQUIPMENT","NON-MAINFRAME COMPUTER SOFTWARE","SPRINT-JEFFERSON CITY BUS MRKT","798"
"2001","Agriculture","COMPUTER EQUIPMENT","NON-MAINFRAME COMPUTER SOFTWARE","STAPLES CREDIT PLAN-JEFFERSON","49.98"
"2001","Agriculture","COMPUTER EQUIPMENT","NON-MAINFRAME COMPUTER SOFTWARE","WEMEASUREIT INC","1098"
"2001","Agriculture","COMPUTER EQUIPMENT","NON-MAINFRAME COMPUTER SOFTWARE","WORLD WIDE TECHNOLOGY, INC","1094.99"
"2001","Agriculture","COMPUTER EQUIPMENT","NON-MAINFRAME COMPUTER SOFTWARE","WORLD WIDE TECHNOLOGY","21509.98"
"2001","Agriculture","COMPUTER EQUIPMENT","OTHER COMPUTER EQUIPMENT","CENTRAL MISSOURI COMPUTER SERV","75"
"2001","Agriculture","COMPUTER EQUIPMENT","OTHER COMPUTER EQUIPMENT","CENTRAL MISSOURI DISTRIBUTING","158.12"
"2001","Agriculture","COMPUTER EQUIPMENT","OTHER COMPUTER EQUIPMENT","CENTRAL MO DISTRIBUTING CO","950.39"
"2001","Agriculture","COMPUTER EQUIPMENT","OTHER COMPUTER EQUIPMENT","IBM CORP-JEFFERSON CITY","8704"
"2001","Agriculture","COMPUTER EQUIPMENT","OTHER COMPUTER EQUIPMENT","INTEGRATED SYSTEMS ENGINEERING","7044.54"
"2001","Agriculture","COMPUTER EQUIPMENT","OTHER COMPUTER EQUIPMENT","STAPLES CREDIT PLAN","299.98"
"2001","Agriculture","EQUIPMENT RENTAL & LEASES","COMMUNICATION EQUIPMENT RENTALS","BEST WESTERN-JEFFERSON CITY","20"
"2001","Agriculture","EQUIPMENT RENTAL & LEASES","COMMUNICATION EQUIPMENT RENTALS","DATA COMM INC","35.10"
"2001","Agriculture","EQUIPMENT RENTAL & LEASES","COMMUNICATION EQUIPMENT RENTALS","MCVICKER, TODD","30"
"2001","Agriculture","EQUIPMENT RENTAL & LEASES","COMMUNICATION EQUIPMENT RENTALS","MEDLEY, JESSICA","12"
"2001","Agriculture","EQUIPMENT RENTAL & LEASES","HEAVY EQUIPMENT RENTALS","HOWARD CONSTRUCTION COMPANY","4200"
"2001","Agriculture","EQUIPMENT RENTAL & LEASES","MAINFRAME COMPUTER SOFTWARE LEASES","ACOM SOLUTIONS, INC","500"
"2001","Agriculture","EQUIPMENT RENTAL & LEASES","MAINFRAME COMPUTER SOFTWARE LEASES","IBM CORP-CHICAGO","6114"
"2001","Agriculture","EQUIPMENT RENTAL & LEASES","MAINFRAME COMPUTER SOFTWARE LEASES","IBM CORP-JEFFERSON CITY","6114"
"2001","Agriculture","EQUIPMENT RENTAL & LEASES","OFFICE FURNITURE & EQUIP LEASES CAPITAL","IKON OFFICE SOLUTIONS-CHICAGO","900"
"2001","Agriculture","EQUIPMENT RENTAL & LEASES","OFFICE FURNITURE & EQUIP LEASES CAPITAL","IKON OFFICE SOLUTIONS","200"
"2001","Agriculture","EQUIPMENT RENTAL & LEASES","OFFICE FURNITURE & EQUIP LEASES CAPITAL","IKON-CHICAGO","148.43"
"2001","Agriculture","EQUIPMENT RENTAL & LEASES","OFFICE FURNITURE & EQUIP LEASES CAPITAL","IOS","440"
"2001","Agriculture","EQUIPMENT RENTAL & LEASES","OFFICE FURNITURE & EQUIPMENT RENTALS","GEO E FERN COMPANY","146.25"
"2001","Agriculture","EQUIPMENT RENTAL & LEASES","OFFICE FURNITURE & EQUIPMENT RENTALS","HIRLINGER'S OFFICE SUPPLY","1.39K"
"2001","Agriculture","EQUIPMENT RENTAL & LEASES","OFFICE FURNITURE & EQUIPMENT RENTALS","IKON-CHICAGO","391.81"
"2001","Agriculture","EQUIPMENT RENTAL & LEASES","OFFICE FURNITURE & EQUIPMENT RENTALS","IOS","964.55"
"2001","Agriculture","EQUIPMENT RENTAL & LEASES","OFFICE FURNITURE & EQUIPMENT RENTALS","PITNEY BOWES INC BUSINESS SYS","792.05"
"2001","Agriculture","EQUIPMENT RENTAL & LEASES","OFFICE FURNITURE & EQUIPMENT RENTALS","PITNEY BOWES-JEFF CITY BUS SYS","507.25"
"2001","Agriculture","EQUIPMENT RENTAL & LEASES","OFFICE FURNITURE & EQUIPMENT RENTALS","PITNEY BOWES-LOUISVILLE","560.38"
"2001","Agriculture","EQUIPMENT RENTAL & LEASES","OFFICE FURNITURE & EQUIPMENT RENTALS","PITNEY BOWES-SHELTON","1.78K"
"2001","Agriculture","EQUIPMENT RENTAL & LEASES","OFFICE FURNITURE & EQUIPMENT RENTALS","SOUTHWEST AUDIO"
