"```csv"
"WorkOrderID","ProductID","OperationSequence","LocationID","ScheduledStartDate","ScheduledEndDate","ActualStartDate","ActualEndDate","ActualResourceHrs","PlannedCost","ActualCost","ModifiedDate"
"Order#13","Item#747","Step 1","Loc: 10","Start: 6/3/2011","End: 6/14/2011","Begin: 6/3/2011","Finish: 6/19/2011","Resource: 4.10 Hrs","$92.25","$92.3","Mod: 6/19/2011"
"Order#13","Item#747","Step 2","Loc: 20","Start: 6/3/2011","End: 6/14/2011","Begin: 6/3/2011","Finish: 6/19/2011","Resource: 3.50 Hrs","$87.50","$87.50","Mod: 6/19/2011"
"Order#13","Item#747","Step 3","Loc: 30","Start: 6/3/2011","End: 6/14/2011","Begin: 6/3/2011","Finish: 6/19/2011","Resource: 1.00 Hrs","$14.50","$14,50","Mod: 6/19/2011"
"Order#13","Item#747","Step 4","Loc: 40","Start: 6/3/2011","End: 6/14/2011","Begin: 6/3/2011","Finish: 6/19/2011","Resource: 2.00 Hrs","$31.50","$31.50","Mod: 6/19/2011"
"Order#13","Item#747","Step 6","Loc: 50","Start: 6/3/2011","End: 6/14/2011","Begin: 6/3/2011","Finish: 6/19/2011","Resource: 3.00 Hrs","$36.75","$36.75","Mod: 6/19/2011"
"Order#13","Item#747","Step 7","Loc: 60","Start: 6/3/2011","End: 6/14/2011","Begin: 6/3/2011","Finish: 6/19/2011","Resource: 4.00 Hrs","$49.00","$49.00","Mod: 6/19/2011"
"Order#14","Item#748","Step 1","Loc: 10","Start: 6/3/2011","End: 6/14/2011","Begin: 6/3/2011","Finish: 6/19/2011","Resource: 4.10 Hrs","$92.25","$92.25","Mod: 6/19/2011"
"Order#14","Item#748","Step 2","Loc: 20","Start: 6/3/2011","End: 6/14/2011","Begin: 6/3/2011","Finish: 6/19/2011","Resource: 3.50 Hrs","$87.50","$87.50","Mod: 6/19/2011"
"Order#14","Item#748","Step 3","Loc: 30","Start: 6/3/2011","End: 6/14/2011","Begin: 6/3/2011","Finish: 6/19/2011","Resource: 1.00 Hrs","$14.50","$14.50","Mod: 6/19/2011"
"Order#14","Item#748","Step 5","Loc: 45","Start: 6/3/2011","End: 6/14/2011","Begin: 6/3/2011","Finish: 6/19/2011","Resource: 2.00 Hrs","$36.00","$36.00","Mod: 6/19/2011"
"Order#14","Item#748","Step 6","Loc: 50","Start: 6/3/2011","End: 6/14/2011","Begin: 6/3/2011","Finish: 6/19/2011","Resource: 3.00 Hrs","$36.75","$36.75","Mod: 6/19/2011"
"Order#14","Item#748","Step 7","Loc: 60","Start: 6/3/2011","End: 6/14/2011","Begin: 6/3/2011","Finish: 6/19/2011","Resource: 4.00 Hrs","$49.00","$49.00","Mod: 6/19/2011"
"Order#15","Item#749","Step 7","Loc: 60","Start: 6/3/2011","End: 6/14/2011","Begin: 6/3/2011","Finish: 6/19/2011","Resource: 4.00 Hrs","$49.00","$49.00","Mod: 6/19/2011"
"Order#16","Item#753","Step 7","Loc: 60","Start: 6/3/2011","End: 6/14/2011","Begin: 6/3/2011","Finish: 6/19/2011","Resource: 4.00 Hrs","$49.00","$49.00","Mod: 6/19/2011"
"Order#17","Item#754","Step 7","Loc: 60","Start: 6/3/2011","End: 6/14/2011","Begin: 6/3/2011","Finish: 6/19/2011","Resource: 4.00 Hrs","$49.00","$49.00","Mod: 6/19/2011"
"Order#18","Item#755","Step 7","Loc: 60","Start: 6/3/2011","End: 6/14/2011","Begin: 6/3/2011","Finish: 6/19/2011","Resource: 4.00 Hrs","$49.00","$49.00","Mod: 6/19/2011"
"Order#19","Item#756","Step 7","Loc: 60","Start: 6/3/2011","End: 6/14/2011","Begin: 6/3/2011","Finish: 6/19/2011","Resource: 4.00 Hrs","$49.00","$49.00","Mod: 6/19/2011"
"Order#20","Item#758","Step 7","Loc: 60","Start: 6/3/2011","End: 6/14/2011","Begin: 6/3/2011","Finish: 6/19/2011","Resource: 4.00 Hrs","$49.00","$49.00","Mod: 6/19/2011"
"Order#21","Item#760","Step 7","Loc: 60","Start: 6/3/2011","End: 6/14/2011","Begin: 6/3/2011","Finish: 6/19/2011","Resource: 4.00 Hrs","$49.00","$49.00","Mod: 6/19/2011"
"Order#22","Item#761","Step 7","Loc: 60","Start: 6/3/2011","End: 6/14/2011","Begin: 6/3/2011","Finish: 6/19/2011","Resource: 4.00 Hrs","$49.00","$49.00","Mod: 6/19/2011"
"Order#23","Item#762","Step 7","Loc: 60","Start: 6/3/2011","End: 6/14/2011","Begin: 6/3/2011","Finish: 6/19/2011","Resource: 4.00 Hrs","$49.00","$49.00","Mod: 6/19/2011"
"Order#24","Item#763","Step 7","Loc: 60","Start: 6/3/2011","End: 6/14/2011","Begin: 6/3/2011","Finish: 6/19/2011","Resource: 4.00 Hrs","$49.00","$49.00","Mod: 6/19/2011"
"Order#25","Item#764","Step 7","Loc: 60","Start: 6/3/2011","End: 6/14/2011","Begin: 6/3/2011","Finish: 6/19/2011","Resource: 4.00 Hrs","$49.00","$49.00","Mod: 6/19/2011"
"Order#26","Item#765","Step 7","Loc: 60","Start: 6/3/2011","End: 6/14/2011","Begin: 6/3/2011","Finish: 6/19/2011","Resource: 4.00 Hrs","$49.00","$49.00","Mod: 6/19/2011"
"Order#27","Item#766","Step 7","Loc: 60","Start: 6/3/2011","End: 6/14/2011","Begin: 6/3/2011","Finish: 6/19/2011","Resource: 4.00 Hrs","$49.00","$49.00","Mod: 6/19/2011"
"Order#28","Item#767","Step 7","Loc: 60","Start: 6/3/2011","End: 6/14/2011","Begin: 6/3/2011","Finish: 6/19/2011","Resource: 4.00 Hrs","$49.00","$49.00","Mod: 6/19/2011"
"Order#29","Item#768","Step 7","Loc: 60","Start: 6/3/2011","End: 6/14/2011","Begin: 6/3/2011","Finish: 6/19/2011","Resource: 4.00 Hrs","$49.00","$49.00","Mod: 6/19/2011"
"Order#30","Item#770","Step 7","Loc: 60","Start: 6/3/2011","End: 6/14/2011","Begin: 6/3/2011","Finish: 6/19/2011","Resource: 4.00 Hrs","$49.00","$49.00","Mod: 6/19/2011"
"Order#31","Item#771","Step 7","Loc: 60","Start: 6/3/2011","End: 6/14/2011","Begin: 6/3/2011","Finish: 6/19/2011","Resource: 4.00 Hrs","$49.00","$49.00","Mod: 6/19/2011"
"Order#32","Item#772","Step 7","Loc: 60","Start: 6/3/2011","End: 6/14/2011","Begin: 6/3/2011","Finish: 6/19/2011","Resource: 4.00 Hrs","$49.00","$49.00","Mod: 6/19/2011"
"Order#33","Item#773","Step 7","Loc: 60","Start: 6/3/2011","End: 6/14/2011","Begin: 6/3/2011","Finish: 6/19/2011","Resource: 4.00 Hrs","$49.00","$49.00","Mod: 6/19/2011"
"Order#34","Item#774","Step 7","Loc: 60","Start: 6/3/2011","End: 6/14/2011","Begin: 6/3/2011","Finish: 6/19/2011","Resource: 4.00 Hrs","$49.00","$49.00","Mod: 6/19/2011"
"Order#35","Item#775","Step 7","Loc: 60","Start: 6/3/2011","End: 6/14/2011","Begin: 6/3/2011","Finish: 6/19/2011","Resource: 4.00 Hrs","$49.00","$49.00","Mod: 6/19/2011"
"Order#36","Item#776","Step 7","Loc: 60","Start: 6/3/2011","End: 6/14/2011","Begin: 6/3/2011","Finish: 6/19/2011","Resource: 4.00 Hrs","$49.00","$49.00","Mod: 6/19/2011"
"Order#37","Item#777","Step 7","Loc: 60","Start: 6/3/2011","End: 6/14/2011","Begin: 6/3/2011","Finish: 6/19/2011","Resource: 4.00 Hrs","$49.00","$49.00","Mod: 6/19/2011"
"Order#38","Item#778","Step 7","Loc: 60","Start: 6/3/2011","End: 6/14/2011","Begin: 6/3/2011","Finish: 6/19/2011","Resource: 4.00 Hrs","$49.00","$49.00","Mod: 6/19/2011"
"Order#39","Item#516","Step 6","Loc: 50","Start: 6/3/2011","End: 6/14/2011","Begin: 6/3/2011","Finish: 6/19/2011","Resource: 3.00 Hrs","$36.75","$36.75","Mod: 6/19/2011"
"Order#39","Item#516","Step 7","Loc: 60","Start: 6/3/2011","End: 6/14/2011","Begin: 6/3/2011","Finish: 6/19/2011","Resource: 4.00 Hrs","$49.00","$49.00","Mod: 6/19/2011"
"Order#40","Item#517","Step 6","Loc: 50","Start: 6/3/2011","End: 6/14/2011","Begin: 6/3/2011","Finish: 6/19/2011","Resource: 3.00 Hrs","$36.75","$36.75","Mod: 6/19/2011"
"Order#40","Item#517","Step 7","Loc: 60","Start: 6/3/2011","End: 6/14/2011","Begin: 6/3/2011","Finish: 6/19/2011","Resource: 4.00 Hrs","$49.00","$49.00","Mod: 6/19/2011"
"Order#41","Item#518","Step 6","Loc: 50","Start: 6/3/2011","End: 6/14/2011","Begin: 6/3/2011","Finish: 6/19/2011","Resource: 3.00 Hrs","$36.75","$36.75","Mod: 6/19/2011"
"Order#41","Item#518","Step 7","Loc: 60","Start: 6/3/2011","End: 6/14/2011","Begin: 6/3/2011","Finish: 6/19/2011","Resource: 4.00 Hrs","$49.00","$49.00","Mod: 6/19/2011"
"Order#42","Item#519","Step 6","Loc: 50","Start: 6/3/2011","End: 6/14/2011","Begin: 6/3/2011","Finish: 6/19/2011","Resource: 3.00 Hrs","$36.75","$36.75","Mod: 6/19/2011"
"Order#42","Item#519","Step 7","Loc: 60","Start: 6/3/2011","End: 6/14/2011","Begin: 6/3/2011","Finish: 6/19/2011","Resource: 4.00 Hrs","$49.00","$49.00","Mod: 6/19/2011"
"Order#65","Item#747","Step 1","Loc: 10","Start: 6/3/2011","End: 6/14/2011","Begin: 6/3/2011","Finish: 6/19/2011","Resource: 4.10 Hrs","$92.25","$92.25","Mod: 6/19/2011"
"Order#65","Item#747","Step 2","Loc: 20","Start: 6/3/2011","End: 6/14/2011","Begin: 6/3/2011","Finish: 6/19/2011","Resource: 3.50 Hrs","$87.50","$87.50","Mod: 6/19/2011"
"Order#65","Item#747","Step 3","Loc: 30","Start: 6/3/2011","End: 6/14/2011","Begin: 6/3/2011","Finish: 6/19/2011","Resource: 1.00 Hrs","$14.50","$14.50","Mod: 6/19/2011"
"Order#65","Item#747","Step 4","Loc: 40","Start: 6/3/2011","End: 6/14/2011","Begin: 6/3/2011","Finish: 6/19/2011","Resource: 2.00 Hrs","$31.50","$31.50","Mod: 6/19/2011"
"Order#65","Item#747","Step 6","Loc: 50","Start: 6/3/2011","End: 6/14/2011","Begin: 6/3/2011","Finish: 6/19/2011","Resource: 3.00 Hrs","$36.75","$36.75","Mod: 6/19/2011"
"Order#65","Item#747","Step 7","Loc: 60","Start: 6/3/2011","End: 6/14/2011","Begin: 6/3/2011","Finish: 6/19/2011","Resource: 4.00 Hrs","$49.00","$49.00","Mod: 6/19/2011"
"Order#66","Item#748","Step 1","Loc: 10","Start: 6/3/2011","End: 6/14/2011","Begin: 6/3/2011","Finish: 6/19/2011","Resource: 4.10 Hrs","$92.25","$92.25","Mod: 6/19/2011"
"Order#66","Item#748","Step 2","Loc: 20","Start: 6/3/2011","End: 6/14/2011","Begin: 6/3/2011","Finish: 6/19/2011","Resource: 3.50 Hrs","$87.50","$87.50","Mod: 6/19/2011"
"Order#66","Item#748","Step 3","Loc: 30","Start: 6/3/2011","End: 6/14/2011","Begin: 6/3/2011","Finish: 6/19/2011","Resource: 1.00 Hrs","$14.50","$14.50","Mod: 6/19/2011"
"Order#66","Item#748","Step 5","Loc: 45","Start: 6/3/2011","End: 6/14/2011","Begin: 6/3/2011","Finish: 6/19/2011","Resource: 2.00 Hrs","$36.00","$36.00","Mod: 6/19/2011"
"Order#66","Item#748","Step 6","Loc: 50","Start: 6/3/2011","End: 6/14/2011","Begin: 6/3/2011","Finish: 6/19/2011","Resource: 3.00 Hrs","$36.75","$36.75","Mod: 6/19/2011"
"Order#66","Item#748","Step 7","Loc: 60","Start: 6/3/2011","End: 6/14/2011","Begin: 6/3/2011","Finish: 6/19/2011","Resource: 4.00 Hrs","$49.00","$49.00","Mod: 6/19/2011"
"Order#67","Item#806","Step 6","Loc: 50","Start: 6/3/2011","End: 6/14/2011","Begin: 6/3/2011","Finish: 6/19/2011","Resource: 3.00 Hrs","$36.75","$36.75","Mod: 6/19/2011"
"Order#68","Item#807","Step 6","Loc: 50","Start: 6/3/2011","End: 6/14/2011","Begin: 6/3/2011","Finish: 6/19/2011","Resource: 3.00 Hrs","$36.75","$36.75","Mod: 6/19/2011"
"Order#69","Item#810","Step 1","Loc: 10","Start: 6/3/2011","End: 6/14/2011","Begin: 6/3/2011","Finish: 6/19/2011","Resource: 4.10 Hrs","$92.25","$92.25","Mod: 6/19/2011"
"Order#69","Item#810","Step 2","Loc: 20","Start: 6/3/2011","End: 6/14/2011","Begin: 6/3/2011","Finish: 6/19/2011","Resource: 3.50 Hrs","$87.50","$87.50","Mod: 6/19/2011"
"Order#69","Item#810","Step 6","Loc: 50","Start: 6/3/2011","End: 6/14/2011","Begin: 6/3/2011","Finish: 6/19/2011","Resource: 3.00 Hrs","$36.75","$36.75","Mod: 6/19/2011"
"Order#70","Item#811","Step 1","Loc: 10","Start: 6/3/2011","End: 6/14/2011","Begin: 6/3/2011","Finish: 6/19/2011","Resource: 4.10 Hrs","$92.25","$92.25","Mod: 6/19/2011"
"Order#70","Item#811","Step 2","Loc: 20","Start: 6/3/2011","End: 6/14/2011","Begin: 6/3/2011","Finish: 6/19/2011","Resource: 3.50 Hrs","$87.50","$87.50","Mod: 6/19/2011"
"Order#70","Item#811","Step 6","Loc: 50","Start: 6/3/2011","End: 6/14/2011","Begin: 6/3/2011","Finish: 6/19/2011","Resource: 3.00 Hrs","$36.75","$36.75","Mod: 6/19/2011"
"Order#71","Item#812","Step 1","Loc: 10","Start: 6/3/2011","End: 6/14/2011","Begin: 6/3/2011","Finish: 6/19/2011","Resource: 4.10 Hrs","$92.25","$92.25","Mod: 6/19/2011"
"Order#71","Item#812","Step 2","Loc: 20","Start: 6/3/2011","End: 6/14/2011","Begin: 6/3/2011","Finish: 6/19/2011","Resource: 3.50 Hrs","$87.50","$87.50","Mod: 6/19/2011"
"Order#71","Item#812","Step 6","Loc: 50","Start: 6/3/2011","End: 6/14/2011","Begin: 6/3/2011","Finish: 6/19/2011","Resource: 3.00 Hrs","$36.75","$36.75","Mod: 6/19/2011"
"Order#72","Item#813","Step 1","Loc: 10","Start: 6/3/2011","End: 6/14/2011","Begin: 6/3/2011","Finish: 6/19/2011","Resource: 4.10 Hrs","$92.25","$92.25","Mod: 6/19/2011"
"Order#72","Item#813","Step 2","Loc: 20","Start: 6/3/2011","End: 6/14/2011","Begin: 6/3/2011","Finish: 6/19/2011","Resource: 3.50 Hrs","$87.50","$87.50","Mod: 6/19/2011"
"Order#72","Item#813","Step 6","Loc: 50","Start: 6/3/2011","End: 6/14/2011","Begin: 6/3/2011","Finish: 6/19/2011","Resource: 3.00 Hrs","$36.75","$36.75","Mod: 6/19/2011"
"Order#73","Item#817","Step 6","Loc: 50","Start: 6/3/2011","End: 6/14/2011","Begin: 6/3/2011","Finish: 6/19/2011","Resource: 3.00 Hrs","$36.75","$36.75","Mod: 6/19/2011"
"Order#74","Item#818","Step 6","Loc: 50","Start: 6/3/2011","End: 6/14/2011","Begin: 6/3/2011","Finish: 6/19/2011","Resource: 3.00 Hrs","$36.75","$36.75","Mod: 6/19/2011"
"Order#75","Item#819","Step 6","Loc: 50","Start: 6/3/2011","End: 6/14/2011","Begin: 6/3/2011","Finish: 6/19/2011","Resource: 3.00 Hrs","$36.75","$36.75","Mod: 6/19/2011"
"Order#76","Item#820","Step 6","Loc: 50","Start: 6/3/2011","End: 6/14/2011","Begin: 6/3/2011","Finish: 6/19/2011","Resource: 3.00 Hrs","$36.75","$36.75","Mod: 6/19/2011"
"Order#77","Item#825","Step 6","Loc: 50","Start: 6/3/2011","End: 6/14/2011","Begin: 6/3/2011","Finish: 6/19/2011","Resource: 3.00 Hrs","$36.75","$36.75","Mod: 6/19/2011"
"Order#78","Item#826","Step 6","Loc: 50","Start: 6/3/2011","End: 6/14/2011","Begin: 6/3/2011","Finish: 6/19/2011","Resource: 3.00 Hrs","$36.75","$36.75","Mod: 6/19/2011"
"Order#79","Item#827","Step 6","Loc: 50",""
