"```csv"
"Event Began Date","Event Began Time","Restoration Date","Restoration Time","Area Affected Location","Nerc Region","Incident Type","Loss of Demand (MW)","Customer Impacted"
"Oe-417 Electric Emergency And Disturbance (Oe-417) Events, 20131","Unnamed: 1","Unnamed: 2","Unnamed: 3","Unnamed: 4","Unnamed: 5","Unnamed: 6","Unnamed: 7","Unnamed: 8"
"Date Event Began","Time Event Began","Date of Restoration","Time of Restoration","Area Affected","NERC Region","Event Type","Demand Loss (MW)","Number of Customers Affected"
"January  ","","","","","","","",""
"01/07/2013","10:43 AM","01/07/2013","10:43 AM","denton, maryland","Rfc","PHYSICIAL ATTACK; VANDALISM","Unkn","Unkn"
"1/16/2013","2:25 PM","1/16/2013","2:25 PM","Denton, MD","RFC","Physcial Attack; vandalism","Unknown","Unknown"
"1/16/2013","4:45 PM","1/16/2013","7:26 PM","San Juan County, NM","WECC","Suspected attack","0.0","0"
"1/16/2013 00:00","7:41 AM","1/17/2013","10:58 AM","Webster County, IA","MRO","Phyiscal Attack","",""
"2013-01-17 00:00:00","18:07:00","2013-01-20 00:00:00","19:30:00","Southwest Virginia, Southern West Virginia","rfc","SEVERE WEATHER - WINTER STORM","Unk","127K"
"2013-01-17","19:02","1/19/2013","6:00 PM","Northeast Tennessee","SERC","Severe Weather - Winter Storm","Unknown","80000"
"2013-01-17","8:35 PM","2013-01-17","9:20 PM","Elizabeth City, NC","SERC","Distribution Interruption","40.00","12000"
"01/20/2013 00:00","3:30 AM","01/23/2013","6:15 am","Southeastern Michigan","RFC","Severe Weather - Wind Storm","Unknown","146500"
"2013-01-28","4:46 PM","1/28/2013","6:00 PM","Tacoma Narrows Crossing, WA","WECC","Attack","Unknown","Unknown"
"1/31/2013","03:05 AM","1/31/2013","04:48 AM","Central and Eastern Virginia","SERC","Severe Weather - Wind Storm","188.0","119000"
"2013-01-31 00:00","06:30:00","1/31/2013","10:00 AM","connecticut","NPCC","wind","75","75000"
"February  ","","","","","","","",""
"02/02/2013 00:00","9:15 PM","02/02/2013","10:15:00 PM","El Paso, New Mexico","WECC","vandalism","",""
"2013-02-07","8:32 AM","02/07/2013","09:47 AM","Cincinnati, OH","rfc","Vandalism","Unk","0"
"2013-02-08","11:38 AM","2013-02-08","2:17 PM","District of Columbia; Prince George's County Maryland","RFC","Equip Trip & Fail","140","52000"
"2013-02-08","08:00 PM","2/11/2013","8:30:00 PM","Central and eastern Massachusetts; Rhode Island","NPCC","Severe Weather - Winter Storm Nemo","","50000"
"2013-02-08 00:00","8:55 PM","2/12/2013","4:00:00 AM","Boston area and Southeast Massachusetts","NPCC","Severe Weather - Winter Storm Nemo","Unknown","50000"
"2/9/2013","8:30 AM","2013-02-09","3:00 PM","El Paso, NM","WECC","Vandalism; Equip Fault","Unknown","Unknown"
"2013-02-10 00:00","7:46 PM","2/10/2013","8:15:00 PM","Puerto Rico","","Generator Trip; Voltage Reduction","350.0","Unknown"
"2/13/2013 00:00","09:30:00","02/13/2013","09:30:00","Fort Washington, MD","rfc","Vandalism","1","1"
"2013-02-13 00:00","5:39 PM","02/15/2013","5:50 PM","Eastern Massachusetts","NPCC","Fuel Supply Emergency - Petroleum","1","1"
"2013-02-15","0:00","2/15/2013","0:01","Tuxedo, MD","RFC","Vandalism","",""
"2013-02-16 00:00","07:54:00","02/16/2013","7:54 am","Prince George's County Maryland","RFC","Vandalism","1","1"
"2013-02-19 00:00","04:01 PM","2/20/2013","12:55 PM","Stockton, CA","WECC","Electrical System Separation (Islanding)","13850.0","6810"
"02/21/2013","11:00","02/21/2013","11:30:00","Las Cruces, New Mexico","Wecc","Vandalism","Unknown","Unknown"
"2/26/2013 00:00","1:00 PM","03/01/2013","10:00 am","Northern Missouri","SERC","Severe Weather - Winter Storm Nemo","Unknown","56444"
"March","","","","","","","",""
"2013-03-03 00:00","6:39 AM","03/03/2013","10:29 AM","Merced County, California","WECC","Transmission System Interruption","300","58850"
"2013-03-03 00:00","16:27:00","3/3/2013","6:20 PM","Tacoma Park, Maryland","RFC","vandal","Unknown","Unknown"
"2013-03-04 00:00","9:49 AM","3/4/2013","10:00 PM","Metropolitan area Puerto Rico","","Equipment Failure; Transmission System Interruption","Unknown","Unknown"
"2013-03-06 00:00","8:22 AM","3/7/2013","10:27 AM","Northwest Virginia","SERC","Severe Weather - Winter Storm","400","233000"
"2013-03-18 00:00","5:21 AM","3/18/2013","5:41 AM","Systemwide Puerto Rico","","Generator Trip; Load Shed","350.0","262937"
"2013-03-18","5:50 PM","3/18/2013","6:07 PM","Northeast Florida","FRCC","Suspected Physical Attack","0","0"
"3/18/2013 00:00","7:30 PM","3/20/2013","2:30 PM","North/Central Alabama; GA","SERC","Severe Weather - Thunderstorms","800","240000"
"2013-03-23 00:00","7:00 AM","03/23/2013","09:00:00","Connecticut","NPCC","vandal","Unknown","Unknown"
"3/27/2013 00:00","10:25 am","3/27/2013","12:19 PM","Western Massachusetts","NPCC","Physical Attack; Vandalism","Unknown","Unknown"
"3/28/2013","1:01 PM","3/28/2013","1:02 PM","Wilmington, DE","RFC","vandalism","Unknown","Unknown"
"2013-03-29 00:00","10:16 am","03/29/2013","10:17 AM","Maryland","RFC","Suspected attack","Unknown","Unknown"
"April","","","","","","","",""
"2013-04-01 00:00","08:40:00","04/01/2013","08:41:00","Connecticut","NPCC","Vandalism - Copper Wire Theft","Unknown","Unknown"
"2013-04-03","11:05 AM","4/3/2013","2:00 PM","Colorado Springs, Colorado","WECC","Sabotage; Vandalism","0","0"
"2013-04-09 00:00","11:30 AM","04/09/2013","11:31 AM","Delaware City, Delaware","RFC","Vandalism","",""
"4/16/2013","1:47 AM","4/18/2013","3:25 pm","California","WECC","Loss of Part of a High Voltage Substation, Physical Attack","","0"
"2013-04-17 00:00","3:36 PM","04/17/2013","4:53 pm","Colbert Steam Plant in Cherokee, Alabama","SERC","Suspected Physcial Attack","Unknown","Unknown"
"2013-04-18 00:00","3:00 PM","4/21/2013","3:30 AM","Southeast Michigan, MI","RFC","Severe Weather - Storms and Wind","Unknown","99188"
"2013-04-21 00:00","02:11:00","04/21/2013","12:30:00","East Tennessee","SERC","Suspected Physcial Attack","",""
"2013-04-23","11:00 AM","2013-04-23","11:01 am","Newark, Delaware","RFC","Vandalism","Unknown","Unknown"
"2013-04-23","12:49 AM","4/23/2013","4:04 AM","South of Humboldt, California","WECC","Electrical System Separation (Islanding)","80","1"
"2013-04-25","4:00 PM","4/26/2013","10:55 AM","Sunol, California","WECC","Vandalism","0","0"
"May","","","","","","","",""
"2013-05-01 00:00","9:22 AM","5/1/2013","9:24 AM","Northeast Colorado ","WECC","Electrical System Separation (Islanding)","123","35230"
"2013-05-02","06:52:00","05/02/2013","10:07:00","Unknown","WECC","Electrical System Separation (Islanding)","Unknown","Unknown"
"2013-05-09","1:21 PM","2013-05-09","4:21 pm","Alberta, Canada; Washington State","WECC","Electrical System Separation (Islanding)","Unknown","Unknown"
"2013-05-13","12:52 PM","ongoing","ongoing","Central California","WECC","Fuel Supply Emergency - Hydro","176","Unknown"
"2013-05-14","0:01","05/14/2013","1:59 PM","Portland, Oregon","WECC","Vandalism/Theft","",""
"2013-05-14 00:00","10:25 AM","5/14/2013","11:42 am","New Hampshire","NPCC","Vandalism","",""
"2013-05-15","2:11 PM","5/15/2013","2:12 PM","Wilmington, Delaware","RFC","Vandalism","Unknown","Unknown"
"2013-05-17","8:35 AM","2013-05-17","8:36 AM","Newcastle, DE","RFC","Vandalism","Unknown","Unknown"
"2013-05-20 00:00","3:00 PM","5/22/2013","5:00 PM","Moore, Oklahoma","SPP","SEVERE WEATHER - TORNADOS","Unknown","41306"
"2013-05-20 00:00","5:22 PM","5/20/2013","9:09 PM","Gonzales Area Louisiana","SERC","Generator Trip; Load Shed 100+ MW","103","21800"
"2013-05-22 00:00","10:51:00","05/22/2013","10:57:00","System wide Puerto Rico","","System Wide Voltage Reduction","280","197287"
"2013-05-28","1:00 PM","05/28/2013","6:00:00 pm","Maine","NPCC","Vandalism/Theft","",""
"5/29/2013","12:00 AM","2013-05-29","12:02 AM","Henrico County, Virginia","SERC","Physical Attack","Unknown","Unknown"
"2013-05-29","8:58 PM","5/31/2013","2:53 PM","Central and Eastern New York","NPCC","Severe Weather - Thunderstorms","Unknown","61795"
"2013-05-29 00:00","09:52:00","05/29/2013","09:53:00","Wilmington, Delaware","RFC","Vandalism/Theft","",""
"5/30/2013 00:00","10:15 AM","05/30/2013","10:16 AM","Saranac, New York","NPCC","Vandalism","",""
"2013-05-31 00:00","01:00:00","05/31/2013","01:30:00","Maumelle, Arkansas","SPP","Severe Weather - Lightning","",""
"2013-05-31 00:00","6:00 pm","06/04/2013","10:30 am","El Reno, S. Oklahoma City, Oklahoma","SPP","Severe Weather - Tornados","Unknown","127000"
"2013-05-31 00:00","7:07 PM","06/01/2013","2:15 pm","Southeast Kansas, Northeast Oklahoma","MRO","Transmission System Interruption","102","6300"
"2013-05-31 00:00","7:30 pm","6/1/2013","8:00 PM","St. Louis Metro Area Missouri","SERC","Severe Weather - Thunderstorms","Unknown","100000"
"June","","","","","","","",""
"2013-06-03 00:00","12:50 PM","06/03/2013","1:36 PM","Alberta, Canada","WECC","Electrical System Separation (Islanding)","Unknown","Unknown"
"2013-06-13 00:00","8:47 PM","6/14/2013","10:47 pm","Southern Company Territory","SERC","Severe Weather - Thunderstorms","550","165798"
"2013-06-13 00:00","3:30 PM","6/13/2013","4:00 PM","District of Columbia; Maryland","RFC","Loss of 300+ MW Load; Severe Weather - Thunderstorms","700","40000"
"2013-06-13","4:08 pm","06/14/2013","5:16 pm","Richmond Metro area, Virginia","SERC","Severe Weather - Thunderstorms","900","283000"
"2013-06-13 00:00","1:17 PM","06/14/2013","5:35 pm","Western Piedmont North Carolina","SERC","Severe Weather - Thunderstorms","1000","175000"
"2013-06-13","5:45 pm","2013-06-14","6:30 pm","Central and Eastern North Carolina","SERC","Severe Weather - Thunderstorms","Unknown","53000"
"2013-06-13 00:00","3:20 PM","6/14/2013","9:10 pm","Ohio; Virginia; West Virginia","RFC; SERC","Severe Weather - Thunderstorms","Unknown","90247"
"2013-06-17 00:00","4:17 pm","06/17/2013","6:49 pm","Hillsborough County Florida","FRCC","Load Shed of 100+ MW Under Emergency Operational Policy","180","37"
"2013-06-18 00:00","3:51 PM","6/18/2013","4:23 pm","Wyoming","WECC","Electrical System Separation (Islanding)","6","Unknown"
"2013-06-19 00:00","19:57:00","06/19/2013","20:09:00","Alberta, Canada","WECC","Electrical System Separation (Islanding)","Unknown","Unknown"
"6/20/2013 00:00","6:00 PM","2013-06-21","10:00 AM","Richie Station (No. 123), Maryland","RFC","Physcial Attack; Vandalism","Unknown","Unknown"
"6/21/2013 00:00","8:31 AM","10/30/2013","2:09 pm","Michigan, Iowa","MRO","Suspected Cyber Attack","Unknown","Unknown"
"2013-06-21 00:00","07:40:00","06/21/2013","12:14:00","Pahrump Nevada","WECC","Physical Attack; Vandalism & Sabotage","Unknown","1100"
"2013-06-21","3:00 AM","6/26/2013","12:00:00","Minnesota","MRO","Severe Weather - Hailstorm","Unknown","193000"
"2013-06-21","11:14 PM","6/21/2013","11:15 PM","New Castle Delaware","RFC","Physical Attack; Vandalism  ","Unknown","Unknown"
"2013-06-21 00:00","5:39 PM","6/24/2013","6:00 AM","Minneapolis/St. Paul area Minnesota","MRO","Severe Weather - Hailstorm","Unknown","400000"
"2013-06-22","4:12 PM","6/22/2013","5:45 pm","Eastern Montana","WECC","Suspected Physical Attack","Unknown","Unknown"
"2013-06-22","4:59 AM","6/22/2013","9:28 PM","Medford Oregon","WECC","Physical Attack; Vandalism  ","",""
"2013-06-23 00:00","21:20:00","06/24/2013","01:35:00","Central Coast California","WECC","Severe Weather - Fog","Unknown","148000"
"2013-06-24 00:00","7:30 PM","6/25/2013","5:46 pm","Illinois","RFC","Severe Weather - Thunderstorms","Unknown","283451"
"6/24/2013","7:30 pm","06/26/2013","17:00:00","Indiana","RFC","Severe Weather - Thunderstorms","Unknown","86615"
"2013-06-27 00:00","5:00 pm","6/28/2013","12:00 AM","South Eastern Michigan","RFC","Severe Weather - Thunderstorms","Unknown","138000"
"2013-06-27 00:00","1:10 AM","6/27/2013","2:45 am","Richie Substation,Seat Pleasant, Maryland","RFC","Physcial Attack; Vandalism  ","Unknown","Unknown"
"2013-06-28","6:02 PM","06/28/2013","8:46 pm","Los Angeles and Orange Counties, California","WECC","Equipment Failure","240","65255"
"2013-06-28 00:00","13:00:00","06/28/2013","13:01:00","Vermont","NPCC","Physical Attack; Vandalism  ","Unknown","Unknown"
"6/28/2013 00:00","5:14 PM","6/28/2013","5:15 pm","New Castle Delaware","RFC","Attack; Vandalism  ","Unknown","Unknown"
"July","","","","","","","",""
"2013-07-02 00:00","2:20 PM","7/5/2013","3:30 PM","Alberta, Canada","WECC","Load Shed 100+MW","200","Unknown"
"2013-07-03 00:00","9:34 AM","7/3/2013","10:52 am","Sacramento California","WECC","Suspected Physcial Attack","0","0"
"7/3/2013","12:04 PM","2013-07-03","12:48 PM","System-wide Puerto Rico","","Voltage Reduction; Line and Generator Trip","480","393000"
"2013-07-05 00:00","12:05 am","7/5/2013","1:51 AM","California","WECC","Physical Attack; Vandalism","Unknown","2500"
"2013-07-10 00:00","2:30 PM","7/10/2013","2:45 PM","Boston, Massachusetts","NPCC","Physical Attack; Copper Theft","0","0"
"2013-07-10 00:00","5:30 pm","7/11/2013","8:00 PM","AEP Ohio Power Footprint","RFC","Severe Weather - Thunderstorms","","122314"
"2013-07-11 00:00","23:20:00","07/14/2013","15:22:00","Arizona","WECC","Physical Attack; Vandalism","455","Unknown"
"7/12/2013 00:00","10:00:00","07/12/2013","10:01:00","Washington","WECC","Physical Attack; Vandalism","Unknown","Unknown"
"2013-07-17","3:30 PM","7/19/2013","6:45 am","Holtsville, NY","NPCC","Fuel Supply Emergency (Natural Gas)","417","Unknown"
"7/18/2013","3:15 AM","2013-07-18","3:59 am","Utah","WECC","Physical Attack; Vandalism   ","",""
"2013-07-18 00:00","11:30 am","7/19/2013","5:30 pm","Upstate New York","NPCC","Public Appeal - Heatwave","Unknown","Unknown"
"2013-07-18","11:45 PM","7/19/2013","10:05 AM","Southern Orange County California","WECC","Equipment Failure","200","123000"
"2013-07-19 00:00","6:00 pm","7/20/2013","9:00 AM","Michigan","RFC","Severe Weather - Thunderstorms","Unknown","156627"
"2013-07-19 00:00","10:30 PM","7/21/2013","8:00 PM","New York","NPCC","Severe Weather - Thunderstorms","Unknown","74300"
"7/22/2013 00:00","7:00 AM","07/22/2013","15:00:00","California","WECC","Physical Attack; Vandalism","Unknown","Unknown"
"2013-07-23 00:00","23:38:00","07/25/2013","04:30:00","Tulsa, Oklahoma","SPP","Severe Weather - Thunderstorms","500","92748"
"7/25/2013","1:10 PM","07/25/2013","1:15 PM","Polk Substation, Tacoma Washington","WECC","Physical Attack; Vandalism","",""
"August","","","","","","","",""
"2013-08-01 00:00","11:00:00","08/01/2013","16:00:00","Newburgh, New York","NPCC","Physical Attack; Copper Theft","",""
"2013-08-01 00:00","6:54 pm","8/1/2013","7:37 PM","Western British Columbia","WECC","Electrical System Separation (Islanding","420","Unknown"
"2013-08-01 00:00","11:19 PM","8/2/2013","12:49 am","Daytona Beach Florida","FRCC","Loss of 300+ MW Load","297","104498"
"8/4/2013","3:00 am","8/4/2013","4:00 AM","Utah","WECC","Physical Attack; Vandalism","",""
"8/5/2013","6:35 PM","08/05/2013","6:45 pm","Vancouver, British Columbia","WECC","Electrical System Separation (Islanding); Severe Weather","Unknown","Unknown"
"2013-08-06 00:00","4:00 PM","8/6/2013","5:32 pm","Holloman Air Force Base, New Mexico","WECC","Physcial Attack; Vandalism","Unknown","Unknown"
"2013-08-07 00:00","7:30 am","8/7/2013","9:14 am","Green Bay, Wisconsin","MRO","Fuel Supply Emergency (Natural Gas & Fuel Oil)","Unknown","Unknown"
"2013-08-07","2:30 pm","2013-08-08","1:00 pm","Arlington, Oregon","WECC","Physcial Attack; Vandalism","Unknown","Unknown"
"2013-08-07 00:00","12:15 AM","8/7/2013","9:27 PM","Eastern Central Wisconsin","MRO","Severe Weather - Thunderstorms","220","51160"
"8/12/2013","11:55 AM","08/12/2013","11:59:00","Portland, Oregon","WECC","Suspicious Activity","Unknown","Unknown"
"2013-08-16 00:00","4:58 pm","8/17/2013","11:58 pm","Houston Service Area Texas","TRE","Severe Weather - Thunderstorms","Unknown","219681"
"2013-08-19 00:00","19:06:00","08/20/2013","06:02:00","Central California","WECC","Severe Weather - Lightning Strike","685","124000"
"2013-08-21 00:00","2:00 PM","8/21/2013","2:01 PM","Cabot, Arkansas","SERC","Physcial Attack; Sabotage","",""
"8/22/2013","8:40 am","8/22/2013","11:49 am","Gila River, Arizona","WECC","Physcial Attack; Sabotage","",""
"8/22/2013 00:00","12:55:00","08/22/2013","14:45:00","New Castle, Delaware","RFC","Physcial Attack; Vandalism","Unknown","Unknown"
"8/23/2013","7:30 am","8/23/2013","7:31 am","New Castle, Delaware","RFC","Physcial Attack; Vandalism","Unknown",""
"2013-08-26","8:15 PM","2013-08-26","8:16 PM","Tacoma Washington","WECC","Physcial Attack; Vandalism","Unknown","Unknown"
"2013-08-28","9:30 AM","8/28/2013","9:31 am","Sweetwater County Wyoming","WECC","Physcial Attack; Vandalism","",""
"2013-08-29 00:00","2:57 PM","8/29/2013","3:29 pm","Ashland, Wisconsin","MRO","Electrical System Separation (Islanding); Severe Weather","15","7000"
"8/29/2013","9:50 AM","08/29/2013","9:50 AM","Joplin, Missouri","","Physcial Attack; Vandalism","Unknown","Unknown"
"8/30/2013 00:00","7:30 PM","8/31/2013","1:30 AM","Entire ComEd territory Illinois","RFC","Severe Weather - Thunderstorms","Unknown","157000"
"September","","","","","","","",""
"2013-09-10 00:00","17:42:00","09/11/2013","00:02:00","Erie, Pennsylvania","RFC","Load Shed of 100+ MW","105","Unknown"
"2013-09-11 00:00","4:00 PM","9/15/2013","4:00 pm","Southeastern Michigan","RFC","Severe Weather - Thunderstorms","400","75000"
"2013-09-29","12:00 AM","09/29/2013","1:00 AM","Cabot Arkansas","SERC","Physcial Attack; Sabotage","Unknown","Unknown"
"October","","","","","","","",""
"2013-10-06","7:25 AM","2013-10-06","9:15 AM","Jacksonville, Arkansas","SPP","Physical Attack","Unknown","9200"
"10/11/2013","2:30 PM","10/11/2013","6:30 PM","Keo, Arkansas","SERC","Physical Attack","Unknown","Unknown"
"2013-10-16 00:00","11:15:00","10/16/2013","18:00:00","Roxboro Plant, North Carolina","SERC","Cyber Event with Potential to Cause Impact","0","0"
"10/19/2"
