Year,1969,Unnamed: 2,Unnamed: 3,Unnamed: 4
,,,,
Sum of Population,,,Indicator Name,
Country Name,Country Code,Indicator Code,"Population, total",Grand Total
Afghanistan,AFG,SP.POP.TOTL,11017409,11017409
Africa Eastern and Southern,AFE,SP.POP.TOTL,167088245,167088245
Africa Western and Central,AFW,SP.POP.TOTL,119203521,119203521
Albania,ALB,SP.POP.TOTL,2081695,2081695
Algeria,DZA,SP.POP.TOTL,13475960,13475960
American Samoa,ASM,SP.POP.TOTL,26375,26375
Andorra,AND,SP.POP.TOTL,18555,18555
Angola,AGO,SP.POP.TOTL,5763685,5763685
Antigua and Barbuda,ATG,SP.POP.TOTL,63819,63819
Arab World,ARB,SP.POP.TOTL,117053219,117053219
Argentina,ARG,SP.POP.TOTL,23508711,23508711
Armenia,ARM,SP.POP.TOTL,2424030,2424030
Aruba,ABW,SP.POP.TOTL,59052,59052
Australia,AUS,SP.POP.TOTL,12263000,12263000
Austria,AUT,SP.POP.TOTL,7441055,7441055
Azerbaijan,AZE,SP.POP.TOTL,5063300,5063300
"Bahamas, The",BHS,SP.POP.TOTL,177981,177981
Bahrain,BHR,SP.POP.TOTL,222469,222469
Bangladesh,BGD,SP.POP.TOTL,67294133,67294133
Barbados,BRB,SP.POP.TOTL,249444,249444
Belarus,BLR,SP.POP.TOTL,8960304,8960304
Belgium,BEL,SP.POP.TOTL,9646032,9646032
Belize,BLZ,SP.POP.TOTL,118040,118040
Benin,BEN,SP.POP.TOTL,2998222,2998222
Bermuda,BMU,SP.POP.TOTL,51306,51306
Bhutan,BTN,SP.POP.TOTL,298214,298214
Bolivia,BOL,SP.POP.TOTL,4488232,4488232
Bosnia and Herzegovina,BIH,SP.POP.TOTL,3737765,3737765
Botswana,BWA,SP.POP.TOTL,587066,587066
Brazil,BRA,SP.POP.TOTL,93045777,93045777
British Virgin Islands,VGB,SP.POP.TOTL,9533,9533
Brunei Darussalam,BRN,SP.POP.TOTL,131446,131446
Bulgaria,BGR,SP.POP.TOTL,8434172,8434172
Burkina Faso,BFA,SP.POP.TOTL,5513177,5513177
Burundi,BDI,SP.POP.TOTL,3454590,3454590
Cabo Verde,CPV,SP.POP.TOTL,279248,279248
Cambodia,KHM,SP.POP.TOTL,6604725,6604725
Cameroon,CMR,SP.POP.TOTL,6283462,6283462
Canada,CAN,SP.POP.TOTL,21028000,21028000
Caribbean small states,CSS,SP.POP.TOTL,2075219,2075219
Cayman Islands,CYM,SP.POP.TOTL,10165,10165
Central African Republic,CAF,SP.POP.TOTL,2051515,2051515
Central Europe and the Baltics,CEB,SP.POP.TOTL,98606630,98606630
Chad,TCD,SP.POP.TOTL,3651113,3651113
Channel Islands,CHI,SP.POP.TOTL,122039,122039
Chile,CHL,SP.POP.TOTL,9680282,9680282
China,CHN,SP.POP.TOTL,796025000,796025000
Colombia,COL,SP.POP.TOTL,20291942,20291942
Comoros,COM,SP.POP.TOTL,237001,237001
"Congo, Dem. Rep.",COD,SP.POP.TOTL,19570445,19570445
"Congo, Rep.",COG,SP.POP.TOTL,1356182,1356182
Costa Rica,CRI,SP.POP.TOTL,1789276,1789276
Cote d'Ivoire,CIV,SP.POP.TOTL,5192221,5192221
Croatia,HRV,SP.POP.TOTL,4391490,4391490
Cuba,CUB,SP.POP.TOTL,8666640,8666640
Curacao,CUW,SP.POP.TOTL,142581,142581
Cyprus,CYP,SP.POP.TOTL,641189,641189
Czechia,CZE,SP.POP.TOTL,9896580,9896580
Denmark,DNK,SP.POP.TOTL,4891860,4891860
Djibouti,DJI,SP.POP.TOTL,136078,136078
Dominica,DMA,SP.POP.TOTL,67934,67934
Dominican Republic,DOM,SP.POP.TOTL,4277035,4277035
Early-demographic dividend,EAR,SP.POP.TOTL,1215536741,1215536741
East Asia & Pacific,EAS,SP.POP.TOTL,1256164039,1256164039
East Asia & Pacific (excluding high income),EAP,SP.POP.TOTL,1086662478,1086662478
East Asia & Pacific (IDA & IBRD countries),TEA,SP.POP.TOTL,1071912603,1071912603
Ecuador,ECU,SP.POP.TOTL,5975236,5975236
"Egypt, Arab Rep.",EGY,SP.POP.TOTL,33811615,33811615
El Salvador,SLV,SP.POP.TOTL,3576485,3576485
Equatorial Guinea,GNQ,SP.POP.TOTL,322517,322517
Eritrea,ERI,SP.POP.TOTL,1212005,1212005
Estonia,EST,SP.POP.TOTL,1345249,1345249
Eswatini,SWZ,SP.POP.TOTL,429875,429875
Ethiopia,ETH,SP.POP.TOTL,27072571,27072571
Euro area,EMU,SP.POP.TOTL,290179378,290179378
Europe & Central Asia,ECS,SP.POP.TOTL,733044421,733044421
Europe & Central Asia (excluding high income),ECA,SP.POP.TOTL,153462746,153462746
Europe & Central Asia (IDA & IBRD countries),TEC,SP.POP.TOTL,348509849,348509849
European Union,EUU,SP.POP.TOTL,384226226,384226226
Faroe Islands,FRO,SP.POP.TOTL,37907,37907
Fiji,FJI,SP.POP.TOTL,520797,520797
Finland,FIN,SP.POP.TOTL,4623785,4623785
Fragile and conflict affected situations,FCS,SP.POP.TOTL,299325597,299325597
France,FRA,SP.POP.TOTL,51536014,51536014
French Polynesia,PYF,SP.POP.TOTL,110111,110111
Gabon,GAB,SP.POP.TOTL,583276,583276
"Gambia, The",GMB,SP.POP.TOTL,509440,509440
Georgia,GEO,SP.POP.TOTL,4080300,4080300
Germany,DEU,SP.POP.TOTL,77909682,77909682
Ghana,GHA,SP.POP.TOTL,8690383,8690383
Gibraltar,GIB,SP.POP.TOTL,26120,26120
Greece,GRC,SP.POP.TOTL,8772764,8772764
Greenland,GRL,SP.POP.TOTL,44900,44900
Grenada,GRD,SP.POP.TOTL,98204,98204
Guam,GUM,SP.POP.TOTL,86404,86404
Guatemala,GTM,SP.POP.TOTL,5257081,5257081
Guinea,GIN,SP.POP.TOTL,4198300,4198300
Guinea-Bissau,GNB,SP.POP.TOTL,581610,581610
Guyana,GUY,SP.POP.TOTL,690223,690223
Haiti,HTI,SP.POP.TOTL,4549334,4549334
Heavily indebted poor countries (HIPC),HPC,SP.POP.TOTL,205895893,205895893
High income,HIC,SP.POP.TOTL,1000566477,1000566477
Honduras,HND,SP.POP.TOTL,2670289,2670289
"Hong Kong SAR, China",HKG,SP.POP.TOTL,3863900,3863900
Hungary,HUN,SP.POP.TOTL,10298723,10298723
IBRD only,IBD,SP.POP.TOTL,2292098651,2292098651
Iceland,ISL,SP.POP.TOTL,203369,203369
IDA & IBRD total,IBT,SP.POP.TOTL,2791883177,2791883177
IDA blend,IDB,SP.POP.TOTL,153201747,153201747
IDA only,IDX,SP.POP.TOTL,346582779,346582779
IDA total,IDA,SP.POP.TOTL,499784526,499784526
India,IND,SP.POP.TOTL,533880544,533880544
Indonesia,IDN,SP.POP.TOTL,112517639,112517639
"Iran, Islamic Rep.",IRN,SP.POP.TOTL,28273482,28273482
Iraq,IRQ,SP.POP.TOTL,9403356,9403356
Ireland,IRL,SP.POP.TOTL,2932650,2932650
Isle of Man,IMN,SP.POP.TOTL,54074,54074
Israel,ISR,SP.POP.TOTL,2877000,2877000
Italy,ITA,SP.POP.TOTL,53537950,53537950
Jamaica,JAM,SP.POP.TOTL,1855127,1855127
Japan,JPN,SP.POP.TOTL,102219000,102219000
Jordan,JOR,SP.POP.TOTL,1473100,1473100
Kazakhstan,KAZ,SP.POP.TOTL,12156212,12156212
Kenya,KEN,SP.POP.TOTL,10939695,10939695
Kiribati,KIR,SP.POP.TOTL,56360,56360
"Korea, Dem. People's Rep.",PRK,SP.POP.TOTL,14767615,14767615
"Korea, Rep.",KOR,SP.POP.TOTL,31544266,31544266
Kosovo,XKX,SP.POP.TOTL,1231460,1231460
Kuwait,KWT,SP.POP.TOTL,749452,749452
Kyrgyz Republic,KGZ,SP.POP.TOTL,2894800,2894800
Lao PDR,LAO,SP.POP.TOTL,2606959,2606959
Late-demographic dividend,LTE,SP.POP.TOTL,1304068257,1304068257
Latin America & Caribbean,LCN,SP.POP.TOTL,278039112,278039112
Latin America & Caribbean (excluding high income),LAC,SP.POP.TOTL,247882537,247882537
Latin America & the Caribbean (IDA & IBRD countries),TLA,SP.POP.TOTL,266211242,266211242
Latvia,LVA,SP.POP.TOTL,2343173,2343173
Least developed countries: UN classification,LDC,SP.POP.TOTL,307260565,307260565
Lebanon,LBN,SP.POP.TOTL,2328159,2328159
Lesotho,LSO,SP.POP.TOTL,983202,983202
Liberia,LBR,SP.POP.TOTL,1429605,1429605
Libya,LBY,SP.POP.TOTL,2014293,2014293
Liechtenstein,LIE,SP.POP.TOTL,21084,21084
Lithuania,LTU,SP.POP.TOTL,3107321,3107321
Low & middle income,LMY,SP.POP.TOTL,2593204879,2593204879
Low income,LIC,SP.POP.TOTL,170666192,170666192
Lower middle income,LMC,SP.POP.TOTL,1019093245,1019093245
Luxembourg,LUX,SP.POP.TOTL,337500,337500
"Macao SAR, China",MAC,SP.POP.TOTL,255306,255306
Madagascar,MDG,SP.POP.TOTL,6484716,6484716
Malawi,MWI,SP.POP.TOTL,4521184,4521184
Malaysia,MYS,SP.POP.TOTL,9947597,9947597
Maldives,MDV,SP.POP.TOTL,119564,119564
Mali,MLI,SP.POP.TOTL,6177704,6177704
Malta,MLT,SP.POP.TOTL,304300,304300
Marshall Islands,MHL,SP.POP.TOTL,21305,21305
Mauritania,MRT,SP.POP.TOTL,1066754,1066754
Mauritius,MUS,SP.POP.TOTL,812405,812405
Mexico,MEX,SP.POP.TOTL,49233194,49233194
"Micronesia, Fed. Sts.",FSM,SP.POP.TOTL,57145,57145
Middle East & North Africa,MEA,SP.POP.TOTL,132264295,132264295
Middle East & North Africa (excluding high income),MNA,SP.POP.TOTL,123706020,123706020
Middle East & North Africa (IDA & IBRD countries),TMN,SP.POP.TOTL,123706020,123706020
Middle income,MIC,SP.POP.TOTL,2422538687,2422538687
Moldova,MDA,SP.POP.TOTL,2408469,2408469
Monaco,MCO,SP.POP.TOTL,23831,23831
Mongolia,MNG,SP.POP.TOTL,1262284,1262284
Montenegro,MNE,SP.POP.TOTL,513340,513340
Morocco,MAR,SP.POP.TOTL,14734255,14734255
Mozambique,MOZ,SP.POP.TOTL,8066951,8066951
Myanmar,MMR,SP.POP.TOTL,26585112,26585112
Namibia,NAM,SP.POP.TOTL,736120,736120
Nauru,NRU,SP.POP.TOTL,6581,6581
Nepal,NPL,SP.POP.TOTL,12167036,12167036
Netherlands,NLD,SP.POP.TOTL,12877984,12877984
New Caledonia,NCL,SP.POP.TOTL,104849,104849
New Zealand,NZL,SP.POP.TOTL,2772800,2772800
Nicaragua,NIC,SP.POP.TOTL,2348398,2348398
Niger,NER,SP.POP.TOTL,4525725,4525725
Nigeria,NGA,SP.POP.TOTL,54631914,54631914
North America,NAC,SP.POP.TOTL,223756306,223756306
North Macedonia,MKD,SP.POP.TOTL,1636345,1636345
Northern Mariana Islands,MNP,SP.POP.TOTL,9989,9989
Norway,NOR,SP.POP.TOTL,3847707,3847707
OECD members,OED,SP.POP.TOTL,908238681,908238681
Oman,OMN,SP.POP.TOTL,645255,645255
Other small states,OSS,SP.POP.TOTL,6363577,6363577
Pacific island small states,PSS,SP.POP.TOTL,1156327,1156327
Pakistan,PAK,SP.POP.TOTL,58460939,58460939
Palau,PLW,SP.POP.TOTL,11159,11159
Panama,PAN,SP.POP.TOTL,1470886,1470886
Papua New Guinea,PNG,SP.POP.TOTL,2446927,2446927
Paraguay,PRY,SP.POP.TOTL,2334992,2334992
Peru,PER,SP.POP.TOTL,13166767,13166767
Philippines,PHL,SP.POP.TOTL,36660799,36660799
Poland,POL,SP.POP.TOTL,32548300,32548300
Portugal,PRT,SP.POP.TOTL,8757705,8757705
Post-demographic dividend,PST,SP.POP.TOTL,832633761,832633761
Pre-demographic dividend,PRE,SP.POP.TOTL,236419165,236419165
Puerto Rico,PRI,SP.POP.TOTL,2684150,2684150
Qatar,QAT,SP.POP.TOTL,103025,103025
Romania,ROU,SP.POP.TOTL,20009141,20009141
Russian Federation,RUS,SP.POP.TOTL,129664000,129664000
Rwanda,RWA,SP.POP.TOTL,3861271,3861271
Samoa,WSM,SP.POP.TOTL,138233,138233
San Marino,SMR,SP.POP.TOTL,18026,18026
Sao Tome and Principe,STP,SP.POP.TOTL,76083,76083
Saudi Arabia,SAU,SP.POP.TOTL,3417114,3417114
Senegal,SEN,SP.POP.TOTL,4334974,4334974
Serbia,SRB,SP.POP.TOTL,7123249,7123249
Seychelles,SYC,SP.POP.TOTL,52365,52365
Sierra Leone,SLE,SP.POP.TOTL,2661365,2661365
Singapore,SGP,SP.POP.TOTL,2042500,2042500
Sint Maarten (Dutch part),SXM,SP.POP.TOTL,5948,5948
Slovak Republic,SVK,SP.POP.TOTL,4518607,4518607
Slovenia,SVN,SP.POP.TOTL,1713874,1713874
Small states,SST,SP.POP.TOTL,9595123,9595123
Solomon Islands,SLB,SP.POP.TOTL,172476,172476
Somalia,SOM,SP.POP.TOTL,3641015,3641015
South Africa,ZAF,SP.POP.TOTL,21614676,21614676
South Asia,SAS,SP.POP.TOTL,695251697,695251697
South Asia (IDA & IBRD),TSA,SP.POP.TOTL,695251697,695251697
South Sudan,SSD,SP.POP.TOTL,3365533,3365533
Spain,ESP,SP.POP.TOTL,33441054,33441054
Sri Lanka,LKA,SP.POP.TOTL,12013858,12013858
St. Kitts and Nevis,KNA,SP.POP.TOTL,45731,45731
St. Lucia,LCA,SP.POP.TOTL,101879,101879
St. Martin (French part),MAF,SP.POP.TOTL,5868,5868
St. Vincent and the Grenadines,VCT,SP.POP.TOTL,95058,95058
Sub-Saharan Africa,SSF,SP.POP.TOTL,286291766,286291766
Sub-Saharan Africa (excluding high income),SSA,SP.POP.TOTL,286239401,286239401
Sub-Saharan Africa (IDA & IBRD countries),TSS,SP.POP.TOTL,286291766,286291766
Sudan,SDN,SP.POP.TOTL,11298936,11298936
Suriname,SUR,SP.POP.TOTL,366906,366906
Sweden,SWE,SP.POP.TOTL,7968072,7968072
Switzerland,CHE,SP.POP.TOTL,6136387,6136387
Syrian Arab Republic,SYR,SP.POP.TOTL,6175166,6175166
Tajikistan,TJK,SP.POP.TOTL,2845273,2845273
Tanzania,TZA,SP.POP.TOTL,13036700,13036700
Thailand,THA,SP.POP.TOTL,34973782,34973782
Timor-Leste,TLS,SP.POP.TOTL,543356,543356
Togo,TGO,SP.POP.TOTL,2164814,2164814
Tonga,TON,SP.POP.TOTL,82885,82885
Trinidad and Tobago,TTO,SP.POP.TOTL,980706,980706
Tunisia,TUN,SP.POP.TOTL,5004697,5004697
Turkiye,TUR,SP.POP.TOTL,35787774,35787774
Turkmenistan,TKM,SP.POP.TOTL,2139024,2139024
Turks and Caicos Islands,TCA,SP.POP.TOTL,5652,5652
Tuvalu,TUV,SP.POP.TOTL,5631,5631
Uganda,UGA,SP.POP.TOTL,10014858,10014858
Ukraine,UKR,SP.POP.TOTL,46976256,46976256
United Arab Emirates,ARE,SP.POP.TOTL,239660,239660
United Kingdom,GBR,SP.POP.TOTL,55441750,55441750
United States,USA,SP.POP.TOTL,202677000,202677000
Upper middle income,UMC,SP.POP.TOTL,1403445442,1403445442
Uruguay,URY,SP.POP.TOTL,2773974,2773974
Uzbekistan,UZB,SP.POP.TOTL,11403150,11403150
Vanuatu,VUT,SP.POP.TOTL,83755,83755
"Venezuela, RB",VEN,SP.POP.TOTL,11040280,11040280
Viet Nam,VNM,SP.POP.TOTL,40582096,40582096
Virgin Islands (U.S.),VIR,SP.POP.TOTL,60300,60300
World,WLD,SP.POP.TOTL,3604811636,3604811636
"Yemen, Rep.",YEM,SP.POP.TOTL,6875859,6875859
Zambia,ZMB,SP.POP.TOTL,4197116,4197116
Zimbabwe,ZWE,SP.POP.TOTL,5058181,5058181
Grand Total,,,36688209319,36688209319
