Year,2012,Unnamed: 2,Unnamed: 3,Unnamed: 4
,,,,
Sum of Population,,,Indicator Name,
Country Name,Country Code,Indicator Code,"Population, total",Grand Total
Afghanistan,AFG,SP.POP.TOTL,30560034,30560034
Africa Eastern and Southern,AFE,SP.POP.TOTL,559609961,559609961
Africa Western and Central,AFW,SP.POP.TOTL,385360349,385360349
Albania,ALB,SP.POP.TOTL,2900401,2900401
Algeria,DZA,SP.POP.TOTL,37646166,37646166
American Samoa,ASM,SP.POP.TOTL,54489,54489
Andorra,AND,SP.POP.TOTL,76834,76834
Angola,AGO,SP.POP.TOTL,25177394,25177394
Antigua and Barbuda,ATG,SP.POP.TOTL,87260,87260
Arab World,ARB,SP.POP.TOTL,381030177,381030177
Argentina,ARG,SP.POP.TOTL,42161721,42161721
Armenia,ARM,SP.POP.TOTL,3024100,3024100
Aruba,ABW,SP.POP.TOTL,104110,104110
Australia,AUS,SP.POP.TOTL,22733465,22733465
Austria,AUT,SP.POP.TOTL,8429991,8429991
Azerbaijan,AZE,SP.POP.TOTL,9295784,9295784
"Bahamas, The",BHS,SP.POP.TOTL,375469,375469
Bahrain,BHR,SP.POP.TOTL,1208964,1208964
Bangladesh,BGD,SP.POP.TOTL,155070101,155070101
Barbados,BRB,SP.POP.TOTL,276938,276938
Belarus,BLR,SP.POP.TOTL,9446836,9446836
Belgium,BEL,SP.POP.TOTL,11106932,11106932
Belize,BLZ,SP.POP.TOTL,334414,334414
Benin,BEN,SP.POP.TOTL,10397657,10397657
Bermuda,BMU,SP.POP.TOTL,63646,63646
Bhutan,BTN,SP.POP.TOTL,717279,717279
Bolivia,BOL,SP.POP.TOTL,10515807,10515807
Bosnia and Herzegovina,BIH,SP.POP.TOTL,3670113,3670113
Botswana,BWA,SP.POP.TOTL,2108617,2108617
Brazil,BRA,SP.POP.TOTL,196876111,196876111
British Virgin Islands,VGB,SP.POP.TOTL,30345,30345
Brunei Darussalam,BRN,SP.POP.TOTL,405557,405557
Bulgaria,BGR,SP.POP.TOTL,7305888,7305888
Burkina Faso,BFA,SP.POP.TOTL,17172287,17172287
Burundi,BDI,SP.POP.TOTL,10071028,10071028
Cabo Verde,CPV,SP.POP.TOTL,511955,511955
Cambodia,KHM,SP.POP.TOTL,14945085,14945085
Cameroon,CMR,SP.POP.TOTL,20809529,20809529
Canada,CAN,SP.POP.TOTL,34713395,34713395
Caribbean small states,CSS,SP.POP.TOTL,2893251,2893251
Cayman Islands,CYM,SP.POP.TOTL,57136,57136
Central African Republic,CAF,SP.POP.TOTL,4610848,4610848
Central Europe and the Baltics,CEB,SP.POP.TOTL,103928128,103928128
Chad,TCD,SP.POP.TOTL,13210998,13210998
Channel Islands,CHI,SP.POP.TOTL,160767,160767
Chile,CHL,SP.POP.TOTL,17519119,17519119
China,CHN,SP.POP.TOTL,1354190000,1354190000
Colombia,COL,SP.POP.TOTL,45715810,45715810
Comoros,COM,SP.POP.TOTL,681630,681630
"Congo, Dem. Rep.",COD,SP.POP.TOTL,73254618,73254618
"Congo, Rep.",COG,SP.POP.TOTL,4740450,4740450
Costa Rica,CRI,SP.POP.TOTL,4663934,4663934
Cote d'Ivoire,CIV,SP.POP.TOTL,23467078,23467078
Croatia,HRV,SP.POP.TOTL,4260368,4260368
Cuba,CUB,SP.POP.TOTL,11303175,11303175
Curacao,CUW,SP.POP.TOTL,152088,152088
Cyprus,CYP,SP.POP.TOTL,1165397,1165397
Czechia,CZE,SP.POP.TOTL,10510785,10510785
Denmark,DNK,SP.POP.TOTL,5591572,5591572
Djibouti,DJI,SP.POP.TOTL,966747,966747
Dominica,DMA,SP.POP.TOTL,69118,69118
Dominican Republic,DOM,SP.POP.TOTL,10070411,10070411
Early-demographic dividend,EAR,SP.POP.TOTL,3058869436,3058869436
East Asia & Pacific,EAS,SP.POP.TOTL,2249081393,2249081393
East Asia & Pacific (excluding high income),EAP,SP.POP.TOTL,2006566431,2006566431
East Asia & Pacific (IDA & IBRD countries),TEA,SP.POP.TOTL,1981382735,1981382735
Ecuador,ECU,SP.POP.TOTL,15572194,15572194
"Egypt, Arab Rep.",EGY,SP.POP.TOTL,93161001,93161001
El Salvador,SLV,SP.POP.TOTL,6113975,6113975
Equatorial Guinea,GNQ,SP.POP.TOTL,1293483,1293483
Eritrea,ERI,SP.POP.TOTL,3036988,3036988
Estonia,EST,SP.POP.TOTL,1322696,1322696
Eswatini,SWZ,SP.POP.TOTL,1123863,1123863
Ethiopia,ETH,SP.POP.TOTL,95798767,95798767
Euro area,EMU,SP.POP.TOTL,340447763,340447763
Europe & Central Asia,ECS,SP.POP.TOTL,895889705,895889705
Europe & Central Asia (excluding high income),ECA,SP.POP.TOTL,233914075,233914075
Europe & Central Asia (IDA & IBRD countries),TEC,SP.POP.TOTL,446979977,446979977
European Union,EUU,SP.POP.TOTL,441416943,441416943
Faroe Islands,FRO,SP.POP.TOTL,48291,48291
Fiji,FJI,SP.POP.TOTL,914918,914918
Finland,FIN,SP.POP.TOTL,5413971,5413971
Fragile and conflict affected situations,FCS,SP.POP.TOTL,832872724,832872724
France,FRA,SP.POP.TOTL,65657659,65657659
French Polynesia,PYF,SP.POP.TOTL,273084,273084
Gabon,GAB,SP.POP.TOTL,1846889,1846889
"Gambia, The",GMB,SP.POP.TOTL,2043094,2043094
Georgia,GEO,SP.POP.TOTL,3728874,3728874
Germany,DEU,SP.POP.TOTL,80425823,80425823
Ghana,GHA,SP.POP.TOTL,26734268,26734268
Gibraltar,GIB,SP.POP.TOTL,32029,32029
Greece,GRC,SP.POP.TOTL,11045011,11045011
Greenland,GRL,SP.POP.TOTL,56810,56810
Grenada,GRD,SP.POP.TOTL,112775,112775
Guam,GUM,SP.POP.TOTL,166331,166331
Guatemala,GTM,SP.POP.TOTL,15089647,15089647
Guinea,GIN,SP.POP.TOTL,10921581,10921581
Guinea-Bissau,GNB,SP.POP.TOTL,1651417,1651417
Guyana,GUY,SP.POP.TOTL,746288,746288
Haiti,HTI,SP.POP.TOTL,10069771,10069771
Heavily indebted poor countries (HIPC),HPC,SP.POP.TOTL,675397557,675397557
High income,HIC,SP.POP.TOTL,1336612791,1336612791
Honduras,HND,SP.POP.TOTL,8715076,8715076
"Hong Kong SAR, China",HKG,SP.POP.TOTL,7150100,7150100
Hungary,HUN,SP.POP.TOTL,9920362,9920362
IBRD only,IBD,SP.POP.TOTL,4532139461,4532139461
Iceland,ISL,SP.POP.TOTL,320716,320716
IDA & IBRD total,IBT,SP.POP.TOTL,6038997419,6038997419
IDA blend,IDB,SP.POP.TOTL,509513096,509513096
IDA only,IDX,SP.POP.TOTL,997344862,997344862
IDA total,IDA,SP.POP.TOTL,1506857958,1506857958
India,IND,SP.POP.TOTL,1278674502,1278674502
Indonesia,IDN,SP.POP.TOTL,252698525,252698525
"Iran, Islamic Rep.",IRN,SP.POP.TOTL,79370580,79370580
Iraq,IRQ,SP.POP.TOTL,33654842,33654842
Ireland,IRL,SP.POP.TOTL,4599533,4599533
Isle of Man,IMN,SP.POP.TOTL,84335,84335
Israel,ISR,SP.POP.TOTL,7910500,7910500
Italy,ITA,SP.POP.TOTL,59539717,59539717
Jamaica,JAM,SP.POP.TOTL,2772430,2772430
Japan,JPN,SP.POP.TOTL,127629000,127629000
Jordan,JOR,SP.POP.TOTL,7587127,7587127
Kazakhstan,KAZ,SP.POP.TOTL,17306106,17306106
Kenya,KEN,SP.POP.TOTL,43888303,43888303
Kiribati,KIR,SP.POP.TOTL,112284,112284
"Korea, Dem. People's Rep.",PRK,SP.POP.TOTL,25211728,25211728
"Korea, Rep.",KOR,SP.POP.TOTL,50199853,50199853
Kosovo,XKX,SP.POP.TOTL,1807126,1807126
Kuwait,KWT,SP.POP.TOTL,3337109,3337109
Kyrgyz Republic,KGZ,SP.POP.TOTL,5652076,5652076
Lao PDR,LAO,SP.POP.TOTL,6518978,6518978
Late-demographic dividend,LTE,SP.POP.TOTL,2209331950,2209331950
Latin America & Caribbean,LCN,SP.POP.TOTL,600393759,600393759
Latin America & Caribbean (excluding high income),LAC,SP.POP.TOTL,539167194,539167194
Latin America & the Caribbean (IDA & IBRD countries),TLA,SP.POP.TOTL,584524334,584524334
Latvia,LVA,SP.POP.TOTL,2034319,2034319
Least developed countries: UN classification,LDC,SP.POP.TOTL,896684951,896684951
Lebanon,LBN,SP.POP.TOTL,5235742,5235742
Lesotho,LSO,SP.POP.TOTL,2034354,2034354
Liberia,LBR,SP.POP.TOTL,4373043,4373043
Libya,LBY,SP.POP.TOTL,6179328,6179328
Liechtenstein,LIE,SP.POP.TOTL,36657,36657
Lithuania,LTU,SP.POP.TOTL,2987773,2987773
Low & middle income,LMY,SP.POP.TOTL,5809649768,5809649768
Low income,LIC,SP.POP.TOTL,549451656,549451656
Lower middle income,LMC,SP.POP.TOTL,2635615131,2635615131
Luxembourg,LUX,SP.POP.TOTL,530946,530946
"Macao SAR, China",MAC,SP.POP.TOTL,567900,567900
Madagascar,MDG,SP.POP.TOTL,23462438,23462438
Malawi,MWI,SP.POP.TOTL,15709577,15709577
Malaysia,MYS,SP.POP.TOTL,29662831,29662831
Maldives,MDV,SP.POP.TOTL,386818,386818
Mali,MLI,SP.POP.TOTL,16957033,16957033
Malta,MLT,SP.POP.TOTL,420028,420028
Marshall Islands,MHL,SP.POP.TOTL,51419,51419
Mauritania,MRT,SP.POP.TOTL,3619034,3619034
Mauritius,MUS,SP.POP.TOTL,1255882,1255882
Mexico,MEX,SP.POP.TOTL,116818208,116818208
"Micronesia, Fed. Sts.",FSM,SP.POP.TOTL,107890,107890
Middle East & North Africa,MEA,SP.POP.TOTL,415046283,415046283
Middle East & North Africa (excluding high income),MNA,SP.POP.TOTL,363339829,363339829
Middle East & North Africa (IDA & IBRD countries),TMN,SP.POP.TOTL,359359831,359359831
Middle income,MIC,SP.POP.TOTL,5260198112,5260198112
Moldova,MDA,SP.POP.TOTL,2860324,2860324
Monaco,MCO,SP.POP.TOTL,34711,34711
Mongolia,MNG,SP.POP.TOTL,2839705,2839705
Montenegro,MNE,SP.POP.TOTL,620601,620601
Morocco,MAR,SP.POP.TOTL,33355241,33355241
Mozambique,MOZ,SP.POP.TOTL,24337846,24337846
Myanmar,MMR,SP.POP.TOTL,49837446,49837446
Namibia,NAM,SP.POP.TOTL,2194654,2194654
Nauru,NRU,SP.POP.TOTL,10267,10267
Nepal,NPL,SP.POP.TOTL,27534915,27534915
Netherlands,NLD,SP.POP.TOTL,16754962,16754962
New Caledonia,NCL,SP.POP.TOTL,271633,271633
New Zealand,NZL,SP.POP.TOTL,4408100,4408100
Nicaragua,NIC,SP.POP.TOTL,5901287,5901287
Niger,NER,SP.POP.TOTL,17836769,17836769
Nigeria,NGA,SP.POP.TOTL,176200625,176200625
North America,NAC,SP.POP.TOTL,348654703,348654703
North Macedonia,MKD,SP.POP.TOTL,1929821,1929821
Northern Mariana Islands,MNP,SP.POP.TOTL,53234,53234
Norway,NOR,SP.POP.TOTL,5018573,5018573
OECD members,OED,SP.POP.TOTL,1306608465,1306608465
Oman,OMN,SP.POP.TOTL,3547106,3547106
Other small states,OSS,SP.POP.TOTL,12554229,12554229
Pacific island small states,PSS,SP.POP.TOTL,2351924,2351924
Pakistan,PAK,SP.POP.TOTL,207667125,207667125
Palau,PLW,SP.POP.TOTL,17765,17765
Panama,PAN,SP.POP.TOTL,3759256,3759256
Papua New Guinea,PNG,SP.POP.TOTL,8081390,8081390
Paraguay,PRY,SP.POP.TOTL,5897008,5897008
Peru,PER,SP.POP.TOTL,29550366,29550366
Philippines,PHL,SP.POP.TOTL,100175512,100175512
Poland,POL,SP.POP.TOTL,38063164,38063164
Portugal,PRT,SP.POP.TOTL,10514844,10514844
Post-demographic dividend,PST,SP.POP.TOTL,1083068159,1083068159
Pre-demographic dividend,PRE,SP.POP.TOTL,798002725,798002725
Puerto Rico,PRI,SP.POP.TOTL,3634488,3634488
Qatar,QAT,SP.POP.TOTL,1722438,1722438
Romania,ROU,SP.POP.TOTL,20058035,20058035
Russian Federation,RUS,SP.POP.TOTL,143378447,143378447
Rwanda,RWA,SP.POP.TOTL,10829901,10829901
Samoa,WSM,SP.POP.TOTL,196498,196498
San Marino,SMR,SP.POP.TOTL,33469,33469
Sao Tome and Principe,STP,SP.POP.TOTL,189439,189439
Saudi Arabia,SAU,SP.POP.TOTL,26168861,26168861
Senegal,SEN,SP.POP.TOTL,13310495,13310495
Serbia,SRB,SP.POP.TOTL,7201497,7201497
Seychelles,SYC,SP.POP.TOTL,88303,88303
Sierra Leone,SLE,SP.POP.TOTL,6551080,6551080
Singapore,SGP,SP.POP.TOTL,5312437,5312437
Sint Maarten (Dutch part),SXM,SP.POP.TOTL,35023,35023
Slovak Republic,SVK,SP.POP.TOTL,5407579,5407579
Slovenia,SVN,SP.POP.TOTL,2057159,2057159
Small states,SST,SP.POP.TOTL,17799404,17799404
Solomon Islands,SLB,SP.POP.TOTL,573606,573606
Somalia,SOM,SP.POP.TOTL,12461160,12461160
South Africa,ZAF,SP.POP.TOTL,53782567,53782567
South Asia,SAS,SP.POP.TOTL,1721780232,1721780232
South Asia (IDA & IBRD),TSA,SP.POP.TOTL,1721780232,1721780232
South Sudan,SSD,SP.POP.TOTL,10756240,10756240
Spain,ESP,SP.POP.TOTL,46773055,46773055
Sri Lanka,LKA,SP.POP.TOTL,21169458,21169458
St. Kitts and Nevis,KNA,SP.POP.TOTL,47033,47033
St. Lucia,LCA,SP.POP.TOTL,172587,172587
St. Martin (French part),MAF,SP.POP.TOTL,37276,37276
St. Vincent and the Grenadines,VCT,SP.POP.TOTL,108736,108736
Sub-Saharan Africa,SSF,SP.POP.TOTL,944970310,944970310
Sub-Saharan Africa (excluding high income),SSA,SP.POP.TOTL,944882007,944882007
Sub-Saharan Africa (IDA & IBRD countries),TSS,SP.POP.TOTL,944970310,944970310
Sudan,SDN,SP.POP.TOTL,36923178,36923178
Suriname,SUR,SP.POP.TOTL,562633,562633
Sweden,SWE,SP.POP.TOTL,9519374,9519374
Switzerland,CHE,SP.POP.TOTL,7996861,7996861
Syrian Arab Republic,SYR,SP.POP.TOTL,22759763,22759763
Tajikistan,TJK,SP.POP.TOTL,8014084,8014084
Tanzania,TZA,SP.POP.TOTL,47374260,47374260
Thailand,THA,SP.POP.TOTL,69436098,69436098
Timor-Leste,TLS,SP.POP.TOTL,1134885,1134885
Togo,TGO,SP.POP.TOTL,7100736,7100736
Tonga,TON,SP.POP.TOTL,107460,107460
Trinidad and Tobago,TTO,SP.POP.TOTL,1335194,1335194
Tunisia,TUN,SP.POP.TOTL,11009647,11009647
Turkiye,TUR,SP.POP.TOTL,75175827,75175827
Turkmenistan,TKM,SP.POP.TOTL,5808546,5808546
Turks and Caicos Islands,TCA,SP.POP.TOTL,32127,32127
Tuvalu,TUV,SP.POP.TOTL,10934,10934
Uganda,UGA,SP.POP.TOTL,34337438,34337438
Ukraine,UKR,SP.POP.TOTL,46210056,46210056
United Arab Emirates,ARE,SP.POP.TOTL,7391448,7391448
United Kingdom,GBR,SP.POP.TOTL,63700215,63700215
United States,USA,SP.POP.TOTL,313877662,313877662
Upper middle income,UMC,SP.POP.TOTL,2624582981,2624582981
Uruguay,URY,SP.POP.TOTL,3335401,3335401
Uzbekistan,UZB,SP.POP.TOTL,29261903,29261903
Vanuatu,VUT,SP.POP.TOTL,248883,248883
"Venezuela, RB",VEN,SP.POP.TOTL,29553826,29553826
Viet Nam,VNM,SP.POP.TOTL,89510356,89510356
Virgin Islands (U.S.),VIR,SP.POP.TOTL,108188,108188
West Bank and Gaza,PSE,SP.POP.TOTL,3979998,3979998
World,WLD,SP.POP.TOTL,7175816385,7175816385
"Yemen, Rep.",YEM,SP.POP.TOTL,28433647,28433647
Zambia,ZMB,SP.POP.TOTL,14913629,14913629
Zimbabwe,ZWE,SP.POP.TOTL,13817887,13817887
Grand Total,,,76540245694,76540245694
