"OE-417 Electric Emergency and Disturbance (OE-417) Events, 20121",Unnamed: 1,Unnamed: 2,Unnamed: 3,Unnamed: 4,Unnamed: 5,Unnamed: 6,Unnamed: 7,Unnamed: 8
Date Event Began,Time Event Began,Date of Restoration,Time of Restoration,Area Affected,NERC Region,Event Type,Demand Loss (MW),Number of Customers Affected
January  ,,,,,,,,
2012-01-04 00:00:00,12:14:00,2012-01-04 00:00:00,12:14:00,"Tacoma, Washington",WECC,Suspected physical attack,,
2012-01-05 00:00:00,10:35:00,2012-01-05 00:00:00,12:25:00,"CSWS/AEP West territory, Oklahoma",SPP,Sabotage,0,0
2012-01-05 00:00:00,10:28:00,2012-01-05 00:00:00,12:25:00,"Creek County, Oklahoma",SPP,Suspected physical attack,,
2012-01-09 00:00:00,14:30:00,2012-01-09 00:00:00,15:30:00,"Watertown, Connecticut",NPCC,Vandalism,,
2012-01-09 00:00:00,13:36:00,2012-01-11 00:00:00,01:05:00,Louisiana,SERC,Load Shed,150,1
2012-01-10 00:00:00,21:30:00,2012-01-10 00:00:00,21:30:00,"Rusk County, Texas",TRE,Load Shed,,
2012-01-11 00:00:00,07:19:00,2012-01-11 00:00:00,09:07:00,Nevada,WECC,Suspected Physical Attack,0,0
2012-01-12 00:00:00,08:26:00,2012-01-12 00:00:00,08:26:00,"Newark, Delaware",RFC,Physical Attack,0,0
2012-01-13 00:00:00,09:20:00,2012-01-13 00:00:00,09:20:00,"Newark, Delaware",RFC,Physical Attack,0,0
2012-01-15 00:00:00,09:35:00,2012-01-15 00:00:00,09:35:00,"Tacoma, Washington",WECC,Vandalism,,
2012-01-17 00:00:00,10:31:00,2012-01-17 00:00:00,17:21:00,"Austin, Texas",TRE,Suspected Cyber Attack,,0
2012-01-19 00:00:00,07:00:00,2012-01-20 00:00:00,15:00:00,"King, Pierce and Thurston Counties, Washington",WECC,Severe Weather - Winter Storm,1600,426000
2012-01-24 00:00:00,11:22:00,2012-01-24 00:00:00,11:22:00,"Tacoma, Washington",WECC,Vandalism,,
2012-01-27 00:00:00,09:40:00,2012-01-27 00:00:00,09:40:00,"Frederickson Substation, Spanaway, Washington",WECC,Vandalism,,
2012-01-29 00:00:00,12:45:00,2012-01-29 00:00:00,12:45:00,"Roosevelt Substation, Tacoma, Washington",WECC,Vandalism,,
February,,,,,,,,
2012-02-11 00:00:00,08:47:00,2012-02-11 00:00:00,10:30:00,"Lamar, Colorado",WECC,Suspected Physical Attack,0,0
2012-02-11 00:00:00,08:55:00,2012-02-11 00:00:00,08:55:00,"Tacoma, Washington",WECC,Suspected Physical Attack,,
2012-02-13 00:00:00,07:02:00,2012-02-13 00:00:00,16:25:00,"Asheville, North Carolina",SERC,Suspected Physical Attack,,
2012-02-14 00:00:00,19:20:00,2012-02-15 00:00:00,16:00:00,"Tacoma, Washington",WECC,Suspected Physical Attack,,
2012-02-15 00:00:00,05:33:00,2012-02-15 00:00:00,17:30:00,"Port Orchard, Washington",WECC,Suspected Physical Attack,0,0
2012-02-17 00:00:00,03:00:00,2012-02-17 00:00:00,11:33:00,"Little Rock, Arkansas",SERC,Suspected Cyber Attack,UNK,UNK
2012-02-19 00:00:00,17:00:00,2012-02-21 00:00:00,07:33:00,"Kentucky, Virginia, West Virginia",SERC,Severe Weather - Winter Storm,UNK,90000
2012-02-23 00:00:00,05:45:00,2012-02-23 00:00:00,15:02:00,"South East College Station, Texas",TRE,Suspected Physical Attack,0,0
2012-02-23 00:00:00,23:12:00,2012-02-24 00:00:00,01:00:00,"Londonderry, New Hampshire",NPCC,Suspected Physical Attack,0,0
2012-02-24 00:00:00,11:24:00,2012-02-24 00:00:00,11:49:00,"Spanaway, Washington",WECC,Suspected Physical Attack,,
2012-02-28 00:00:00,02:59:00,2012-02-28 00:00:00,06:12:00,"Sacramento, California",WECC,Electrical System Separation (Islanding),1,1
2012-02-28 00:00:00,07:00:00,2012-02-28 00:00:00,07:00:00,Coos County Oregon,WECC,Suspected Physical Attack,UNK,UNK
Date Event Began,Time Event Began,Date of Restoration,Time of Restoration,Area Affected,NERC Region,Event Type,Demand Loss (MW),Number of Customers Affected
March,,,,,,,,
2012-03-02 00:00:00,12:37:00,2012-03-05 00:00:00,12:01:00,Northern Alabama; Southeast Tennessee,SERC,Severe Weather - Tornadoes ,500,UNK
2012-03-02 00:00:00,13:45:00,2012-03-02 00:00:00,15:30:00,"Piggott, Arkansas",SERC,Operational Failure/Equipment Malfunction,,
2012-03-02 00:00:00,21:00:00,2012-03-05 00:00:00,16:30:00,"Southeastern, Michigan",RFC,Severe Weather - Winter Storm,371,130000
2012-03-02 00:00:00,21:00:00,2012-03-04 00:00:00,17:30:00,"Lower Peninsula, Michigan",RFC,Severe Weather - Winter Storm,50,140000
2012-03-04 00:00:00,01:27:00,2012-03-04 00:00:00,06:58:00,"Prince Georges County, Maryland",RFC,Suspected Physical Attack,,
2012-03-04 00:00:00,13:38:00,2012-03-05 00:00:00,11:00:00,Texas,SERC,Suspected Physical Attack,UNK,UNK
2012-03-16 00:00:00,16:00:00,2012-03-16 00:00:00,16:00:00,"New Castle, Delaware",RFC,Suspected Physical Attack,0,0
2012-03-20 00:00:00,08:00:00,2012-03-20 00:00:00,13:00:00,"Houston, Texas",TRE,Severe Weather - Thunderstorms,,96000
2012-03-23 00:00:00,19:34:00,2012-03-23 00:00:00,19:34:00,"Newark, Delaware",RFC,Suspected Physical Attack,0,0
2012-03-26 00:00:00,13:24:00,2012-03-26 00:00:00,13:24:00,"Tacoma, Washington",WECC,Suspected Physical Attack,,
2012-03-28 00:00:00,10:17:00,2012-03-28 00:00:00,10:17:00,"Graham, Washington",WECC,Suspected Physical Attack,,
2012-03-29 00:00:00,12:01:00,2012-03-29 00:00:00,12:02:00,"Lansing, Michigan",RFC,Electrical System Separation (Islanding),UNK,0
2012-03-30 00:00:00,11:10:00,2012-03-30 00:00:00,11:30:00,Vermont,NPCC,Suspected Physical Attack,,
April,,,,,,,,
2012-04-01 00:00:00,20:27:00,2012-04-03 00:00:00,08:28:00,"Council Bluffs, Iowa",MRO,Vandalism,0,0
2012-04-03 00:00:00,11:10:00,2012-04-03 00:00:00,11:25:00,"West Rutland, Vermont",NPCC,Vandalism,0,0
2012-04-03 00:00:00,15:33:00,2012-04-03 00:00:00,20:25:00,"Seattle, Washington",WECC,Physical Attack,0,0
2012-04-04 00:00:00,15:32:00,2012-04-06 00:00:00,15:30:00,"WAPA-SNR Regional Office, California",WECC,Suspected Physical Attack,,
2012-04-07 00:00:00,14:35:00,2012-04-07 00:00:00,14:36:00,"Newark, Delaware",RFC,Physical Attack,0,0
2012-04-07 00:00:00,12:25:00,2012-04-07 00:00:00,12:26:00,"Newark, Delaware",RFC,Physical Attack,0,0
2012-04-07 00:00:00,09:31:00,2012-04-07 00:00:00,09:32:00,"Newark, Delaware",RFC,Physical Attack,0,0
2012-04-11 00:00:00,09:00:00,2012-04-11 00:00:00,09:00:00,"North Attleboro, Massachusetts ",NPCC,Vandalism,0,0
2012-04-12 00:00:00,08:08:00,2012-04-12 00:00:00,16:30:00,"Tacoma, Washington",WECC,Suspected Physical Attack,,
2012-04-15 00:00:00,19:38:00,2012-04-15 00:00:00,21:26:00,Georgia,SERC,Suspected Physical Attack,UNK,UNK
2012-04-16 00:00:00,15:46:00,2012-04-19 00:00:00,02:00:00,"Southeast, Michigan",RFC,Severe Weather - High Winds,218,111393
2012-04-17 00:00:00,06:11:00,2012-04-17 00:00:00,17:48:00,"San Diego County, California",WECC,Suspected Physical Attack,0,0
2012-04-19 00:00:00,07:53:00,2012-04-19 00:00:00,16:00:00,"Tacoma, Washington",WECC,Suspected Physical Attack,,
2012-04-20 00:00:00,14:27:00,2012-04-21 00:00:00,04:27:00,"Metropolitan Houston, Texas",TRE,Severe Weather - Thunderstorms,,120377
2012-04-21 00:00:00,15:02:00,2012-04-21 00:00:00,20:09:00,"East Bridgewater, Massachusetts",NPCC,Physical Attack,,
Date Event Began,Time Event Began,Date of Restoration,Time of Restoration,Area Affected,NERC Region,Event Type,Demand Loss (MW),Number of Customers Affected
April Continued,,,,,,,,
2012-04-21 00:00:00,20:55:00,2012-04-23 00:00:00,16:30:00,"Tacoma, Washington",WECC,Suspected Physical Attack,,
2012-04-23 00:00:00,08:11:00,2012-04-23 00:00:00,12:47:00,Northwest Indiana,RFC,Suspected Physical Attack,,
2012-04-23 00:00:00,11:56:00,2012-04-23 00:00:00,15:35:00,"Snohomish County, Washington",WECC,Suspected Physical Attack,,
May,,,,,,,,
2012-05-07 00:00:00,12:50:00,2012-05-07 00:00:00,14:00:00,"Williston, Vermont",NPCC,Vandalism,0,0
2012-05-07 00:00:00,17:45:00,2012-05-07 00:00:00,18:06:00,Eastern Ohio,RFC,Load Shed/Severe Weather  - Lightning Storm,420,1
2012-05-11 00:00:00,11:05:00,2012-05-11 00:00:00,11:20:00,"Lakewood, Washington",WECC,Vandalism,,
2012-05-24 00:00:00,15:20:00,2012-05-25 00:00:00,17:29:00,"Tyngsborough, Massachusetts",NPCC,Physical Attack,UNK,UNK
2012-05-29 00:00:00,18:30:00,2012-05-29 00:00:00,19:40:00,"Alder Dam, Pierce County, Washington",WECC,Physical Attack,,
2012-05-29 00:00:00,20:35:00,2012-05-31 00:00:00,10:00:00,"Oklahoma City Metro Area, Oklahoma",SPP,Severe Weather - Thunderstorms,UNK,112000
2012-05-31 00:00:00,23:45:00,2012-06-01 00:00:00,04:30:00,"Columbus, Ohio",RFC,Physical Attack,0,0
June,,,,,,,,
2012-06-02 00:00:00,07:30:00,2012-06-02 00:00:00,11:35:00,"San Francisco, California",WECC,Vandalism,,
2012-06-06 00:00:00,08:00:00,2012-06-06 00:00:00,08:00:00,"Delhi, New York",NPCC,Vandalism,,
2012-06-06 00:00:00,12:37:00,2012-06-06 00:00:00,12:37:00,"Columbia Heights, NW, Washington DC",RFC,Vandalism,0,0
2012-06-08 00:00:00,17:20:00,2012-06-08 00:00:00,17:25:00,"Denver Metro Area, Colorado",WECC,Load Shed,120,30379
2012-06-11 00:00:00,19:50:00,2012-06-12 00:00:00,15:00:00,North/Central Alabama; North/Central Georgia,SERC,Severe Weather - Thunderstorms,368,110591
2012-06-12 00:00:00,15:57:00,2012-06-14 00:00:00,04:57:00,"Houston, Texas",TRE,Severe Weather - Thunderstorms,920,175000
2012-06-13 00:00:00,16:55:00,2012-06-13 00:00:00,22:09:00,"San Juan County, New Mexico",WECC,Vandalism,0,0
2012-06-19 00:00:00,04:30:00,2012-06-20 00:00:00,23:00:00,"Minneapolis/St. Paul, Minnesota",MRO,Severe Weather - Thunderstorms,UNK,68200
2012-06-19 00:00:00,05:30:00,2012-06-21 00:00:00,05:30:00,CAISO Territory California,WECC,Fuel Supply Deficiency (Water),UNK,UNK
2012-06-23 00:00:00,18:57:00,2012-06-23 00:00:00,19:28:00,"North Shore, Massachusetts",NPCC,Load Shed,51,29250
2012-06-25 00:00:00,16:04:00,2012-06-26 00:00:00,13:45:00,Central Virginia,SERC,Severe Weather - Wind & Rain,600,190000
2012-06-29 00:00:00,10:45:00,2012-06-29 00:00:00,10:45:00,"New Castle, Delaware",RFC,Physical Attack,0,0
2012-06-29 00:00:00,12:10:00,2012-06-29 00:00:00,17:02:00,Puerto Rico,,Equipment Trip & Failure,1800,900000
2012-06-29 00:00:00,14:10:00,2012-07-04 00:00:00,18:00:00,"Dayton, Ohio",RFC,Severe Weather - Thunderstorms,500,175000
2012-06-29 00:00:00,16:00:00,2012-07-02 00:00:00,16:00:00,Indiana; Michigan; Ohio; West Virginia,RFC,Severe Weather - Thunderstorms,UNK,1355919
Date Event Began,Time Event Began,Date of Restoration,Time of Restoration,Area Affected,NERC Region,Event Type,Demand Loss (MW),Number of Customers Affected
June Continued,,,,,,,,
2012-06-29 00:00:00,16:00:00,2012-06-29 00:00:00,21:00:00,"Eastern, Arkansas",SERC,Public Appeal to Reduce Electricity Usage,45,7935
2012-06-29 00:00:00,17:15:00,2012-07-02 00:00:00,23:59:00,Eastern Indiana; Northern Kentucky; Greater Cincinnati area Ohio,RFC,Severe Weather - Thunderstorms,2946,4645572
2012-06-29 00:00:00,18:24:00,2012-07-06 00:00:00,10:00:00,West Virginia,RFC,Severe Weather - Thunderstorms,700,265000
2012-06-29 00:00:00,19:00:00,2012-07-07 00:00:00,19:43:00,Maryland; West Virginia,RFC,Severe Weather - Thunderstorms,UNK,145000
2012-06-29 00:00:00,22:15:00,2012-07-05 00:00:00,12:52:00,"Montgomery and Prince Georges Counties, Maryland; District of Columbia",RFC,Severe Weather - Thunderstorms,3000,425000
2012-06-29 00:00:00,22:29:00,2012-07-04 00:00:00,15:36:00,Virginia,SERC,Severe Weather - Thunderstorms,5000,880000
2012-06-29 00:00:00,22:43:00,2012-07-05 00:00:00,11:50:00,"Greater Baltimore area, Maryland",RFC,Severe Weather - Thunderstorms,1465,600000
2012-06-29 00:00:00,23:30:00,2012-06-30 00:00:00,02:00:00,Northeast Illinois,RFC,Severe Weather - Thunderstorms,UNK,109000
2012-06-30 00:00:00,01:00:00,2012-07-03 00:00:00,01:00:00,Delaware; Maryland,RFC,Severe Weather - Thunderstorms,0,86390
2012-06-30 00:00:00,01:15:00,2012-07-07 00:00:00,17:33:00,Atlantic City Electric Service Territory New Jersey,RFC,Severe Weather - Thunderstorms,UNK,205000
2012-06-30 00:00:00,15:00:00,2012-07-02 00:00:00,12:00:00,Northeast Tennessee,SERC,Public Appeal to Reduce Electricity Usage,UNK,UNK
2012-06-30 00:00:00,22:30:00,2012-07-02 00:00:00,08:11:00,"Calvert, Charles, St. Mary's, Prince Georges Counties Maryland",RFC,Severe Weather - Thunderstorms,354,60000
July,,,,,,,,
2012-07-01 13:00:00,2012-07-01 13:00:00,2012-07-03 15:00:00,2012-07-03 15:00:00,Illinois,RFC,Severe Weather - Thunderstorms,Unknown,320000
2012-07-01 16:47:00,2012-07-01 16:47:00,2012-07-01 23:00:00,2012-07-01 23:00:00,"Tarboro, North Carolina",SERC,Operational Failure; Storm Damage,48,6100
2012-07-01 17:45:00,2012-07-01 17:45:00,2012-07-01 22:15:00,2012-07-01 22:15:00,"Northern, Central and Eastern North Carolina",SERC,Severe Weather  ,Unknown,69106
2012-07-05 04:30:00,00:00:00,2012-07-06 20:30:00,2012-07-06 20:30:00,Lower Peninsula Michigan,RFC,Severe Weather - Thunderstorms,Unknown,111000
2012-07-05 19:00:00,2012-07-05 19:00:00,2012-07-06 16:00:00,2012-07-06 16:00:00,Northeast Tennessee,SERC,Severe Weather - Wind & Storms,,50001
2012-07-06 15:05:00,2012-07-06 15:05:00,2012-07-06 15:06:00,2012-07-06 15:06:00,"Tacoma, Washington",WECC,Vandalism,,
2012-07-07 04:00:00,2012-07-07 04:00:00,2012-07-10 04:00:00,2012-07-10 04:00:00,CAISO California,WECC,Fuel Supply Deficiency (Water),Unknown,0
2012-07-07 06:06:00,2012-07-07 06:06:00,2012-07-09 23:00:00,2012-07-09 23:00:00,"Lower Valley, Central, Susquehanna Regions Pennsylvania",RFC,Severe Weather - Thunderstorms,,64500
2012-07-07 18:00:00,2012-07-07 18:00:00,2012-07-09 19:01:00,2012-07-09 19:01:00,Central and Northern New Jersey,RFC,Severe Weather - Thunderstorms,,95400
2012-07-09 12:15:00,2012-07-09 12:15:00,2012-07-09 16:14:00,2012-07-09 16:14:00,"Alberta, Canada",WECC,Energy Deficiency Alert,9896,Unknown
2012-07-16 11:27:00,2012-07-16 11:27:00,2012-07-16 12:29:00,2012-07-16 12:29:00,"Little Rock, Arkansas",SPP,Public Appeal to Reduce Energy Usage,,
2012-07-18 14:16:00,2012-07-18 14:16:00,2012-07-19 23:58:00,2012-07-19 23:58:00,"Southeast Ohio, Northern Kentucky, Southern Indiana",RFC,Severe Weather - Thunderstorms,480,103000
2012-07-18 16:20:00,2012-07-18 16:20:00,2012-07-18 19:05:00,2012-07-18 19:05:00,Eastern Ohio,RFC,Severe Weather - Thunderstorms,Unknown,67000
2012-07-18 23:00:00,2012-07-18 23:00:00,2012-07-19 06:00:00,2012-07-19 06:00:00,Northern Illinois,RFC,Severe Weather - Thunderstorms,Unknown,181000
Date Event Began,Time Event Began,Date of Restoration,Time of Restoration,Area Affected,NERC Region,Event Type,Demand Loss (MW),Number of Customers Affected
July Continued,,,,,,,,
2012-07-19 10:30:00,2012-07-19 10:30:00,2012-07-31 11:00:00,2012-07-31 11:00:00,"Niagara County, New York",NPCC,Fuel Supply Deficiency (Coal),675,Unknown
2012-07-19 12:32:00,2012-07-19 12:32:00,2012-07-19 12:33:00,2012-07-19 12:33:00,"Newark, Delaware",RFC,Vandalism,,
2012-07-21 02:19:00,2012-07-21 02:19:00,2012-07-21 05:20:00,2012-07-21 05:20:00,"City of Lubbock, Texas",SPP,Severe Weather; Equipment Failure,220,70000
2012-07-24 07:01:00,2012-07-24 07:01:00,2012-07-24 16:30:00,2012-07-24 16:30:00,Northern Indiana,RFC,Severe Weather - Thunderstorms,,82621
2012-07-24 07:30:00,2012-07-24 07:30:00,2012-07-24 22:00:00,2012-07-24 22:00:00,Northern Illinois,RFC,Severe Weather - Thunderstorms,Unknown,330000
2012-07-26 18:14:00,2012-07-26 18:14:00,2012-07-27 18:14:00,2012-07-27 18:14:00,Western Pennsylvania,RFC,Severe Weather - Thunderstorms,,65112
2012-07-26 18:21:00,2012-07-26 18:21:00,2012-07-28 23:30:00,2012-07-28 23:30:00,North/Central Pennsylvania,RFC,Severe Weather - Thunderstorms,,65000
2012-07-26 18:30:00,2012-07-26 18:30:00,2012-07-27 17:22:00,2012-07-27 17:22:00,Eastern Ohio,RFC,Severe Weather - Thunderstorms,Unknown,57054
2012-07-27 17:19:00,2012-07-27 17:19:00,2012-07-28 17:19:00,2012-07-28 17:19:00,Central Indiana,RFC,Severe Weather - Thunderstorms,Unknown,52702
August,,,,,,,,
2012-08-01 12:00:00,2012-08-01 12:00:00,2012-08-01 12:00:00,2012-08-01 12:00:00,"Oklahoma, Arkansas",SPP,Public Appeal to Reduce Electricity Usage,Unknown,Unknown
2012-08-04 03:55:00,2012-08-04 03:55:00,2012-08-04 04:21:00,2012-08-04 04:21:00,"Temblor Substation in McKittrick, California",WECC,Electrical System Separation (Islanding),5,127
2012-08-04 04:00:00,2012-08-04 04:00:00,2012-08-04 07:20:00,2012-08-04 07:20:00,Northern Indiana,RFC,Severe Weather - Thunderstorms,,61413
2012-08-04 17:30:00,2012-08-04 17:30:00,2012-08-05 12:10:00,2012-08-05 12:10:00,Northeast Illinois,RFC,Severe Weather - Thunderstorms,Unknown,325000
2012-08-11 12:45:00,2012-08-11 12:45:00,2012-08-11 17:00:00,2012-08-11 17:00:00,"Tacoma, Washington",WECC,Suspected Physical Attack,,
2012-08-13 13:15:00,2012-08-13 13:15:00,2012-08-13 00:00:00,13:15:00,"Knoxville, Tennessee",SERC,Vandalism,Unknown,Unknown
2012-08-13 15:52:00,2012-08-13 15:52:00,2012-08-13 00:00:00,19:44:00,CFE (Mexico & U.S.),WECC,Severe Weather - Dust Storm; Load Shed Event,655,Unknown
2012-08-16 13:13:00,2012-08-16 13:13:00,2012-08-16 13:14:00,2012-08-16 13:13:00,Northern Indiana,RFC,Vandalism,0,0
2012-08-19 08:42:00,2012-08-19 08:42:00,2012-08-19 12:08:00,2012-08-19 12:08:00,"El Paso, Texas",WECC,Suspected Physical Attack,12,3314
2012-08-26 22:04:00,2012-08-26 22:04:00,2012-08-27 00:00:00,02:04:00,Florida,FRCC,Severe Weather - TS Isaac,,440000
2012-08-28 06:00:00,2012-08-28 06:00:00,2012-09-04 08:00:00,2012-09-04 08:00:00,"Arkansas, Louisiana, Mississippi",SERC,Severe Weather - Hurricane Isaac,Unknown,770000
2012-08-29 06:53:00,2012-08-29 06:53:00,2012-08-30 14:00:00,2012-08-30 14:00:00,Louisiana,SERC,Severe Weather - Hurricane Isaac,150,68018
2012-08-29 09:00:00,2012-08-29 09:00:00,2012-08-31 12:00:00,2012-08-31 12:00:00,Louisiana,SERC,Severe Weather - Hurricane Isaac,300,50000
2012-08-29 09:48:00,2012-08-29 09:48:00,2012-08-31 12:55:00,2012-08-31 12:55:00,Louisiana,SPP,Severe Weather - Hurricane Isaac,Unknown,95000
September,,,,,,,,
2012-09-05 10:56:00,2012-09-05 10:56:00,2012-09-05 11:27:00,2012-09-05 11:27:00,"Alberta, Canada",WECC,Electrical System Separation (Islanding),0,0
2012-09-06 04:45:00,2012-09-06 04:45:00,Ongoing,Ongoing,"Oroville, California",WECC,Fuel Supply Deficiency (Water),,
2012-09-07 21:30:00,2012-09-07 21:30:00,2012-09-08 01:00:00,2012-09-08 01:00:00,Arkansas,SERC,Severe Weather - Thunderstorms,UNK ,64951
Date Event Began,Time Event Began,Date of Restoration,Time of Restoration,Area Affected,NERC Region,Event Type,Demand Loss (MW),Number of Customers Affected
September Continued,,,,,,,,
2012-09-08 15:40:00,2012-09-08 15:40:00,2012-09-08 18:45:00,2012-09-08 18:45:00,"Prince George's County, Montgomery County Maryland; D.C.",RFC,Severe Weather - Thunderstorms,UNK,65000
2012-09-08 15:53:00,2012-09-08 15:53:00,2012-09-09 19:46:00,2012-09-09 19:46:00,Virginia,SERC,Severe Weather - Thunderstorms,475,119000
2012-09-11 13:00:00,2012-09-11 13:00:00,2012-09-11 13:58:00,2012-09-11 13:58:00,"Alberta, Canada",WECC,Electrical System Separation (Islanding),0,0
2012-09-24 00:00:00,2012-09-24 00:00:00,2012-09-25 00:00:00,2012-09-25 00:00:00,"Brighton, Maryland",RFC,Suspected Physical Attack,0,0
2012-09-26 21:16:00,2012-09-26 21:16:00,2012-09-26 22:18:00,2012-09-26 22:18:00,Puerto Rico,,Voltage Reduction,600,371526
October,,,,,,,,
2012-10-05 17:30:00,2012-10-05 17:30:00,2012-10-05 17:50:00,2012-10-05 17:50:00,"Greater Sacramento, California",WECC,Suspected Physical Attack,,
2012-10-09 00:00:00,2012-10-09 00:00:00,2012-10-09 00:01:00,2012-10-09 00:01:00,"Seat Pleasant, Maryland",RFC,Vandalsim,0,0
2012-10-11 00:00:00,2012-10-11 00:00:00,2012-10-11 00:01:00,2012-10-11 00:01:00,"Seat Pleasant, Maryland",RFC,Vandalsim,0,0
2012-10-14 10:36:00,2012-10-14 10:36:00,2012-10-14 10:50:00,2012-10-14 10:50:00,Northern California,WECC,Electrical System Separation (Islanding),3,2035
2012-10-15 14:15:00,2012-10-15 14:15:00,2012-10-15 14:16:00,2012-10-15 14:16:00,Southeast Vermont,NPCC,Vandalism; Theft,0,0
2012-10-22 00:00:00,2012-10-22 00:00:00,2012-10-22 00:01:00,2012-10-22 00:01:00,"Norbeck, Maryland",RFC,Physical Attack; Vandalism,0,0
2012-10-23 09:10:00,2012-10-23 09:10:00,2012-10-23 09:16:00,2012-10-23 09:16:00,"Crawfordsville, Indiana",RFC,Transmission System Interruption,49,9800
2012-10-24 00:00:00,2012-10-24 00:00:00,2012-10-24 00:01:00,2012-10-24 00:01:00,"Kingswood, Maryland",RFC,Physical Attack; Vandalism,0,0
2012-10-24 00:00:00,2012-10-24 00:00:00,2012-10-24 00:01:00,2012-10-24 00:01:00,"Brighton, Maryland",RFC,Suspected Physical Attack,0,0
2012-10-24 15:15:00,2012-10-24 15:15:00,2012-10-24 15:16:00,2012-10-24 15:16:00,"Frankford, Delaware",RFC,Physical Attack; Vandalism,0,0
2012-10-25 00:00:00,2012-10-25 00:00:00,2012-10-25 00:01:00,2012-10-25 00:01:00,"West Lanham, Maryland",RFC,Physical Attack; Vandalism,,
2012-10-25 14:39:00,2012-10-25 14:39:00,2012-10-25 18:00:00,2012-10-25 18:00:00,"Pueblo, Colorado",WECC,Physical Attack; Vandalism,0,0
2012-10-25 18:51:00,2012-10-25 18:51:00,2012-10-25 19:30:00,2012-10-25 19:30:00,"Newark, Delaware",RFC,Physical Attack; Vandalism,0,0
2012-10-29 00:00:00,2012-10-29 00:00:00,2012-11-09 23:59:00,2012-11-09 23:59:00,West Virginia,RFC,Severe Weather - Hurricane Sandy,0,208000
2012-10-29 08:00:00,2012-10-29 08:00:00,2012-11-04 23:00:00,2012-11-04 23:00:00,New Jersey,RFC,Severe Weather - Hurricane Sandy,Unknown,Unknown
2012-10-29 09:00:00,2012-10-29 09:00:00,2012-10-29 09:00:00,2012-10-29 09:01:00,"LaGrande, Washington",WECC,Physical Attack; Vandalism,0,0
2012-10-29 09:00:00,2012-10-29 09:00:00,2012-11-02 00:00:00,18:00:00,"Delaware, Maryland",RFC,Severe Weather - Hurricane Sandy,Unknown,70000
2012-10-29 12:00:00,2012-10-29 12:00:00,2012-11-04 00:00:00,23:00:00,New Jersey,RFC,Severe Weather - Hurricane Sandy,Unknown,217000
2012-10-29 13:00:00,2012-10-29 13:00:00,2012-11-12 14:00:00,2012-11-12 14:00:00,"Long Island, New York",NPCC,Severe Weather - Hurricane Sandy,0,632816
2012-10-29 14:40:00,2012-10-29 14:40:00,2012-10-30 18:16:00,2012-10-30 18:16:00,"Boston, Southeast Massachusetts",NPCC,Severe Weather - Hurricane Sandy,Unknown,50000
Date Event Began,Time Event Began,Date of Restoration,Time of Restoration,Area Affected,NERC Region,Event Type,Demand Loss (MW),Number of Customers Affected
October Continued,,,,,,,,
2012-10-29 14:45:00,2012-10-29 14:45:00,2012-11-01 01:30:00,2012-11-01 01:30:00,Eastern Massachusetts,NPCC,Severe Weather - Hurricane Sandy,Unknown,50000
2012-10-29 15:00:00,2012-10-29 15:00:00,2012-10-29 15:00:00,2012-10-29 15:01:00,"Las Vegas, Nevada",WECC,Suspected Physical Attack,,
2012-10-29 15:15:00,2012-10-29 15:15:00,2012-11-04 00:00:00,20:00:00,"Connecticut, Western Massachusetts",NPCC,Severe Weather - Hurricane Sandy,0,649075
2012-10-29 16:00:00,2012-10-29 16:00:00,2012-11-07 23:48:00,2012-11-07 23:48:00,Eastern Pennsylvania,RFC,Severe Weather - Hurricane Sandy,0,270000
2012-10-29 16:00:00,2012-10-29 16:00:00,2012-11-08 17:08:00,2012-11-08 17:08:00,Maryland; West Virginia,RFC,Severe Weather - Hurricane Sandy,Unknown,150000
2012-10-29 16:00:00,2012-10-29 16:00:00,2012-11-05 23:59:00,2012-11-05 23:59:00,Greater Cleveland Ohio,RFC,Severe Weather - Hurricane Sandy,0,346000
2012-10-29 16:01:00,2012-10-29 16:01:00,2012-11-08 00:00:00,2012-10-29 19:00:00,"Greater New York City, New York",NPCC,Severe Weather - Hurricane Sandy,0,818000
2012-10-29 16:03:00,2012-10-29 16:03:00,2012-11-06 00:00:00,12:00:00,New Jersey,NPCC,Severe Weather - Hurricane Sandy,Unknown,50000
2012-10-29 16:45:00,2012-10-29 16:45:00,2012-10-31 11:00:00,2012-10-31 11:00:00,New Hampshire,NPCC,Severe Weather - Hurricane Sandy,,50000
2012-10-29 17:13:00,2012-10-29 17:13:00,2012-10-31 00:00:00,11:00:00,Greater Baltimore Maryland,RFC,Severe Weather - Hurricane Sandy,0,219000
2012-10-29 17:30:00,2012-10-29 17:30:00,2012-11-06 00:00:00,2012-11-06 00:00:00,Greater Philadelphia Pennsylvania,RFC,Severe Weather - Hurricane Sandy,Unknown,850000
2012-10-29 18:11:00,2012-10-29 18:11:00,2012-11-04 00:00:00,2012-10-29 22:50:00,Central Pennsylvania,RFC,Severe Weather - Hurricane Sandy,Unknown,400000
2012-10-29 18:12:00,2012-10-29 18:12:00,2012-10-30 19:35:00,2012-10-30 19:35:00,Virginia,RFC,Severe Weather - Hurricane Sandy,520,156000
2012-10-29 18:46:00,2012-10-29 18:46:00,2012-11-03 00:00:00,2012-10-29 10:45:00,Southeast New York; New Jersey,NPCC; RFC,Severe Weather - Hurricane Sandy,Unknown,200000
2012-10-29 18:48:00,2012-10-29 18:48:00,2012-11-04 00:00:00,2012-10-29 11:36:00,New York,NP,Severe Weather - Hurricane Sandy,Unknown,371000
2012-10-29 19:00:00,2012-10-29 19:00:00,2012-11-02 00:00:00,2012-10-29 05:00:00,Indiana; Kentucky; Michigan; Ohio,RFC; SERC,Severe Weather - Nor'easter,Unknown,173273
2012-10-29 19:15:00,2012-10-29 19:15:00,2012-10-30 15:02:00,2012-10-30 15:02:00,Southeast and Seacoast Maine,NPCC,Severe Weather - Hurricane Sandy,Unknown,50000
2012-10-30 00:00:00,2012-10-30 00:00:00,2012-10-30 00:02:00,2012-10-30 00:02:00,"Hyattsville, Maryland",RFC,Physical Attack; Vandalism,0,0
2012-10-30 02:00:00,2012-10-30 02:00:00,2012-11-01 22:00:00,2012-11-01 22:00:00,Greater Detroit Michigan,RFC,Severe Weather - Nor'easter,Unknown,133777
2012-10-30 13:20:00,2012-10-30 13:20:00,2012-10-30 13:25:00,2012-10-30 13:25:00,"Fitzwilliam, New Hampshire",NPCC,Vandalism   ,0,0
2012-10-30 15:00:00,2012-10-30 15:00:00,2012-10-30 15:01:00,2012-10-30 15:01:00,"Pueblo, Colorado",WECC,Physical Attack; Vandalism,Unknown,Unknown
November,,,,,,,,
2012-11-02 00:00:00,09:30:00,2012-11-02 00:00:00,12:10:00,"Concord, Vermont",NPCC,Physical Attack; Vandalism,0,0
2012-11-07 00:00:00,14:21:00,2012-11-07 00:00:00,14:48:00,New Hampshire,NPCC,Physical Attack; Vandalism,0,0
2012-11-08 00:00:00,09:34:00,2012-11-08 00:00:00,09:35:00,"Bishopville, Maryland",RFC,Physical Attack; Vandalism,0,0
2012-11-15 00:00:00,05:38:00,2012-11-15 00:00:00,05:39:00,Southeast Massachusetts,NPCC,Physical Attack; Vandalism,0,0
Date Event Began,Time Event Began,Date of Restoration,Time of Restoration,Area Affected,NERC Region,Event Type,Demand Loss (MW),Number of Customers Affected
November Continued,,,,,,,,
2012-11-15 00:00:00,21:09:00,2012-11-15 00:00:00,21:26:00,Iowa; Michigan,MRO,Suspected Cyber Attack,Unknown,Unknown
2012-11-17 00:00:00,10:00:00,2012-11-18 00:00:00,10:00:00,"Comanche Peak, Texas",TRE,Fuel Supply Deficiency,1231,0
2012-11-21 00:00:00,14:50:00,2012-11-21 00:00:00,14:51:00,"Bethany Beach, Delaware",RFC,Physical Attack; Vandalism,,
2012-11-26 00:00:00,12:37:00,2012-11-26 00:00:00,12:38:00,"Frankfort, Delaware",RFC,Physical Attack; Vandalism,0,0
2012-11-26 00:00:00,15:07:00,2012-11-26 00:00:00,15:08:00,"Georgetown, Delaware",RFC,Physical Attack; Vandalism,,
2012-11-27 00:00:00,13:07:00,2012-11-27 00:00:00,13:40:00,New Hampshire,NPCC,Physical Attack; Vandalism,0,0
December,,,,,,,,
2012-12-02 00:00:00,05:20:00,2012-12-04 00:00:00,09:00:00,Northern California,WECC,Severe Weather - Winter Storm,250,125000
2012-12-03 00:00:00,12:02:00,2012-12-03 00:00:00,12:30:00,"Tacoma, Washington",WECC,Suspected Physical Attack,0,0
2012-12-06 00:00:00,21:18:00,2012-12-06 00:00:00,21:31:00,"Greater San Jose, California",WECC,Load Shed,390,Unknown
2012-12-17 00:00:00,06:55:00,2012-12-17 00:00:00,07:00:00,"Tacoma, Washington",WECC,Suspected Physical Attack,0,0
2012-12-25 00:00:00,00:45:00,2012-12-28 00:00:00,16:15:00,Arkansas; Louisiana; Mississippi; Texas ,SPP,Severe Weather - Winter Storm,Unknown,242509
2012-12-25 00:00:00,09:28:00,2012-12-26 00:00:00,16:28:00,"Houston, Texas",TRE,"Severe Weather - Cold Front, High Winds",294,262000
2012-12-26 00:00:00,14:50:00,2012-12-26 00:00:00,19:40:00,"Stantonsburg, North Carolina",SERC,Severe Weather - Thunderstorm,3,1200
2012-12-31 00:00:00,14:21:00,2012-12-31 00:00:00,16:30:00,North Carolina,SERC,Transmission Interruption,40,12000
"1 Source: Submissions of all Electric Emergency Incident and Disturbance Reports (OE-417), http://www.oe.netl.doe.gov/oe417.aspx",,,,,,,,
