"```csv"
"Yr","Year_1994","Unamed_2","Unamed_3","Unamed_4","Sum_of_Population","Countary_Name","Country_Code","Indicator_Code","Population_total","Grand_Total"
"","","","","","","","","","",""
"Year_1994","","","","","Sum of Population","Countary_Name","Country_Code","Indicator_Code","Population_total","Grand_Total"
"1994","","","","","","Countary_Name","Country_Code","Indicator_Code","Population_total","Grand_Total"
"year","1994","","","","Indicator Name","Country Name","country_Code","Indicator Code","Population, total","Grand Total"
"1994","","","","","","Afghanistan","AFG","SP.POP.TOTL","16250.794K","16250.794K"
"1994","","","","","","Africa Eastern and Southern","AFE","SP.POP.TOTL","34744.1809K","34744.1809K"
"1994","","","","","","Africa Western and Central","AFW","SP.POP.TOTL","23336.0104K","23336.0104K"
"1994","","","","","","Albania","ALB","SP.POP.TOTL","3207.536K","3207.536K"
"1994","","","","","","Algeria","DZA","SP.POP.TOTL","27887.279K","27887.279K"
"1994","","","","","","American Samoa","ASM","SP.POP.TOTL","51.251K","51.251K"
"1994","","","","","","Andorra","AND","SP.POP.TOTL","64.612K","64.612K"
"1994","","","","","","Angola","AGO","SP.POP.TOTL","13249.764K","13249.764K"
"1994","","","","","","Antigua and Barbuda","ATG","SP.POP.TOTL","66.843K","66.843K"
"1994","","","","","","Arab World","ARB","SP.POP.TOTL","247626.514K","247626.514K"
"1994","","","","","","Argentina","ARG","SP.POP.TOTL","34613.491K","34613.491K"
"1994","","","","","","Armenia","ARM","SP.POP.TOTL","3364.610K","3364.610K"
"1994","","","","","","Aruba","ABW","SP.POP.TOTL","77.595K","77.595K"
"1994","","","","","","Australia","AUS","SP.POP.TOTL","17805.468K","17805.468K"
"1994","","","","","","Austria","AUT","SP.POP.TOTL","7936.118K","7936.118K"
"1994","","","","","","Azerbaijan","AZE","SP.POP.TOTL","7596.550K","7596.550K"
"1994","","","","","","Bahamas, The","BHS","SP.POP.TOTL","296.509K","296.509K"
"1994","","","","","","Bahrain","BHR","SP.POP.TOTL","544.366K","544.366K"
"1994","","","","","","Bangladesh","BGD","SP.POP.TOTL","120343.179K","120343.179K"
"1994","","","","","","Barbados","BRB","SP.POP.TOTL","261.620K","261.620K"
"1994","","","","","","Belarus","BLR","SP.POP.TOTL","10226.955K","10226.955K"
"1994","","","","","","Belgium","BEL","SP.POP.TOTL","10115.603K","10115.603K"
"1994","","","","","","Belize","BLZ","SP.POP.TOTL","199.097K","199.097K"
"1994","","","","","","Benin","BEN","SP.POP.TOTL","6096.506K","6096.506K"
"1994","","","","","","Bermuda","BMU","SP.POP.TOTL","59.194K","59.194K"
"1994","","","","","","Bhutan","BTN","SP.POP.TOTL","554.497K","554.497K"
"1994","","","","","","Bolivia","BOL","SP.POP.TOTL","7727.322K","7727.322K"
"1994","","","","","","Bosnia and Herzegovina","BIH","SP.POP.TOTL","3725.412K","3725.412K"
"1994","","","","","","Botswana","BWA","SP.POP.TOTL","1460.023K","1460.023K"
"1994","","","","","","Brazil","BRA","SP.POP.TOTL","159265.006K","159265.006K"
"1994","","","","","","British Virgin Islands","VGB","SP.POP.TOTL","17.406K","17.406K"
"1994","","","","","","Brunei Darussalam","BRN","SP.POP.TOTL","284.091K","284.091K"
"1994","","","","","","Bulgaria","BGR","SP.POP.TOTL","8443.591K","8443.591K"
"1994","","","","","","Burkina Faso","BFA","SP.POP.TOTL","10123.798K","10123.798K"
"1994","","","","","","Burundi","BDI","SP.POP.TOTL","5713.854K","5713.854K"
"1994","","","","","","Cabo Verde","CPV","SP.POP.TOTL","410.228K","410.228K"
"1994","","","","","","Cambodia","KHM","SP.POP.TOTL","9239.162K","9239.162K"
"1994","","","","","","Cameroon","CMR","SP.POP.TOTL","12704.903K","12704.903K"
"1994","","","","","","Canada","CAN","SP.POP.TOTL","29000.663K","29000.663K"
"1994","","","","","","Caribbean small states","CSS","SP.POP.TOTL","2475.465K","2475.465K"
"1994","","","","","","Cayman Islands","CYM","SP.POP.TOTL","31.352K","31.352K"
"1994","","","","","","Central African Republic","CAF","SP.POP.TOTL","3257.954K","3257.954K"
"1994","","","","","","Central Europe and the Baltics","CEB","SP.POP.TOTL","110021.594K","110021.594K"
"1994","","","","","","Chad","TCD","SP.POP.TOTL","6783.450K","6783.450K"
"1994","","","","","","Channel Islands","CHI","SP.POP.TOTL","145.163K","145.163K"
"1994","","","","","","Chile","CHL","SP.POP.TOTL","14316.256K","14316.256K"
"1994","","","","","","China","CHN","SP.POP.TOTL","1191835.000K","1191835.000K"
"1994","","","","","","Colombia","COL","SP.POP.TOTL","35127.410K","35127.410K"
"1994","","","","","","Comoros","COM","SP.POP.TOTL","482.142K","482.142K"
"1994","","","","","","Congo, Dem. Rep.","COD","SP.POP.TOTL","42626.876K","42626.876K"
"1994","","","","","","Congo, Rep.","COG","SP.POP.TOTL","2673.144K","2673.144K"
"1994","","","","","","Costa Rica","CRI","SP.POP.TOTL","3451.122K","3451.122K"
"1994","","","","","","Cote d'Ivoire","CIV","SP.POP.TOTL","14287.201K","14287.201K"
"1994","","","","","","Croatia","HRV","SP.POP.TOTL","4652.024K","4652.024K"
"1994","","","","","","Cuba","CUB","SP.POP.TOTL","10886.021K","10886.021K"
"1994","","","","","","Curacao","CUW","SP.POP.TOTL","144.630K","144.630K"
"1994","","","","","","Cyprus","CYP","SP.POP.TOTL","844.667K","844.667K"
"1994","","","","","","Czechia","CZE","SP.POP.TOTL","10333.587K","10333.587K"
"1994","","","","","","Denmark","DNK","SP.POP.TOTL","5206.180K","5206.180K"
"1994","","","","","","Djibouti","DJI","SP.POP.TOTL","626.710K","626.710K"
"1994","","","","","","Dominica","DMA","SP.POP.TOTL","69.477K","69.477K"
"1994","","","","","","Dominican Republic","DOM","SP.POP.TOTL","7741.694K","7741.694K"
"1994","","","","","","Early-demographic dividend","EAR","SP.POP.TOTL","2228719.169K","2228719.169K"
"1994","","","","","","East Asia & Pacific","EAS","SP.POP.TOTL","1917389.243K","1917389.243K"
"1994","","","","","","East Asia & Pacific (excluding high income)","EAP","SP.POP.TOTL","1694244.506K","1694244.506K"
"1994","","","","","","East Asia & Pacific (IDA & IBRD countries)","TEA","SP.POP.TOTL","1671877.438K","1671877.438K"
"1994","","","","","","Ecuador","ECU","SP.POP.TOTL","11372.197K","11372.197K"
"1994","","","","","","Egypt, Arab Rep.","EGY","SP.POP.TOTL","64285.589K","64285.589K"
"1994","","","","","","El Salvador","SLV","SP.POP.TOTL","5714.129K","5714.129K"
"1994","","","","","","Equatorial Guinea","GNQ","SP.POP.TOTL","550.138K","550.138K"
"1994","","","","","","Eritrea","ERI","SP.POP.TOTL","1913.915K","1913.915K"
"1994","","","","","","Estonia","EST","SP.POP.TOTL","1462.514K","1462.514K"
"1994","","","","","","Eswatini","SWZ","SP.POP.TOTL","971.212K","971.212K"
"1994","","","","","","Ethiopia","ETH","SP.POP.TOTL","55611.508K","55611.508K"
"1994","","","","","","Euro area","EMU","SP.POP.TOTL","321024.031K","321024.031K"
"1994","","","","","","Europe & Central Asia","ECS","SP.POP.TOTL","857724.5855K","857724.5855K"
"1994","","","","","","Europe & Central Asia (excluding high income)","ECA","SP.POP.TOTL","214329.9005K","214329.9005K"
"1994","","","","","","Europe & Central Asia (IDA & IBRD countries)","TEC","SP.POP.TOTL","437106.2905K","437106.2905K"
"1994","","","","","","European Union","EUU","SP.POP.TOTL","425404.352K","425404.352K"
"1994","","","","","","Faroe Islands","FRO","SP.POP.TOTL","44.694K","44.694K"
"1994","","","","","","Fiji","FJI","SP.POP.TOTL","794.771K","794.771K"
"1994","","","","","","Finland","FIN","SP.POP.TOTL","5088.333K","5088.333K"
"1994","","","","","","Fragile and conflict affected situations","FCS","SP.POP.TOTL","541618.452K","541618.452K"
"1994","","","","","","France","FRA","SP.POP.TOTL","59324.863K","59324.863K"
"1994","","","","","","French Polynesia","PYF","SP.POP.TOTL","218.738K","218.738K"
"1994","","","","","","Gabon","GAB","SP.POP.TOTL","1094.720K","1094.720K"
"1994","","","","","","Gambia, The","GMB","SP.POP.TOTL","1227.226K","1227.226K"
"1994","","","","","","Georgia","GEO","SP.POP.TOTL","4836.076K","4836.076K"
"1994","","","","","","Germany","DEU","SP.POP.TOTL","81438.348K","81438.348K"
"1994","","","","","","Ghana","GHA","SP.POP.TOTL","16993.190K","16993.190K"
"1994","","","","","","Gibraltar","GIB","SP.POP.TOTL","27.239K","27.239K"
"1994","","","","","","Greece","GRC","SP.POP.TOTL","10512.922K","10512.922K"
"1994","","","","","","Greenland","GRL","SP.POP.TOTL","55.500K","55.500K"
"1994","","","","","","Grenada","GRD","SP.POP.TOTL","103.138K","103.138K"
"1994","","","","","","Guam","GUM","SP.POP.TOTL","147.868K","147.868K"
"1994","","","","","","Guatemala","GTM","SP.POP.TOTL","10043.718K","10043.718K"
"1994","","","","","","Guinea","GIN","SP.POP.TOTL","7345.107K","7345.107K"
"1994","","","","","","Guinea-Bissau","GNB","SP.POP.TOTL","1092.031K","1092.031K"
"1994","","","","","","Guyana","GUY","SP.POP.TOTL","755.822K","755.822K"
"1994","","","","","","Haiti","HTI","SP.POP.TOTL","7419.771K","7419.771K"
"1994","","","","","","Heavily indebted poor countries (HIPC)","HPC","SP.POP.TOTL","406935.718K","406935.718K"
"1994","","","","","","High income","HIC","SP.POP.TOTL","1211414.288K","1211414.288K"
"1994","","","","","","Honduras","HND","SP.POP.TOTL","5579.242K","5579.242K"
"1994","","","","","","Hong Kong SAR, China","HKG","SP.POP.TOTL","6035.400K","6035.400K"
"1994","","","","","","Hungary","HUN","SP.POP.TOTL","10343.355K","10343.355K"
"1994","","","","","","IBRD only","IBD","SP.POP.TOTL","3675872.938K","3675872.938K"
"1994","","","","","","Iceland","ISL","SP.POP.TOTL","266.021K","266.021K"
"1994","","","","","","IDA & IBRD total","IBT","SP.POP.TOTL","4649243.1345K","4649243.1345K"
"1994","","","","","","IDA blend","IDB","SP.POP.TOTL","321809.220K","321809.220K"
"1994","","","","","","IDA only","IDX","SP.POP.TOTL","651560.9765K","651560.9765K"
"1994","","","","","","IDA total","IDA","SP.POP.TOTL","973370.1965K","973370.1965K"
"1994","","","","","","India","IND","SP.POP.TOTL","941163.767K","941163.767K"
"1994","","","","","","Indonesia","IDN","SP.POP.TOTL","196591.828K","196591.828K"
"1994","","","","","","Iran, Islamic Rep.","IRN","SP.POP.TOTL","61520.598K","61520.598K"
"1994","","","","","","Iraq","IRQ","SP.POP.TOTL","20139.807K","20139.807K"
"1994","","","","","","Ireland","IRL","SP.POP.TOTL","3590.386K","3590.386K"
"1994","","","","","","Isle of Man","IMN","SP.POP.TOTL","71.168K","71.168K"
"1994","","","","","","Israel","ISR","SP.POP.TOTL","5399.000K","5399.000K"
"1994","","","","","","Italy","ITA","SP.POP.TOTL","56843.400K","56843.400K"
"1994","","","","","","Jamaica","JAM","SP.POP.TOTL","2475.220K","2475.220K"
"1994","","","","","","Japan","JPN","SP.POP.TOTL","125178.000K","125178.000K"
"1994","","","","","","Jordan","JOR","SP.POP.TOTL","4561.406K","4561.406K"
"1994","","","","","","Kazakhstan","KAZ","SP.POP.TOTL","17043.771K","17043.771K"
"1994","","","","","","Kenya","KEN","SP.POP.TOTL","25857.130K","25857.130K"
"1994","","","","","","Kiribati","KIR","SP.POP.TOTL","80.021K","80.021K"
"1994","","","","","","Korea, Dem. People's Rep.","PRK","SP.POP.TOTL","22393.975K","22393.975K"
"1994","","","","","","Korea, Rep.","KOR","SP.POP.TOTL","44641.540K","44641.540K"
"1994","","","","","","Kosovo","XKX","SP.POP.TOTL","2105.256K","2105.256K"
"1994","","","","","","Kuwait","KWT","SP.POP.TOTL","1664.361K","1664.361K"
"1994","","","","","","Kyrgyz Republic","KGZ","SP.POP.TOTL","4515.0685K","4515.0685K"
"1994","","","","","","Lao PDR","LAO","SP.POP.TOTL","4809.220K","4809.220K"
"1994","","","","","","Late-demographic dividend","LTE","SP.POP.TOTL","1932650.9145K","1932650.9145K"
"1994","","","","","","Latin America & Caribbean","LCN","SP.POP.TOTL","473328.616K","473328.616K"
"1994","","","","","","Latin America & Caribbean (excluding high income)","LAC","SP.POP.TOTL","424630.669K","424630.669K"
"1994","","","","","","Latin America & the Caribbean (IDA & IBRD countries)","TLA","SP.POP.TOTL","458042.874K","458042.874K"
"1994","","","","","","Latvia","LVA","SP.POP.TOTL","2520.742K","2520.742K"
"1994","","","","","","Least developed countries: UN classification","LDC","SP.POP.TOTL","578028.937K","578028.937K"
"1994","","","","","","Lebanon","LBN","SP.POP.TOTL","3889.799K","3889.799K"
"1994","","","","","","Lesotho","LSO","SP.POP.TOTL","1927.707K","1927.707K"
"1994","","","","","","Liberia","LBR","SP.POP.TOTL","2149.928K","2149.928K"
"1994","","","","","","Libya","LBY","SP.POP.TOTL","4822.037K","4822.037K"
"1994","","","","","","Liechtenstein","LIE","SP.POP.TOTL","30.470K","30.470K"
"1994","","","","","","Lithuania","LTU","SP.POP.TOTL","3657.144K","3657.144K"
"1994","","","","","","Low & middle income","LMY","SP.POP.TOTL","4417713.7005K","4417713.7005K"
"1994","","","","","","Low income","LIC","SP.POP.TOTL","329120.052K","329120.052K"
"1994","","","","","","Lower middle income","LMC","SP.POP.TOTL","1873664.3655K","1873664.3655K"
"1994","","","","","","Luxembourg","LUX","SP.POP.TOTL","402.925K","402.925K"
"1994","","","","","","Macao SAR, China","MAC","SP.POP.TOTL","396.800K","396.800K"
"1994","","","","","","Madagascar","MDG","SP.POP.TOTL","13613.850K","13613.850K"
"1994","","","","","","Malawi","MWI","SP.POP.TOTL","10164.894K","10164.894K"
"1994","","","","","","Malaysia","MYS","SP.POP.TOTL","19820.446K","19820.446K"
"1994","","","","","","Maldives","MDV","SP.POP.TOTL","250.822K","250.822K"
"1994","","","","","","Mali","MLI","SP.POP.TOTL","9967.031K","9967.031K"
"1994","","","","","","Malta","MLT","SP.POP.TOTL","374.797K","374.797K"
"1994","","","","","","Marshall Islands","MHL","SP.POP.TOTL","47.712K","47.712K"
"1994","","","","","","Mauritania","MRT","SP.POP.TOTL","2249.454K","2249.454K"
"1994","","","","","","Mauritius","MUS","SP.POP.TOTL","1112.846K","1112.846K"
"1994","","","","","","Mexico","MEX","SP.POP.TOTL","89259.205K","89259.205K"
"1994","","","","","","Micronesia, Fed. Sts.","FSM","SP.POP.TOTL","109.075K","109.075K"
"1994","","","","","","Middle East & North Africa","MEA","SP.POP.TOTL","281118.568K","281118.568K"
"1994","","","","","","Middle East & North Africa (excluding high income)","MNA","SP.POP.TOTL","255476.523K","255476.523K"
"1994","","","","","","Middle East & North Africa (IDA & IBRD countries)","TMN","SP.POP.TOTL","253110.225K","253110.225K"
"1994","","","","","","Middle income","MIC","SP.POP.TOTL","4088593.6485K","4088593.6485K"
"1994","","","","","","Moldova","MDA","SP.POP.TOTL","2966.745K","2966.745K"
"1994","","","","","","Monaco","MCO","SP.POP.TOTL","31.375K","31.375K"
"1994","","","","","","Mongolia","MNG","SP.POP.TOTL","2189.395K","2189.395K"
"1994","","","","","","Montenegro","MNE","SP.POP.TOTL","611.389K","611.389K"
"1994","","","","","","Morocco","MAR","SP.POP.TOTL","26000.822K","26000.822K"
"1994","","","","","","Mozambique","MOZ","SP.POP.TOTL","15033.853K","15033.853K"
"1994","","","","","","Myanmar","MMR","SP.POP.TOTL","42055.143K","42055.143K"
"1994","","","","","","Namibia","NAM","SP.POP.TOTL","1556.304K","1556.304K"
"1994","","","","","","Nauru","NRU","SP.POP.TOTL","10.137K","10.137K"
"1994","","","","","","Nepal","NPL","SP.POP.TOTL","217"
