"```csv"
"Address_ID","AddressLine1","AddressLine2","City_Name","StateProvince","PostalCode","DateModified"
"20285","9058 East 23rd Street","","Beverly Hills","9","90210","May 26, 2012"
"20286","WELT PLATZ 4","","Bottrop","53","46236","Jun 1, 2014"
"20287","2081 elkwood Dr","","Rockhampton","64","4700","Jan 1, 2012"
"20288","989 Caravelle Ct","","W. York","14","BD1 4SJ","Dec 29, 2013"
"20289","1, COURS MIRABEAU","","Roncq","145","59223","December 21, 2013"
"20290","2972 East Lake Court","","Bellingham","79","98225","November 15, 2012"
"20291","7377 Rain Drop Circle","","Palo Alto","9","94303","February 05, 2014"
"20292","3746 Via Romero","","Oak Bay","7","V8P","Apr 9, 2014"
"20293","5242 Miguel Drive","","London","14","E17 6JF","April 18, 2014"
"20294","5749 Kiska Court","","Metchosin","7","V9","November 3, 2012"
"20295","7280 E. Leland Rd.","","Matraville","50","2036","5-1-2012"
"20296","3923 Dew Drop Circle","","Melbourne","77","3000","Jul 21, 2012"
"20297","5028 Tanager Road","","Grossmont","9","91941","7/7/2013"
"20298","5828 Clark Creek Lane","","Oxon","14","OX16 8RS","Nov 29, 2013"
"20299","9940 Northwood Dr.","","Chula Vista","9","91910","3/25/2014"
"20300","9473 Camino Solano","","Shawnee","7","V8Z 4N5","Jul 27, 2013"
"20301","6211 Blenheim Way","","Concord","9","94519","March 30 2014"
"20302","4641 Miguel Drive","","Berkeley","9","94704","2/6/2014"
"20303","4427 Langford Court","","Westminster","7","V3L 1H4","12-31-2013"
"20304","2505 Maywood Ln.","","Langley","7","V3A 4R2","January 7 2014"
"20305","4070 Lacorso Drive","","South Melbourne","77","3205","Sep 30, 2012"
"20306","2545 Boxer Blvd","","Edmonds","79","98020","Nov 15, 2012"
"20307","3532 St. Andrews Drive","","Long Beach","9","90802","Feb 17, 2014"
"20308","5073 Clymer Ct.","","Redwood City","9","94063","March 19 2014"
"20309","2033 Woodbury Place","","Concord","9","94519","September 14 2013"
"20310","6314 Mota Dr.","","San Gabriel","9","91776","Sept 15, 2011"
"20311","9518 Lakeview Place","","Shawnee","7","V8Z 4N5","Sept 21, 2013"
"20312","8885 Alta Vista","","Milton Keynes","14","MK8 8DF","Nov 26, 2013"
"20313","1015 Lynwood Drive","","Metchosin","7","V9","Jun 1, 2014"
"20314","7128 Seaview Avenue","","Westminster","7","V3L 1H4","May 18, 2012"
"20315","Bundesallee 4422","","Frankfurt","19","60323","Sept 19, 2012"
"20316","4038 Elk Dr","","Sunbury","77","3429","September 5, 2013"
"20317","5246 Premier Place","","Los Angeles","9","90012","Jan 6, 2014"
"20318","3876 Barquentine Court","","Peterborough","14","PB12","February 16, 2013"
"20319","8, rue de la Comédie","","Verrieres Le Buisson","177","91370","Dec 21, 2013"
"20320","9905 Scenic Drive","","Coronado","9","92118","March 3 2014"
"20321","Bundesallee 442","","Hof","8","95010","Feb 4, 2014"
"20322","8101bis, boulevard Saint Germain","","Paris","161","75019","December 21, 2013"
"20323","1442 Hill Top Rd","","Shawnee","7","V8Z 4N5","Jul 16, 2013"
"20324","974 Peach Place","","Yakima","79","98901","December 4, 2013"
"20325","3140 Park Tree Ct","","Hobart","71","7001","July 23, 2013"
"20326","5927 Diokmo Ct.","","National City","9","91950","Oct 28, 2011"
"20327","3255 Olive Hill","","Newcastle","50","2300","Dec 29, 2011"
"20328","2419 Adobe St.","","Colma","9","94014","March 30 2014"
"20329","4005 Foothill Way","","Lemon Grove","9","91945","October 25, 2012"
"20330","6701 Treat Blvd.","","Melbourne","77","3000","October 28, 2011"
"20331","5263 Etcheverry Dr","","Darlinghurst","50","2010","Dec 25, 2013"
"20332","5033 N. 8th St.","","Cliffside","7","V8Y 1L1","Oct 17, 2013"
"20333","Heiderplatz 268","","Stuttgart","70","70511","November 17, 2013"
"20334","Essener Straße 81","","Berlin","53","14197","December 17, 2012"
"20335","7983 Stony Hill Circle","","Bellflower","9","90706","October 15, 2013"
"20336","5844 Linden Land","","Hobart","71","7001","June 9 2011"
"20337","6568 Damascus Loop","","Burnaby","7","V3J 6Z3","June 05, 2014"
"20338","8859 Reliz Valley Road","","London","14","C2H 7AU","September 21 2012"
"20339","2429 Brown Street","","San Diego","9","92102","1-17-2014"
"20340","3924 Cactus Court","","San Diego","9","92102","3/29/2014"
"20341","7382 Kirker Pass","","Langford","7","V9","Jul 13, 2013"
"20342","11, rue de Terre Neuve","","Lieusaint","163","77127","Dec 21, 2013"
"20343","1788 Camino Verde","","Lake Oswego","58","97034","January 2, 2014"
"20344","5678 Mcelroy Court","","Port Macquarie","50","2444","February 1, 2013"
"20345","5500 Grammercy Lane","","Imperial Beach","9","91932","March 26 2013"
"20346","160 Kentucky Drive","","Long Beach","9","90802","Jan 11, 2014"
"20347","903 West I St","","Bellflower","9","90706","May 18, 2013"
"20348","6782 First Ave","","Los Angeles","9","90012","11-27-2013"
"20349","Wasserstr 123","","Frankfurt am Main","20","60082","Jan 30, 2014"
"20350","1228 Francine Court","","Kirkland","79","98033","10-29-2013"
"20351","9051 Rising Dawn Way","","Langford","7","V9","May 9, 2014"
"20352","1228 Francine Court","","Wokingham","14","RG41 1QW","September 21 2013"
"20353","8837 Via Appia","","Santa Monica","9","90401","Feb 8, 2013"
"20354","673 Noah Court","","Stoke-on-Trent","14","AS23","October 10, 2013"
"20355","2837 Hacienda Drive","","Newcastle","50","2300","Jan 18, 2013"
"20356","1644 Alicante Court","","Santa Cruz","9","95062","Dec 15, 2013"
"20357","4796 Aster Dr","","Cloverdale","66","6105","Apr 2, 2014"
"20358","421, rue Léo Delibes","","Paris","161","75016","December 21, 2013"
"20359","9975 Rose Dr.","","Victoria","7","V8V","Jul 6, 2013"
"20360","6208 Prestwick Dr.","","Rockhampton","64","4700","April 9, 2014"
"20361","2926 Woodside Court","","Newton","7","V2L3W8","September 29, 2013"
"20362","4167 Green Leaf Drive","","Salem","58","97301","November 16, 2013"
"20363","6890 Highland Road","","East Brisbane","64","4169","11-14-2012"
"20364","7371 Diehl Way","","Beverly Hills","9","90210","October 2, 2011"
"20365","8141 Mitchell Canyon Road","","Matraville","50","2036","Sept 20, 2013"
"20366","8866 Alpha Way","","Concord","9","94519","October 10 2013"
"20367","1530 Dallis Drive","","Burlingame","9","94010","August 05, 2013"
"20368","8986 Rubiem Ct","","Milsons Point","50","2061","Jun 29, 2012"
"20369","2325 Mountaire Drive","","Bremerton","79","98312","June 19, 2014"
"20370","8188, rue Lamarck","","Dunkerque","145","59140","December 21, 2013"
"20371","5330 Miwok Way","","Oxford","14","OX14 4SE","January 11, 2014"
"20372","3099 Crawford","","Cheltenham","14","GL50","January 29, 2014"
"20373","7758 Morning Glory Dr.","","Sooke","7","V0","January 20, 2014"
"20374","4380 Chestnut","","Imperial Beach","9","91932","April 7, 2014"
"20375","9293 Clear View Circle","","Kirkby","14","KB9","Feb 17, 2014"
"20376","8826 Kinross Drive","","Burien","79","98168","July 11, 2013"
"20377","Wasserstr 65","","Paderborn","53","33098","April 11, 2014"
"20378","3994 Sucamore Drive","","Fremont","9","94536","Sept 9, 2013"
"20379","3780 Angi Lane","","West Covina","9","91791","May 3, 2012"
"20380","1858 Blocking Cr.","","Kirkland","79","98033","12-14-2012"
"20381","5692 Gill Drive","","Berkeley","9","94704","Jul 31, 2013"
"20382","1898 Pine Tree Drive","","Everett","79","98201","Jun 12, 2012"
"20383","1687 Chaparral Court","","Springwood","50","2777","Aug 19, 2013"
"20384","2885 Hill Drive","","Concord","9","94519","July 25 2013"
"20385","61, rue Mazagran","","Paris","161","75017","Dec 21, 2013"
"20386","2965 Liscome Way","","Hervey Bay","64","4655","February 17, 2014"
"20387","5835 Olivera Rd.","","Palo Alto","9","94303","Jul 19, 2013"
"20388","4421 Alderwood Lane","","Long Beach","9","90802","Jun 8, 2014"
"20389","133 Lorie Ln.","","St. Leonards","50","2065","Oct 14, 2013"
"20390","7625 Veronica Ct.","","Sooke","7","V0","7/22/2013"
"20391","7665 Terrace Road","","Goulburn","50","2580","Jul 28, 2013"
"20392","Roßstr 5538","","Bottrop","53","46236","Sept 25, 2013"
"20393","5235 Darnett Circle","","Spokane","79","99202","July 1, 2013"
"20394","9152 Rogers Ave.","","Warrington","14","WA1","November 28, 2013"
"20395","6984 Wardlow Lane","","Issaquah","79","98027","November 6, 2013"
"20396","7598 Holland Circle","","Caloundra","64","4551","Jul 28, 2012"
"20397","3353 Teixeira Way","","Bellingham","79","98225","March 31 2013"
"20398","8012 Dalis Dr.","","Hervey Bay","64","4655","November 26, 2013"
"20399","11, rue de Terre Neuve","","Villeneuve-d'Ascq","145","59491","December 21, 2013"
"20400","9547 Stephine Way","","Sooke","7","V0","February 15, 2014"
"20401","Pascalstr 1","","Hof","8","95010","Jul 9, 2013"
"20402","327 Bon Homme Way","","Olympia","79","98501","Jan 24, 2014"
"20403","8149 Olivera Road","","El Cajon","9","92020","Jun 18, 2014"
"20404","4809 Ward Court","","Townsville","64","4810","Jan 30, 2012"
"20405","7936 Solano Dr.","","Fremont","9","94536","November 5, 2013"
"20406","3358 Thornhill Place","","Berkeley","9","94704","June 28, 2014"
"20407","1028 Green View Court","","Chula Vista","9","91910","December 6, 2013"
"20408","6054 Laguna Circle","","Glendale","9","91203","Nov 22, 2013"
"20409","3842 Algiers Dr.","","East Brisbane","64","4169","11-18-2011"
"20410","4385 Claudia Dr.","","Ballard","79","98107","July 25 2013"
"20411","7335 Imperial Dr.","","Sedro Woolley","79","98284","March 8, 2014"
"20412","8577 Shakespeare Dr.","","Coronado","9","92118","March 16 2013"
"20413","1782 Poplar Ave.","","Colma","9","94014","Jul 11, 2013"
"20414","3277 Lakespring Pl.","","Colma","9","94014","Jan 13, 2013"
"20415","3, avenue des Champs-Elysées","","Colombes","178","92700","Dec 21, 2013"
"20416","6735 Alet Court","","Seattle","79","98104","August 25, 2013"
"20417","7527 Brook Way","","Bell Gardens","9","90201","May 5, 2012"
"20418","1141 Redwood Road","","Yakima","79","98901","Feb 25, 2014"
"20419","7509 Parkside Dr.","","Mill Valley","9","94941","Feb 15, 2014"
"20420","359 Shepberry Court","","London","14","W1V 5RN","October 16, 2012"
"20421","4760 Clayton Road","","North Sydney","50","2055","Jan 15, 2013"
"20422","4000 Krueger Drive","","Goulburn","50","2580","July 1 2013"
"20423","9512 Adria Dr.","","San Carlos","9","94070","Jan 22, 2014"
"20424","2314 Chelsea Way","","Geelong","77","3220","April 13, 2013"
"20425","1825 Village Pl.","","North Ryde","50","2113","May 31, 2011"
"20426","255 Steven Drive","","Port Macquarie","50","2444","Sept 10, 2012"
"20427","8790 N. 108th St.","","Lake Oswego","58","97034","March 21 2014"
"20428","9970 Loma Linda","","East Brisbane","64","4169","Dec 23, 2013"
"20429","3704 Greendell Rd.","","Lynnwood","79","98036","Jul 14, 2012"
"20430","581 Tobi Dr.","","Downey","9","90241","Feb 11, 2013"
"20431","458 Arlington Way","","Perth","66","6006","November 30, 2013"
"20432","8403 Esperanza","","Port Hammond","7","V6B 3P7","Aug 6, 2013"
"20433","8190 Court Lane","","Redwood City","9","94063","12/16/2013"
"20434","6267 Eastgate Lane","","Beverly Hills","9","90210","Jul 7, 2011"
"20435","216 Smoking Tree Court","","Lancaster","14","LA1 1LN","Jul 29, 2013"
"20436","7306 Keller Ridge","","Silverwater","50","2264","Jan 29, 2013"
"20437","1, allée des Princes","","Courbevoie","178","92400","December 21, 2013"
"20438","4553 Morello Ave","","Bellingham","79","98225","Dec 2, 2013"
"20439","7254 Buchanan Road","","Port Macquarie","50","2444","August 12, 2011"
"20440","6308 Broadway Street","","Berkeley","9","94704","May 22, 2014"
"20441","Winter der Böck 81234","","Ingolstadt","8","85049","3-29-2013"
"20442","Im Himmelsweg 89","","Hamburg","20","20354","January 31, 2013"
"20443","15, avenue Reille","","Saint Ouen","127","41100","Dec 21, 2013"
"20444","608 Jeanne Circle","","High Wycombe","14","HP10 9QY","Sept 3, 2013"
"20445","7590 Bayview Circle","","Westminster","7","V3L 1H4","March 14 2014"
"20446","8831 Cloverleaf Circle","","Redmond","79","98052","June 25, 2014"
"20447","2036 Bellwood Court","","Burlingame","9","94010","December 10, 2013"
"20448","3531 Brookview Drive","","Novato","9","94947","November 5, 2013"
"20449","2574 Red Leaf","","Bellingham","79","98225","February 12, 2014"
"20450","9645 Pimlico Drive","","Newcastle upon Tyne","14","NT20","1-21-2014"
"20451","1395 Bonanza","","Fremont","9","94536","November 6, 2013"
"20452","7763 Folson Drive","","Lemon Grove","9","91945","Feb 12, 2014"
"20453","5102 Sycamore Drive","","Burien","79","98168","February 21, 2014"
"20454","8357 Pheasant Circle","","Grossmont","9","91941","July 29, 2013"
"20455","4979 Sweeney Road","","Mill Valley","9","94941","Nov 27, 2013"
"20456","9892 N. Spoonwood Ct.","","Victoria","7","V8V","Dec 21, 2012"
"20457","8546 La Mar Ct.","","North Ryde","50","2113","February 8, 2013"
"20458","9425 Calle Verde Dr.","","Port Hammond","7","V6B 3P7","12/6/2013"
"20459","Attaché de Presse","","Orleans","131","45000","December 21, 2013"
"20460","4593 Mendouno Dr.","","Coffs Harbour","50","2450","August 23, 2011"
"20461","4379 Lakeside Court","","Tacoma","79","98403","September 11, 2013"
"20462","2457 Matterhorn Court","","Spokane","79","99202","Dec 31, 2013"
"20463","5805 Churchill Dr.","","West Sussex","14","RH15 9UD","Jul 30, 2012"
"20464","9187 Mario Way","","Bremerton","79","98312","Sept 1, 2013"
"20465","4675 Pomar Way","","Berkeley","9","94704","August 9, 2012"
"20466","5153 Hackamore Lane","","Shawnee","7","V8Z 4N5","January 26, 2014"
"20467","3484 Springer Court","","Corvallis","58","97330","July 4, 2012"
"20468","6434 Galveston Ct.","","Portland","58","97205","June 25, 2014"
"20469","5020 Kenneth Ct.","","Lebanon","58","97355","August 10, 2012"
"20470","27, place de Brazaville","","Roubaix","145","59100","Dec 21, 2013"
"20471","8246 Via Del Sol","","Oxford","14","OX14 4SE","February 3, 2014"
"20472","1804 B Southampton Rd.","","Geelong","77","3220","Dec 20, 2011"
"20473","8224 Georgia Street","","Grossmont","9","91941","November 9, 2012"
"20474","9719 Hamilton Ave","","Newton","7","V2L3W8","Aug 18, 2013"
"20475","42, boulevard Tremblay","","Dunkerque","145","59140","December 21, 2013"
"20476","5834 Vloching Circle","","Los Angeles","9","90012","Oct 11, 2013"
"20477","7583 Green Hill Rd","","Redwood City","9","94063","Nov 16, 2013"
"20478","8577 Dies Dorados","","Sunbury","77","3429","March 19, 2012"
"20479","6694 Trasher Road","","Brisbane","64","4000","Nov 26, 2012"
"20480","3952 Morello Ave.","","Langford","7","V9","Apr 10, 2012"
"20481","8611 Park Lane Circle","","Runcorn","14","TY31","November 21, 2013"
"20482","419 Mills Dr.","","Gateshead","14","GA10","October 28, 2013"
"20483","5994 El Capitan","","London","14","W1N 9FA","February 19, 2014"
"20484","5234 Martindale","","Santa Monica","9","90401","Nov 2, 2013"
"20485","2803 E. Cypress Rd.","","Grossmont","9","91941","Jun 25, 2014"
"20486","4678 Ygnacio Valley Road","","Beaverton","58","97005","July 10, 2013"
"20487","4814 Ward Street","","Rockhampton","64","4700","October 29, 2013"
"20488","5288 Carletto Drive","","Colma","9","94014","Feb 27, 2014"
"20489","2672 Petarct","","Maidenhead","14","SL67RJ","August 14, 2013"
"20490","9679 Shakespeare Dr.","","Sydney","50","1002","Dec 8, 2012"
"20491","82, route de Marseille","","Roubaix","145","59100","Dec 21, 2013"
"20492","7502 Contuti Avenue","","Santa Cruz","9","95062","September 30,"
