"```csv"
"address_id","street_address_1","secondary_address","town","state_province","zip_code","date_modified"
"1","Product-1Product-9Product-7Product-0 Product-NProduct-aProduct-pProduct-a Product-CProduct-tProduct-.","","Product-BProduct-oProduct-tProduct-hProduct-eProduct-lProduct-l","79","Product-9Product-8Product-0Product-1Product-1","Product-1Product-2/Product-4/Product-2Product-0Product-0Product-7"
"2","Product-9Product-8Product-3Product-3 Product-MProduct-t. Product-DProduct-iProduct-aProduct-s Product-BProduct-lProduct-vProduct-.","","Product-BProduct-oProduct-tProduct-hProduct-eProduct-lProduct-l","79","Product-9Product-8Product-0Product-1Product-1","Product-1Product-1/Product-3Product-0/Product-2Product-0Product-0Product-8"
"3","Product-7Product-4Product-8Product-4 Product-RProduct-oProduct-uProduct-nProduct-dProduct-tProduct-rProduct-eProduct-e Product-DProduct-rProduct-iProduct-vProduct-e","","Product-Bothell","79","98011","3/7/2013"
"4","9539 Glenside Dr","","Bothell","79","98011","2/3/2009"
"5","1226 Shoe St.,","","Bothell","79","98011","12/19/2008"
"6","1399 Firestone Drive","","Bothell","79","98011","2/13/2009"
"7","5672 Hale Dr.,","","Bothell","79","98011","12/11/2009"
"8","6387 Scenic Avenue","","Bothell","79","98011","12/17/2008"
"9","8713 Yosemite Ct.,","","Bothell","79","98011","5/30/2012"
"10","250 Race Court","","Bothell","79","98011","12/2/2008"
"11","1318 Lasalle Street","","Bothell","79","98011","2/28/2013"
"12","5415 San Gabriel Dr.,","","Bothell","79","98011","1/5/2013"
"13","9265 La Paz","","Bothell","79","98011","12/14/2013"
"14","8157 W. Book","","Bothell","79","98011","12/4/2009"
"15","4912 La Vuelta","","Bothell","79","98011","11/18/2013"
"16","40 Ellis St.,","","Bothell","79","98011","11/9/2012"
"17","6696 Anchor Drive","","Bothell","79","98011","11/8/2013"
"18","1873 Lion Circle","","Bothell","79","98011","11/30/2013"
"19","3148 Rose Street","","Bothell","79","98011","4/3/2014"
"20","6872 Thornwood Dr.,","","Bothell","79","98011","2/5/2009"
"21","5747 Shirley Drive","","Bothell","79","98011","2/11/2009"
"22","636 Vine Hill Way","","Portland","58","97205","5/24/2011"
"23","6657 Sand Pointe Lane","","Seattle","79","98104","1/15/2009"
"24","80 Sunview Terrace","","Duluth","36","55802","5/24/2011"
"25","9178 Jumping St.,","","Dallas","73","75201","7/31/2012"
"26","5725 Glaze Drive","","San Francisco","9","94109","5/24/2011"
"27","2487 Riverside Drive","","Nevada","74","84407","5/24/2011"
"28","9228 Via Del Sol","","Phoenix","6","85004","8/1/2011"
"29","8291 Crossbow Way","","Memphis","72","38103","5/24/2011"
"30","9707 Coldwater Drive","","Orlando","15","32804","7/1/2011"
"31","9100 Sheppard Avenue North","","Ottawa","57","K4B 1T7","5/24/2011"
"32","26910 Indela Road","","Montreal","63","H1Y 2H5","6/30/2012"
"33","10203 Acorn Avenue","","Calgary","1","T2P 2G8","5/24/2011"
"34","94, rue Descartes","","Bordeaux","119","33000","12/21/2013"
"35","Pascalstr 951","","Berlin","20","14111","5/23/2013"
"36","34 Waterloo Road","","Melbourne","77","3000","5/23/2013"
"37","Downshire Way","","Cambridge","14","BA5 3HX","5/23/2012"
"38","8154 Via Mexico","","Detroit","35","48226","5/24/2011"
"39","3997 Via De Luna","","Cambridge","30","2139","9/23/2012"
"40","1902 Santa Cruz","","Bothell","79","98011","2/1/2010"
"41","793 Crawford Street","","Kenmore","79","98028","3/25/2014"
"42","463 H Stagecoach Rd.,","","Kenmore","79","98028","1/20/2009"
"43","5203 Virginia Lane","","Kenmore","79","98028","2/13/2010"
"44","4095 Cooper Dr.,","","Kenmore","79","98028","12/27/2008"
"45","6697 Ridge Park Drive","","Kenmore","79","98028","11/25/2008"
"46","5669 Ironwood Way","","Kenmore","79","98028","1/29/2009"
"47","8192 Seagull Court","","Kenmore","79","98028","1/11/2009"
"48","5553 Cash Avenue","","Kenmore","79","98028","1/31/2014"
"49","7048 Laurel","","Kenmore","79","98028","2/1/2009"
"50","25 95th Ave NE","","Kenmore","79","98028","2/6/2009"
"51","3280 Pheasant Circle","","Snohomish","79","98296","11/30/2008"
"52","4231 Spar Court","","Snohomish","79","98296","1/20/2009"
"53","1285 Greenbrier Street","","Snohomish","79","98296","12/28/2008"
"54","5724 Victory Lane","","Snohomish","79","98296","1/29/2010"
"55","591 Merriewood Drive","","Snohomish","79","98296","2/16/2009"
"56","3114 Notre Dame Ave.,","","Snohomish","79","98296","11/29/2013"
"57","7230 Vine Maple Street","","Snohomish","79","98296","1/22/2009"
"58","2601 Cambridge Drive","","Snohomish","79","98296","12/5/2008"
"59","2115 Passing","","Snohomish","79","98296","11/30/2008"
"60","4852 Chaparral Court","","Snohomish","79","98296","12/25/2009"
"61","7726 Driftwood Drive","","Monroe","79","98272","6/23/2006"
"62","3841 Silver Oaks Place","","Monroe","79","98272","11/27/2008"
"63","9652 Los Angeles","","Monroe","79","98272","1/27/2009"
"64","4566 La Jolla","","Monroe","79","98272","1/8/2009"
"65","1356 Grove Way","","Monroe","79","98272","2/14/2009"
"66","4775 Kentucky Dr.,Unit E","","Monroe","79","98272","5/27/2014"
"67","4734 Sycamore Court","","Monroe","79","98272","12/20/2008"
"68","896 Southdale","","Monroe","79","98272","2/26/2009"
"69","2275 Valley Blvd.,","","Monroe","79","98272","1/14/2009"
"70","1792 Belmont Rd.,","","Monroe","79","98272","12/2/2008"
"71","5734 Ashford Court","","Monroe","79","98272","2/13/2008"
"72","5030 Blue Ridge Dr.,","","Monroe","79","98272","2/6/2009"
"73","158 Walnut Ave","","Monroe","79","98272","2/7/2009"
"74","8310 Ridge Circle","","Monroe","79","98272","11/30/2008"
"75","3747 W. Landing Avenue","","Monroe","79","98272","2/28/2009"
"76","2598 La Vista Circle","","Duvall","79","98019","2/3/2009"
"77","9693 Mellowood Street","","Duvall","79","98019","2/20/2008"
"78","1825 Corte Del Prado","","Duvall","79","98019","12/27/2008"
"79","5086 Nottingham Place","","Duvall","79","98019","1/17/2010"
"80","3977 Central Avenue","","Duvall","79","98019","2/2/2009"
"81","8209 Green View Court","","Duvall","79","98019","2/20/2010"
"82","8463 Vista Avenue","","Duvall","79","98019","2/21/2009"
"83","5379 Treasure Island Way,# 14","","Duvall","79","98019","2/4/2009"
"84","3421 Bouncing Road","","Duvall","79","98019","12/1/2008"
"85","991 Vista Verde","","Duvall","79","98019","2/1/2009"
"86","390 Ridgewood Ct.,","","Carnation","79","98014","12/20/2008"
"87","1411 Ranch Drive","","Carnation","79","98014","2/6/2009"
"88","9666 Northridge Ct.,","","Carnation","79","98014","12/1/2008"
"89","3074 Arbor Drive","","Carnation","79","98014","12/14/2008"
"90","9752 Jeanne Circle","","Carnation","79","98014","1/9/2010"
"91","7166 Brock Lane","","Seattle","79","98104","12/15/2008"
"92","7126 Ending Ct.,","","Seattle","79","98104","12/19/2007"
"93","4598 Manila Avenue","","Seattle","79","98104","1/29/2010"
"94","5666 Hazelnut Lane","","Seattle","79","98104","2/24/2009"
"95","1220 Bradford Way","","Seattle","79","98104","12/8/2008"
"96","5375 Clearland Circle","","Seattle","79","98104","1/4/2009"
"97","2639 Anchor Court","","Seattle","79","98104","2/7/2014"
"98","502 Alexander Pl.,","","Seattle","79","98104","1/25/2009"
"99","5802 Ampersand Drive","","Seattle","79","98104","12/31/2008"
"100","5125 Cotton Ct.,","","Seattle","79","98104","2/3/2009"
"101","3243 Buckingham Dr.,# 207","","Seattle","79","98104","2/15/2009"
"102","3029 Pastime Dr,# 2","","Seattle","79","98104","1/4/2009"
"103","9537 Ridgewood Drive","","Seattle","79","98104","2/5/2010"
"104","9964 North Ridge Drive","","Seattle","79","98104","1/29/2009"
"105","1619 Stillman Court","","Seattle","79","98104","12/19/2008"
"106","2144 San Rafael","","Seattle","79","98104","1/5/2009"
"107","7403 N. Broadway","","Seattle","79","98104","1/1/2009"
"108","7842 Ygnacio Valley Road","","Seattle","79","98104","12/10/2008"
"109","874 Olivera Road","","Seattle","79","98104","2/24/2010"
"110","1064 Slow Creek Road","","Seattle","79","98104","12/8/2008"
"111","77 Birchwood","","Seattle","79","98104","1/27/2009"
"112","7765 Sunsine Drive","","Seattle","79","98104","2/19/2009"
"113","1102 Ravenwood","","Seattle","79","98104","12/15/2009"
"114","1398 Yorba Linda","","Seattle","79","98104","2/8/2009"
"115","4948 West 4th St","","Seattle","79","98104","2/13/2009"
"116","8290 Margaret Ct.,","","Seattle","79","98104","1/10/2009"
"117","426 San Rafael","","Seattle","79","98104","2/8/2009"
"118","136 Balboa Court","","Seattle","79","98104","12/25/2008"
"119","7439 Laguna Niguel","","Seattle","79","98104","11/28/2008"
"120","6498 Mining Rd.,","","Seattle","79","98104","2/8/2009"
"121","6578 Woodhaven Ln.,","","Seattle","79","98104","11/26/2008"
"122","2354 Frame Ln.,","","Seattle","79","98104","12/18/2009"
"123","6843 San Simeon Dr.,","","Seattle","79","98104","1/26/2009"
"124","7616 Honey Court","","Seattle","79","98104","12/5/2008"
"125","931 Corte De Luna","","Seattle","79","98104","12/8/2008"
"126","7594 Alexander Pl.,","","Seattle","79","98104","12/10/2008"
"127","7127 Los Gatos Court","","Seattle","79","98104","11/29/2008"
"128","8656 Lakespring Place","","Seattle","79","98104","1/5/2010"
"129","5025 Holiday Hills","","Seattle","79","98104","12/26/2008"
"130","5376 Catanzaro Way","","Seattle","79","98104","2/25/2009"
"131","504 O St.,","","Edmonds","79","98020","12/31/2013"
"132","6870 D Bel Air Drive","","Edmonds","79","98020","2/6/2010"
"133","8152 Claudia Dr.,","","Edmonds","79","98020","1/5/2009"
"134","6057 Hill Street","","Edmonds","79","98020","12/15/2008"
"135","2812 Mazatlan","","Edmonds","79","98020","2/19/2009"
"136","172 Turning Dr.,","","Edmonds","79","98020","12/12/2008"
"137","9784 Mt Etna Drive","","Edmonds","79","98020","12/16/2008"
"138","2059 Clay Rd","","Edmonds","79","98020","12/28/2008"
"139","2687 Ridge Road","","Edmonds","79","98020","1/13/2009"
"140","371 Apple Dr.,","","Edmonds","79","98020","1/7/2009"
"141","3281 Hillview Dr.,","","Edmonds","79","98020","12/10/2008"
"142","2080 Sycamore Drive","","Edmonds","79","98020","12/28/2008"
"143","7511 Cooper Dr.,","","Edmonds","79","98020","2/16/2010"
"144","9825 Coralie Drive","","Edmonds","79","98020","1/6/2009"
"145","8411 Mt. Orange Place","","Edmonds","79","98020","12/12/2008"
"146","207 Berry Court","","Edmonds","79","98020","1/3/2009"
"147","1061 Buskrik Avenue","","Edmonds","79","98020","3/1/2009"
"148","3632 Bank Way","","Edmonds","79","98020","2/16/2010"
"149","3026 Anchor Drive","","Edmonds","79","98020","1/22/2010"
"150","7338 Green St.,","","Edmonds","79","98020","2/19/2009"
"151","2038 Encino Drive","","Edmonds","79","98020","1/24/2009"
"152","2466 Clearland Circle","","Edmonds","79","98020","12/22/2009"
"153","9277 Country View Lane","","Edmonds","79","98020","1/26/2008"
"154","5423 Champion Rd.,","","Edmonds","79","98020","12/24/2008"
"155","2046 Las Palmas","","Edmonds","79","98020","1/22/2009"
"156","8684 Military East","","Bellevue","79","98004","11/25/2008"
"157","7270 Pepper Way","","Bellevue","79","98004","11/27/2008"
"158","6058 Hill Street,# 4","","Bellevue","79","98004","12/18/2009"
"159","1648 Eastgate Lane","","Bellevue","79","98004","1/28/2009"
"160","3454 Bel Air Drive","","Bellevue","79","98004","12/30/2008"
"161","3067 Maya","","Bellevue","79","98004","1/25/2010"
"162","3197 Thornhill Place","","Bellevue","79","98004","12/22/2008"
"163","3919 Pinto Road","","Bellevue","79","98004","2/14/2009"
"164","7396 Stratton Circle","","Bellevue","79","98004","1/17/2010"
"165","9745 Bonita Ct.,","","Bellevue","79","98004","2/1/2009"
"166","3670 All Ways Drive","","Bellevue","79","98004","11/24/2008"
"167","7221 Peachwillow Street","","Bellevue","79","98004","2/25/2010"
"168","1343 Prospect St","","Bellevue","79","98004","1/10/2009"
"169","6448 Castle Court","","Bellevue","79","98004","11/25/2008"
"170","7902 Grammercy Lane,Unit A","","Bellevue","79","98004","12/4/2009"
"171","8668 Via Neruda","","Bellevue","79","98004","2/23/2009"
"172","4777 Rockne Drive","","Bellevue","79","98004","1/24/2009"
"173","620 Woodside Ct.,","","Bellevue","79","98004","12/18/2010"
"174","6307 Greenbelt Way","","Bellevue","79","98004","2/7/2011"
"175","3284 S. Blank Avenue","","Bellevue","79","98004","12/18/2008"
"176","8751 Norse Drive","","Bellevue","79","98004","12/28/2009"
"177","6968 Wren Ave.,","","Bellevue","79","98004","2/9/2009"
"178","4311 Clay Rd","","Bellevue","79","98004","11/29/2008"
"179","771 Northridge Drive,# 495","","Bellevue","79","98004","6/7/2012"
"180","2947 Vine Lane","","Bellevue","79","98004","1/24/2010"
"181","9320 Teakwood Dr.,","","Bellevue","79","98004","1/7/2009"
"182","3711 Rollingwood Dr","","Bellevue","79","98004","2/12/2009"
"183","6118 Grasswood Circle","","Bellevue","79","98004","12/10/2009"
"184","5678 Clear Court","","Bellevue","79","98004","2/9/2009"
"185","2681 Eagle Peak","","Bellevue","79","98004","7/31/2012"
"186","332 Laguna Niguel","","Bellevue","79","98004","12/17/2008"
"187","7808 Brown St.,","","Bellevue","79","98004","1/9/2009"
"188","6774 Bonanza","","Bellevue","79","98004","12/31/2008"
"189","3708 Montana","","Bellevue","79","98004","12/20/2008"
"190","9435 Breck Court","","Bellevue","79","98004","12/30/2007"
"191","6951 Harmony Way","","Sammamish","79","98074","12/31/2010"
"192","6871 Thornwood Dr.,","","Sammamish","79","98074","2/22/2009"
"193","9104 Mt. Sequoia Ct.,","","Sammamish","79","98074","12/7/2008"
"194","2095 Sierra Drive","","Sammamish","79","98074","10/14/2013"
"195","4444 Pepper Way","","Sammamish","79","98074","2/27/2009"
"196","4525 Benedict Ct.,","","Sammamish","79","98074","12/18/2008"
"197","7820 Bird Drive","","Sammamish","79","98074","12/26/2008"
"198","1962 Ferndale Lane","","Sammamish","79","98074","1/19/2009"
"199","5263 Etcheverry Dr","","Sammamish","79","98074","11/26/2009"
"200","2473 Orchard Way","","Sammamish","79","98074","1/9/2009"
"201","6202 Seeno St.,","","Sammamish","79","98074","9/5/2013"
"202","4096 San Remo","","Sammamish","79","98074","12/21/2008"
"203","7086 O St.,","","Sammamish","79","98074","12/30/2009"
"204","4310 Kenston Dr.,","","Sammamish","79","98074","1/10/2010"
"205","7939 Bayview Court","","Sammamish","79","98074","1/14/2009"
"206","6097 Mt. McKinley Ct.,","","Redmond","79","98052","9/25/2013"
"207","3066 Wallace Dr.,","","Redmond","79","98052","2/19/2009"
"208","9006 Woodside Way","","Redmond","79","98052","3/21/2008"
"209","9906 Oak Grove Road","","Redmond","79","98052","1/31/2011"
"210","2383 Pepper Drive","","Redmond","79","98052","12/4/2008"
"211","6369 Ellis Street","","Redmond","79","98052","11/29/2010"
"212","8000 Crane Court","","Redmond","79","98052","2/1/2009"
"213","9322 Driving Drive","","Redmond","79","98052","1/15/2010"
"214","3768 Door Way","","Redmond","79","98052","12/13/2007"
"215","101 Candy Rd.,","","Redmond","79","98052","3/2/2010"
"216","2427 Notre Dame Ave.,","","Redmond","79","98052","12/28/2010"
"217","1960 Via Catanzaro","","Redmond","79","98052","10/13/2013"
"218","9863 Ridge Place","","Red"
