"```csv"
"TheYear","Column1","Column2","Column3","indicator_desc"
"","","","",""
"summary","","","indicator_name",""
"country_name","country_code","indicator_code","population_total","total"
"Afghanistan","AFG","SP.POP.TOTL","13169311.0","13169311"
"Africa Eastern and Southern","AFE","SP.POP.TOTL","230792729.0","230792729"
"Africa Western and Central","AFW","SP.POP.TOTL","159166518.0","159166518"
"Albania","ALB","SP.POP.TOTL","2671997.0","2671997"
"Algeria","DZA","SP.POP.TOTL","18607174.0","18607174"
"American Samoa","ASM","SP.POP.TOTL","32403.0","32403"
"Andorra","AND","SP.POP.TOTL","35782.0","35782"
"Angola","AGO","SP.POP.TOTL","8133872.0","8133872"
"Antigua and Barbuda","ATG","SP.POP.TOTL","64513.0","64513"
"Arab World","ARB","SP.POP.TOTL","164657321.0","164657321"
"Argentina","ARG","SP.POP.TOTL","28011596.0","28011596"
"Armenia","ARM","SP.POP.TOTL","3107415.0","3107415"
"Aruba","ABW","SP.POP.TOTL","59909.0","59909"
"Australia","AUS","SP.POP.TOTL","14692000.0","14692000"
"Austria","AUT","SP.POP.TOTL","7549433.0","7549433"
"Azerbaijan","AZE","SP.POP.TOTL","6160500.0","6160500"
"Bahamas, The","BHS","SP.POP.TOTL","232526.0","232526"
"Bahrain","BHR","SP.POP.TOTL","358978.0","358978"
"Bangladesh","BGD","SP.POP.TOTL","88016432.0","88016432"
"Barbados","BRB","SP.POP.TOTL","251524.0","251524"
"Belarus","BLR","SP.POP.TOTL","9643000.0","9643000"
"Belgium","BEL","SP.POP.TOTL","9859242.0","9859242"
"Belize","BLZ","SP.POP.TOTL","145062.0","145062"
"Benin","BEN","SP.POP.TOTL","3925251.0","3925251"
"Bermuda","BMU","SP.POP.TOTL","53673.0","53673"
"Bhutan","BTN","SP.POP.TOTL","433404.0","433404"
"Bolivia","BOL","SP.POP.TOTL","5758900.0","5758900"
"Bosnia and Herzegovina","BIH","SP.POP.TOTL","4148426.0","4148426"
"Botswana","BWA","SP.POP.TOTL","937485.0","937485"
"Brazil","BRA","SP.POP.TOTL","121207461.0","121207461"
"British Virgin Islands","VGB","SP.POP.TOTL","11130.0","11130"
"Brunei Darussalam","BRN","SP.POP.TOTL","186111.0","186111"
"Bulgaria","BGR","SP.POP.TOTL","8861535.0","8861535"
"Burkina Faso","BFA","SP.POP.TOTL","6947900.0","6947900"
"Burundi","BDI","SP.POP.TOTL","4383706.0","4383706"
"Cabo Verde","CPV","SP.POP.TOTL","323301.0","323301"
"Cambodia","KHM","SP.POP.TOTL","5199872.0","5199872"
"Cameroon","CMR","SP.POP.TOTL","8512219.0","8512219"
"Canada","CAN","SP.POP.TOTL","24515667.0","24515667"
"Caribbean small states","CSS","SP.POP.TOTL","2277343.0","2277343"
"Cayman Islands","CYM","SP.POP.TOTL","17079.0","17079"
"Central African Republic","CAF","SP.POP.TOTL","2450535.0","2450535"
"Central Europe and the Baltics","CEB","SP.POP.TOTL","106541316.0","106541316"
"Chad","TCD","SP.POP.TOTL","4515453.0","4515453"
"Channel Islands","CHI","SP.POP.TOTL","130462.0","130462"
"Chile","CHL","SP.POP.TOTL","11508550.0","11508550"
"China","CHN","SP.POP.TOTL","981235000.0","981235000"
"Colombia","COL","SP.POP.TOTL","26104498.0","26104498"
"Comoros","COM","SP.POP.TOTL","337721.0","337721"
"Congo, Dem. Rep.","COD","SP.POP.TOTL","26711099.0","26711099"
"Congo, Rep.","COG","SP.POP.TOTL","1828985.0","1828985"
"Costa Rica","CRI","SP.POP.TOTL","2390633.0","2390633"
"Cote d'Ivoire","CIV","SP.POP.TOTL","8220714.0","8220714"
"Croatia","HRV","SP.POP.TOTL","4599782.0","4599782"
"Cuba","CUB","SP.POP.TOTL","9804796.0","9804796"
"Curacao","CUW","SP.POP.TOTL","148041.0","148041"
"Cyprus","CYP","SP.POP.TOTL","683076.0","683076"
"Czechia","CZE","SP.POP.TOTL","10304193.0","10304193"
"Denmark","DNK","SP.POP.TOTL","5123027.0","5123027"
"Djibouti","DJI","SP.POP.TOTL","325815.0","325815"
"Dominica","DMA","SP.POP.TOTL","73083.0","73083"
"Dominican Republic","DOM","SP.POP.TOTL","5729037.0","5729037"
"Early-demographic dividend","EAR","SP.POP.TOTL","1591961664.0","1591961664"
"East Asia & Pacific","EAS","SP.POP.TOTL","1555055134.0","1555055134"
"East Asia & Pacific (excluding high income)","EAP","SP.POP.TOTL","1356226475.0","1356226475"
"East Asia & Pacific (IDA & IBRD countries)","TEA","SP.POP.TOTL","1338009609.0","1338009609"
"Ecuador","ECU","SP.POP.TOTL","8165877.0","8165877"
"Egypt, Arab Rep.","EGY","SP.POP.TOTL","43950413.0","43950413"
"El Salvador","SLV","SP.POP.TOTL","4540382.0","4540382"
"Equatorial Guinea","GNQ","SP.POP.TOTL","288644.0","288644"
"Eritrea","ERI","SP.POP.TOTL","1605797.0","1605797"
"Estonia","EST","SP.POP.TOTL","1477219.0","1477219"
"Eswatini","SWZ","SP.POP.TOTL","596644.0","596644"
"Ethiopia","ETH","SP.POP.TOTL","34428514.0","34428514"
"Euro area","EMU","SP.POP.TOTL","306894340.0","306894340"
"Europe & Central Asia","ECS","SP.POP.TOTL","795362835.0","795362835"
"Europe & Central Asia (excluding high income)","ECA","SP.POP.TOTL","181309432.0","181309432"
"Europe & Central Asia (IDA & IBRD countries)","TEC","SP.POP.TOTL","391562181.0","391562181"
"European Union","EUU","SP.POP.TOTL","407986180.0","407986180"
"Faroe Islands","FRO","SP.POP.TOTL","43072.0","43072"
"Fiji","FJI","SP.POP.TOTL","641975.0","641975"
"Finland","FIN","SP.POP.TOTL","4779535.0","4779535"
"Fragile and conflict affected situations","FCS","SP.POP.TOTL","387280079.0","387280079"
"France","FRA","SP.POP.TOTL","55274184.0","55274184"
"French Polynesia","PYF","SP.POP.TOTL","156471.0","156471"
"Gabon","GAB","SP.POP.TOTL","748389.0","748389"
"Gambia, The","GMB","SP.POP.TOTL","713913.0","713913"
"Georgia","GEO","SP.POP.TOTL","4467700.0","4467700"
"Germany","DEU","SP.POP.TOTL","78288576.0","78288576"
"Ghana","GHA","SP.POP.TOTL","11941448.0","11941448"
"Gibraltar","GIB","SP.POP.TOTL","28675.0","28675"
"Greece","GRC","SP.POP.TOTL","9642505.0","9642505"
"Greenland","GRL","SP.POP.TOTL","50200.0","50200"
"Grenada","GRD","SP.POP.TOTL","94538.0","94538"
"Guam","GUM","SP.POP.TOTL","110141.0","110141"
"Guatemala","GTM","SP.POP.TOTL","6900212.0","6900212"
"Guinea","GIN","SP.POP.TOTL","5047419.0","5047419"
"Guinea-Bissau","GNB","SP.POP.TOTL","829303.0","829303"
"Guyana","GUY","SP.POP.TOTL","774367.0","774367"
"Haiti","HTI","SP.POP.TOTL","5614493.0","5614493"
"Heavily indebted poor countries (HIPC)","HPC","SP.POP.TOTL","277128014.0","277128014"
"High income","HIC","SP.POP.TOTL","1101614544.0","1101614544"
"Honduras","HND","SP.POP.TOTL","3727173.0","3727173"
"Hong Kong SAR, China","HKG","SP.POP.TOTL","5063100.0","5063100"
"Hungary","HUN","SP.POP.TOTL","10711122.0","10711122"
"IBRD only","IBD","SP.POP.TOTL","2869277824.0","2869277824"
"Iceland","ISL","SP.POP.TOTL","228138.0","228138"
"IDA & IBRD total","IBT","SP.POP.TOTL","3536954994.0","3536954994"
"IDA blend","IDB","SP.POP.TOTL","211331419.0","211331419"
"IDA only","IDX","SP.POP.TOTL","456345751.0","456345751"
"IDA total","IDA","SP.POP.TOTL","667677170.0","667677170"
"India","IND","SP.POP.TOTL","687354025.0","687354025"
"Indonesia","IDN","SP.POP.TOTL","148950540.0","148950540"
"Iran, Islamic Rep.","IRN","SP.POP.TOTL","39842324.0","39842324"
"Iraq","IRQ","SP.POP.TOTL","13591992.0","13591992"
"Ireland","IRL","SP.POP.TOTL","3412800.0","3412800"
"Isle of Man","IMN","SP.POP.TOTL","64076.0","64076"
"Israel","ISR","SP.POP.TOTL","3878000.0","3878000"
"Italy","ITA","SP.POP.TOTL","56433883.0","56433883"
"Jamaica","JAM","SP.POP.TOTL","2145658.0","2145658"
"Japan","JPN","SP.POP.TOTL","116807000.0","116807000"
"Jordan","JOR","SP.POP.TOTL","2234186.0","2234186"
"Kazakhstan","KAZ","SP.POP.TOTL","15152949.0","15152949"
"Kenya","KEN","SP.POP.TOTL","16018459.0","16018459"
"Kiribati","KIR","SP.POP.TOTL","61148.0","61148"
"Korea, Dem. People's Rep.","PRK","SP.POP.TOTL","18236786.0","18236786"
"Korea, Rep.","KOR","SP.POP.TOTL","38123775.0","38123775"
"Kosovo","XKX","SP.POP.TOTL","1604818.0","1604818"
"Kuwait","KWT","SP.POP.TOTL","1504782.0","1504782"
"Kyrgyz Republic","KGZ","SP.POP.TOTL","3617400.0","3617400"
"Lao PDR","LAO","SP.POP.TOTL","3292573.0","3292573"
"Late-demographic dividend","LTE","SP.POP.TOTL","1592439385.0","1592439385"
"Latin America & Caribbean","LCN","SP.POP.TOTL","359713036.0","359713036"
"Latin America & Caribbean (excluding high income)","LAC","SP.POP.TOTL","321979200.0","321979200"
"Latin America & the Caribbean (IDA & IBRD countries)","TLA","SP.POP.TOTL","346105657.0","346105657"
"Latvia","LVA","SP.POP.TOTL","2511701.0","2511701"
"Least developed countries: UN classification","LDC","SP.POP.TOTL","403007563.0","403007563"
"Lebanon","LBN","SP.POP.TOTL","2944763.0","2944763"
"Lesotho","LSO","SP.POP.TOTL","1406521.0","1406521"
"Liberia","LBR","SP.POP.TOTL","1929253.0","1929253"
"Libya","LBY","SP.POP.TOTL","3424378.0","3424378"
"Liechtenstein","LIE","SP.POP.TOTL","25512.0","25512"
"Lithuania","LTU","SP.POP.TOTL","3413202.0","3413202"
"Low & middle income","LMY","SP.POP.TOTL","3320729393.0","3320729393"
"Low income","LIC","SP.POP.TOTL","226852931.0","226852931"
"Lower middle income","LMC","SP.POP.TOTL","1331803696.0","1331803696"
"Luxembourg","LUX","SP.POP.TOTL","364150.0","364150"
"Macao SAR, China","MAC","SP.POP.TOTL","239650.0","239650"
"Madagascar","MDG","SP.POP.TOTL","9006032.0","9006032"
"Malawi","MWI","SP.POP.TOTL","6265529.0","6265529"
"Malaysia","MYS","SP.POP.TOTL","12983363.0","12983363"
"Maldives","MDV","SP.POP.TOTL","164835.0","164835"
"Mali","MLI","SP.POP.TOTL","7530515.0","7530515"
"Malta","MLT","SP.POP.TOTL","316645.0","316645"
"Marshall Islands","MHL","SP.POP.TOTL","30774.0","30774"
"Mauritania","MRT","SP.POP.TOTL","1474043.0","1474043"
"Mauritius","MUS","SP.POP.TOTL","966039.0","966039"
"Mexico","MEX","SP.POP.TOTL","67300334.0","67300334"
"Micronesia, Fed. Sts.","FSM","SP.POP.TOTL","77407.0","77407"
"Middle East & North Africa","MEA","SP.POP.TOTL","183887467.0","183887467"
"Middle East & North Africa (excluding high income)","MNA","SP.POP.TOTL","169488204.0","169488204"
"Middle East & North Africa (IDA & IBRD countries)","TMN","SP.POP.TOTL","169488204.0","169488204"
"Middle income","MIC","SP.POP.TOTL","3093876462.0","3093876462"
"Moldova","MDA","SP.POP.TOTL","2708675.0","2708675"
"Monaco","MCO","SP.POP.TOTL","27122.0","27122"
"Mongolia","MNG","SP.POP.TOTL","1701335.0","1701335"
"Montenegro","MNE","SP.POP.TOTL","572608.0","572608"
"Morocco","MAR","SP.POP.TOTL","19459943.0","19459943"
"Mozambique","MOZ","SP.POP.TOTL","11336221.0","11336221"
"Myanmar","MMR","SP.POP.TOTL","33227204.0","33227204"
"Namibia","NAM","SP.POP.TOTL","981434.0","981434"
"Nauru","NRU","SP.POP.TOTL","7649.0","7649"
"Nepal","NPL","SP.POP.TOTL","15553105.0","15553105"
"Netherlands","NLD","SP.POP.TOTL","14149800.0","14149800"
"New Caledonia","NCL","SP.POP.TOTL","149817.0","149817"
"New Zealand","NZL","SP.POP.TOTL","3112900.0","3112900"
"Nicaragua","NIC","SP.POP.TOTL","3252403.0","3252403"
"Niger","NER","SP.POP.TOTL","6135971.0","6135971"
"Nigeria","NGA","SP.POP.TOTL","73764641.0","73764641"
"North America","NAC","SP.POP.TOTL","251794340.0","251794340"
"North Macedonia","MKD","SP.POP.TOTL","1933038.0","1933038"
"Northern Mariana Islands","MNP","SP.POP.TOTL","17625.0","17625"
"Norway","NOR","SP.POP.TOTL","4085620.0","4085620"
"OECD members","OED","SP.POP.TOTL","1019332414.0","1019332414"
"Oman","OMN","SP.POP.TOTL","1001248.0","1001248"
"Other small states","OSS","SP.POP.TOTL","7803795.0","7803795"
"Pacific island small states","PSS","SP.POP.TOTL","1454476.0","1454476"
"Pakistan","PAK","SP.POP.TOTL","82291010.0","82291010"
"Palau","PLW","SP.POP.TOTL","12271.0","12271"
"Panama","PAN","SP.POP.TOTL","1957534.0","1957534"
"Papua New Guinea","PNG","SP.POP.TOTL","3131512.0","3131512"
"Paraguay","PRY","SP.POP.TOTL","3053235.0","3053235"
"Peru","PER","SP.POP.TOTL","17360949.0","17360949"
"Philippines","PHL","SP.POP.TOTL","48043740.0","48043740"
"Poland","POL","SP.POP.TOTL","35574150.0","35574150"
"Portugal","PRT","SP.POP.TOTL","9766312.0","9766312"
"Post-demographic dividend","PST","SP.POP.TOTL","909919829.0","909919829"
"Pre-demographic dividend","PRE","SP.POP.TOTL","322965422.0","322965422"
"Puerto Rico","PRI","SP.POP.TOTL","3206000.0","3206000"
"Qatar","QAT","SP.POP.TOTL","275913.0","275913"
"Romania","ROU","SP.POP.TOTL","22207282.0","22207282"
"Russian Federation","RUS","SP.POP.TOTL","139010000.0","139010000"
"Rwanda","RWA","SP.POP.TOTL","5353259.0","5353259"
"Samoa","WSM","SP.POP.TOTL","164322.0","164322"
"San Marino","SMR","SP.POP.TOTL","21585.0","21585"
"Sao Tome and Principe","STP","SP.POP.TOTL","98544.0","98544"
"Saudi Arabia","SAU","SP.POP.TOTL","6047997.0","6047997"
"Senegal","SEN","SP.POP.TOTL","5845638.0","5845638"
"Serbia","SRB","SP.POP.TOTL","7709544.0","7709544"
"Seychelles","SYC","SP.POP.TOTL","63261.0","63261"
"Sierra Leone","SLE","SP.POP.TOTL","3272089.0","3272089"
"Singapore","SGP","SP.POP.TOTL","2413945.0","2413945"
"Sint Maarten (Dutch part)","SXM","SP.POP.TOTL","12410.0","12410"
"Slovak Republic","SVK","SP.POP.TOTL","4979815.0","4979815"
"Slovenia","SVN","SP.POP.TOTL","1901315.0","1901315"
"Small states","SST","SP.POP.TOTL","11535614.0","11535614"
"Solomon Islands","SLB","SP.POP.TOTL","238135.0","238135"
"Somalia","SOM","SP.POP.TOTL","5936154.0","5936154"
"South Africa","ZAF","SP.POP.TOTL","29518857.0","29518857"
"South Asia","SAS","SP.POP.TOTL","901830096.0","901830096"
"South Asia (IDA & IBRD)","TSA","SP.POP.TOTL","901830096.0","901830096"
"South Sudan","SSD","SP.POP.TOTL","4339030.0","4339030"
"Spain","ESP","SP.POP.TOTL","37491165.0","37491165"
"Sri Lanka","LKA","SP.POP.TOTL","14847974.0","14847974"
"St. Kitts and Nevis","KNA","SP.POP.TOTL","42850.0","42850"
"St. Lucia","LCA","SP.POP.TOTL","119290.0","119290"
"St. Martin (French part)","MAF","SP.POP.TOTL","8288.0","8288"
"St. Vincent and the Grenadines","VCT","SP.POP.TOTL","104213.0","104213"
"Sub-Saharan Africa","SSF","SP.POP.TOTL","389959247.0","389959247"
"Sub-Saharan Africa (excluding high income)","SSA","SP.POP.TOTL","389895986.0","389895986"
"Sub-Saharan Africa (IDA & IBRD countries)","TSS","SP.POP.TOTL","389959247.0","389959247"
"Sudan","SDN","SP.POP.TOTL","17058905.0","17058905"
"Suriname","SUR","SP.POP.TOTL","375377.0","375377"
"Sweden","SWE","SP.POP.TOTL","8310531.0","8310531"
"Switzerland","CHE","SP.POP.TOTL","6319408.0","6319408"
"Syrian Arab Republic","SYR","SP.POP.TOTL","8957663.0","8957663"
"Tajikistan","TJK","SP.POP.TOTL","3995256.0","3995256"
"Tanzania","TZA","SP.POP.TOTL","19189769.0","19189769"
"Thailand","THA","SP.POP.TOTL","45650022.0","45650022"
"Timor-Leste","TLS","SP.POP"
