Year,1980,Unnamed: 2,Unnamed: 3,Unnamed: 4
,,,,
Sum of Population,,,Indicator Name,
Country Name,Country Code,Indicator Code,"Population, total",Grand Total
Afghanistan,AFG,SP.POP.TOTL,13169311,13169311
Africa Eastern and Southern,AFE,SP.POP.TOTL,230792729,230792729
Africa Western and Central,AFW,SP.POP.TOTL,159166518,159166518
Albania,ALB,SP.POP.TOTL,2671997,2671997
Algeria,DZA,SP.POP.TOTL,18607174,18607174
American Samoa,ASM,SP.POP.TOTL,32403,32403
Andorra,AND,SP.POP.TOTL,35782,35782
Angola,AGO,SP.POP.TOTL,8133872,8133872
Antigua and Barbuda,ATG,SP.POP.TOTL,64513,64513
Arab World,ARB,SP.POP.TOTL,164657321,164657321
Argentina,ARG,SP.POP.TOTL,28011596,28011596
Armenia,ARM,SP.POP.TOTL,3107415,3107415
Aruba,ABW,SP.POP.TOTL,59909,59909
Australia,AUS,SP.POP.TOTL,14692000,14692000
Austria,AUT,SP.POP.TOTL,7549433,7549433
Azerbaijan,AZE,SP.POP.TOTL,6160500,6160500
"Bahamas, The",BHS,SP.POP.TOTL,232526,232526
Bahrain,BHR,SP.POP.TOTL,358978,358978
Bangladesh,BGD,SP.POP.TOTL,88016432,88016432
Barbados,BRB,SP.POP.TOTL,251524,251524
Belarus,BLR,SP.POP.TOTL,9643000,9643000
Belgium,BEL,SP.POP.TOTL,9859242,9859242
Belize,BLZ,SP.POP.TOTL,145062,145062
Benin,BEN,SP.POP.TOTL,3925251,3925251
Bermuda,BMU,SP.POP.TOTL,53673,53673
Bhutan,BTN,SP.POP.TOTL,433404,433404
Bolivia,BOL,SP.POP.TOTL,5758900,5758900
Bosnia and Herzegovina,BIH,SP.POP.TOTL,4148426,4148426
Botswana,BWA,SP.POP.TOTL,937485,937485
Brazil,BRA,SP.POP.TOTL,121207461,121207461
British Virgin Islands,VGB,SP.POP.TOTL,11130,11130
Brunei Darussalam,BRN,SP.POP.TOTL,186111,186111
Bulgaria,BGR,SP.POP.TOTL,8861535,8861535
Burkina Faso,BFA,SP.POP.TOTL,6947900,6947900
Burundi,BDI,SP.POP.TOTL,4383706,4383706
Cabo Verde,CPV,SP.POP.TOTL,323301,323301
Cambodia,KHM,SP.POP.TOTL,5199872,5199872
Cameroon,CMR,SP.POP.TOTL,8512219,8512219
Canada,CAN,SP.POP.TOTL,24515667,24515667
Caribbean small states,CSS,SP.POP.TOTL,2277343,2277343
Cayman Islands,CYM,SP.POP.TOTL,17079,17079
Central African Republic,CAF,SP.POP.TOTL,2450535,2450535
Central Europe and the Baltics,CEB,SP.POP.TOTL,106541316,106541316
Chad,TCD,SP.POP.TOTL,4515453,4515453
Channel Islands,CHI,SP.POP.TOTL,130462,130462
Chile,CHL,SP.POP.TOTL,11508550,11508550
China,CHN,SP.POP.TOTL,981235000,981235000
Colombia,COL,SP.POP.TOTL,26104498,26104498
Comoros,COM,SP.POP.TOTL,337721,337721
"Congo, Dem. Rep.",COD,SP.POP.TOTL,26711099,26711099
"Congo, Rep.",COG,SP.POP.TOTL,1828985,1828985
Costa Rica,CRI,SP.POP.TOTL,2390633,2390633
Cote d'Ivoire,CIV,SP.POP.TOTL,8220714,8220714
Croatia,HRV,SP.POP.TOTL,4599782,4599782
Cuba,CUB,SP.POP.TOTL,9804796,9804796
Curacao,CUW,SP.POP.TOTL,148041,148041
Cyprus,CYP,SP.POP.TOTL,683076,683076
Czechia,CZE,SP.POP.TOTL,10304193,10304193
Denmark,DNK,SP.POP.TOTL,5123027,5123027
Djibouti,DJI,SP.POP.TOTL,325815,325815
Dominica,DMA,SP.POP.TOTL,73083,73083
Dominican Republic,DOM,SP.POP.TOTL,5729037,5729037
Early-demographic dividend,EAR,SP.POP.TOTL,1591961664,1591961664
East Asia & Pacific,EAS,SP.POP.TOTL,1555055134,1555055134
East Asia & Pacific (excluding high income),EAP,SP.POP.TOTL,1356226475,1356226475
East Asia & Pacific (IDA & IBRD countries),TEA,SP.POP.TOTL,1338009609,1338009609
Ecuador,ECU,SP.POP.TOTL,8165877,8165877
"Egypt, Arab Rep.",EGY,SP.POP.TOTL,43950413,43950413
El Salvador,SLV,SP.POP.TOTL,4540382,4540382
Equatorial Guinea,GNQ,SP.POP.TOTL,288644,288644
Eritrea,ERI,SP.POP.TOTL,1605797,1605797
Estonia,EST,SP.POP.TOTL,1477219,1477219
Eswatini,SWZ,SP.POP.TOTL,596644,596644
Ethiopia,ETH,SP.POP.TOTL,34428514,34428514
Euro area,EMU,SP.POP.TOTL,306894340,306894340
Europe & Central Asia,ECS,SP.POP.TOTL,795362835,795362835
Europe & Central Asia (excluding high income),ECA,SP.POP.TOTL,181309432,181309432
Europe & Central Asia (IDA & IBRD countries),TEC,SP.POP.TOTL,391562181,391562181
European Union,EUU,SP.POP.TOTL,407986180,407986180
Faroe Islands,FRO,SP.POP.TOTL,43072,43072
Fiji,FJI,SP.POP.TOTL,641975,641975
Finland,FIN,SP.POP.TOTL,4779535,4779535
Fragile and conflict affected situations,FCS,SP.POP.TOTL,387280079,387280079
France,FRA,SP.POP.TOTL,55274184,55274184
French Polynesia,PYF,SP.POP.TOTL,156471,156471
Gabon,GAB,SP.POP.TOTL,748389,748389
"Gambia, The",GMB,SP.POP.TOTL,713913,713913
Georgia,GEO,SP.POP.TOTL,4467700,4467700
Germany,DEU,SP.POP.TOTL,78288576,78288576
Ghana,GHA,SP.POP.TOTL,11941448,11941448
Gibraltar,GIB,SP.POP.TOTL,28675,28675
Greece,GRC,SP.POP.TOTL,9642505,9642505
Greenland,GRL,SP.POP.TOTL,50200,50200
Grenada,GRD,SP.POP.TOTL,94538,94538
Guam,GUM,SP.POP.TOTL,110141,110141
Guatemala,GTM,SP.POP.TOTL,6900212,6900212
Guinea,GIN,SP.POP.TOTL,5047419,5047419
Guinea-Bissau,GNB,SP.POP.TOTL,829303,829303
Guyana,GUY,SP.POP.TOTL,774367,774367
Haiti,HTI,SP.POP.TOTL,5614493,5614493
Heavily indebted poor countries (HIPC),HPC,SP.POP.TOTL,277128014,277128014
High income,HIC,SP.POP.TOTL,1101614544,1101614544
Honduras,HND,SP.POP.TOTL,3727173,3727173
"Hong Kong SAR, China",HKG,SP.POP.TOTL,5063100,5063100
Hungary,HUN,SP.POP.TOTL,10711122,10711122
IBRD only,IBD,SP.POP.TOTL,2869277824,2869277824
Iceland,ISL,SP.POP.TOTL,228138,228138
IDA & IBRD total,IBT,SP.POP.TOTL,3536954994,3536954994
IDA blend,IDB,SP.POP.TOTL,211331419,211331419
IDA only,IDX,SP.POP.TOTL,456345751,456345751
IDA total,IDA,SP.POP.TOTL,667677170,667677170
India,IND,SP.POP.TOTL,687354025,687354025
Indonesia,IDN,SP.POP.TOTL,148950540,148950540
"Iran, Islamic Rep.",IRN,SP.POP.TOTL,39842324,39842324
Iraq,IRQ,SP.POP.TOTL,13591992,13591992
Ireland,IRL,SP.POP.TOTL,3412800,3412800
Isle of Man,IMN,SP.POP.TOTL,64076,64076
Israel,ISR,SP.POP.TOTL,3878000,3878000
Italy,ITA,SP.POP.TOTL,56433883,56433883
Jamaica,JAM,SP.POP.TOTL,2145658,2145658
Japan,JPN,SP.POP.TOTL,116807000,116807000
Jordan,JOR,SP.POP.TOTL,2234186,2234186
Kazakhstan,KAZ,SP.POP.TOTL,15152949,15152949
Kenya,KEN,SP.POP.TOTL,16018459,16018459
Kiribati,KIR,SP.POP.TOTL,61148,61148
"Korea, Dem. People's Rep.",PRK,SP.POP.TOTL,18236786,18236786
"Korea, Rep.",KOR,SP.POP.TOTL,38123775,38123775
Kosovo,XKX,SP.POP.TOTL,1604818,1604818
Kuwait,KWT,SP.POP.TOTL,1504782,1504782
Kyrgyz Republic,KGZ,SP.POP.TOTL,3617400,3617400
Lao PDR,LAO,SP.POP.TOTL,3292573,3292573
Late-demographic dividend,LTE,SP.POP.TOTL,1592439385,1592439385
Latin America & Caribbean,LCN,SP.POP.TOTL,359713036,359713036
Latin America & Caribbean (excluding high income),LAC,SP.POP.TOTL,321979200,321979200
Latin America & the Caribbean (IDA & IBRD countries),TLA,SP.POP.TOTL,346105657,346105657
Latvia,LVA,SP.POP.TOTL,2511701,2511701
Least developed countries: UN classification,LDC,SP.POP.TOTL,403007563,403007563
Lebanon,LBN,SP.POP.TOTL,2944763,2944763
Lesotho,LSO,SP.POP.TOTL,1406521,1406521
Liberia,LBR,SP.POP.TOTL,1929253,1929253
Libya,LBY,SP.POP.TOTL,3424378,3424378
Liechtenstein,LIE,SP.POP.TOTL,25512,25512
Lithuania,LTU,SP.POP.TOTL,3413202,3413202
Low & middle income,LMY,SP.POP.TOTL,3320729393,3320729393
Low income,LIC,SP.POP.TOTL,226852931,226852931
Lower middle income,LMC,SP.POP.TOTL,1331803696,1331803696
Luxembourg,LUX,SP.POP.TOTL,364150,364150
"Macao SAR, China",MAC,SP.POP.TOTL,239650,239650
Madagascar,MDG,SP.POP.TOTL,9006032,9006032
Malawi,MWI,SP.POP.TOTL,6265529,6265529
Malaysia,MYS,SP.POP.TOTL,12983363,12983363
Maldives,MDV,SP.POP.TOTL,164835,164835
Mali,MLI,SP.POP.TOTL,7530515,7530515
Malta,MLT,SP.POP.TOTL,316645,316645
Marshall Islands,MHL,SP.POP.TOTL,30774,30774
Mauritania,MRT,SP.POP.TOTL,1474043,1474043
Mauritius,MUS,SP.POP.TOTL,966039,966039
Mexico,MEX,SP.POP.TOTL,67300334,67300334
"Micronesia, Fed. Sts.",FSM,SP.POP.TOTL,77407,77407
Middle East & North Africa,MEA,SP.POP.TOTL,183887467,183887467
Middle East & North Africa (excluding high income),MNA,SP.POP.TOTL,169488204,169488204
Middle East & North Africa (IDA & IBRD countries),TMN,SP.POP.TOTL,169488204,169488204
Middle income,MIC,SP.POP.TOTL,3093876462,3093876462
Moldova,MDA,SP.POP.TOTL,2708675,2708675
Monaco,MCO,SP.POP.TOTL,27122,27122
Mongolia,MNG,SP.POP.TOTL,1701335,1701335
Montenegro,MNE,SP.POP.TOTL,572608,572608
Morocco,MAR,SP.POP.TOTL,19459943,19459943
Mozambique,MOZ,SP.POP.TOTL,11336221,11336221
Myanmar,MMR,SP.POP.TOTL,33227204,33227204
Namibia,NAM,SP.POP.TOTL,981434,981434
Nauru,NRU,SP.POP.TOTL,7649,7649
Nepal,NPL,SP.POP.TOTL,15553105,15553105
Netherlands,NLD,SP.POP.TOTL,14149800,14149800
New Caledonia,NCL,SP.POP.TOTL,149817,149817
New Zealand,NZL,SP.POP.TOTL,3112900,3112900
Nicaragua,NIC,SP.POP.TOTL,3252403,3252403
Niger,NER,SP.POP.TOTL,6135971,6135971
Nigeria,NGA,SP.POP.TOTL,73764641,73764641
North America,NAC,SP.POP.TOTL,251794340,251794340
North Macedonia,MKD,SP.POP.TOTL,1933038,1933038
Northern Mariana Islands,MNP,SP.POP.TOTL,17625,17625
Norway,NOR,SP.POP.TOTL,4085620,4085620
OECD members,OED,SP.POP.TOTL,1019332414,1019332414
Oman,OMN,SP.POP.TOTL,1001248,1001248
Other small states,OSS,SP.POP.TOTL,7803795,7803795
Pacific island small states,PSS,SP.POP.TOTL,1454476,1454476
Pakistan,PAK,SP.POP.TOTL,82291010,82291010
Palau,PLW,SP.POP.TOTL,12271,12271
Panama,PAN,SP.POP.TOTL,1957534,1957534
Papua New Guinea,PNG,SP.POP.TOTL,3131512,3131512
Paraguay,PRY,SP.POP.TOTL,3053235,3053235
Peru,PER,SP.POP.TOTL,17360949,17360949
Philippines,PHL,SP.POP.TOTL,48043740,48043740
Poland,POL,SP.POP.TOTL,35574150,35574150
Portugal,PRT,SP.POP.TOTL,9766312,9766312
Post-demographic dividend,PST,SP.POP.TOTL,909919829,909919829
Pre-demographic dividend,PRE,SP.POP.TOTL,322965422,322965422
Puerto Rico,PRI,SP.POP.TOTL,3206000,3206000
Qatar,QAT,SP.POP.TOTL,275913,275913
Romania,ROU,SP.POP.TOTL,22207282,22207282
Russian Federation,RUS,SP.POP.TOTL,139010000,139010000
Rwanda,RWA,SP.POP.TOTL,5353259,5353259
Samoa,WSM,SP.POP.TOTL,164322,164322
San Marino,SMR,SP.POP.TOTL,21585,21585
Sao Tome and Principe,STP,SP.POP.TOTL,98544,98544
Saudi Arabia,SAU,SP.POP.TOTL,6047997,6047997
Senegal,SEN,SP.POP.TOTL,5845638,5845638
Serbia,SRB,SP.POP.TOTL,7709544,7709544
Seychelles,SYC,SP.POP.TOTL,63261,63261
Sierra Leone,SLE,SP.POP.TOTL,3272089,3272089
Singapore,SGP,SP.POP.TOTL,2413945,2413945
Sint Maarten (Dutch part),SXM,SP.POP.TOTL,12410,12410
Slovak Republic,SVK,SP.POP.TOTL,4979815,4979815
Slovenia,SVN,SP.POP.TOTL,1901315,1901315
Small states,SST,SP.POP.TOTL,11535614,11535614
Solomon Islands,SLB,SP.POP.TOTL,238135,238135
Somalia,SOM,SP.POP.TOTL,5936154,5936154
South Africa,ZAF,SP.POP.TOTL,29518857,29518857
South Asia,SAS,SP.POP.TOTL,901830096,901830096
South Asia (IDA & IBRD),TSA,SP.POP.TOTL,901830096,901830096
South Sudan,SSD,SP.POP.TOTL,4339030,4339030
Spain,ESP,SP.POP.TOTL,37491165,37491165
Sri Lanka,LKA,SP.POP.TOTL,14847974,14847974
St. Kitts and Nevis,KNA,SP.POP.TOTL,42850,42850
St. Lucia,LCA,SP.POP.TOTL,119290,119290
St. Martin (French part),MAF,SP.POP.TOTL,8288,8288
St. Vincent and the Grenadines,VCT,SP.POP.TOTL,104213,104213
Sub-Saharan Africa,SSF,SP.POP.TOTL,389959247,389959247
Sub-Saharan Africa (excluding high income),SSA,SP.POP.TOTL,389895986,389895986
Sub-Saharan Africa (IDA & IBRD countries),TSS,SP.POP.TOTL,389959247,389959247
Sudan,SDN,SP.POP.TOTL,17058905,17058905
Suriname,SUR,SP.POP.TOTL,375377,375377
Sweden,SWE,SP.POP.TOTL,8310531,8310531
Switzerland,CHE,SP.POP.TOTL,6319408,6319408
Syrian Arab Republic,SYR,SP.POP.TOTL,8957663,8957663
Tajikistan,TJK,SP.POP.TOTL,3995256,3995256
Tanzania,TZA,SP.POP.TOTL,19189769,19189769
Thailand,THA,SP.POP.TOTL,45650022,45650022
Timor-Leste,TLS,SP.POP.TOTL,649871,649871
Togo,TGO,SP.POP.TOTL,2920894,2920894
Tonga,TON,SP.POP.TOTL,97769,97769
Trinidad and Tobago,TTO,SP.POP.TOTL,1121744,1121744
Tunisia,TUN,SP.POP.TOTL,6606195,6606195
Turkiye,TUR,SP.POP.TOTL,45408815,45408815
Turkmenistan,TKM,SP.POP.TOTL,2832203,2832203
Turks and Caicos Islands,TCA,SP.POP.TOTL,7564,7564
Tuvalu,TUV,SP.POP.TOTL,7366,7366
Uganda,UGA,SP.POP.TOTL,13275741,13275741
Ukraine,UKR,SP.POP.TOTL,49955152,49955152
United Arab Emirates,ARE,SP.POP.TOTL,1015700,1015700
United Kingdom,GBR,SP.POP.TOTL,56314216,56314216
United States,USA,SP.POP.TOTL,227225000,227225000
Upper middle income,UMC,SP.POP.TOTL,1762072766,1762072766
Uruguay,URY,SP.POP.TOTL,2951953,2951953
Uzbekistan,UZB,SP.POP.TOTL,15619936,15619936
Vanuatu,VUT,SP.POP.TOTL,115660,115660
"Venezuela, RB",VEN,SP.POP.TOTL,15258218,15258218
Viet Nam,VNM,SP.POP.TOTL,52490101,52490101
Virgin Islands (U.S.),VIR,SP.POP.TOTL,99636,99636
World,WLD,SP.POP.TOTL,4437602155,4437602155
"Yemen, Rep.",YEM,SP.POP.TOTL,9543358,9543358
Zambia,ZMB,SP.POP.TOTL,5802833,5802833
Zimbabwe,ZWE,SP.POP.TOTL,7041303,7041303
Grand Total,,,45732637907,45732637907
