Year,1968,Unnamed: 2,Unnamed: 3,Unnamed: 4
,,,,
Sum of Population,,,Indicator Name,
Country Name,Country Code,Indicator Code,"Population, total",Grand Total
Afghanistan,AFG,SP.POP.TOTL,10756922,10756922
Africa Eastern and Southern,AFE,SP.POP.TOTL,162329396,162329396
Africa Western and Central,AFW,SP.POP.TOTL,116444636,116444636
Albania,ALB,SP.POP.TOTL,2022272,2022272
Algeria,DZA,SP.POP.TOTL,13172614,13172614
American Samoa,ASM,SP.POP.TOTL,25614,25614
Andorra,AND,SP.POP.TOTL,17176,17176
Angola,AGO,SP.POP.TOTL,5702699,5702699
Antigua and Barbuda,ATG,SP.POP.TOTL,62809,62809
Arab World,ARB,SP.POP.TOTL,113712171,113712171
Argentina,ARG,SP.POP.TOTL,23150583,23150583
Armenia,ARM,SP.POP.TOTL,2367319,2367319
Aruba,ABW,SP.POP.TOTL,59069,59069
Australia,AUS,SP.POP.TOTL,12009000,12009000
Austria,AUT,SP.POP.TOTL,7415403,7415403
Azerbaijan,AZE,SP.POP.TOTL,4948500,4948500
"Bahamas, The",BHS,SP.POP.TOTL,170089,170089
Bahrain,BHR,SP.POP.TOTL,219337,219337
Bangladesh,BGD,SP.POP.TOTL,65408276,65408276
Barbados,BRB,SP.POP.TOTL,248540,248540
Belarus,BLR,SP.POP.TOTL,8874552,8874552
Belgium,BEL,SP.POP.TOTL,9618756,9618756
Belize,BLZ,SP.POP.TOTL,114713,114713
Benin,BEN,SP.POP.TOTL,2934257,2934257
Bermuda,BMU,SP.POP.TOTL,50404,50404
Bhutan,BTN,SP.POP.TOTL,288311,288311
Bolivia,BOL,SP.POP.TOTL,4388944,4388944
Bosnia and Herzegovina,BIH,SP.POP.TOTL,3698794,3698794
Botswana,BWA,SP.POP.TOTL,583966,583966
Brazil,BRA,SP.POP.TOTL,90741240,90741240
British Virgin Islands,VGB,SP.POP.TOTL,9000,9000
Brunei Darussalam,BRN,SP.POP.TOTL,126222,126222
Bulgaria,BGR,SP.POP.TOTL,8369603,8369603
Burkina Faso,BFA,SP.POP.TOTL,5418644,5418644
Burundi,BDI,SP.POP.TOTL,3380387,3380387
Cabo Verde,CPV,SP.POP.TOTL,270164,270164
Cambodia,KHM,SP.POP.TOTL,6467324,6467324
Cameroon,CMR,SP.POP.TOTL,6125863,6125863
Canada,CAN,SP.POP.TOTL,20744000,20744000
Caribbean small states,CSS,SP.POP.TOTL,2033780,2033780
Cayman Islands,CYM,SP.POP.TOTL,9971,9971
Central African Republic,CAF,SP.POP.TOTL,2005100,2005100
Central Europe and the Baltics,CEB,SP.POP.TOTL,97884022,97884022
Chad,TCD,SP.POP.TOTL,3578231,3578231
Channel Islands,CHI,SP.POP.TOTL,120793,120793
Chile,CHL,SP.POP.TOTL,9514716,9514716
China,CHN,SP.POP.TOTL,774510000,774510000
Colombia,COL,SP.POP.TOTL,19766796,19766796
Comoros,COM,SP.POP.TOTL,230244,230244
"Congo, Dem. Rep.",COD,SP.POP.TOTL,19012189,19012189
"Congo, Rep.",COG,SP.POP.TOTL,1316519,1316519
Costa Rica,CRI,SP.POP.TOTL,1739731,1739731
Cote d'Ivoire,CIV,SP.POP.TOTL,4990021,4990021
Croatia,HRV,SP.POP.TOTL,4365628,4365628
Cuba,CUB,SP.POP.TOTL,8509522,8509522
Curacao,CUW,SP.POP.TOTL,140298,140298
Cyprus,CYP,SP.POP.TOTL,635157,635157
Czechia,CZE,SP.POP.TOTL,9876346,9876346
Denmark,DNK,SP.POP.TOTL,4864883,4864883
Djibouti,DJI,SP.POP.TOTL,128250,128250
Dominica,DMA,SP.POP.TOTL,66732,66732
Dominican Republic,DOM,SP.POP.TOTL,4157189,4157189
Early-demographic dividend,EAR,SP.POP.TOTL,1185936827,1185936827
East Asia & Pacific,EAS,SP.POP.TOTL,1224396287,1224396287
East Asia & Pacific (excluding high income),EAP,SP.POP.TOTL,1057697808,1057697808
East Asia & Pacific (IDA & IBRD countries),TEA,SP.POP.TOTL,1043349620,1043349620
Ecuador,ECU,SP.POP.TOTL,5799680,5799680
"Egypt, Arab Rep.",EGY,SP.POP.TOTL,32998319,32998319
El Salvador,SLV,SP.POP.TOTL,3480773,3480773
Equatorial Guinea,GNQ,SP.POP.TOTL,318849,318849
Eritrea,ERI,SP.POP.TOTL,1181737,1181737
Estonia,EST,SP.POP.TOTL,1331214,1331214
Eswatini,SWZ,SP.POP.TOTL,419147,419147
Ethiopia,ETH,SP.POP.TOTL,26337930,26337930
Euro area,EMU,SP.POP.TOTL,288206171,288206171
Europe & Central Asia,ECS,SP.POP.TOTL,726634174,726634174
Europe & Central Asia (excluding high income),ECA,SP.POP.TOTL,150777578,150777578
Europe & Central Asia (IDA & IBRD countries),TEC,SP.POP.TOTL,344535295,344535295
European Union,EUU,SP.POP.TOTL,381579577,381579577
Faroe Islands,FRO,SP.POP.TOTL,37560,37560
Fiji,FJI,SP.POP.TOTL,510002,510002
Finland,FIN,SP.POP.TOTL,4626469,4626469
Fragile and conflict affected situations,FCS,SP.POP.TOTL,292679186,292679186
France,FRA,SP.POP.TOTL,51112980,51112980
French Polynesia,PYF,SP.POP.TOTL,106353,106353
Gabon,GAB,SP.POP.TOTL,572257,572257
"Gambia, The",GMB,SP.POP.TOTL,495269,495269
Georgia,GEO,SP.POP.TOTL,4042300,4042300
Germany,DEU,SP.POP.TOTL,77294314,77294314
Ghana,GHA,SP.POP.TOTL,8475729,8475729
Gibraltar,GIB,SP.POP.TOTL,25578,25578
Greece,GRC,SP.POP.TOTL,8740765,8740765
Greenland,GRL,SP.POP.TOTL,43400,43400
Grenada,GRD,SP.POP.TOTL,98078,98078
Guam,GUM,SP.POP.TOTL,84563,84563
Guatemala,GTM,SP.POP.TOTL,5118111,5118111
Guinea,GIN,SP.POP.TOTL,4118550,4118550
Guinea-Bissau,GNB,SP.POP.TOTL,578170,578170
Guyana,GUY,SP.POP.TOTL,676160,676160
Haiti,HTI,SP.POP.TOTL,4465328,4465328
Heavily indebted poor countries (HIPC),HPC,SP.POP.TOTL,200419142,200419142
High income,HIC,SP.POP.TOTL,991152809,991152809
Honduras,HND,SP.POP.TOTL,2593057,2593057
"Hong Kong SAR, China",HKG,SP.POP.TOTL,3802700,3802700
Hungary,HUN,SP.POP.TOTL,10255815,10255815
IBRD only,IBD,SP.POP.TOTL,2239610101,2239610101
Iceland,ISL,SP.POP.TOTL,201488,201488
IDA & IBRD total,IBT,SP.POP.TOTL,2726203260,2726203260
IDA blend,IDB,SP.POP.TOTL,149090018,149090018
IDA only,IDX,SP.POP.TOTL,337503141,337503141
IDA total,IDA,SP.POP.TOTL,486593159,486593159
India,IND,SP.POP.TOTL,522716889,522716889
Indonesia,IDN,SP.POP.TOTL,109450006,109450006
"Iran, Islamic Rep.",IRN,SP.POP.TOTL,27437391,27437391
Iraq,IRQ,SP.POP.TOTL,9085016,9085016
Ireland,IRL,SP.POP.TOTL,2915550,2915550
Isle of Man,IMN,SP.POP.TOTL,52891,52891
Israel,ISR,SP.POP.TOTL,2803000,2803000
Italy,ITA,SP.POP.TOTL,53235750,53235750
Jamaica,JAM,SP.POP.TOTL,1833765,1833765
Japan,JPN,SP.POP.TOTL,101011000,101011000
Jordan,JOR,SP.POP.TOTL,1372460,1372460
Kazakhstan,KAZ,SP.POP.TOTL,11879182,11879182
Kenya,KEN,SP.POP.TOTL,10518823,10518823
Kiribati,KIR,SP.POP.TOTL,55529,55529
"Korea, Dem. People's Rep.",PRK,SP.POP.TOTL,14365596,14365596
"Korea, Rep.",KOR,SP.POP.TOTL,30838302,30838302
Kosovo,XKX,SP.POP.TOTL,1214208,1214208
Kuwait,KWT,SP.POP.TOTL,687716,687716
Kyrgyz Republic,KGZ,SP.POP.TOTL,2818300,2818300
Lao PDR,LAO,SP.POP.TOTL,2546377,2546377
Late-demographic dividend,LTE,SP.POP.TOTL,1273820149,1273820149
Latin America & Caribbean,LCN,SP.POP.TOTL,271127278,271127278
Latin America & Caribbean (excluding high income),LAC,SP.POP.TOTL,241604179,241604179
Latin America & the Caribbean (IDA & IBRD countries),TLA,SP.POP.TOTL,259494716,259494716
Latvia,LVA,SP.POP.TOTL,2323619,2323619
Least developed countries: UN classification,LDC,SP.POP.TOTL,299374569,299374569
Lebanon,LBN,SP.POP.TOTL,2266368,2266368
Lesotho,LSO,SP.POP.TOTL,948105,948105
Liberia,LBR,SP.POP.TOTL,1393530,1393530
Libya,LBY,SP.POP.TOTL,1952781,1952781
Liechtenstein,LIE,SP.POP.TOTL,20835,20835
Lithuania,LTU,SP.POP.TOTL,3078850,3078850
Low & middle income,LMY,SP.POP.TOTL,2528852060,2528852060
Low income,LIC,SP.POP.TOTL,166200264,166200264
Lower middle income,LMC,SP.POP.TOTL,995352698,995352698
Luxembourg,LUX,SP.POP.TOTL,335850,335850
"Macao SAR, China",MAC,SP.POP.TOTL,257933,257933
Madagascar,MDG,SP.POP.TOTL,6306493,6306493
Malawi,MWI,SP.POP.TOTL,4411054,4411054
Malaysia,MYS,SP.POP.TOTL,9725281,9725281
Maldives,MDV,SP.POP.TOTL,116075,116075
Mali,MLI,SP.POP.TOTL,6082979,6082979
Malta,MLT,SP.POP.TOTL,307900,307900
Marshall Islands,MHL,SP.POP.TOTL,19862,19862
Mauritania,MRT,SP.POP.TOTL,1034739,1034739
Mauritius,MUS,SP.POP.TOTL,798413,798413
Mexico,MEX,SP.POP.TOTL,47668303,47668303
"Micronesia, Fed. Sts.",FSM,SP.POP.TOTL,55457,55457
Middle East & North Africa,MEA,SP.POP.TOTL,128530890,128530890
Middle East & North Africa (excluding high income),MNA,SP.POP.TOTL,120310263,120310263
Middle East & North Africa (IDA & IBRD countries),TMN,SP.POP.TOTL,120310263,120310263
Middle income,MIC,SP.POP.TOTL,2362651796,2362651796
Moldova,MDA,SP.POP.TOTL,2373073,2373073
Monaco,MCO,SP.POP.TOTL,23437,23437
Mongolia,MNG,SP.POP.TOTL,1229930,1229930
Montenegro,MNE,SP.POP.TOTL,517481,517481
Morocco,MAR,SP.POP.TOTL,14347899,14347899
Mozambique,MOZ,SP.POP.TOTL,7892613,7892613
Myanmar,MMR,SP.POP.TOTL,25989662,25989662
Namibia,NAM,SP.POP.TOTL,715542,715542
Nauru,NRU,SP.POP.TOTL,6328,6328
Nepal,NPL,SP.POP.TOTL,11906266,11906266
Netherlands,NLD,SP.POP.TOTL,12729721,12729721
New Caledonia,NCL,SP.POP.TOTL,101441,101441
New Zealand,NZL,SP.POP.TOTL,2748100,2748100
Nicaragua,NIC,SP.POP.TOTL,2275836,2275836
Niger,NER,SP.POP.TOTL,4403637,4403637
Nigeria,NGA,SP.POP.TOTL,53432783,53432783
North America,NAC,SP.POP.TOTL,221500404,221500404
North Macedonia,MKD,SP.POP.TOTL,1608930,1608930
Northern Mariana Islands,MNP,SP.POP.TOTL,10468,10468
Norway,NOR,SP.POP.TOTL,3816486,3816486
OECD members,OED,SP.POP.TOTL,897869478,897869478
Oman,OMN,SP.POP.TOTL,628798,628798
Other small states,OSS,SP.POP.TOTL,6267038,6267038
Pacific island small states,PSS,SP.POP.TOTL,1130851,1130851
Pakistan,PAK,SP.POP.TOTL,56810507,56810507
Palau,PLW,SP.POP.TOTL,11080,11080
Panama,PAN,SP.POP.TOTL,1429447,1429447
Papua New Guinea,PNG,SP.POP.TOTL,2390803,2390803
Paraguay,PRY,SP.POP.TOTL,2282391,2282391
Peru,PER,SP.POP.TOTL,12803993,12803993
Philippines,PHL,SP.POP.TOTL,35638342,35638342
Poland,POL,SP.POP.TOTL,32294655,32294655
Portugal,PRT,SP.POP.TOTL,8836650,8836650
Post-demographic dividend,PST,SP.POP.TOTL,825029113,825029113
Pre-demographic dividend,PRE,SP.POP.TOTL,230300956,230300956
Puerto Rico,PRI,SP.POP.TOTL,2662064,2662064
Qatar,QAT,SP.POP.TOTL,91749,91749
Romania,ROU,SP.POP.TOTL,19799831,19799831
Russian Federation,RUS,SP.POP.TOTL,128928000,128928000
Rwanda,RWA,SP.POP.TOTL,3744010,3744010
Samoa,WSM,SP.POP.TOTL,136020,136020
San Marino,SMR,SP.POP.TOTL,17861,17861
Sao Tome and Principe,STP,SP.POP.TOTL,74765,74765
Saudi Arabia,SAU,SP.POP.TOTL,3282711,3282711
Senegal,SEN,SP.POP.TOTL,4207587,4207587
Serbia,SRB,SP.POP.TOTL,7007586,7007586
Seychelles,SYC,SP.POP.TOTL,51134,51134
Sierra Leone,SLE,SP.POP.TOTL,2611532,2611532
Singapore,SGP,SP.POP.TOTL,2012000,2012000
Sint Maarten (Dutch part),SXM,SP.POP.TOTL,5500,5500
Slovak Republic,SVK,SP.POP.TOTL,4483915,4483915
Slovenia,SVN,SP.POP.TOTL,1704546,1704546
Small states,SST,SP.POP.TOTL,9431669,9431669
Solomon Islands,SLB,SP.POP.TOTL,168282,168282
Somalia,SOM,SP.POP.TOTL,3546590,3546590
South Africa,ZAF,SP.POP.TOTL,20957287,20957287
South Asia,SAS,SP.POP.TOTL,679739334,679739334
South Asia (IDA & IBRD),TSA,SP.POP.TOTL,679739334,679739334
South Sudan,SSD,SP.POP.TOTL,3321528,3321528
Spain,ESP,SP.POP.TOTL,33113134,33113134
Sri Lanka,LKA,SP.POP.TOTL,11736088,11736088
St. Kitts and Nevis,KNA,SP.POP.TOTL,47245,47245
St. Lucia,LCA,SP.POP.TOTL,100675,100675
St. Martin (French part),MAF,SP.POP.TOTL,5693,5693
St. Vincent and the Grenadines,VCT,SP.POP.TOTL,94123,94123
Sub-Saharan Africa,SSF,SP.POP.TOTL,278774032,278774032
Sub-Saharan Africa (excluding high income),SSA,SP.POP.TOTL,278722898,278722898
Sub-Saharan Africa (IDA & IBRD countries),TSS,SP.POP.TOTL,278774032,278774032
Sudan,SDN,SP.POP.TOTL,10917999,10917999
Suriname,SUR,SP.POP.TOTL,354616,354616
Sweden,SWE,SP.POP.TOTL,7912273,7912273
Switzerland,CHE,SP.POP.TOTL,6067714,6067714
Syrian Arab Republic,SYR,SP.POP.TOTL,5978742,5978742
Tajikistan,TJK,SP.POP.TOTL,2753848,2753848
Tanzania,TZA,SP.POP.TOTL,12602076,12602076
Thailand,THA,SP.POP.TOTL,34002560,34002560
Timor-Leste,TLS,SP.POP.TOTL,533875,533875
Togo,TGO,SP.POP.TOTL,2080226,2080226
Tonga,TON,SP.POP.TOTL,81353,81353
Trinidad and Tobago,TTO,SP.POP.TOTL,969006,969006
Tunisia,TUN,SP.POP.TOTL,4879899,4879899
Turkiye,TUR,SP.POP.TOTL,34921684,34921684
Turkmenistan,TKM,SP.POP.TOTL,2083069,2083069
Turks and Caicos Islands,TCA,SP.POP.TOTL,5656,5656
Tuvalu,TUV,SP.POP.TOTL,5624,5624
Uganda,UGA,SP.POP.TOTL,9708632,9708632
Ukraine,UKR,SP.POP.TOTL,46614325,46614325
United Arab Emirates,ARE,SP.POP.TOTL,199416,199416
United Kingdom,GBR,SP.POP.TOTL,55211700,55211700
United States,USA,SP.POP.TOTL,200706000,200706000
Upper middle income,UMC,SP.POP.TOTL,1367299098,1367299098
Uruguay,URY,SP.POP.TOTL,2754606,2754606
Uzbekistan,UZB,SP.POP.TOTL,11032155,11032155
Vanuatu,VUT,SP.POP.TOTL,81314,81314
"Venezuela, RB",VEN,SP.POP.TOTL,10697530,10697530
Viet Nam,VNM,SP.POP.TOTL,39734609,39734609
Virgin Islands (U.S.),VIR,SP.POP.TOTL,55700,55700
World,WLD,SP.POP.TOTL,3530702399,3530702399
"Yemen, Rep.",YEM,SP.POP.TOTL,6690524,6690524
Zambia,ZMB,SP.POP.TOTL,4065593,4065593
Zimbabwe,ZWE,SP.POP.TOTL,4900440,4900440
Grand Total,,,35888832943,35888832943
