"Report No.: DOE/EIA-0226 (2010/03)
Data for: December 2009
Report Released: March 15, 2010
Next Release Date: Mid-April 2010",Unnamed: 1,Unnamed: 2,Unnamed: 3,Unnamed: 4,Unnamed: 5,Unnamed: 6,Unnamed: 7
"Table B.2.  Major Disturbances and Unusual Occurrences, Year-to-Date through December 2008",,,,,,,
Date,NERC Region,Time,Area Affected,Type of Disturbance,Loss (megawatts),Number of Customers Affected 1,Restoration
,,,,,,,Date/Time
January  ,,,,,,,
2008-01-04 00:00:00,WECC,4:00 a.m.,Northern California,Winter Storm,500,2606931,5:00 p.m. January 14
2008-01-04 00:00:00,WECC,7:47 a.m.,Sacramento County,Severe Storm,300,150000,4:30 p.m. January 04
2008-01-29 00:00:00,WECC,5:00 a.m.,"San Francisco Bay Area, California",Exciter Faulted,,-,12:17 p.m. January 29
2008-01-29 00:00:00,SERC,4:00 p.m.,"Arkansas, Mississippi, North Louisiana",Severe Thunderstorms,,110000,8:00 a.m February 03
2008-01-29 00:00:00,RFC,10:00 p.m.,Southeastern Michigan,Wind/Ice Storm,,86915,6:30 p.m. February 01
2008-01-29 00:00:00,RFC,11:23 p.m.,"South Metropolitan Areas of Dayton, OHio",High Winds,380,45000,12:48 a.m. January 30
2008-01-30 00:00:00,NPCC,3:06 a.m.,"Western, New York",High Winds,50,54316,2:50 p.m. February 01
February ,,,,,,,
2008-02-01 00:00:00,WECC,6:00 a.m.,"San Francisco Bay Area, California",Equipment Faulted,,-,7:49 a.m. February 01
2008-02-02 00:00:00,WECC,3:58 a.m.,"San Francisco Bay Area, California",Equipment Faulted,,-,4:27 p.m. February 02
2008-02-05 00:00:00,SERC,10:00 p.m.,State of Kentucky,Severe Weather,,76000,3:00 a.m. February 06
2008-02-06 00:00:00,SERC,9:00 a.m.,Mid to West Tennessee,Severe Weather,,57000,11:00 a.m. February 06
2008-02-09 00:00:00,WECC,11:59 a.m.,"Near Arnold, California",Electrical System Separation,0,0,3:33 p.m. February 09
2008-02-10 00:00:00,RFC,4:00 a.m.,"Southwestern Pennsylvania, West Virginia, Virginia, Maryland",Severe Weather,412,100969,8:43 p.m. February 12
2008-02-10 00:00:00,RFC,11:00 a.m.,"Virginia, West Virginia, Ohio, Pennsylvania",High Winds,,212560,11:36 p.m. February 10
2008-02-10 00:00:00,RFC,11:00 a.m.,Virginia and West Virginia Area of AEP,High Winds,,97342,5:05 p.m. February 14
2008-02-10 00:00:00,SERC,2:06 p.m.,Dominion Service Territory,High Winds,170,114618,11:36 p.m. February 10
2008-02-10 00:00:00,SERC,6:02 p.m.,"Greenboro, North Carolina and I-40 Corridor",High Winds,300,50718,4:00 a.m. February 11
2008-02-12 00:00:00,SERC,3:00 p.m.,"Arkansas, Mississippi, Louisiana",Severe Weather,,54000,5:00 p.m. February 15
2008-02-13 00:00:00,NPCC,6:43 p.m.,State of Maine,Ice Storm,50,50462,12:00 p.m. February 14
2008-02-14 00:00:00,WECC,8:15 a.m.,Utah,Load Shedding,2818,74031,10:46 a.m. February 14
2008-02-15 00:00:00,WECC,3:06 p.m.,"Antioch, California",Electrical System Separation,10,10008,7:36 p.m. February 15
2008-02-25 00:00:00,RFC,8:00 a.m.,Restricted Coal Capability,Fuel Supply Deficiency,,0,8:00 a.m. March 12
2008-02-26 00:00:00,SERC,5:00 a.m.,Southern Service Area/Alabama and Georgia,Thunderstorms,484,145380,3:00 p.m. February 26
2008-02-26 00:00:00,FRCC,1:09 p.m.,Various Cities in Florida,Under Frequency/Load Shedding,140,47661,2:10 p.m. February 26
2008-02-26 00:00:00,FRCC,1:09 p.m.,Tampa Electric Service Territory,Under Frequency/Load Shedding,318,53965,2:40 p.m. February 26
2008-02-26 00:00:00,FRCC,1:09 p.m.,Primary Dade County Florida,Transmission Equipment Failure,3200,584384,4:11 p.m. February 26
2008-02-26 00:00:00,FRCC,1:09 p.m.,FRCC Region-West Coast Florida,Shed Firm Load,120,56000,1:47 p.m. February 26
2008-02-26 00:00:00,FRCC,1:10 p.m.,"The entire PEF system was affected, including the following counties: Alachua, Bay, Citrus, Columbia, Dixie, Franklin, Gilchrist, Gulf, Hamilton, Hardee, Hernando, Highlands, Jefferson, Lafayette, Lake, Levy, Madison, Marion, Orange, Osecola, Pasco, Pinellas, Polk, Seminole, Sumter, Suwannee, Taylor, Volusia, Wakulla.",Under Frequency/Load Shedding,500,150000,3:45 p.m. February 26
,,,,,,,
"Table B.2.  Major Disturbances and Unusual Occurrences, Year-to-Date through December 2008",,,,,,,
Date,NERC Region,Time,Area Affected,Type of Disturbance,Loss (megawatts),Number of Customers Affected 1,Restoration
,,,,,,,Date/Time
March    ,,,,,,,
2008-03-04 00:00:00,SERC,9:30 p.m.,North and South Carolina,Thunderstorms,300,55267,10:45 p.m. March 04
2008-03-08 00:00:00,SERC,2:14 p.m.,Virginia and Eastern Part of North Carolina,Windstorm,210,141130,9:59 p.m. March 08
2008-03-08 00:00:00,RFC,4:00 p.m.,"Chester, Montgomery, Delaware, Philadelphia and Bucks County, Pennsylvania",Severe Weather,,168449,1:44 p.m. March 10
2008-03-15 00:00:00,SERC,8:55 p.m.,Parts of Alabama and Georgia,Major Storm,200,157744,8:30 p.m. March 16
April    ,,,,,,,
2008-04-04 00:00:00,SERC,12:31 p.m.,"Arkansas, North Louisiana, Mississippi",Severe Thunderstorms,,122600,5:00 p.m. April 04
2008-04-09 00:00:00,TRE,4:00 p.m.,"North, Central and East Texas",Severe Weather,,488689,1:15 a.m. April 13
May      ,,,,,,,
2008-05-08 00:00:00,WECC,10:21 a.m.,California,Load Shedding,483,0,12:56 a.m. May 08
2008-05-11 00:00:00,SERC,6:00 a.m.,Georgia,Severe Thunderstorms,100,80539,2:30 p.m. May 12
2008-05-11 00:00:00,RFC,4:50 p.m.,"City of Crawfordsville, Indiana",Electric System Separation,47,9700,8:43 p.m. May 11
2008-05-12 00:00:00,RFC,12:01 a.m.,"Cape May, Cumberland, Gloucester, Salem, Camden, Atlantic, Burliington  Counties, New Jersey",Severe Storm,55,135000,12:00 a.m. May 14
2008-05-27 00:00:00,NPCC,2:02 p.m.,South West Connecticut,Lightning Storm,130,56400,3:52 p.m. May 27
2008-05-30 00:00:00,RFC,9:30 a.m.,Northern and Western Counties of Illinois,Severe Storms,,109000,11:00 p.m. May 30
2008-05-30 00:00:00,SERC,2:05 p.m.,South Louisiana,"Load Shedding, Inadequate Electric Resources to Serve Load",200-250,,8:00 p.m. May 30
2008-05-30 00:00:00,RFC,10:00 p.m.,"Northeastern Marion County, Indiana",Severe Thunderstorms,,70000,11:59 p.m. June 04
June     ,,,,,,,
2008-06-03 00:00:00,RFC,5:00 p.m.,"Maryland, West Virginia, Virginia",Severe Weather,634,157168,11:00 p.m. June 07
2008-06-04 00:00:00,RFC,3:00 p.m.,"Montgomery, Prince Georges,  Maryland, Washington, D.C.",Lightning Storm,,249408,1:00 a.m. June 05
2008-06-04 00:00:00,RFC,3:00 p.m.,Entire BGE Service Territory,Severe Storms,,108000,5:30 a.m. June 07
2008-06-04 00:00:00,SERC,3:04 p.m.,Northern Virginia,Thunderstorms,850,253800,9:30 p.m. June 05
2008-06-04 00:00:00,PR,3:14 p.m.,Island of Puerto Rico,Load Shedding/Voltage Reduction,90,100948,3:46 p..m. June 04
2008-06-06 00:00:00,RFC,3:18 p.m.,Lower 2/3 of Michigan's Lower Peninsula,Lightning Storm,100,358000,8:00 a.m. June 12
2008-06-08 00:00:00,RFC,9:30 a.m.,The Entire ComEd Territory,Severe Weather,,125000,7:00 a.m. June 09
2008-06-08 00:00:00,RFC,6:00 p.m.,Southwestern Michigan (DECO Service Territory),Severe Storm,500,150000,11:30 p.m. June 16
2008-06-09 00:00:00,SERC,2:00 p.m.,Entergy System,Indequate Electric Resources to Serve Load,300,19,7:00 p.m. June 09
2008-06-09 00:00:00,RFC,2:52 p.m.,"Area Around West Orange Switching Station, New Jersey",Fire/Breaker Failure,215,75654,8:25 p.m. June 09
2008-06-10 00:00:00,NPCC,11:00 a.m.,Upstate New York,Severe Storm,400,68000,5:30 p.m. June 13
2008-06-10 00:00:00,SERC,2:00 p.m.,Entergy System,Inadequate Electric Resources to Serve Load,300,19,6:00 p.m. June 10
2008-06-10 00:00:00,RFC,6:00 p.m.,"Bergen, Essex and Hudson Counties, New Jersey",Severe Storms,,248800,11:30 a.m. June 14
2008-06-10 00:00:00,RFC,7:00 p.m.,"Chester, Montgomery, Delaware, Philadelphia and Bucks County, Pennsylvania",Severe Thunderstorms,,198000,3:59 p.m. June 14
2008-06-10 00:00:00,NPCC,11:00 p.m.,All Six New England States,Storm,50,60000,9:00 a.m. June 11
2008-06-11 00:00:00,NPCC,1:15 p.m.,New York State,Uncontrolled Loss,200,61000,2:05 p.m. June 11
,,,,,,,
"Table B.2.  Major Disturbances and Unusual Occurrences, Year-to-Date through December 2008",,,,,,,
Date,NERC Region,Time,Area Affected,Type of Disturbance,Loss (megawatts),Number of Customers Affected 1,Restoration
,,,,,,,Date/Time
,,,,,,,
2008-06-12 00:00:00,RFC,3:30 p.m.,East Central Iowa,Flooding and Uncontrolled Loss,200,21000,4:00 p.m. June 18
2008-06-15 00:00:00,RFC,8:00 a.m.,The Entire ComEd Territory,Severe Weather,,165000,8:00 p.m. June 15
2008-06-15 00:00:00,RFC,7:06 p.m.,"City of Crawfordsville, Indiana",Electrical System Separation,57,9700,8:42 p.m. June 15
2008-06-16 00:00:00,SERC,4:15 p.m.,Northern Virginia,Thunderstorms,"800-1,000",115000,11:19 p.m. June 16
2008-06-17 00:00:00,TRE,9:01 a.m.,"North, Central and East Texas",Severe Thunderstorms,,234393,8:30 p.m. June 19
2008-06-17 00:00:00,SPP,8:35 p.m.,Southwestern Public Service Company Operating in the Panhandle of Texas and New Mexico,Electrical System Separation/Severe Thunderstorms,560,18000,1:55 a.m. June 18
2008-06-17 00:00:00,TRE,8:40 p.m.,"Texas Panhandle and Texas South Plains Regions, and Oklahoma Panhandle",Thunderstorms/Uncontrolled Loss of Load,276,37330,11:00 p.m. June 17
2008-06-21 00:00:00,WECC,3:09 p.m.,"Near Rogers Flat, California",Electrical System Separation/Severe Lightning Storms,3,477,6:53 p.m. June 21
2008-06-22 00:00:00,RFC,4:55 p.m.,Northwest Indiana,Lightning Stirke/Uncontrolled Loss of Load,650,,5:05 p.m. June 22
2008-06-23 00:00:00,RFC,1:44 p.m.,Northcentral Indiana,Fire/Breaker Failure,425,,1:45 p.m. June 23
2008-06-23 00:00:00,FRCC,4:52 p.m.,"Pinellas County, Florida",Transmission Equipment Failure/Load Shedding,113,32593,11:28 p.m. June 23
2008-06-26 00:00:00,RFC,5:00 p.m.,Southeastern Michigan (DTE Service Territory),Thunderstorms,,53000,9:30 p.m. June 26
2008-06-27 00:00:00,MRO,4:30 p.m.,"Omaha, Nebraska (Metro Area)",Severe Wind Storm,650,126000,5:30 p.m. June 27
July     ,,,,,,,
2008-07-01 00:00:00,WECC,7:31 a.m.,"San Francisco Bay Area, California",Unit Tripped,160,-,12:00 p.m. July 01
2008-07-02 00:00:00,RFC,3:00 p.m.,Lower 2/3 of Michigan's Lower Peninsula,Severe Weather,125,239663,12:00 p.m. July 06
2008-07-02 00:00:00,WECC,4:00 p.m.,Restricted Hydroelectric Capability,Fuel Supply Deficiency,-,-,Ongoing
2008-07-02 00:00:00,WECC,7:16 p.m.,"Santa Barbara County, California, near Goleta",Wild Land Fire,208,200000,11:28 p.m. July 02
2008-07-02 00:00:00,WECC,7:36 p.m.,Goleta and Santa Barbara Areas of Southern California,Brush Fire/Lines Loss/Transmission Emergency Declared,119,37784,1:10 a.m. July 03
2008-07-02 00:00:00,RFC,8:00 p.m.,Southeastern Michigan (DTE Service Territory),Thunderstorms,,56000,3:00 a.m. July 03
2008-07-07 00:00:00,WECC,12:15 p.m.,ISO Balancing Area,Heat Wave/Potential Fire Threat/Made Public Appeals,0,0,5:00 p.m. July 10
2008-07-10 00:00:00,WECC,2:22 p.m.,"San Francisco Bay Area, California",Unit Tripped,240,-,5:21 p.m. July 10
2008-07-21 00:00:00,MRO,12:49 a.m.,"Sioux City, Carroll, Des Moines, Iowa City, and Davenport Iowa, Rock Island, Moline, and Surrounding Area of Illinois",Storm,170,185000,6:00 p.m. July 22
2008-07-22 00:00:00,RFC,3:00 a.m.,Indiana,Severe Thunderstorms,,58000,7:32 p.m. July 24
2008-07-22 00:00:00,RFC,3:00 a.m.,Southwest Ohio,Severe Thunderstorms,,56000,3:30 a.m. July 23
2008-07-22 00:00:00,SPP,2:00 p.m.,Texas Panhandle and Southeastern New Mexico,Indequate Electric Resources to Serve Load/Public Appeal,,-,5:09 a.m. July 24
2008-07-23 00:00:00,TRE,5:56 a.m.,"Port Isabel, Harlingen, Weslaco, Pharr, San Benito, Mission, McAllen, Edinburg, Texas",Hurricane Dolly,703,211266,4:00 a.m. July 31
,,,,,,,
"Table B.2.  Major Disturbances and Unusual Occurrences, Year-to-Date through December 2008",,,,,,,
Date,NERC Region,Time,Area Affected,Type of Disturbance,Loss (megawatts),Number of Customers Affected 1,Restoration
,,,,,,,Date/Time
,,,,,,,
2008-07-24 00:00:00,NPCC,7:23 a.m.,"Bangor Hydro System, northern Maine",Electric System Separation/Severe Lightning Storms,180,110000,5:41 p.m. July 24
August   ,,,,,,,
2008-08-02 00:00:00,SERC,8:00 p.m.,Georgia and Alabama,Severe Thunderstorms,400,131115,5:30 a.m. August 03
2008-08-03 00:00:00,SERC,1:30 a.m.,"Mississippi, Louisiana, Texas",Severe Thunderstorms,,59500,4:15 a.m. August 03
2008-08-04 00:00:00,RFC,6:00 p.m.,The ComEd Territory,Severe Weather,,653000,8:00 a.m. August 06
2008-08-05 00:00:00,RFC,3:00 a.m.,Northwest Indiana,Severe Storms,0,63000,9:50 a.m. August 05
2008-08-09 00:00:00,SPP,12:00 p.m.,Texas Panhandle and Eastern New Mexico,Declared Energy Emergency Alert 1/Made Public Appeals,0,0,8:46 p.m. August 09
2008-08-15 00:00:00,WECC,12:52 p.m.,Part of Seattle's Downtown,Made Public Appeals,100,8000,5:00 p.m. August 15
2008-08-16 00:00:00,TRE,5:23 a.m.,City of Lubbock,Lightning/Transmission Equipment Damage,153,71823,7:30 a.m. August 16
2008-08-16 00:00:00,PR,8:14 a.m.,Island of Puerto Rico,Shed Firm Load/Voltage Reduction,300,200000,3:00 p.m. August 16
2008-08-18 00:00:00,PR,7:22 p.m.,North Part of Island,Shed Firm Load,225,100000,6:44 p.m. August 19
2008-08-19 00:00:00,FRCC,9:29 a.m.,Florida,Tropical Storm Fay,,101950,10:00 p.m. August 22
2008-08-21 00:00:00,FRCC,7:00 p.m.,"Alachua, Bay, Brevard, Citrus, Columbia, Dixie, Flagler, Franklin, Gilchrist, Gulf, Hamilton, Hardee, Hernando, Highlands, Jefferson, Lafayette, Lake, Leon, Levy, Madison, Marion, Orange, Osceola, Pasco, Pinellas, Polk, Seminole, Sumter,  Suwannee, Taylor, Volusia and Wakulla Counties in Florida",Tropical Storm Fay,,430000,8:00 a.m. August 25
2008-08-22 00:00:00,RFC,12:00 p.m.,-,Fuel Supply Emergency-Low Coal Inventory Levels,0,0,12:00 p.m. August 23
2008-08-24 00:00:00,SERC,4:30 a.m.,Georgia and Alabama,Tropical Storm Fay,110,87390,2:00 p.m. August 24
2008-08-31 00:00:00,SERC,7:30 a.m.,"Plaquemine, Louisiana",Fuel Supply Curtailed,200,0,9:00 a.m. September 19
2008-08-31 00:00:00,SERC,7:00 p.m.,"Louisiana, Mississippi, Arkansas",Hurricane Gustav,,964000,9:00 a.m. September 03
September,,,,,,,
2008-09-01 00:00:00,SERC,10:30 a.m.,Primarily South and Central Louisiana,Hurricane Gustav,400,150000,7:22 p.m. September 13
2008-09-01 00:00:00,SERC,11:45 a.m.,"Bayou Division and North Lake Division, Louisiana",Hurricane Gustav,,246092,4:00 p.m. September 10
2008-09-06 00:00:00,SERC,7:45 a.m.,Eastern North Carolina,Tropical Storm Hanna,,57000,10:30 a.m. September 06
2008-09-06 00:00:00,SERC,2:15 p.m.,North East North Carolina and Virginia,Tropical Storm Hanna,220,64463,4:06 p.m. September 06
2008-09-08 00:00:00,WECC,10:03 p.m.,A.D. Edmonston Pumping Plant,Fuel Supply Deficiency,300,0,12:28 a.m. September 09
2008-09-12 00:00:00,SERC,5:45 a.m.,"Primarily Southeast Texas, Louisiana, and Arkansas",Hurricane Ike,,705000,1:00 p.m. September 14
2008-09-12 00:00:00,TRE,6:21 p.m.,Greater Houston-Galveston Metro Area,Hurricane Ike,8087,2142678,11:59 p.m. October 01
2008-09-12 00:00:00,TRE,6:21 p.m.,Greater Houston Area-Eastern Region of ERCOT,Hurricane Ike,,2504366,11:59 p.m. October 01
2008-09-12 00:00:00,TRE,8:00 p.m.,Galveston and Brazoria Counties,Hurricane Ike,650,113247,7:00 p.m. September 27
2008-09-13 00:00:00,SERC,10:24 a.m.,Southwest Louisiana,Hurricane Ike,40,50000,2:40 p.m. September 27
,,,,,,,
"Table B.2.  Major Disturbances and Unusual Occurrences, Year-to-Date through December 2008",,,,,,,
Date,NERC Region,Time,Area Affected,Type of Disturbance,Loss (megawatts),Number of Customers Affected 1,Restoration
,,,,,,,Date/Time
,,,,,,,
2008-09-13 00:00:00,TRE,12:00 p.m.,"North, Central and East Texas",Hurricane Ike,,238392,8:00 a.m. September 15
2008-09-13 00:00:00,SPP,4:00 p.m.,Texas and Louisana,Hurricane Ike,,184501,7:44 p.m. September 16
2008-09-14 00:00:00,RFC,6:30 a.m.,"Ohio, Kentucky, Indiana",Tropical Depression Ike,,875000,2:38 p.m. September 14
2008-09-14 00:00:00,MRO,7:30 a.m.,Missouri and Illinois,Hurricane Ike,,107000,3:00 p.m. September 18
2008-09-14 00:00:00,RFC,10:01 a.m.,"City of Owensboro, Kentucky",High Winds,70,18000,5:00 p.m. September 21
2008-09-14 00:00:00,RFC,11:30 a.m.,State of Kentucky,Tropical Depression Ike,,375000,4:30 p.m. September 14
2008-09-14 00:00:00,RFC,2:00 p.m.,Dayton Ohio Area,Hurricane Ike,1000,95000,12:00 p.m. September 17
2008-09-14 00:00:00,RFC,4:00 p.m.,"Northern Indiana, Central and Central Southern Ohio",Wind Storm,,650000,11:00 p.m. September 20
2008-09-14 00:00:00,RFC,5:00 p.m.,Western Pennsylvania,Wind Storm,72,124596,12:38 p.m. September 19
2008-09-14 00:00:00,RFC,5:00 p.m.,"Southern, Eastern, and Central Ohio",Wind Storm,469,564728,5:11 p.m. September 22
2008-09-14 00:00:00,RFC,5:00 p.m.,Northeast Ohio,Wind Storm,430,245164,3:20 a.m. September 22
2008-09-14 00:00:00,RFC,7:00 p.m.,Allegheny and Beaver Counties in Pennsylvania,Tropical Depression Ike,600,105000,11:59 p.m. September 14
2008-09-15 00:00:00,RFC,12:37 a.m.,Western Pennsylvania,Tropical Depression Ike,546,160875,4:30 p.m. September 19
2008-09-22 00:00:00,PR,5:49 p.m.,Island of Puerto Rico,Shed Firm Load,125,43600,6:39 a.m. September 22
2008-09-30 00:00:00,WECC,2:02 p.m.,"Plumas County, California",Electrical System Separation,30,10000,2:05 p.m. September 30
October  ,,,,,,,
2008-10-02 00:00:00,SERC,2:50 p.m.,Louisiana,Load Shedding,200,0,9:50 a.m. October 02
2008-10-25 00:00:00,NPCC,11:00 p.m.,Connecticut,Severe Storm,,52000,7:00 a.m. October 27
November ,,,,,,,
2008-11-07 00:00:00,WECC,11:13 a.m.,Goleta and Santa Barbara Areas of Southern California,Load Shedding,250,140000,11:54 a.m. November 07
2008-11-07 00:00:00,WECC,11:15 a.m.,Southern California,Load Shedding,430,400000,11:54 a.m. November 07
2008-11-11 00:00:00,PR,8:30 a.m.,Island of Puerto Rico,Shed Firm Load,250,261000,12:19 a.m. November 11
2008-11-15 00:00:00,WECC,9:39 a.m.,City of Los Angeles,Brush Fire/Shed Firm Load,211,115500,10:10 a.m. November 15
December ,,,,,,,
2008-12-02 00:00:00,Midwest ISO (RFC,4:30 a.m.,"St. Louis, Missouri",Fire/Load Shedding,135,53000,7:00 a.m. December 02
2008-12-09 00:00:00,RFC,5:27 p.m.,Central New Jersey,Lines Loss/Transmission,438,156729,4:12 a.m. December 10
2008-12-10 00:00:00,WECC,5:09 p.m.,Southern Oregon,Equipment Failure/Made Public Appeal,32,3,8:29 p.m. December 10
2008-12-11 00:00:00,SERC,9:00 a.m.,"Southern Louisiana, Southern and Central Mississippi",Snow Storm,,91300,11:59 p.m. December 13
2008-12-11 00:00:00,NPCC,6:00 p.m.,Northern Dutchess County and Western Ulster County in the Mid-Hudson Region of New York State,Ice Storm,,60000,12:00 a.m. December 15
2008-12-12 00:00:00,NPCC,1:00 a.m.,New England,Ice Storm,,970000,12:00 a.m. December 22
2008-12-12 00:00:00,NPCC,2:38 a.m.,Eastern New York,Ice Storm,200,190000,1:24 p.m. December 19
2008-12-12 00:00:00,NPCC,8:45 a.m.,Southern and Central Maine,Ice Storm,,169757,9:52 a.m. December 14
2008-12-13 00:00:00,WECC,3:30 p.m.,Humboldt Area of California,Declared Stage 1 Electric Emergency/Made Public Appeal,5,0,9:17 a.m. December 21
2008-12-19 00:00:00,WECC,1:02 a.m.,"East of Oroville, California",Electrical System Separation,1,638,6:17 a.m. December 19
2008-12-19 00:00:00,RFC,8:30 a.m.,"Indiana, Michigan and Northwest Ohio",Ice Storm,,140000,12:00 p.m. December 22
2008-12-19 00:00:00,RFC,9:00 a.m.,Northwest Indiana,Ice Storm,,50000,8:20 a.m. December 20
2008-12-26 00:00:00,WECC,11:40 a.m.,"Orangevale Area of Sacramento, California",Load Shedding,110,50000,3:34 p.m. December 26
,,,,,,,
"Table B.2.  Major Disturbances and Unusual Occurrences, Year-to-Date through December 2008",,,,,,,
Date,NERC Region,Time,Area Affected,Type of Disturbance,Loss (megawatts),Number of Customers Affected [1],Restoration
,,,,,,,Date/Time
,,,,,,,
2008-12-26 00:00:00,HI,6:13 p.m.,"Island of Oahu, Hawaii",Lightning,1060,294000,5:00 p.m. December 27
2008-12-27 00:00:00,RFC,4:00 p.m.,Southeastern Michigan,Wind Storm,,247847,11:30 p.m. January 01
2008-12-28 00:00:00,RFC,4:45 a.m.,Michigan Lower Peninsula,Wind Storm,,210517,6:00 p.m. December 31
2008-12-28 00:00:00,RFC,11:45 a.m.,Michigan Lower Peninsula,Wind Storm,,230000,11:30 p.m. December 28
2008-12-30 00:00:00,RFC,4:02 p.m.,"Crawfordsville, Indiana",Shed Firm Load,41,9700,4:37 p.m. December 30
,,,,,,,  
[1] Estimated values.,,,,,,,
  Note: Estimates for 2008 are preliminary.,,,,,,,
"  Source: Form OE-417, ""Electric Emergency Incident and Disturbance Report.""",,,,,,,
