"```csv"
"Report Number","Data Period","Report Release Date","Next Release","Region","Event Timestamp","Time of Incident","Affected Area","Incident Type","Loss in MW","Customers Affected","Restoration Date/Time"
"Report No.: DOE/EIA-0226 (2010/03)","Data for: December 2009","Report Released: March 15, 2010","Mid-April 2010","","","","","","",""
"Table B.2.  Major Disturbances and Unusual Occurrences, Year-to-Date through December 2008","","","","","","","","","",""
"Incident Date","Nerc Region Code","Incident Time","Area of Impact","Type","Megawatt Loss","Customer Impact","Restoration Window"
"","","","","","","","","","",""
"Jan 04, 2008","WECC","4:00 AM","Northern California","Winter Storm","0.5K","2.6M","Jan 14, 2008 5:00 PM"
"Jan 04, 2008","WECC","7:47 AM","Sacramento County","Severe Storm","0.3K","150K","Jan 04, 2008 4:30 PM"
"Jan 29, 2008","WECC","5:00 AM","San Francisco Bay Area, California","Exciter Faulted","","-","Jan 29, 2008 12:17 PM"
"Jan 29, 2008","SERC","4:00 PM","Arkansas, Mississippi, North Louisiana","Severe Thunderstorms","","110K","Feb 03, 2008 8:00 AM"
"Jan 29, 2008","RFC","10:00 PM","Southeastern Michigan","Wind/Ice Storm","","87K","Feb 01, 2008 6:30 PM"
"Jan 29, 2008","RFC","11:23 PM","South Metropolitan Areas of Dayton, OHio","High Winds","0.4K","45K","Jan 30, 2008 12:48 AM"
"Jan 30, 2008","NPCC","3:06 AM","Western, New York","High Winds","0.1K","54K","Feb 01, 2008 2:50 PM"
"February 2008","","","","","","","","","",""
"Feb 01, 2008","WECC","6:00 AM","San Francisco Bay Area, California","Equipment Faulted","","-","Feb 01, 2008 7:49 AM"
"Feb 02, 2008","WECC","3:58 AM","San Francisco Bay Area, California","Equipment Faulted","","-","Feb 02, 2008 4:27 PM"
"Feb 05, 2008","SERC","10:00 PM","State of Kentucky","Severe Weather","","76K","Feb 06, 2008 3:00 AM"
"Feb 06, 2008","SERC","9:00 AM","Mid to West Tennessee","Severe Weather","","57K","Feb 06, 2008 11:00 AM"
"Feb 09, 2008","WECC","11:59 AM","Near Arnold, California","Electrical System Separation","0K","0","Feb 09, 2008 3:33 PM"
"Feb 10, 2008","RFC","4:00 AM","Southwestern Pennsylvania, West Virginia, Virginia, Maryland","Severe Weather","0.4K","101K","Feb 12, 2008 8:43 PM"
"Feb 10, 2008","RFC","11:00 AM","Virginia, West Virginia, Ohio, Pennsylvania","High Winds","","213K","Feb 10, 2008 11:36 PM"
"Feb 10, 2008","RFC","11:00 AM","Virginia and West Virginia Area of AEP","High Winds","","97K","Feb 14, 2008 5:05 PM"
"Feb 10, 2008","SERC","2:06 PM","Dominion Service Territory","High Winds","0.2K","115K","Feb 10, 2008 11:36 PM"
"Feb 10, 2008","SERC","6:02 PM","Greenboro, North Carolina and I-40 Corridor","High Winds","0.3K","51K","Feb 11, 2008 4:00 AM"
"Feb 12, 2008","SERC","3:00 PM","Arkansas, Mississippi, Louisiana","Severe Weather","","54K","Feb 15, 2008 5:00 PM"
"Feb 13, 2008","NPCC","6:43 PM","State of Maine","Ice Storm","0.1K","50K","Feb 14, 2008 12:00 PM"
"Feb 14, 2008","WECC","8:15 AM","Utah","Load Shedding","2.8K","74K","Feb 14, 2008 10:46 AM"
"Feb 15, 2008","WECC","3:06 PM","Antioch, California","Electrical System Separation","0.01K","10K","Feb 15, 2008 7:36 PM"
"Feb 25, 2008","RFC","8:00 AM","Restricted Coal Capability","Fuel Supply Deficiency","","0","Mar 12, 2008 8:00 AM"
"Feb 26, 2008","SERC","5:00 AM","Southern Service Area/Alabama and Georgia","Thunderstorms","0.5K","145K","Feb 26, 2008 3:00 PM"
"Feb 26, 2008","FRCC","1:09 PM","Various Cities in Florida","Under Frequency/Load Shedding","0.1K","48K","Feb 26, 2008 2:10 PM"
"Feb 26, 2008","FRCC","1:09 PM","Tampa Electric Service Territory","Under Frequency/Load Shedding","0.3K","54K","Feb 26, 2008 2:40 PM"
"Feb 26, 2008","FRCC","1:09 PM","Primary Dade County Florida","Transmission Equipment Failure","3.2K","584K","Feb 26, 2008 4:11 PM"
"Feb 26, 2008","FRCC","1:09 PM","FRCC Region-West Coast Florida","Shed Firm Load","0.1K","56K","Feb 26, 2008 1:47 PM"
"Feb 26, 2008","FRCC","1:10 PM","The entire PEF system was affected, including the following counties: Alachua, Bay, Citrus, Columbia, Dixie, Franklin, Gilchrist, Gulf, Hamilton, Hardee, Hernando, Highlands, Jefferson, Lafayette, Lake, Levy, Madison, Marion, Orange, Osecola, Pasco, Pinellas, Polk, Seminole, Sumter, Suwannee, Taylor, Volusia, Wakulla.","Under Frequency/Load Shedding","0.5K","150K","Feb 26, 2008 3:45 PM"
"","","","","","","","","","",""
"Table B.2.  Major Disturbances and Unusual Occurrences, Year-to-Date through December 2008","","","","","","","","","",""
"Incident Date","Nerc Region Code","Incident Time","Area of Impact","Type","Megawatt Loss","Customer Impact","Restoration Window"
"","","","","","","","","","",""
"March 04, 2008","SERC","9:30 PM","North and South Carolina","Thunderstorms","0.3K","55K","Mar 04, 2008 10:45 PM"
"March 08, 2008","SERC","2:14 PM","Virginia and Eastern Part of North Carolina","Windstorm","0.2K","141K","Mar 08, 2008 9:59 PM"
"March 08, 2008","RFC","4:00 PM","Chester, Montgomery, Delaware, Philadelphia and Bucks County, Pennsylvania","Severe Weather","","168K","Mar 10, 2008 1:44 PM"
"March 15, 2008","SERC","8:55 PM","Parts of Alabama and Georgia","Major Storm","0.2K","158K","Mar 16, 2008 8:30 PM"
"April 04, 2008","SERC","12:31 PM","Arkansas, North Louisiana, Mississippi","Severe Thunderstorms","","123K","Apr 04, 2008 5:00 PM"
"April 09, 2008","TRE","4:00 PM","North, Central and East Texas","Severe Weather","","489K","Apr 13, 2008 1:15 AM"
"May 08, 2008","WECC","10:21 AM","California","Load Shedding","0.5K","0","May 08, 2008 12:56 AM"
"May 11, 2008","SERC","6:00 AM","Georgia","Severe Thunderstorms","0.1K","81K","May 12, 2008 2:30 PM"
"May 11, 2008","RFC","4:50 PM","City of Crawfordsville, Indiana","Electric System Separation","0.1K","10K","May 11, 2008 8:43 PM"
"May 12, 2008","RFC","12:01 AM","Cape May, Cumberland, Gloucester, Salem, Camden, Atlantic, Burliington  Counties, New Jersey","Severe Storm","0.1K","135K","May 14, 2008 12:00 AM"
"May 27, 2008","NPCC","2:02 PM","South West Connecticut","Lightning Storm","0.1K","56K","May 27, 2008 3:52 PM"
"May 30, 2008","RFC","9:30 AM","Northern and Western Counties of Illinois","Severe Storms","","109K","May 30, 2008 11:00 PM"
"May 30, 2008","SERC","2:05 PM","South Louisiana","Load Shedding, Inadequate Electric Resources to Serve Load","0.2-0.3K","","May 30, 2008 8:00 PM"
"May 30, 2008","RFC","10:00 PM","Northeastern Marion County, Indiana","Severe Thunderstorms","","70K","Jun 04, 2008 11:59 PM"
"June 03, 2008","RFC","5:00 PM","Maryland, West Virginia, Virginia","Severe Weather","0.6K","157K","Jun 07, 2008 11:00 PM"
"June 04, 2008","RFC","3:00 PM","Montgomery, Prince Georges,  Maryland, Washington, D.C.","Lightning Storm","","249K","Jun 05, 2008 1:00 AM"
"June 04, 2008","RFC","3:00 PM","Entire BGE Service Territory","Severe Storms","","108K","Jun 07, 2008 5:30 AM"
"June 04, 2008","SERC","3:04 PM","Northern Virginia","Thunderstorms","0.9K","254K","Jun 05, 2008 9:30 PM"
"June 04, 2008","PR","3:14 PM","Island of Puerto Rico","Load Shedding/Voltage Reduction","0.1K","101K","Jun 04, 2008 3:46 PM"
"June 06, 2008","RFC","3:18 PM","Lower 2/3 of Michigan's Lower Peninsula","Lightning Storm","0.1K","358K","Jun 12, 2008 8:00 AM"
"June 08, 2008","RFC","9:30 AM","The Entire ComEd Territory","Severe Weather","","125K","Jun 09, 2008 7:00 AM"
"June 08, 2008","RFC","6:00 PM","Southwestern Michigan (DECO Service Territory)","Severe Storm","0.5K","150K","Jun 16, 2008 11:30 PM"
"June 09, 2008","SERC","2:00 PM","Entergy System","Indequate Electric Resources to Serve Load","0.3K","0.02K","Jun 09, 2008 7:00 PM"
"June 09, 2008","RFC","2:52 PM","Area Around West Orange Switching Station, New Jersey","Fire/Breaker Failure","0.2K","76K","Jun 09, 2008 8:25 PM"
"June 10, 2008","NPCC","11:00 AM","Upstate New York","Severe Storm","0.4K","68K","Jun 13, 2008 5:30 PM"
"June 10, 2008","SERC","2:00 PM","Entergy System","Inadequate Electric Resources to Serve Load","0.3K","0.02K","Jun 10, 2008 6:00 PM"
"June 10, 2008","RFC","6:00 PM","Bergen, Essex and Hudson Counties, New Jersey","Severe Storms","","249K","Jun 14, 2008 11:30 AM"
"June 10, 2008","RFC","7:00 PM","Chester, Montgomery, Delaware, Philadelphia and Bucks County, Pennsylvania","Severe Thunderstorms","","198K","Jun 14, 2008 3:59 PM"
"June 10, 2008","NPCC","11:00 PM","All Six New England States","Storm","0.1K","60K","Jun 11, 2008 9:00 AM"
"June 11, 2008","NPCC","1:15 PM","New York State","Uncontrolled Loss","0.2K","61K","Jun 11, 2008 2:05 PM"
"","","","","","","","","","",""
"Table B.2.  Major Disturbances and Unusual Occurrences, Year-to-Date through December 2008","","","","","","","","","",""
"Incident Date","Nerc Region Code","Incident Time","Area of Impact","Type","Megawatt Loss","Customer Impact","Restoration Window"
"","","","","","","","","","",""
"June 12, 2008","RFC","3:30 PM","East Central Iowa","Flooding and Uncontrolled Loss","0.2K","21K","Jun 18, 2008 4:00 PM"
"June 15, 2008","RFC","8:00 AM","The Entire ComEd Territory","Severe Weather","","165K","Jun 15, 2008 8:00 PM"
"June 15, 2008","RFC","7:06 PM","City of Crawfordsville, Indiana","Electrical System Separation","0.1K","10K","Jun 15, 2008 8:42 PM"
"June 16, 2008","SERC","4:15 PM","Northern Virginia","Thunderstorms","0.8-1.0K","115K","Jun 16, 2008 11:19 PM"
"June 17, 2008","TRE","9:01 AM","North, Central and East Texas","Severe Thunderstorms","","234K","Jun 19, 2008 8:30 PM"
"June 17, 2008","SPP","8:35 PM","Southwestern Public Service Company Operating in the Panhandle of Texas and New Mexico","Electrical System Separation/Severe Thunderstorms","0.6K","18K","Jun 18, 2008 1:55 AM"
"June 17, 2008","TRE","8:40 PM","Texas Panhandle and Texas South Plains Regions, and Oklahoma Panhandle","Thunderstorms/Uncontrolled Loss of Load","0.3K","37K","Jun 17, 2008 11:00 PM"
"June 21, 2008","WECC","3:09 PM","Near Rogers Flat, California","Electrical System Separation/Severe Lightning Storms","0.003K","0.5K","Jun 21, 2008 6:53 PM"
"June 22, 2008","RFC","4:55 PM","Northwest Indiana","Lightning Stirke/Uncontrolled Loss of Load","0.7K","","Jun 22, 2008 5:05 PM"
"June 23, 2008","RFC","1:44 PM","Northcentral Indiana","Fire/Breaker Failure","0.4K","","Jun 23, 2008 1:45 PM"
"June 23, 2008","FRCC","4:52 PM","Pinellas County, Florida","Transmission Equipment Failure/Load Shedding","0.1K","33K","Jun 23, 2008 11:28 PM"
"June 26, 2008","RFC","5:00 PM","Southeastern Michigan (DTE Service Territory)","Thunderstorms","","53K","Jun 26, 2008 9:30 PM"
"June 27, 2008","MRO","4:30 PM","Omaha, Nebraska (Metro Area)","Severe Wind Storm","0.7K","126K","Jun 27, 2008 5:30 PM"
"July 01, 2008","WECC","7:31 AM","San Francisco Bay Area, California","Unit Tripped","0.2K","-","Jul 01, 2008 12:00 PM"
"July 02, 2008","RFC","3:00 PM","Lower 2/3 of Michigan's Lower Peninsula","Severe Weather","0.1K","240K","Jul 06, 2008 12:00 PM"
"July 02, 2008","WECC","4:00 PM","Restricted Hydroelectric Capability","Fuel Supply Deficiency","-","-","Ongoing"
"July 02, 2008","WECC","7:16 PM","Santa Barbara County, California, near Goleta","Wild Land Fire","0.2K","200K","Jul 02, 2008 11:28 PM"
"July 02, 2008","WECC","7:36 PM","Goleta and Santa Barbara Areas of Southern California","Brush Fire/Lines Loss/Transmission Emergency Declared","0.1K","38K","Jul 03, 2008 1:10 AM"
"July 02, 2008","RFC","8:00 PM","Southeastern Michigan (DTE Service Territory)","Thunderstorms","","56K","Jul 03, 2008 3:00 AM"
"July 07, 2008","WECC","12:15 PM","ISO Balancing Area","Heat Wave/Potential Fire Threat/Made Public Appeals","0K","0","Jul 10, 2008 5:00 PM"
"July 10, 2008","WECC","2:22 PM","San Francisco Bay Area, California","Unit Tripped","0.2K","-","Jul 10, 2008 5:21 PM"
"July 21, 2008","MRO","12:49 AM","Sioux City, Carroll, Des Moines, Iowa City, and Davenport Iowa, Rock Island, Moline, and Surrounding Area of Illinois","Storm","0.2K","185K","Jul 22, 2008 6:00 PM"
"July 22, 2008","RFC","3:00 AM","Indiana","Severe Thunderstorms","","58K","Jul 24, 2008 7:32 PM"
"July 22, 2008","RFC","3:00 AM","Southwest Ohio","Severe Thunderstorms","","56K","Jul 23, 2008 3:30 AM"
"July 22, 2008","SPP","2:00 PM","Texas Panhandle and Southeastern New Mexico","Indequate Electric Resources to Serve Load/Public Appeal","","","Jul 24, 2008 5:09 AM"
"July 23, 2008","TRE","5:56 AM","Port Isabel, Harlingen, Weslaco, Pharr, San Benito, Mission, McAllen, Edinburg, Texas","Hurricane Dolly","0.7K","211K","Jul 31, 2008 4:00 AM"
"","","","","","","","","","",""
"Table B.2.  Major Disturbances and Unusual Occurrences, Year-to-Date through December 2008","","","","","","","","","",""
"Incident Date","Nerc Region Code","Incident Time","Area of Impact","Type","Megawatt Loss","Customer Impact","Restoration Window"
"","","","","","","","","","",""
"July 24, 2008","NPCC","7:23 AM","Bangor Hydro System, northern Maine","Electric System Separation/Severe Lightning Storms","0.2K","110K","Jul 24, 2008 5:41 PM"
"August 02, 2008","SERC","8:00 PM","Georgia and Alabama","Severe Thunderstorms","0.4K","131K","Aug 03, 2008 5:30 AM"
"August 03, 2008","SERC","1:30 AM","Mississippi, Louisiana, Texas","Severe Thunderstorms","","60K","Aug 03, 2008 4:15 AM"
"August 04, 2008","RFC","6:00 PM","The ComEd Territory","Severe Weather","","653K","Aug 06, 2008 8:00 AM"
"August 05, 2008","RFC","3:00 AM","Northwest Indiana","Severe Storms","0K","63K","Aug 05, 2008 9:50 AM"
"August 09, 2008","SPP","12:00 PM","Texas Panhandle and Eastern New Mexico","Declared Energy Emergency Alert 1/Made Public Appeals","0K","0","Aug 09, 2008 8:46 PM"
"August 15, 2008","WECC","12:52 PM","Part of Seattle's Downtown","Made Public Appeals","0.1K","8K","Aug 15, 2008 5:00 PM"
"August 16, 2008","TRE","5:23 AM","City of Lubbock","Lightning/Transmission Equipment Damage","0.2K","72K","Aug 16, 2008 7:30 AM"
"August 16, 2008","PR","8:14 AM","Island of Puerto Rico","Shed Firm Load/Voltage Reduction","0.3K","200K","Aug 16, 2008 3:00 PM"
"August 18, 2008","PR","7:22 PM","North Part of Island","Shed Firm Load","0.2K","100K","Aug 19, 2008 6:44 PM"
"August 19, 2008","FRCC","9:29 AM","Florida","Tropical Storm Fay","","102K","Aug 22, 2008 10:00 PM"
"August 21, 2008","FRCC","7:00 PM","Alachua, Bay, Brevard, Citrus, Columbia, Dixie, Flagler, Franklin, Gilchrist, Gulf, Hamilton, Hardee, Hernando, Highlands, Jefferson, Lafayette, Lake, Leon, Levy, Madison, Marion, Orange, Osceola, Pasco, Pinellas, Polk, Seminole, Sumter,  Suwannee, Taylor, Volusia and Wakulla Counties in Florida","Tropical Storm Fay","","430K","Aug 25, 2008 8:00 AM"
"August 22, 2008","RFC","12:00 PM","-","Fuel Supply Emergency-Low Coal Inventory Levels","0K","0","Aug 23, 2008 12:00 PM"
"August 24, 2008","SERC","4:30 AM","Georgia and Alabama","Tropical Storm Fay","0.1K","87K","Aug 24, 2008 2:00 PM"
"August 31, 2008","SERC","7:30 AM","Plaquemine, Louisiana","Fuel Supply Curtailed","0.2K","0","Sep 19, 2008 9:00 AM"
"August 31, 2008","SERC","7:00 PM","Louisiana, Mississippi, Arkansas","Hurricane Gustav","","964K","Sep 03, 2008 9:00 AM"
"September 01, 2008","SERC","10:30 AM","Primarily South and Central Louisiana","Hurricane Gustav","0.4K","150K","Sep 13, 2008 7:22 PM"
"September 01, 2008","SERC","11:45 AM","Bayou Division and North Lake Division, Louisiana","Hurricane Gustav","","246K","Sep 10, 2008 4:00 PM"
"September 06, 2008","SERC","7:45 AM","Eastern North Carolina","Tropical Storm Hanna","","57K","Sep 06, 2008 10:30 AM"
"September 06, 2008","SERC","2:15 PM","North East North Carolina and Virginia","Tropical Storm Hanna","0.2K","64K","Sep 06, 2008 4:06 PM"
"September 08, 2008","WECC","10:03 PM","A.D. Edmonston Pumping Plant","Fuel Supply Deficiency","0.3K","0","Sep 09, 2008 12:28 AM"
"September 12, 2008","SERC","5:45 AM","Primarily Southeast Texas, Louisiana, and Arkansas","Hurricane Ike","","705K","Sep 14, 2008 1:00 PM"
"September 12, 2008","TRE","6:21 PM","Greater Houston-Galveston Metro Area","Hurricane Ike","8.1K","2143K","Oct 01, 2008 11:59 PM"
"September 12, 2008","TRE","6:21 PM","Greater Houston Area-Eastern Region of ERCOT","Hurricane Ike","","2504K","Oct 01, 2008 11:59 PM"
"September 12, 2008","TRE","8:00 PM","Galveston and Brazoria Counties","Hurricane Ike","0.7K","113K","Sep 27, 2008 7:00 PM"
"September 13, 2008","SERC","10:24 AM","Southwest Louisiana","Hurricane Ike","0.04K","50K","Sep 27, 2008 2:40 PM"
"","","","","","","","","","",""
"Table B.2.  Major Disturbances and Unusual Occurrences, Year-to-Date through December 2008","","","","","","","","","",""
"Incident Date","Nerc Region Code","Incident Time","Area of Impact","Type","Megawatt Loss","Customer Impact","Restoration Window"
"","","","","","","","","","",""
"September 13, 2008","TRE","12:00 PM","North, Central and East Texas","Hurricane Ike","","238K","Sep 15, 2008 8:00 AM"
"September 13, 2008","SPP","4:00 PM","Texas and Louisana","Hurricane Ike","","185K","Sep 16, 2008 7:44 PM"
"September 14, 2008","RFC","6:30 AM","Ohio, Kentucky, Indiana","Tropical Depression Ike","","875K","Sep 14, 2008 2:38 PM"
"September 14, 2008","MRO","7:30 AM","Missouri and Illinois","Hurricane Ike","","107K","Sep 18, 2008 3:00 PM"
"September 14, 2008","RFC","10:01 AM","City of Owensboro, Kentucky","High Winds","0.1K","18K","Sep 21, 2008 5:00 PM"
"September 14, 2008","RFC","11:30 AM","State of Kentucky","Tropical Depression Ike","","375K","Sep 14, 2008 4:30 PM"
"September 14, 2008","RFC","2:00 PM","Dayton Ohio Area","Hurricane Ike","1K","95K","Sep 17, 2008 12:00 PM"
"September 14, 2008","RFC","4:00 PM","Northern Indiana, Central and Central Southern Ohio","Wind Storm","","650K","Sep 20, 2008 11:00 PM"
"September 14, 2008","RFC","5:00 PM","Western Pennsylvania","Wind Storm","0.1K","125K","Sep 19, 2008 12:38 PM"
"September 14, 2008","RFC","5:00 PM","Southern, Eastern, and Central Ohio","Wind Storm","0.5K","565K","Sep 22, 2008 5:11 PM"
"September 14, 2008","RFC","5:00 PM","Northeast Ohio","Wind Storm","0.4K","245K","Sep 22, 2008 3:20 AM"
"September 14, 2008","RFC","7:00 PM","Allegheny and Beaver Counties in Pennsylvania","Tropical Depression Ike","0.6K","105K","Sep 14, 2008 11:59 PM"
"September 15, 2008","RFC","12:37 AM","Western Pennsylvania","Tropical Depression Ike","0.5K","161K","Sep 19, 2008 4:30 PM"
"September 22, 2008","PR","5:49 PM","Island of Puerto Rico","Shed Firm Load","0.1K","44K","Sep 22, 2008 6:39 AM"
"September 30, 2008","WECC","2:02 PM","Plumas County, California","Electrical System Separation","0.03K","10K","Sep 30, 2008 2:05 PM"
"October 02, 2008","SERC","2:50 PM","Louisiana","Load Shedding","0.2K","0","Oct 02, 2008 9:50 AM"
"October 25, 2008","NPCC","11:00 PM","Connecticut","Severe Storm","","52K","Oct 27, 2008 7:00 AM"
"November 07, 2008","WECC","11:13 AM","Goleta and Santa Barbara Areas of Southern California","Load Shedding","0.3K","140K","Nov 07, 2008 11:54 AM"
"November 07, 2008","WECC","11:15 AM","Southern California","Load Shedding","0.4K","400K","Nov 07, 2008 11:54 AM"
"November 11, 2008","PR","8:30 AM","Island of Puerto Rico","Shed Firm Load","0.3K","261K","Nov 11, 2008 12:19 AM"
"November 15, 2008","WECC","9:39"
