"```csv"
"year","year_1974","unnamed_2","unnamed_3","unnamed_4","grand_total"
"","","","","",""
"sum_of_population","","","indicator_name","",""
"country_name","country_code","indicator_code","population_total","grand_total_copy",""
"AFGHANISTAN","afg","sp.pop.totl","12469127.00","12469.13K",""
"Africa Eastern and Southern","afe","sp.pop.totl","193186642.00","193186.64K",""
"Africa Western and Central","afw","SP.POP.TOTL","134911581.00","134911.58K",""
"Albania","alb","SP.POP.TOTL","2350124.00","2350.12K",""
"Algeria","dza","SP.POP.TOTL","15133502.00","15133.50K",""
"American Samoa","asm","SP.POP.TOTL","28875.00","28.88K",""
"Andorra","and","SP.POP.TOTL","26130.00","26.13K",""
"Angola","ago","SP.POP.TOTL","6613367.00","6613.37K",""
"Antigua and Barbuda","atg","SP.POP.TOTL","64058.00","64.06K",""
"Arab World","arb","SP.POP.TOTL","135282861.00","135282.86K",""
"Argentina","arg","SP.POP.TOTL","25461351.00","25461.35K",""
"Armenia","arm","SP.POP.TOTL","2686445.00","2686.45K",""
"Aruba","abw","SP.POP.TOTL","58349.00","58.35K",""
"Australia","aus","SP.POP.TOTL","13723000.00","13723.00K",""
"Austria","aut","SP.POP.TOTL","7599038.00","7599.04K",""
"Azerbaijan","aze","SP.POP.TOTL","5594100.00","5594.10K",""
"Bahamas, The","bhs","SP.POP.TOTL","205342.00","205.34K",""
"Bahrain","bhr","SP.POP.TOTL","269038.00","269.04K",""
"Bangladesh","bgd","SP.POP.TOTL","75839348.00","75839.35K",""
"Barbados","brb","SP.POP.TOTL","250777.00","250.78K",""
"Belarus","blr","SP.POP.TOTL","9317584.00","9317.58K",""
"Belgium","bel","SP.POP.TOTL","9772419.00","9772.42K",""
"Belize","blz","SP.POP.TOTL","128185.00","128.19K",""
"Benin","ben","SP.POP.TOTL","3362633.00","3362.63K",""
"Bermuda","bmu","SP.POP.TOTL","53056.00","53.06K",""
"Bhutan","btn","SP.POP.TOTL","353538.00","353.54K",""
"Bolivia","bol","SP.POP.TOTL","5022475.00","5022.48K",""
"Bosnia and Herzegovina","bih","SP.POP.TOTL","3926472.00","3926.47K",""
"Botswana","bwa","SP.POP.TOTL","685448.00","685.45K",""
"Brazil","bra","SP.POP.TOTL","105089675.00","105089.68K",""
"British Virgin Islands","vgb","SP.POP.TOTL","10494.00","10.49K",""
"Brunei Darussalam","brn","SP.POP.TOTL","152656.00","152.66K",""
"Bulgaria","bgr","SP.POP.TOTL","8678745.00","8678.75K",""
"Burkina Faso","bfa","SP.POP.TOTL","6024904.00","6024.90K",""
"Burundi","bdi","SP.POP.TOTL","3703590.00","3703.59K",""
"Cabo Verde","cpv","SP.POP.TOTL","302570.00","302.57K",""
"Cambodia","khm","SP.POP.TOTL","6783240.00","6783.24K",""
"Cameroon","cmr","SP.POP.TOTL","7193583.00","7193.58K",""
"Canada","can","SP.POP.TOTL","22807969.00","22807.97K",""
"Caribbean small states","css","SP.POP.TOTL","2202042.00","2202.04K",""
"Cayman Islands","cym","SP.POP.TOTL","13114.00","13.11K",""
"Central African Republic","caf","SP.POP.TOTL","2269338.00","2269.34K",""
"Central Europe and the Baltics","ceb","SP.POP.TOTL","101939916.00","101939.92K",""
"Chad","tcd","SP.POP.TOTL","4078356.00","4078.36K",""
"Channel Islands","chi","SP.POP.TOTL","127893.00","127.89K",""
"Chile","chl","SP.POP.TOTL","10505817.00","10505.82K",""
"China","chn","SP.POP.TOTL","900350000.00","900350.00K",""
"Colombia","col","SP.POP.TOTL","22833469.00","22833.47K",""
"Comoros","com","SP.POP.TOTL","278075.00","278.08K",""
"Congo, Dem. Rep.","cod","SP.POP.TOTL","22418878.00","22418.88K",""
"Congo, Rep.","cog","SP.POP.TOTL","1582301.00","1582.30K",""
"Costa Rica","cri","SP.POP.TOTL","2039643.00","2039.64K",""
"Cote d'Ivoire","civ","SP.POP.TOTL","6474057.00","6474.06K",""
"Croatia","hrv","SP.POP.TOTL","4490660.00","4490.66K",""
"Cuba","cub","SP.POP.TOTL","9374183.00","9374.18K",""
"Curacao","cuw","SP.POP.TOTL","148351.00","148.35K",""
"Cyprus","cyp","SP.POP.TOTL","663254.00","663.25K",""
"Czechia","cze","SP.POP.TOTL","9988459.00","9988.46K",""
"Denmark","dnk","SP.POP.TOTL","5045297.00","5045.30K",""
"Djibouti","dji","SP.POP.TOTL","192613.00","192.61K",""
"Dominica","dma","SP.POP.TOTL","71091.00","71.09K",""
"Dominican Republic","dom","SP.POP.TOTL","4914197.00","4914.20K",""
"Early-demographic dividend","ear","SP.POP.TOTL","1373219822.00","1373219.82K",""
"East Asia & Pacific","eas","SP.POP.TOTL","1413495985.00","1413495.99K",""
"East Asia & Pacific (excluding high income)","eap","SP.POP.TOTL","1228688547.00","1228688.55K",""
"East Asia & Pacific (IDA & IBRD countries)","tea","SP.POP.TOTL","1212035036.00","1212035.04K",""
"Ecuador","ecu","SP.POP.TOTL","6918573.00","6918.57K",""
"Egypt, Arab Rep.","egy","SP.POP.TOTL","37969667.00","37969.67K",""
"El Salvador","slv","SP.POP.TOTL","4029671.00","4029.67K",""
"Equatorial Guinea","gnq","SP.POP.TOTL","294953.00","294.95K",""
"Eritrea","eri","SP.POP.TOTL","1375688.00","1375.69K",""
"Estonia","est","SP.POP.TOTL","1418169.00","1418.17K",""
"Eswatini","swz","SP.POP.TOTL","492988.00","492.99K",""
"Ethiopia","eth","SP.POP.TOTL","30957273.00","30957.27K",""
"Euro area","emu","SP.POP.TOTL","299065145.00","299065.15K",""
"Europe & Central Asia","ecs","SP.POP.TOTL","762546552.00","762546.55K",""
"Europe & Central Asia (excluding high income)","eca","SP.POP.TOTL","166121814.00","166121.81K",""
"Europe & Central Asia (IDA & IBRD countries)","tec","SP.POP.TOTL","367431547.00","367431.55K",""
"European Union","euu","SP.POP.TOTL","396124649.00","396124.65K",""
"Faroe Islands","fro","SP.POP.TOTL","40106.00","40.11K",""
"Fiji","fji","SP.POP.TOTL","567489.00","567.49K",""
"Finland","fin","SP.POP.TOTL","4690574.00","4690.57K",""
"Fragile and conflict affected situations","fcs","SP.POP.TOTL","335724633.00","335724.63K",""
"France","fra","SP.POP.TOTL","53746571.00","53746.57K",""
"French Polynesia","pyf","SP.POP.TOTL","129960.00","129.96K",""
"Gabon","gab","SP.POP.TOTL","647691.00","647.69K",""
"Gambia, The","gmb","SP.POP.TOTL","589085.00","589.09K",""
"Georgia","geo","SP.POP.TOTL","4279500.00","4279.50K",""
"Germany","deu","SP.POP.TOTL","78967433.00","78967.43K",""
"Ghana","gha","SP.POP.TOTL","10000523.00","10000.52K",""
"Gibraltar","gib","SP.POP.TOTL","27755.00","27.76K",""
"Greece","grc","SP.POP.TOTL","8962022.00","8962.02K",""
"Greenland","grl","SP.POP.TOTL","49500.00","49.50K",""
"Grenada","grd","SP.POP.TOTL","98486.00","98.49K",""
"Guam","gum","SP.POP.TOTL","96939.00","96.94K",""
"Guatemala","gtm","SP.POP.TOTL","5981197.00","5981.20K",""
"Guinea","gin","SP.POP.TOTL","4580510.00","4580.51K",""
"Guinea-Bissau","gnb","SP.POP.TOTL","613338.00","613.34K",""
"Guyana","guy","SP.POP.TOTL","738057.00","738.06K",""
"Haiti","hti","SP.POP.TOTL","5001796.00","5001.80K",""
"Heavily indebted poor countries (HIPC)","hpc","SP.POP.TOTL","235791936.00","235791.94K",""
"High income","hic","SP.POP.TOTL","1049400121.00","1049400.12K",""
"Honduras","hnd","SP.POP.TOTL","3099836.00","3099.84K",""
"Hong Kong SAR, China","hkg","SP.POP.TOTL","4377800.00","4377.80K",""
"Hungary","hun","SP.POP.TOTL","10478720.00","10478.72K",""
"IBRD only","ibd","SP.POP.TOTL","2561343989.00","2561343.99K",""
"Iceland","isl","SP.POP.TOTL","215209.00","215.21K",""
"IDA & IBRD total","ibt","SP.POP.TOTL","3130418531.00","3130418.53K",""
"IDA blend","idb","SP.POP.TOTL","175664547.00","175664.55K",""
"IDA only","idx","SP.POP.TOTL","393409995.00","393410.00K",""
"IDA total","ida","SP.POP.TOTL","569074542.00","569074.54K",""
"India","ind","SP.POP.TOTL","597041391.00","597041.39K",""
"Indonesia","idn","SP.POP.TOTL","128555045.00","128555.05K",""
"Iran, Islamic Rep.","irn","SP.POP.TOTL","32796463.00","32796.46K",""
"Iraq","irq","SP.POP.TOTL","11167761.00","11167.76K",""
"Ireland","irl","SP.POP.TOTL","3137500.00","3137.50K",""
"Isle of Man","imn","SP.POP.TOTL","59139.00","59.14K",""
"Israel","isr","SP.POP.TOTL","3377000.00","3377.00K",""
"Italy","ita","SP.POP.TOTL","55110868.00","55110.87K",""
"Jamaica","jam","SP.POP.TOTL","1990906.00","1990.91K",""
"Japan","jpn","SP.POP.TOTL","110162000.00","110162.00K",""
"Jordan","jor","SP.POP.TOTL","1839182.00","1839.18K",""
"Kazakhstan","kaz","SP.POP.TOTL","13454570.00","13454.57K",""
"Kenya","ken","SP.POP.TOTL","13070078.00","13070.08K",""
"Kiribati","kir","SP.POP.TOTL","61219.00","61.22K",""
"Korea, Dem. People's Rep.","prk","SP.POP.TOTL","16673121.00","16673.12K",""
"Korea, Rep.","kor","SP.POP.TOTL","34692266.00","34692.27K",""
"Kosovo","xkx","SP.POP.TOTL","1363123.00","1363.12K",""
"Kuwait","kwt","SP.POP.TOTL","1038346.00","1038.35K",""
"Kyrgyz Republic","kgz","SP.POP.TOTL","3223900.00","3223.90K",""
"Lao PDR","lao","SP.POP.TOTL","2939761.00","2939.76K",""
"Late-demographic dividend","lte","SP.POP.TOTL","1452919554.00","1452919.55K",""
"Latin America & Caribbean","lcn","SP.POP.TOTL","313798324.00","313798.32K",""
"Latin America & Caribbean (excluding high income)","lac","SP.POP.TOTL","280291439.00","280291.44K",""
"Latin America & the Caribbean (IDA & IBRD countries)","tla","SP.POP.TOTL","300937685.00","300937.69K",""
"Latvia","lva","SP.POP.TOTL","2437186.00","2437.19K",""
"Least developed countries: UN classification","ldc","SP.POP.TOTL","348044659.00","348044.66K",""
"Lebanon","lbn","SP.POP.TOTL","2635185.00","2635.18K",""
"Lesotho","lso","SP.POP.TOTL","1172420.00","1172.42K",""
"Liberia","lbr","SP.POP.TOTL","1626362.00","1626.36K",""
"Libya","lby","SP.POP.TOTL","2432211.00","2432.21K",""
"Liechtenstein","lie","SP.POP.TOTL","23451.00","23.45K",""
"Lithuania","ltu","SP.POP.TOTL","3273894.00","3273.89K",""
"Low & middle income","lmy","SP.POP.TOTL","2925058126.00","2925058.13K",""
"Low income","lic","SP.POP.TOTL","194562665.00","194562.67K",""
"Lower middle income","lmc","SP.POP.TOTL","1147483141.00","1147483.14K",""
"Luxembourg","lux","SP.POP.TOTL","355050.00","355.05K",""
"Macao SAR, China","mac","SP.POP.TOTL","240550.00","240.55K",""
"Madagascar","mdg","SP.POP.TOTL","7509726.00","7509.73K",""
"Malawi","mwi","SP.POP.TOTL","5141337.00","5141.34K",""
"Malaysia","mys","SP.POP.TOTL","11200906.00","11200.91K",""
"Maldives","mdv","SP.POP.TOTL","138978.00","138.98K",""
"Mali","mli","SP.POP.TOTL","6715436.00","6715.44K",""
"Malta","mlt","SP.POP.TOTL","301996.00","302.00K",""
"Marshall Islands","mhl","SP.POP.TOTL","25296.00","25.30K",""
"Mauritania","mrt","SP.POP.TOTL","1240188.00","1240.19K",""
"Mauritius","mus","SP.POP.TOTL","878042.00","878.04K",""
"Mexico","mex","SP.POP.TOTL","57320149.00","57320.15K",""
"Micronesia, Fed. Sts.","fsm","SP.POP.TOTL","65749.00","65.75K",""
"Middle East & North Africa","mea","SP.POP.TOTL","152507492.00","152507.49K",""
"Middle East & North Africa (excluding high income)","mna","SP.POP.TOTL","141784043.00","141784.04K",""
"Middle East & North Africa (IDA & IBRD countries)","tmn","SP.POP.TOTL","141784043.00","141784.04K",""
"Middle income","mic","SP.POP.TOTL","2730495461.00","2730495.46K",""
"Moldova","mda","SP.POP.TOTL","2538164.00","2538.16K",""
"Monaco","mco","SP.POP.TOTL","25235.00","25.24K",""
"Mongolia","mng","SP.POP.TOTL","1446050.00","1446.05K",""
"Montenegro","mne","SP.POP.TOTL","538902.00","538.90K",""
"Morocco","mar","SP.POP.TOTL","16733842.00","16733.84K",""
"Mozambique","moz","SP.POP.TOTL","9236093.00","9236.09K",""
"Myanmar","mmr","SP.POP.TOTL","29598167.00","29598.17K",""
"Namibia","nam","SP.POP.TOTL","854320.00","854.32K",""
"Nauru","nru","SP.POP.TOTL","6923.00","6.92K",""
"Nepal","npl","SP.POP.TOTL","13568435.00","13568.44K",""
"Netherlands","nld","SP.POP.TOTL","13545056.00","13545.06K",""
"New Caledonia","ncl","SP.POP.TOTL","131452.00","131.45K",""
"New Zealand","nzl","SP.POP.TOTL","3023700.00","3023.70K",""
"Nicaragua","nic","SP.POP.TOTL","2732075.00","2732.07K",""
"Niger","ner","SP.POP.TOTL","5174953.00","5174.95K",""
"Nigeria","nga","SP.POP.TOTL","61679144.00","61679.14K",""
"North America","nac","SP.POP.TOTL","236715025.00","236715.03K",""
"North Macedonia","mkd","SP.POP.TOTL","1770545.00","1770.55K",""
"Northern Mariana Islands","mnp","SP.POP.TOTL","14655.00","14.66K",""
"Norway","nor","SP.POP.TOTL","3985258.00","3985.26K",""
"OECD members","oed","SP.POP.TOTL","962281658.00","962281.66K",""
"Oman","omn","SP.POP.TOTL","746988.00","746.99K",""
"Other small states","oss","SP.POP.TOTL","6948494.00","6948.49K",""
"Pacific island small states","pss","SP.POP.TOTL","1277600.00","1277.60K",""
"Pakistan","pak","SP.POP.TOTL","67415487.00","67415.49K",""
"Palau","plw","SP.POP.TOTL","12687.00","12.69K",""
"Panama","pan","SP.POP.TOTL","1687926.00","1687.93K",""
"Papua New Guinea","png","SP.POP.TOTL","2752671.00","2752.67K",""
"Paraguay","pry","SP.POP.TOTL","2625621.00","2625.62K",""
"Peru","per","SP.POP.TOTL","14956552.00","14956.55K",""
"Philippines","phl","SP.POP.TOTL","41174341.00","41174.34K",""
"Poland","pol","SP.POP.TOTL","33678899.00","33678.90K",""
"Portugal","prt","SP.POP.TOTL","8754365.00","8754.36K",""
"Post-demographic dividend","pst","SP.POP.TOTL","872247955.00","872247.96K",""
"Pre-demographic dividend","pre","SP.POP.TOTL","270820390.00","270820.39K",""
"Puerto Rico","pri","SP.POP.TOTL","2939299.00","2939.30K",""
"Qatar","qat","SP.POP.TOTL","177362.00","177.36K",""
"Romania","rou","SP.POP.TOTL","21029429.00","21029.43K",""
"Russian Federation","rus","SP.POP.TOTL","133432000.00","133432.00K",""
"Rwanda","rwa","SP.POP.TOTL","4474228.00","4474.23K",""
"Samoa","wsm","SP.POP.TOTL","149431.00","149.43K",""
"San Marino","smr","SP.POP.TOTL","19030.00","19.03K",""
"Sao Tome and Principe","stp","SP.POP.TOTL","84672.00","84.67K",""
"Saudi Arabia","sau","SP.POP.TOTL","4323632.00","4323.63K",""
"Senegal","sen","SP.POP.TOTL","5029437.00","5029.44K",""
"Serbia","srb","SP.POP.TOTL","7326043.00","7326.04K",""
"Seychelles","syc","SP.POP.TOTL","57937.00","57.94K",""
"Sierra Leone","sle","SP.POP.TOTL","2920459.00","2920.46K",""
"Singapore","sgp","SP.POP.TOTL","2229800.00","2229.80K",""
"Sint Maarten (Dutch part)","sxm","SP.POP.TOTL","8492.00","8.49K",""
"Slovak Republic","svk","SP.POP.TOTL","4689623.00","4689.62K",""
"Slovenia","svn","SP.POP.TOTL","1776132.00","1776.13K",""
"Small states","sst","SP.POP.TOTL","10428136.00","10428.14K",""
"Solomon Islands","slb","SP.POP.TOTL","195041.00","195.04K",""
"Somalia","som","SP.POP.TOTL","4151842.00","4151.84K",""
"South Africa","zaf","SP.POP.TOTL","24989108.00","24989.11K",""
"South Asia","sas","SP.POP.TOTL","780131997.00","780132.00K",""
"South Asia (IDA & IBRD)","tsa","SP.POP.TOTL","780131997.00","780132.0"
