Order Date,Orders
2017-01-01,1
2017-01-02,2
2017-01-03,3
2017-01-04,4
2017-01-05,5
2017-01-06,6
2017-01-07,7
2017-01-08,8
2017-01-09,9
2017-01-10,10
2017-01-11,11
2017-01-12,12
2017-01-13,13
2017-01-14,14
2017-01-15,15
2017-01-16,16
2017-01-17,17
2017-01-18,18
2017-01-19,19
2017-01-20,20
2017-01-21,21
2017-01-22,22
2017-01-23,23
2017-01-24,24
2017-01-25,25
2017-01-26,26
2017-01-27,27
2017-01-28,28
2017-01-29,29
2017-01-30,30
2017-01-31,31
2017-02-01,32
2017-02-02,33
2017-02-03,34
2017-02-04,35
2017-02-05,36
2017-02-06,37
2017-02-07,38
2017-02-08,39
2017-02-09,40
2017-02-10,41
2017-02-11,42
2017-02-12,43
2017-02-13,44
2017-02-14,45
2017-02-15,46
2017-02-16,47
2017-02-17,48
2017-02-18,49
2017-02-19,50
2017-02-20,51
2017-02-21,52
2017-02-22,53
2017-02-23,54
2017-02-24,55
2017-02-25,56
2017-02-26,57
2017-02-27,58
2017-02-28,59
2017-03-01,60
2017-03-02,61
2017-03-03,62
2017-03-04,63
2017-03-05,64
2017-03-06,65
2017-03-07,66
2017-03-08,67
2017-03-09,68
2017-03-10,69
2017-03-11,70
2017-03-12,71
2017-03-13,72
2017-03-14,73
2017-03-15,74
2017-03-16,75
2017-03-17,76
2017-03-18,77
2017-03-19,78
2017-03-20,79
2017-03-21,80
2017-03-22,81
2017-03-23,82
2017-03-24,83
2017-03-25,84
2017-03-26,85
2017-03-27,86
2017-03-28,87
2017-03-29,88
2017-03-30,89
2017-03-31,90
2017-04-01,91
2017-04-02,92
2017-04-03,93
2017-04-04,94
2017-04-05,95
2017-04-06,96
2017-04-07,97
2017-04-08,98
2017-04-09,99
2017-04-10,100
2017-04-11,101
2017-04-12,102
2017-04-13,103
2017-04-14,104
2017-04-15,105
2017-04-16,106
2017-04-17,107
2017-04-18,108
2017-04-19,109
2017-04-20,110
2017-04-21,111
2017-04-22,112
2017-04-23,113
2017-04-24,114
2017-04-25,115
2017-04-26,116
2017-04-27,117
2017-04-28,118
2017-04-29,119
2017-04-30,120
2017-05-01,121
2017-05-02,122
2017-05-03,123
2017-05-04,124
2017-05-05,125
2017-05-06,126
2017-05-07,127
2017-05-08,128
2017-05-09,129
2017-05-10,130
2017-05-11,131
2017-05-12,132
2017-05-13,133
2017-05-14,134
2017-05-15,135
2017-05-16,136
2017-05-17,137
2017-05-18,138
2017-05-19,139
2017-05-20,140
2017-05-21,141
2017-05-22,142
2017-05-23,143
2017-05-24,144
2017-05-25,145
2017-05-26,146
2017-05-27,147
2017-05-28,148
2017-05-29,149
2017-05-30,150
2017-05-31,151
2017-06-01,152
2017-06-02,153
2017-06-03,154
2017-06-04,155
2017-06-05,156
2017-06-06,157
2017-06-07,158
2017-06-08,159
2017-06-09,160
2017-06-10,161
2017-06-11,162
2017-06-12,163
2017-06-13,164
2017-06-14,165
2017-06-15,166
2017-06-16,167
2017-06-17,168
2017-06-18,169
2017-06-19,170
2017-06-20,171
2017-06-21,172
2017-06-22,173
2017-06-23,174
2017-06-24,175
2017-06-25,176
2017-06-26,177
2017-06-27,178
2017-06-28,179
2017-06-29,180
2017-06-30,181
2017-07-01,182
2017-07-02,183
2017-07-03,184
2017-07-04,185
2017-07-05,186
2017-07-06,187
2017-07-07,188
2017-07-08,189
2017-07-09,190
2017-07-10,191
2017-07-11,192
2017-07-12,193
2017-07-13,194
2017-07-14,195
2017-07-15,196
2017-07-16,197
2017-07-17,198
2017-07-18,199
2017-07-19,200
2017-07-20,201
2017-07-21,202
2017-07-22,203
2017-07-23,204
2017-07-24,205
2017-07-25,206
2017-07-26,207
2017-07-27,208
2017-07-28,209
2017-07-29,210
2017-07-30,211
2017-07-31,212
2017-08-01,213
2017-08-02,214
2017-08-03,215
2017-08-04,216
2017-08-05,217
2017-08-06,218
2017-08-07,219
2017-08-08,220
2017-08-09,221
2017-08-10,222
2017-08-11,223
2017-08-12,224
2017-08-13,225
2017-08-14,226
2017-08-15,227
2017-08-16,228
2017-08-17,229
2017-08-18,230
2017-08-19,231
2017-08-20,232
2017-08-21,233
2017-08-22,234
2017-08-23,235
2017-08-24,236
2017-08-25,237
2017-08-26,238
2017-08-27,239
2017-08-28,240
2017-08-29,241
2017-08-30,242
2017-08-31,243
2017-09-01,244
2017-09-02,245
2017-09-03,246
2017-09-04,247
2017-09-05,248
2017-09-06,249
2017-09-07,250
2017-09-08,251
2017-09-09,252
2017-09-10,253
2017-09-11,254
2017-09-12,255
2017-09-13,256
2017-09-14,257
2017-09-15,258
2017-09-16,259
2017-09-17,260
2017-09-18,261
2017-09-19,262
2017-09-20,263
2017-09-21,264
2017-09-22,265
2017-09-23,266
2017-09-24,267
2017-09-25,268
2017-09-26,269
2017-09-27,270
2017-09-28,271
2017-09-29,272
2017-09-30,273
2017-10-01,274
2017-10-02,275
2017-10-03,276
2017-10-04,277
2017-10-05,278
2017-10-06,279
2017-10-07,280
2017-10-08,281
2017-10-09,282
2017-10-10,283
2017-10-11,284
2017-10-12,285
2017-10-13,286
2017-10-14,287
2017-10-15,288
2017-10-16,289
2017-10-17,290
2017-10-18,291
2017-10-19,292
2017-10-20,293
2017-10-21,294
2017-10-22,295
2017-10-23,296
2017-10-24,297
2017-10-25,298
2017-10-26,299
2017-10-27,300
2017-10-28,301
2017-10-29,302
2017-10-30,303
2017-10-31,304
2017-11-01,305
2017-11-02,306
2017-11-03,307
2017-11-04,308
2017-11-05,309
2017-11-06,310
2017-11-07,311
2017-11-08,312
2017-11-09,313
2017-11-10,314
2017-11-11,315
2017-11-12,316
2017-11-13,317
2017-11-14,318
2017-11-15,319
2017-11-16,320
2017-11-17,321
2017-11-18,322
2017-11-19,323
2017-11-20,324
2017-11-21,325
2017-11-22,326
2017-11-23,327
2017-11-24,328
2017-11-25,329
2017-11-26,330
2017-11-27,331
2017-11-28,332
2017-11-29,333
2017-11-30,334
2017-12-01,335
2017-12-02,336
2017-12-03,337
2017-12-04,338
2017-12-05,339
2017-12-06,340
2017-12-07,341
2017-12-08,342
2017-12-09,343
2017-12-10,344
2017-12-11,345
2017-12-12,346
2017-12-13,347
2017-12-14,348
2017-12-15,349
2017-12-16,350
2017-12-17,351
2017-12-18,352
2017-12-19,353
2017-12-20,354
2017-12-21,355
2017-12-22,356
2017-12-23,357
2017-12-24,358
2017-12-25,359
2017-12-26,360
2017-12-27,361
2017-12-28,362
2017-12-29,363
2017-12-30,364
2017-12-31,365
2018-01-01,366
2018-01-02,367
2018-01-03,368
2018-01-04,369
2018-01-05,370
2018-01-06,371
2018-01-07,372
2018-01-08,373
2018-01-09,374
2018-01-10,375
2018-01-11,376
2018-01-12,377
2018-01-13,378
2018-01-14,379
2018-01-15,380
2018-01-16,381
2018-01-17,382
2018-01-18,383
2018-01-19,384
2018-01-20,385
2018-01-21,386
2018-01-22,387
2018-01-23,388
2018-01-24,389
2018-01-25,390
2018-01-26,391
2018-01-27,392
2018-01-28,393
2018-01-29,394
2018-01-30,395
2018-01-31,396
2018-02-01,397
2018-02-02,398
2018-02-03,399
2018-02-04,400
2018-02-05,401
2018-02-06,402
2018-02-07,403
2018-02-08,404
2018-02-09,405
2018-02-10,406
2018-02-11,407
2018-02-12,408
2018-02-13,409
2018-02-14,410
2018-02-15,411
2018-02-16,412
2018-02-17,413
2018-02-18,414
2018-02-19,415
2018-02-20,416
2018-02-21,417
2018-02-22,418
2018-02-23,419
2018-02-24,420
2018-02-25,421
2018-02-26,422
2018-02-27,423
2018-02-28,424
2018-03-01,425
2018-03-02,426
2018-03-03,427
2018-03-04,428
2018-03-05,429
2018-03-06,430
2018-03-07,431
2018-03-08,432
2018-03-09,433
2018-03-10,434
2018-03-11,435
2018-03-12,436
2018-03-13,437
2018-03-14,438
2018-03-15,439
2018-03-16,440
2018-03-17,441
2018-03-18,442
2018-03-19,443
2018-03-20,444
2018-03-21,445
2018-03-22,446
2018-03-23,447
2018-03-24,448
2018-03-25,449
2018-03-26,450
2018-03-27,451
2018-03-28,452
2018-03-29,453
2018-03-30,454
2018-03-31,455
2018-04-01,456
2018-04-02,457
2018-04-03,458
2018-04-04,459
2018-04-05,460
2018-04-06,461
2018-04-07,462
2018-04-08,463
2018-04-09,464
2018-04-10,465
2018-04-11,466
2018-04-12,467
2018-04-13,468
2018-04-14,469
2018-04-15,470
2018-04-16,471
2018-04-17,472
2018-04-18,473
2018-04-19,474
2018-04-20,475
2018-04-21,476
2018-04-22,477
2018-04-23,478
2018-04-24,479
2018-04-25,480
2018-04-26,481
2018-04-27,482
2018-04-28,483
2018-04-29,484
2018-04-30,485
2018-05-01,486
2018-05-02,487
2018-05-03,488
2018-05-04,489
2018-05-05,490
2018-05-06,491
2018-05-07,492
2018-05-08,493
2018-05-09,494
2018-05-10,495
2018-05-11,496
2018-05-12,497
2018-05-13,498
2018-05-14,499
2018-05-15,500
2018-05-16,501
2018-05-17,502
2018-05-18,503
2018-05-19,504
2018-05-20,505
2018-05-21,506
2018-05-22,507
2018-05-23,508
2018-05-24,509
2018-05-25,510
2018-05-26,511
2018-05-27,512
2018-05-28,513
2018-05-29,514
2018-05-30,515
2018-05-31,516
2018-06-01,517
2018-06-02,518
2018-06-03,519
2018-06-04,520
2018-06-05,521
2018-06-06,522
2018-06-07,523
2018-06-08,524
2018-06-09,525
2018-06-10,526
2018-06-11,527
2018-06-12,528
2018-06-13,529
2018-06-14,530
2018-06-15,531
2018-06-16,532
2018-06-17,533
2018-06-18,534
2018-06-19,535
2018-06-20,536
2018-06-21,537
2018-06-22,538
2018-06-23,539
2018-06-24,540
2018-06-25,541
2018-06-26,542
2018-06-27,543
2018-06-28,544
2018-06-29,545
2018-06-30,546
2018-07-01,547
2018-07-02,548
2018-07-03,549
2018-07-04,550
2018-07-05,551
2018-07-06,552
2018-07-07,553
2018-07-08,554
2018-07-09,555
2018-07-10,556
2018-07-11,557
2018-07-12,558
2018-07-13,559
2018-07-14,560
2018-07-15,561
2018-07-16,562
2018-07-17,563
2018-07-18,564
2018-07-19,565
2018-07-20,566
2018-07-21,567
2018-07-22,568
2018-07-23,569
2018-07-24,570
2018-07-25,571
2018-07-26,572
2018-07-27,573
2018-07-28,574
2018-07-29,575
2018-07-30,576
2018-07-31,577
2018-08-01,578
2018-08-02,579
2018-08-03,580
2018-08-04,581
2018-08-05,582
2018-08-06,583
2018-08-07,584
2018-08-08,585
2018-08-09,586
2018-08-10,587
2018-08-11,588
2018-08-12,589
2018-08-13,590
2018-08-14,591
2018-08-15,592
2018-08-16,593
2018-08-17,594
2018-08-18,595
2018-08-19,596
2018-08-20,597
2018-08-21,598
2018-08-22,599
2018-08-23,600
2018-08-24,601
2018-08-25,602
2018-08-26,603
2018-08-27,604
2018-08-28,605
2018-08-29,606
2018-08-30,607
2018-08-31,608
2018-09-01,609
2018-09-02,610
2018-09-03,611
2018-09-04,612
2018-09-05,613
2018-09-06,614
2018-09-07,615
2018-09-08,616
2018-09-09,617
2018-09-10,618
2018-09-11,619
2018-09-12,620
2018-09-13,621
2018-09-14,622
2018-09-15,623
2018-09-16,624
2018-09-17,625
2018-09-18,626
2018-09-19,627
2018-09-20,628
2018-09-21,629
2018-09-22,630
2018-09-23,631
2018-09-24,632
2018-09-25,633
2018-09-26,634
2018-09-27,635
2018-09-28,636
2018-09-29,637
2018-09-30,638
2018-10-01,639
2018-10-02,640
2018-10-03,641
2018-10-04,642
2018-10-05,643
2018-10-06,644
2018-10-07,645
2018-10-08,646
2018-10-09,647
2018-10-10,648
2018-10-11,649
2018-10-12,650
2018-10-13,651
2018-10-14,652
2018-10-15,653
2018-10-16,654
2018-10-17,655
2018-10-18,656
2018-10-19,657
2018-10-20,658
2018-10-21,659
2018-10-22,660
2018-10-23,661
2018-10-24,662
2018-10-25,663
2018-10-26,664
2018-10-27,665
2018-10-28,666
2018-10-29,667
2018-10-30,668
2018-10-31,669
2018-11-01,670
2018-11-02,671
2018-11-03,672
2018-11-04,673
2018-11-05,674
2018-11-06,675
2018-11-07,676
2018-11-08,677
2018-11-09,678
2018-11-10,679
2018-11-11,680
2018-11-12,681
2018-11-13,682
2018-11-14,683
2018-11-15,684
2018-11-16,685
2018-11-17,686
2018-11-18,687
2018-11-19,688
2018-11-20,689
2018-11-21,690
2018-11-22,691
2018-11-23,692
2018-11-24,693
2018-11-25,694
2018-11-26,695
2018-11-27,696
2018-11-28,697
2018-11-29,698
2018-11-30,699
2018-12-01,700
2018-12-02,701
2018-12-03,702
2018-12-04,703
2018-12-05,704
2018-12-06,705
2018-12-07,706
2018-12-08,707
2018-12-09,708
2018-12-10,709
2018-12-11,710
2018-12-12,711
2018-12-13,712
2018-12-14,713
2018-12-15,714
2018-12-16,715
2018-12-17,716
2018-12-18,717
2018-12-19,718
2018-12-20,719
2018-12-21,720
2018-12-22,721
2018-12-23,722
2018-12-24,723
2018-12-25,724
2018-12-26,725
2018-12-27,726
2018-12-28,727
2018-12-29,728
2018-12-30,729
2018-12-31,730
2019-01-01,731
2019-01-02,732
2019-01-03,733
2019-01-04,734
2019-01-05,735
2019-01-06,736
2019-01-07,737
2019-01-08,738
2019-01-09,739
2019-01-10,740
2019-01-11,741
2019-01-12,742
2019-01-13,743
2019-01-14,744
2019-01-15,745
2019-01-16,746
2019-01-17,747
2019-01-18,748
2019-01-19,749
2019-01-20,750
2019-01-21,751
2019-01-22,752
2019-01-23,753
2019-01-24,754
2019-01-25,755
2019-01-26,756
2019-01-27,757
2019-01-28,758
2019-01-29,759
2019-01-30,760
2019-01-31,761
2019-02-01,762
2019-02-02,763
2019-02-03,764
2019-02-04,765
2019-02-05,766
2019-02-06,767
2019-02-07,768
2019-02-08,769
2019-02-09,770
2019-02-10,771
2019-02-11,772
2019-02-12,773
2019-02-13,774
2019-02-14,775
2019-02-15,776
2019-02-16,777
2019-02-17,778
2019-02-18,779
2019-02-19,780
2019-02-20,781
2019-02-21,782
2019-02-22,783
2019-02-23,784
2019-02-24,785
2019-02-25,786
2019-02-26,787
2019-02-27,788
2019-02-28,789
2019-03-01,790
2019-03-02,791
2019-03-03,792
2019-03-04,793
2019-03-05,794
2019-03-06,795
2019-03-07,796
2019-03-08,797
2019-03-09,798
2019-03-10,799
2019-03-11,800
2019-03-12,801
2019-03-13,802
2019-03-14,803
2019-03-15,804
2019-03-16,805
2019-03-17,806
2019-03-18,807
2019-03-19,808
2019-03-20,809
2019-03-21,810
2019-03-22,811
2019-03-23,812
2019-03-24,813
2019-03-25,814
2019-03-26,815
2019-03-27,816
2019-03-28,817
2019-03-29,818
2019-03-30,819
2019-03-31,820
2019-04-01,821
2019-04-02,822
2019-04-03,823
2019-04-04,824
2019-04-05,825
2019-04-06,826
2019-04-07,827
2019-04-08,828
2019-04-09,829
2019-04-10,830
2019-04-11,831
2019-04-12,832
2019-04-13,833
2019-04-14,834
2019-04-15,835
2019-04-16,836
2019-04-17,837
2019-04-18,838
2019-04-19,839
2019-04-20,840
2019-04-21,841
2019-04-22,842
2019-04-23,843
2019-04-24,844
2019-04-25,845
2019-04-26,846
2019-04-27,847
2019-04-28,848
2019-04-29,849
2019-04-30,850
2019-05-01,851
2019-05-02,852
2019-05-03,853
2019-05-04,854
2019-05-05,855
2019-05-06,856
2019-05-07,857
2019-05-08,858
2019-05-09,859
2019-05-10,860
2019-05-11,861
2019-05-12,862
2019-05-13,863
2019-05-14,864
2019-05-15,865
2019-05-16,866
2019-05-17,867
2019-05-18,868
2019-05-19,869
2019-05-20,870
2019-05-21,871
2019-05-22,872
2019-05-23,873
2019-05-24,874
2019-05-25,875
2019-05-26,876
2019-05-27,877
2019-05-28,878
2019-05-29,879
2019-05-30,880
2019-05-31,881
2019-06-01,882
2019-06-02,883
2019-06-03,884
2019-06-04,885
2019-06-05,886
2019-06-06,887
2019-06-07,888
2019-06-08,889
2019-06-09,890
2019-06-10,891
2019-06-11,892
2019-06-12,893
2019-06-13,894
2019-06-14,895
2019-06-15,896
2019-06-16,897
2019-06-17,898
2019-06-18,899
2019-06-19,900
2019-06-20,901
2019-06-21,902
2019-06-22,903
2019-06-23,904
2019-06-24,905
2019-06-25,906
2019-06-26,907
2019-06-27,908
2019-06-28,909
2019-06-29,910
2019-06-30,911
2019-07-01,912
2019-07-02,913
2019-07-03,914
2019-07-04,915
2019-07-05,916
2019-07-06,917
2019-07-07,918
2019-07-08,919
2019-07-09,920
2019-07-10,921
2019-07-11,922
2019-07-12,923
2019-07-13,924
2019-07-14,925
2019-07-15,926
2019-07-16,927
2019-07-17,928
2019-07-18,929
2019-07-19,930
2019-07-20,931
2019-07-21,932
2019-07-22,933
2019-07-23,934
2019-07-24,935
2019-07-25,936
2019-07-26,937
2019-07-27,938
2019-07-28,939
2019-07-29,940
2019-07-30,941
2019-07-31,942
2019-08-01,943
2019-08-02,944
2019-08-03,945
2019-08-04,946
2019-08-05,947
2019-08-06,948
2019-08-07,949
2019-08-08,950
2019-08-09,951
2019-08-10,952
2019-08-11,953
2019-08-12,954
2019-08-13,955
2019-08-14,956
2019-08-15,957
2019-08-16,958
2019-08-17,959
2019-08-18,960
2019-08-19,961
2019-08-20,962
2019-08-21,963
2019-08-22,964
2019-08-23,965
2019-08-24,966
2019-08-25,967
2019-08-26,968
2019-08-27,969
2019-08-28,970
2019-08-29,971
2019-08-30,972
2019-08-31,973
2019-09-01,974
2019-09-02,975
2019-09-03,976
2019-09-04,977
2019-09-05,978
2019-09-06,979
2019-09-07,980
2019-09-08,981
2019-09-09,982
2019-09-10,983
2019-09-11,984
2019-09-12,985
2019-09-13,986
2019-09-14,987
2019-09-15,988
2019-09-16,989
2019-09-17,990
2019-09-18,991
2019-09-19,992
2019-09-20,993
2019-09-21,994
2019-09-22,995
2019-09-23,996
2019-09-24,997
2019-09-25,998
2019-09-26,999
2019-09-27,1000
2019-09-28,1001
2019-09-29,1002
2019-09-30,1003
2019-10-01,1004
2019-10-02,1005
2019-10-03,1006
2019-10-04,1007
2019-10-05,1008
2019-10-06,1009
2019-10-07,1010
2019-10-08,1011
2019-10-09,1012
2019-10-10,1013
2019-10-11,1014
2019-10-12,1015
2019-10-13,1016
2019-10-14,1017
2019-10-15,1018
2019-10-16,1019
2019-10-17,1020
2019-10-18,1021
2019-10-19,1022
2019-10-20,1023
2019-10-21,1024
2019-10-22,1025
2019-10-23,1026
2019-10-24,1027
2019-10-25,1028
2019-10-26,1029
2019-10-27,1030
2019-10-28,1031
2019-10-29,1032
2019-10-30,1033
2019-10-31,1034
2019-11-01,1035
2019-11-02,1036
2019-11-03,1037
2019-11-04,1038
2019-11-05,1039
2019-11-06,1040
2019-11-07,1041
2019-11-08,1042
2019-11-09,1043
2019-11-10,1044
2019-11-11,1045
2019-11-12,1046
2019-11-13,1047
2019-11-14,1048
2019-11-15,1049
2019-11-16,1050
2019-11-17,1051
2019-11-18,1052
2019-11-19,1053
2019-11-20,1054
2019-11-21,1055
2019-11-22,1056
2019-11-23,1057
2019-11-24,1058
2019-11-25,1059
2019-11-26,1060
2019-11-27,1061
2019-11-28,1062
2019-11-29,1063
2019-11-30,1064
2019-12-01,1065
2019-12-02,1066
2019-12-03,1067
2019-12-04,1068
2019-12-05,1069
2019-12-06,1070
2019-12-07,1071
2019-12-08,1072
2019-12-09,1073
2019-12-10,1074
2019-12-11,1075
2019-12-12,1076
2019-12-13,1077
2019-12-14,1078
2019-12-15,1079
2019-12-16,1080
2019-12-17,1081
2019-12-18,1082
2019-12-19,1083
2019-12-20,1084
2019-12-21,1085
2019-12-22,1086
2019-12-23,1087
2019-12-24,1088
2019-12-25,1089
2019-12-26,1090
2019-12-27,1091
2019-12-28,1092
2019-12-29,1093
2019-12-30,1094
2019-12-31,1095
2020-01-01,1096
2020-01-02,1097
2020-01-03,1098
2020-01-04,1099
2020-01-05,1100
2020-01-06,1101
2020-01-07,1102
2020-01-08,1103
2020-01-09,1104
2020-01-10,1105
2020-01-11,1106
2020-01-12,1107
2020-01-13,1108
2020-01-14,1109
2020-01-15,1110
2020-01-16,1111
2020-01-17,1112
2020-01-18,1113
2020-01-19,1114
2020-01-20,1115
2020-01-21,1116
2020-01-22,1117
2020-01-23,1118
2020-01-24,1119
2020-01-25,1120
2020-01-26,1121
2020-01-27,1122
2020-01-28,1123
2020-01-29,1124
2020-01-30,1125
2020-01-31,1126
2020-02-01,1127
2020-02-02,1128
2020-02-03,1129
2020-02-04,1130
2020-02-05,1131
2020-02-06,1132
2020-02-07,1133
2020-02-08,1134
2020-02-09,1135
2020-02-10,1136
2020-02-11,1137
2020-02-12,1138
2020-02-13,1139
2020-02-14,1140
2020-02-15,1141
2020-02-16,1142
2020-02-17,1143
2020-02-18,1144
2020-02-19,1145
2020-02-20,1146
2020-02-21,1147
2020-02-22,1148
2020-02-23,1149
2020-02-24,1150
2020-02-25,1151
2020-02-26,1152
2020-02-27,1153
2020-02-28,1154
2020-02-29,1155
2020-03-01,1156
2020-03-02,1157
2020-03-03,1158
2020-03-04,1159
2020-03-05,1160
2020-03-06,1161
2020-03-07,1162
2020-03-08,1163
2020-03-09,1164
2020-03-10,1165
2020-03-11,1166
2020-03-12,1167
2020-03-13,1168
2020-03-14,1169
2020-03-15,1170
2020-03-16,1171
2020-03-17,1172
2020-03-18,1173
2020-03-19,1174
2020-03-20,1175
2020-03-21,1176
2020-03-22,1177
2020-03-23,1178
2020-03-24,1179
2020-03-25,1180
2020-03-26,1181
2020-03-27,1182
2020-03-28,1183
2020-03-29,1184
2020-03-30,1185
2020-03-31,1186
2020-04-01,1187
2020-04-02,1188
2020-04-03,1189
2020-04-04,1190
2020-04-05,1191
2020-04-06,1192
2020-04-07,1193
2020-04-08,1194
2020-04-09,1195
2020-04-10,1196
2020-04-11,1197
2020-04-12,1198
2020-04-13,1199
2020-04-14,1200
2020-04-15,1201
2020-04-16,1202
2020-04-17,1203
2020-04-18,1204
2020-04-19,1205
2020-04-20,1206
2020-04-21,1207
2020-04-22,1208
2020-04-23,1209
2020-04-24,1210
2020-04-25,1211
2020-04-26,1212
2020-04-27,1213
2020-04-28,1214
2020-04-29,1215
2020-04-30,1216
2020-05-01,1217
2020-05-02,1218
2020-05-03,1219
2020-05-04,1220
2020-05-05,1221
2020-05-06,1222
2020-05-07,1223
2020-05-08,1224
2020-05-09,1225
2020-05-10,1226
2020-05-11,1227
2020-05-12,1228
2020-05-13,1229
2020-05-14,1230
2020-05-15,1231
2020-05-16,1232
2020-05-17,1233
2020-05-18,1234
2020-05-19,1235
2020-05-20,1236
2020-05-21,1237
2020-05-22,1238
2020-05-23,1239
2020-05-24,1240
2020-05-25,1241
2020-05-26,1242
2020-05-27,1243
2020-05-28,1244
2020-05-29,1245
2020-05-30,1246
2020-05-31,1247
2020-06-01,1248
2020-06-02,1249
2020-06-03,1250
2020-06-04,1251
2020-06-05,1252
2020-06-06,1253
2020-06-07,1254
2020-06-08,1255
2020-06-09,1256
2020-06-10,1257
2020-06-11,1258
2020-06-12,1259
2020-06-13,1260
2020-06-14,1261
2020-06-15,1262
2020-06-16,1263
2020-06-17,1264
2020-06-18,1265
2020-06-19,1266
2020-06-20,1267
2020-06-21,1268
2020-06-22,1269
2020-06-23,1270
2020-06-24,1271
2020-06-25,1272
2020-06-26,1273
2020-06-27,1274
2020-06-28,1275
2020-06-29,1276
2020-06-30,1277
2020-07-01,1278
2020-07-02,1279
2020-07-03,1280
2020-07-04,1281
2020-07-05,1282
2020-07-06,1283
2020-07-07,1284
2020-07-08,1285
2020-07-09,1286
2020-07-10,1287
2020-07-11,1288
2020-07-12,1289
2020-07-13,1290
2020-07-14,1291
2020-07-15,1292
2020-07-16,1293
2020-07-17,1294
2020-07-18,1295
2020-07-19,1296
2020-07-20,1297
2020-07-21,1298
2020-07-22,1299
2020-07-23,1300
2020-07-24,1301
2020-07-25,1302
2020-07-26,1303
2020-07-27,1304
2020-07-28,1305
2020-07-29,1306
2020-07-30,1307
2020-07-31,1308
2020-08-01,1309
2020-08-02,1310
2020-08-03,1311
2020-08-04,1312
2020-08-05,1313
2020-08-06,1314
2020-08-07,1315
2020-08-08,1316
2020-08-09,1317
2020-08-10,1318
2020-08-11,1319
2020-08-12,1320
2020-08-13,1321
2020-08-14,1322
2020-08-15,1323
2020-08-16,1324
2020-08-17,1325
2020-08-18,1326
2020-08-19,1327
2020-08-20,1328
2020-08-21,1329
2020-08-22,1330
2020-08-23,1331
2020-08-24,1332
2020-08-25,1333
2020-08-26,1334
2020-08-27,1335
2020-08-28,1336
2020-08-29,1337
2020-08-30,1338
2020-08-31,1339
2020-09-01,1340
2020-09-02,1341
2020-09-03,1342
2020-09-04,1343
2020-09-05,1344
2020-09-06,1345
2020-09-07,1346
2020-09-08,1347
2020-09-09,1348
2020-09-10,1349
2020-09-11,1350
2020-09-12,1351
2020-09-13,1352
2020-09-14,1353
2020-09-15,1354
2020-09-16,1355
2020-09-17,1356
2020-09-18,1357
2020-09-19,1358
2020-09-20,1359
2020-09-21,1360
2020-09-22,1361
2020-09-23,1362
2020-09-24,1363
2020-09-25,1364
2020-09-26,1365
2020-09-27,1366
2020-09-28,1367
2020-09-29,1368
2020-09-30,1369
2020-10-01,1370
2020-10-02,1371
2020-10-03,1372
2020-10-04,1373
2020-10-05,1374
2020-10-06,1375
2020-10-07,1376
2020-10-08,1377
2020-10-09,1378
2020-10-10,1379
2020-10-11,1380
2020-10-12,1381
2020-10-13,1382
2020-10-14,1383
2020-10-15,1384
2020-10-16,1385
2020-10-17,1386
2020-10-18,1387
2020-10-19,1388
2020-10-20,1389
2020-10-21,1390
2020-10-22,1391
2020-10-23,1392
2020-10-24,1393
2020-10-25,1394
2020-10-26,1395
2020-10-27,1396
2020-10-28,1397
2020-10-29,1398
2020-10-30,1399
2020-10-31,1400
2020-11-01,1401
2020-11-02,1402
2020-11-03,1403
2020-11-04,1404
2020-11-05,1405
2020-11-06,1406
2020-11-07,1407
2020-11-08,1408
2020-11-09,1409
2020-11-10,1410
2020-11-11,1411
2020-11-12,1412
2020-11-13,1413
2020-11-14,1414
2020-11-15,1415
2020-11-16,1416
2020-11-17,1417
2020-11-18,1418
2020-11-19,1419
2020-11-20,1420
2020-11-21,1421
2020-11-22,1422
2020-11-23,1423
2020-11-24,1424
2020-11-25,1425
2020-11-26,1426
2020-11-27,1427
2020-11-28,1428
2020-11-29,1429
2020-11-30,1430
2020-12-01,1431
2020-12-02,1432
2020-12-03,1433
2020-12-04,1434
2020-12-05,1435
2020-12-06,1436
2020-12-07,1437
2020-12-08,1438
2020-12-09,1439
2020-12-10,1440
2020-12-11,1441
2020-12-12,1442
2020-12-13,1443
2020-12-14,1444
2020-12-15,1445
2020-12-16,1446
2020-12-17,1447
2020-12-18,1448
2020-12-19,1449
2020-12-20,1450
2020-12-21,1451
2020-12-22,1452
2020-12-23,1453
2020-12-24,1454
2020-12-25,1455
2020-12-26,1456
2020-12-27,1457
2020-12-28,1458
2020-12-29,1459
2020-12-30,1460
2020-12-31,1461
2021-01-01,1462
2021-01-02,1463
2021-01-03,1464
2021-01-04,1465
2021-01-05,1466
2021-01-06,1467
2021-01-07,1468
2021-01-08,1469
2021-01-09,1470
2021-01-10,1471
2021-01-11,1472
2021-01-12,1473
2021-01-13,1474
2021-01-14,1475
2021-01-15,1476
2021-01-16,1477
2021-01-17,1478
2021-01-18,1479
2021-01-19,1480
2021-01-20,1481
2021-01-21,1482
2021-01-22,1483
2021-01-23,1484
2021-01-24,1485
2021-01-25,1486
2021-01-26,1487
2021-01-27,1488
2021-01-28,1489
2021-01-29,1490
2021-01-30,1491
2021-01-31,1492
2021-02-01,1493
2021-02-02,1494
2021-02-03,1495
2021-02-04,1496
2021-02-05,1497
2021-02-06,1498
2021-02-07,1499
2021-02-08,1500
2021-02-09,1501
2021-02-10,1502
2021-02-11,1503
2021-02-12,1504
2021-02-13,1505
2021-02-14,1506
2021-02-15,1507
2021-02-16,1508
2021-02-17,1509
2021-02-18,1510
2021-02-19,1511
2021-02-20,1512
2021-02-21,1513
2021-02-22,1514
2021-02-23,1515
2021-02-24,1516
2021-02-25,1517
2021-02-26,1518
2021-02-27,1519
2021-02-28,1520
2021-03-01,1521
2021-03-02,1522
2021-03-03,1523
2021-03-04,1524
2021-03-05,1525
2021-03-06,1526
2021-03-07,1527
2021-03-08,1528
2021-03-09,1529
2021-03-10,1530
2021-03-11,1531
2021-03-12,1532
2021-03-13,1533
2021-03-14,1534
2021-03-15,1535
2021-03-16,1536
2021-03-17,1537
2021-03-18,1538
2021-03-19,1539
2021-03-20,1540
2021-03-21,1541
2021-03-22,1542
2021-03-23,1543
2021-03-24,1544
2021-03-25,1545
2021-03-26,1546
2021-03-27,1547
2021-03-28,1548
2021-03-29,1549
2021-03-30,1550
2021-03-31,1551
2021-04-01,1552
2021-04-02,1553
2021-04-03,1554
2021-04-04,1555
2021-04-05,1556
2021-04-06,1557
2021-04-07,1558
2021-04-08,1559
2021-04-09,1560
2021-04-10,1561
2021-04-11,1562
2021-04-12,1563
2021-04-13,1564
2021-04-14,1565
2021-04-15,1566
2021-04-16,1567
2021-04-17,1568
2021-04-18,1569
2021-04-19,1570
2021-04-20,1571
2021-04-21,1572
2021-04-22,1573
2021-04-23,1574
2021-04-24,1575
2021-04-25,1576
2021-04-26,1577
2021-04-27,1578
2021-04-28,1579
2021-04-29,1580
2021-04-30,1581
2021-05-01,1582
2021-05-02,1583
2021-05-03,1584
2021-05-04,1585
2021-05-05,1586
2021-05-06,1587
2021-05-07,1588
2021-05-08,1589
2021-05-09,1590
2021-05-10,1591
2021-05-11,1592
2021-05-12,1593
2021-05-13,1594
2021-05-14,1595
2021-05-15,1596
2021-05-16,1597
2021-05-17,1598
2021-05-18,1599
2021-05-19,1600
2021-05-20,1601
2021-05-21,1602
2021-05-22,1603
2021-05-23,1604
2021-05-24,1605
2021-05-25,1606
2021-05-26,1607
2021-05-27,1608
2021-05-28,1609
2021-05-29,1610
2021-05-30,1611
2021-05-31,1612
2021-06-01,1613
2021-06-02,1614
2021-06-03,1615
2021-06-04,1616
2021-06-05,1617
2021-06-06,1618
2021-06-07,1619
2021-06-08,1620
2021-06-09,1621
2021-06-10,1622
2021-06-11,1623
2021-06-12,1624
2021-06-13,1625
2021-06-14,1626
2021-06-15,1627
2021-06-16,1628
2021-06-17,1629
2021-06-18,1630
2021-06-19,1631
2021-06-20,1632
2021-06-21,1633
2021-06-22,1634
2021-06-23,1635
2021-06-24,1636
2021-06-25,1637
2021-06-26,1638
2021-06-27,1639
2021-06-28,1640
2021-06-29,1641
2021-06-30,1642
2021-07-01,1643
2021-07-02,1644
2021-07-03,1645
2021-07-04,1646
2021-07-05,1647
2021-07-06,1648
2021-07-07,1649
2021-07-08,1650
2021-07-09,1651
2021-07-10,1652
2021-07-11,1653
2021-07-12,1654
2021-07-13,1655
2021-07-14,1656
2021-07-15,1657
2021-07-16,1658
2021-07-17,1659
2021-07-18,1660
2021-07-19,1661
2021-07-20,1662
2021-07-21,1663
2021-07-22,1664
2021-07-23,1665
2021-07-24,1666
2021-07-25,1667
2021-07-26,1668
2021-07-27,1669
2021-07-28,1670
2021-07-29,1671
2021-07-30,1672
2021-07-31,1673
2021-08-01,1674
2021-08-02,1675
2021-08-03,1676
2021-08-04,1677
2021-08-05,1678
2021-08-06,1679
2021-08-07,1680
2021-08-08,1681
2021-08-09,1682
2021-08-10,1683
2021-08-11,1684
2021-08-12,1685
2021-08-13,1686
2021-08-14,1687
2021-08-15,1688
2021-08-16,1689
2021-08-17,1690
2021-08-18,1691
2021-08-19,1692
2021-08-20,1693
2021-08-21,1694
2021-08-22,1695
2021-08-23,1696
2021-08-24,1697
2021-08-25,1698
2021-08-26,1699
2021-08-27,1700
2021-08-28,1701
2021-08-29,1702
2021-08-30,1703
2021-08-31,1704
2021-09-01,1705
2021-09-02,1706
2021-09-03,1707
2021-09-04,1708
2021-09-05,1709
2021-09-06,1710
2021-09-07,1711
2021-09-08,1712
2021-09-09,1713
2021-09-10,1714
2021-09-11,1715
2021-09-12,1716
2021-09-13,1717
2021-09-14,1718
2021-09-15,1719
2021-09-16,1720
2021-09-17,1721
2021-09-18,1722
2021-09-19,1723
2021-09-20,1724
2021-09-21,1725
2021-09-22,1726
2021-09-23,1727
2021-09-24,1728
2021-09-25,1729
2021-09-26,1730
2021-09-27,1731
2021-09-28,1732
2021-09-29,1733
2021-09-30,1734
2021-10-01,1735
2021-10-02,1736
2021-10-03,1737
2021-10-04,1738
2021-10-05,1739
2021-10-06,1740
2021-10-07,1741
2021-10-08,1742
2021-10-09,1743
2021-10-10,1744
2021-10-11,1745
2021-10-12,1746
2021-10-13,1747
2021-10-14,1748
2021-10-15,1749
2021-10-16,1750
2021-10-17,1751
2021-10-18,1752
2021-10-19,1753
2021-10-20,1754
2021-10-21,1755
2021-10-22,1756
2021-10-23,1757
2021-10-24,1758
2021-10-25,1759
2021-10-26,1760
2021-10-27,1761
2021-10-28,1762
2021-10-29,1763
2021-10-30,1764
2021-10-31,1765
2021-11-01,1766
2021-11-02,1767
2021-11-03,1768
2021-11-04,1769
2021-11-05,1770
2021-11-06,1771
2021-11-07,1772
2021-11-08,1773
2021-11-09,1774
2021-11-10,1775
2021-11-11,1776
2021-11-12,1777
2021-11-13,1778
2021-11-14,1779
2021-11-15,1780
2021-11-16,1781
2021-11-17,1782
2021-11-18,1783
2021-11-19,1784
2021-11-20,1785
2021-11-21,1786
2021-11-22,1787
2021-11-23,1788
2021-11-24,1789
2021-11-25,1790
2021-11-26,1791
2021-11-27,1792
2021-11-28,1793
2021-11-29,1794
2021-11-30,1795
2021-12-01,1796
2021-12-02,1797
2021-12-03,1798
2021-12-04,1799
2021-12-05,1800
2021-12-06,1801
2021-12-07,1802
2021-12-08,1803
2021-12-09,1804
2021-12-10,1805
2021-12-11,1806
2021-12-12,1807
2021-12-13,1808
2021-12-14,1809
2021-12-15,1810
2021-12-16,1811
2021-12-17,1812
2021-12-18,1813
2021-12-19,1814
2021-12-20,1815
2021-12-21,1816
2021-12-22,1817
2021-12-23,1818
2021-12-24,1819
2021-12-25,1820
2021-12-26,1821
2021-12-27,1822
2021-12-28,1823
2021-12-29,1824
2021-12-30,1825
2021-12-31,1826
2022-01-01,1827
2022-01-02,1828
2022-01-03,1829
2022-01-04,1830
2022-01-05,1831
2022-01-06,1832
2022-01-07,1833
2022-01-08,1834
2022-01-09,1835
2022-01-10,1836
2022-01-11,1837
2022-01-12,1838
2022-01-13,1839
2022-01-14,1840
2022-01-15,1841
2022-01-16,1842
2022-01-17,1843
2022-01-18,1844
2022-01-19,1845
2022-01-20,1846
2022-01-21,1847
2022-01-22,1848
2022-01-23,1849
2022-01-24,1850
2022-01-25,1851
2022-01-26,1852
2022-01-27,1853
2022-01-28,1854
2022-01-29,1855
2022-01-30,1856
2022-01-31,1857
2022-02-01,1858
2022-02-02,1859
2022-02-03,1860
2022-02-04,1861
2022-02-05,1862
2022-02-06,1863
2022-02-07,1864
2022-02-08,1865
2022-02-09,1866
2022-02-10,1867
2022-02-11,1868
2022-02-12,1869
2022-02-13,1870
2022-02-14,1871
2022-02-15,1872
2022-02-16,1873
2022-02-17,1874
2022-02-18,1875
2022-02-19,1876
2022-02-20,1877
2022-02-21,1878
2022-02-22,1879
2022-02-23,1880
2022-02-24,1881
2022-02-25,1882
2022-02-26,1883
2022-02-27,1884
2022-02-28,1885
2022-03-01,1886
2022-03-02,1887
2022-03-03,1888
2022-03-04,1889
2022-03-05,1890
2022-03-06,1891
2022-03-07,1892
2022-03-08,1893
2022-03-09,1894
2022-03-10,1895
2022-03-11,1896
2022-03-12,1897
2022-03-13,1898
2022-03-14,1899
2022-03-15,1900
2022-03-16,1901
2022-03-17,1902
2022-03-18,1903
2022-03-19,1904
2022-03-20,1905
2022-03-21,1906
2022-03-22,1907
2022-03-23,1908
2022-03-24,1909
2022-03-25,1910
2022-03-26,1911
2022-03-27,1912
2022-03-28,1913
2022-03-29,1914
2022-03-30,1915
2022-03-31,1916
2022-04-01,1917
2022-04-02,1918
2022-04-03,1919
2022-04-04,1920
2022-04-05,1921
2022-04-06,1922
2022-04-07,1923
2022-04-08,1924
2022-04-09,1925
2022-04-10,1926
2022-04-11,1927
2022-04-12,1928
2022-04-13,1929
2022-04-14,1930
2022-04-15,1931
2022-04-16,1932
2022-04-17,1933
2022-04-18,1934
2022-04-19,1935
2022-04-20,1936
2022-04-21,1937
2022-04-22,1938
2022-04-23,1939
2022-04-24,1940
2022-04-25,1941
2022-04-26,1942
2022-04-27,1943
2022-04-28,1944
2022-04-29,1945
2022-04-30,1946
2022-05-01,1947
2022-05-02,1948
2022-05-03,1949
2022-05-04,1950
2022-05-05,1951
2022-05-06,1952
2022-05-07,1953
2022-05-08,1954
2022-05-09,1955
2022-05-10,1956
2022-05-11,1957
2022-05-12,1958
2022-05-13,1959
2022-05-14,1960
2022-05-15,1961
2022-05-16,1962
2022-05-17,1963
2022-05-18,1964
2022-05-19,1965
2022-05-20,1966
2022-05-21,1967
2022-05-22,1968
2022-05-23,1969
2022-05-24,1970
2022-05-25,1971
2022-05-26,1972
2022-05-27,1973
2022-05-28,1974
2022-05-29,1975
2022-05-30,1976
2022-05-31,1977
2022-06-01,1978
2022-06-02,1979
2022-06-03,1980
2022-06-04,1981
2022-06-05,1982
2022-06-06,1983
2022-06-07,1984
2022-06-08,1985
2022-06-09,1986
2022-06-10,1987
2022-06-11,1988
2022-06-12,1989
2022-06-13,1990
2022-06-14,1991
2022-06-15,1992
2022-06-16,1993
2022-06-17,1994
2022-06-18,1995
2022-06-19,1996
2022-06-20,1997
2022-06-21,1998
2022-06-22,1999
2022-06-23,2000
2022-06-24,2001
2022-06-25,2002
2022-06-26,2003
2022-06-27,2004
2022-06-28,2005
2022-06-29,2006
2022-06-30,2007
2022-07-01,2008
2022-07-02,2009
2022-07-03,2010
2022-07-04,2011
2022-07-05,2012
2022-07-06,2013
2022-07-07,2014
2022-07-08,2015
2022-07-09,2016
2022-07-10,2017
2022-07-11,2018
2022-07-12,2019
2022-07-13,2020
2022-07-14,2021
2022-07-15,2022
2022-07-16,2023
2022-07-17,2024
2022-07-18,2025
2022-07-19,2026
2022-07-20,2027
2022-07-21,2028
2022-07-22,2029
2022-07-23,2030
2022-07-24,2031
2022-07-25,2032
2022-07-26,2033
2022-07-27,2034
2022-07-28,2035
2022-07-29,2036
2022-07-30,2037
2022-07-31,2038
2022-08-01,2039
2022-08-02,2040
2022-08-03,2041
2022-08-04,2042
2022-08-05,2043
2022-08-06,2044
2022-08-07,2045
2022-08-08,2046
2022-08-09,2047
2022-08-10,2048
2022-08-11,2049
2022-08-12,2050
2022-08-13,2051
2022-08-14,2052
2022-08-15,2053
2022-08-16,2054
2022-08-17,2055
2022-08-18,2056
2022-08-19,2057
2022-08-20,2058
2022-08-21,2059
2022-08-22,2060
2022-08-23,2061
2022-08-24,2062
2022-08-25,2063
2022-08-26,2064
2022-08-27,2065
2022-08-28,2066
2022-08-29,2067
2022-08-30,2068
2022-08-31,2069
2022-09-01,2070
2022-09-02,2071
2022-09-03,2072
2022-09-04,2073
2022-09-05,2074
2022-09-06,2075
2022-09-07,2076
2022-09-08,2077
2022-09-09,2078
2022-09-10,2079
2022-09-11,2080
2022-09-12,2081
2022-09-13,2082
2022-09-14,2083
2022-09-15,2084
2022-09-16,2085
2022-09-17,2086
2022-09-18,2087
2022-09-19,2088
2022-09-20,2089
2022-09-21,2090
2022-09-22,2091
2022-09-23,2092
2022-09-24,2093
2022-09-25,2094
2022-09-26,2095
2022-09-27,2096
2022-09-28,2097
2022-09-29,2098
2022-09-30,2099
2022-10-01,2100
2022-10-02,2101
2022-10-03,2102
2022-10-04,2103
2022-10-05,2104
2022-10-06,2105
2022-10-07,2106
2022-10-08,2107
2022-10-09,2108
2022-10-10,2109
2022-10-11,2110
2022-10-12,2111
2022-10-13,2112
2022-10-14,2113
2022-10-15,2114
2022-10-16,2115
2022-10-17,2116
2022-10-18,2117
2022-10-19,2118
2022-10-20,2119
2022-10-21,2120
2022-10-22,2121
2022-10-23,2122
2022-10-24,2123
2022-10-25,2124
2022-10-26,2125
2022-10-27,2126
2022-10-28,2127
2022-10-29,2128
2022-10-30,2129
2022-10-31,2130
2022-11-01,2131
2022-11-02,2132
2022-11-03,2133
2022-11-04,2134
2022-11-05,2135
2022-11-06,2136
2022-11-07,2137
2022-11-08,2138
2022-11-09,2139
2022-11-10,2140
2022-11-11,2141
2022-11-12,2142
2022-11-13,2143
2022-11-14,2144
2022-11-15,2145
2022-11-16,2146
2022-11-17,2147
2022-11-18,2148
2022-11-19,2149
2022-11-20,2150
2022-11-21,2151
2022-11-22,2152
2022-11-23,2153
2022-11-24,2154
2022-11-25,2155
2022-11-26,2156
2022-11-27,2157
2022-11-28,2158
2022-11-29,2159
2022-11-30,2160
2022-12-01,2161
2022-12-02,2162
2022-12-03,2163
2022-12-04,2164
2022-12-05,2165
2022-12-06,2166
2022-12-07,2167
2022-12-08,2168
2022-12-09,2169
2022-12-10,2170
2022-12-11,2171
2022-12-12,2172
2022-12-13,2173
2022-12-14,2174
2022-12-15,2175
2022-12-16,2176
2022-12-17,2177
2022-12-18,2178
2022-12-19,2179
2022-12-20,2180
2022-12-21,2181
2022-12-22,2182
2022-12-23,2183
2022-12-24,2184
2022-12-25,2185
2022-12-26,2186
2022-12-27,2187
2022-12-28,2188
2022-12-29,2189
2022-12-30,2190
2022-12-31,2191
2023-01-01,2192
2023-01-02,2193
2023-01-03,2194
2023-01-04,2195
2023-01-05,2196
2023-01-06,2197
2023-01-07,2198
2023-01-08,2199
2023-01-09,2200
2023-01-10,2201
2023-01-11,2202
2023-01-12,2203
2023-01-13,2204
2023-01-14,2205
2023-01-15,2206
2023-01-16,2207
2023-01-17,2208
2023-01-18,2209
2023-01-19,2210
2023-01-20,2211
2023-01-21,2212
2023-01-22,2213
2023-01-23,2214
2023-01-24,2215
2023-01-25,2216
2023-01-26,2217
2023-01-27,2218
2023-01-28,2219
2023-01-29,2220
2023-01-30,2221
2023-01-31,2222
2023-02-01,2223
2023-02-02,2224
2023-02-03,2225
2023-02-04,2226
2023-02-05,2227
2023-02-06,2228
2023-02-07,2229
2023-02-08,2230
2023-02-09,2231
2023-02-10,2232
2023-02-11,2233
2023-02-12,2234
2023-02-13,2235
2023-02-14,2236
2023-02-15,2237
2023-02-16,2238
2023-02-17,2239
2023-02-18,2240
2023-02-19,2241
2023-02-20,2242
2023-02-21,2243
2023-02-22,2244
2023-02-23,2245
2023-02-24,2246
2023-02-25,2247
2023-02-26,2248
2023-02-27,2249
2023-02-28,2250
2023-03-01,2251
2023-03-02,2252
2023-03-03,2253
2023-03-04,2254
2023-03-05,2255
2023-03-06,2256
2023-03-07,2257
2023-03-08,2258
2023-03-09,2259
2023-03-10,2260
2023-03-11,2261
2023-03-12,2262
2023-03-13,2263
2023-03-14,2264
2023-03-15,2265
2023-03-16,2266
2023-03-17,2267
2023-03-18,2268
2023-03-19,2269
2023-03-20,2270
2023-03-21,2271
2023-03-22,2272
2023-03-23,2273
2023-03-24,2274
2023-03-25,2275
2023-03-26,2276
2023-03-27,2277
2023-03-28,2278
2023-03-29,2279
2023-03-30,2280
2023-03-31,2281
2023-04-01,2282
2023-04-02,2283
2023-04-03,2284
2023-04-04,2285
2023-04-05,2286
2023-04-06,2287
2023-04-07,2288
2023-04-08,2289
2023-04-09,2290
2023-04-10,2291
2023-04-11,2292
2023-04-12,2293
2023-04-13,2294
2023-04-14,2295
2023-04-15,2296
2023-04-16,2297
2023-04-17,2298
2023-04-18,2299
2023-04-19,2300
2023-04-20,2301
2023-04-21,2302
2023-04-22,2303
2023-04-23,2304
2023-04-24,2305
2023-04-25,2306
2023-04-26,2307
2023-04-27,2308
2023-04-28,2309
2023-04-29,2310
2023-04-30,2311
2023-05-01,2312
2023-05-02,2313
2023-05-03,2314
2023-05-04,2315
2023-05-05,2316
2023-05-06,2317
2023-05-07,2318
2023-05-08,2319
2023-05-09,2320
2023-05-10,2321
2023-05-11,2322
2023-05-12,2323
2023-05-13,2324
2023-05-14,2325
2023-05-15,2326
2023-05-16,2327
2023-05-17,2328
2023-05-18,2329
2023-05-19,2330
2023-05-20,2331
2023-05-21,2332
2023-05-22,2333
2023-05-23,2334
2023-05-24,2335
2023-05-25,2336
2023-05-26,2337
2023-05-27,2338
2023-05-28,2339
2023-05-29,2340
2023-05-30,2341
2023-05-31,2342
2023-06-01,2343
2023-06-02,2344
2023-06-03,2345
2023-06-04,2346
2023-06-05,2347
2023-06-06,2348
2023-06-07,2349
2023-06-08,2350
2023-06-09,2351
2023-06-10,2352
2023-06-11,2353
2023-06-12,2354
2023-06-13,2355
2023-06-14,2356
2023-06-15,2357
2023-06-16,2358
2023-06-17,2359
2023-06-18,2360
2023-06-19,2361
2023-06-20,2362
2023-06-21,2363
2023-06-22,2364
2023-06-23,2365
2023-06-24,2366
2023-06-25,2367
2023-06-26,2368
2023-06-27,2369
2023-06-28,2370
2023-06-29,2371
2023-06-30,2372
2023-07-01,2373
2023-07-02,2374
2023-07-03,2375
2023-07-04,2376
2023-07-05,2377
2023-07-06,2378
2023-07-07,2379
2023-07-08,2380
2023-07-09,2381
2023-07-10,2382
2023-07-11,2383
2023-07-12,2384
2023-07-13,2385
2023-07-14,2386
2023-07-15,2387
2023-07-16,2388
2023-07-17,2389
2023-07-18,2390
2023-07-19,2391
2023-07-20,2392
2023-07-21,2393
2023-07-22,2394
2023-07-23,2395
2023-07-24,2396
2023-07-25,2397
2023-07-26,2398
2023-07-27,2399
2023-07-28,2400
2023-07-29,2401
2023-07-30,2402
2023-07-31,2403
2023-08-01,2404
2023-08-02,2405
2023-08-03,2406
2023-08-04,2407
2023-08-05,2408
2023-08-06,2409
2023-08-07,2410
2023-08-08,2411
2023-08-09,2412
2023-08-10,2413
2023-08-11,2414
2023-08-12,2415
2023-08-13,2416
2023-08-14,2417
2023-08-15,2418
2023-08-16,2419
2023-08-17,2420
2023-08-18,2421
2023-08-19,2422
2023-08-20,2423
2023-08-21,2424
2023-08-22,2425
2023-08-23,2426
2023-08-24,2427
2023-08-25,2428
2023-08-26,2429
2023-08-27,2430
2023-08-28,2431
2023-08-29,2432
2023-08-30,2433
2023-08-31,2434
2023-09-01,2435
2023-09-02,2436
2023-09-03,2437
2023-09-04,2438
2023-09-05,2439
2023-09-06,2440
2023-09-07,2441
2023-09-08,2442
2023-09-09,2443
2023-09-10,2444
2023-09-11,2445
2023-09-12,2446
2023-09-13,2447
2023-09-14,2448
2023-09-15,2449
2023-09-16,2450
2023-09-17,2451
2023-09-18,2452
2023-09-19,2453
2023-09-20,2454
2023-09-21,2455
2023-09-22,2456
2023-09-23,2457
2023-09-24,2458
2023-09-25,2459
2023-09-26,2460
2023-09-27,2461
2023-09-28,2462
2023-09-29,2463
2023-09-30,2464
2023-10-01,2465
2023-10-02,2466
2023-10-03,2467
2023-10-04,2468
2023-10-05,2469
2023-10-06,2470
2023-10-07,2471
2023-10-08,2472
2023-10-09,2473
2023-10-10,2474
2023-10-11,2475
2023-10-12,2476
2023-10-13,2477
2023-10-14,2478
2023-10-15,2479
2023-10-16,2480
2023-10-17,2481
2023-10-18,2482
2023-10-19,2483
2023-10-20,2484
2023-10-21,2485
2023-10-22,2486
2023-10-23,2487
2023-10-24,2488
2023-10-25,2489
2023-10-26,2490
2023-10-27,2491
2023-10-28,2492
2023-10-29,2493
2023-10-30,2494
2023-10-31,2495
2023-11-01,2496
2023-11-02,2497
2023-11-03,2498
2023-11-04,2499
2023-11-05,2500
2023-11-06,2501
2023-11-07,2502
2023-11-08,2503
2023-11-09,2504
2023-11-10,2505
2023-11-11,2506
2023-11-12,2507
2023-11-13,2508
2023-11-14,2509
2023-11-15,2510
2023-11-16,2511
2023-11-17,2512
2023-11-18,2513
2023-11-19,2514
2023-11-20,2515
2023-11-21,2516
2023-11-22,2517
2023-11-23,2518
2023-11-24,2519
2023-11-25,2520
2023-11-26,2521
2023-11-27,2522
2023-11-28,2523
2023-11-29,2524
2023-11-30,2525
2023-12-01,2526
2023-12-02,2527
2023-12-03,2528
2023-12-04,2529
2023-12-05,2530
2023-12-06,2531
2023-12-07,2532
2023-12-08,2533
2023-12-09,2534
2023-12-10,2535
2023-12-11,2536
2023-12-12,2537
2023-12-13,2538
2023-12-14,2539
2023-12-15,2540
2023-12-16,2541
2023-12-17,2542
2023-12-18,2543
2023-12-19,2544
2023-12-20,2545
2023-12-21,2546
2023-12-22,2547
2023-12-23,2548
2023-12-24,2549
2023-12-25,2550
2023-12-26,2551
2023-12-27,2552
2023-12-28,2553
2023-12-29,2554
2023-12-30,2555
2023-12-31,2556
2024-01-01,2557
2024-01-02,2558
2024-01-03,2559
2024-01-04,2560
2024-01-05,2561
2024-01-06,2562
2024-01-07,2563
2024-01-08,2564
2024-01-09,2565
2024-01-10,2566
2024-01-11,2567
2024-01-12,2568
2024-01-13,2569
2024-01-14,2570
2024-01-15,2571
2024-01-16,2572
2024-01-17,2573
2024-01-18,2574
2024-01-19,2575
2024-01-20,2576
2024-01-21,2577
2024-01-22,2578
2024-01-23,2579
2024-01-24,2580
2024-01-25,2581
2024-01-26,2582
2024-01-27,2583
2024-01-28,2584
2024-01-29,2585
2024-01-30,2586
2024-01-31,2587
2024-02-01,2588
2024-02-02,2589
2024-02-03,2590
2024-02-04,2591
2024-02-05,2592
2024-02-06,2593
2024-02-07,2594
2024-02-08,2595
2024-02-09,2596
2024-02-10,2597
2024-02-11,2598
2024-02-12,2599
2024-02-13,2600
2024-02-14,2601
2024-02-15,2602
2024-02-16,2603
2024-02-17,2604
2024-02-18,2605
2024-02-19,2606
2024-02-20,2607
2024-02-21,2608
2024-02-22,2609
2024-02-23,2610
2024-02-24,2611
2024-02-25,2612
2024-02-26,2613
2024-02-27,2614
2024-02-28,2615
2024-02-29,2616
2024-03-01,2617
2024-03-02,2618
2024-03-03,2619
2024-03-04,2620
2024-03-05,2621
2024-03-06,2622
2024-03-07,2623
2024-03-08,2624
2024-03-09,2625
2024-03-10,2626
2024-03-11,2627
2024-03-12,2628
2024-03-13,2629
2024-03-14,2630
2024-03-15,2631
2024-03-16,2632
2024-03-17,2633
2024-03-18,2634
2024-03-19,2635
2024-03-20,2636
2024-03-21,2637
2024-03-22,2638
2024-03-23,2639
2024-03-24,2640
2024-03-25,2641
2024-03-26,2642
2024-03-27,2643
2024-03-28,2644
2024-03-29,2645
2024-03-30,2646
2024-03-31,2647
2024-04-01,2648
2024-04-02,2649
2024-04-03,2650
2024-04-04,2651
2024-04-05,2652
2024-04-06,2653
2024-04-07,2654
2024-04-08,2655
2024-04-09,2656
2024-04-10,2657
2024-04-11,2658
2024-04-12,2659
2024-04-13,2660
2024-04-14,2661
2024-04-15,2662
2024-04-16,2663
2024-04-17,2664
2024-04-18,2665
2024-04-19,2666
2024-04-20,2667
2024-04-21,2668
2024-04-22,2669
2024-04-23,2670
2024-04-24,2671
2024-04-25,2672
2024-04-26,2673
2024-04-27,2674
2024-04-28,2675
2024-04-29,2676
2024-04-30,2677
2024-05-01,2678
2024-05-02,2679
2024-05-03,2680
2024-05-04,2681
2024-05-05,2682
2024-05-06,2683
2024-05-07,2684
2024-05-08,2685
2024-05-09,2686
2024-05-10,2687
2024-05-11,2688
2024-05-12,2689
2024-05-13,2690
2024-05-14,2691
2024-05-15,2692
2024-05-16,2693
2024-05-17,2694
2024-05-18,2695
2024-05-19,2696
2024-05-20,2697
2024-05-21,2698
2024-05-22,2699
2024-05-23,2700
2024-05-24,2701
2024-05-25,2702
2024-05-26,2703
2024-05-27,2704
2024-05-28,2705
2024-05-29,2706
2024-05-30,2707
2024-05-31,2708
2024-06-01,2709
2024-06-02,2710
2024-06-03,2711
2024-06-04,2712
2024-06-05,2713
2024-06-06,2714
2024-06-07,2715
2024-06-08,2716
2024-06-09,2717
2024-06-10,2718
2024-06-11,2719
2024-06-12,2720
2024-06-13,2721
2024-06-14,2722
2024-06-15,2723
2024-06-16,2724
2024-06-17,2725
2024-06-18,2726
2024-06-19,2727
2024-06-20,2728
2024-06-21,2729
2024-06-22,2730
2024-06-23,2731
2024-06-24,2732
2024-06-25,2733
2024-06-26,2734
2024-06-27,2735
2024-06-28,2736
2024-06-29,2737
2024-06-30,2738
2024-07-01,2739
2024-07-02,2740
2024-07-03,2741
2024-07-04,2742
2024-07-05,2743
2024-07-06,2744
2024-07-07,2745
2024-07-08,2746
2024-07-09,2747
2024-07-10,2748
2024-07-11,2749
2024-07-12,2750
2024-07-13,2751
2024-07-14,2752
2024-07-15,2753
2024-07-16,2754
2024-07-17,2755
2024-07-18,2756
2024-07-19,2757
2024-07-20,2758
2024-07-21,2759
2024-07-22,2760
2024-07-23,2761
2024-07-24,2762
2024-07-25,2763
2024-07-26,2764
2024-07-27,2765
2024-07-28,2766
2024-07-29,2767
2024-07-30,2768
2024-07-31,2769
2024-08-01,2770
2024-08-02,2771
2024-08-03,2772
2024-08-04,2773
2024-08-05,2774
2024-08-06,2775
2024-08-07,2776
2024-08-08,2777
2024-08-09,2778
2024-08-10,2779
2024-08-11,2780
2024-08-12,2781
2024-08-13,2782
2024-08-14,2783
2024-08-15,2784
2024-08-16,2785
2024-08-17,2786
2024-08-18,2787
2024-08-19,2788
2024-08-20,2789
2024-08-21,2790
2024-08-22,2791
2024-08-23,2792
2024-08-24,2793
2024-08-25,2794
2024-08-26,2795
2024-08-27,2796
2024-08-28,2797
2024-08-29,2798
2024-08-30,2799
2024-08-31,2800
2024-09-01,2801
2024-09-02,2802
2024-09-03,2803
2024-09-04,2804
2024-09-05,2805
2024-09-06,2806
2024-09-07,2807
2024-09-08,2808
2024-09-09,2809
2024-09-10,2810
2024-09-11,2811
2024-09-12,2812
2024-09-13,2813
2024-09-14,2814
2024-09-15,2815
2024-09-16,2816
2024-09-17,2817
2024-09-18,2818
2024-09-19,2819
2024-09-20,2820
2024-09-21,2821
2024-09-22,2822
2024-09-23,2823
2024-09-24,2824
2024-09-25,2825
2024-09-26,2826
2024-09-27,2827
2024-09-28,2828
2024-09-29,2829
2024-09-30,2830
2024-10-01,2831
2024-10-02,2832
2024-10-03,2833
2024-10-04,2834
2024-10-05,2835
2024-10-06,2836
2024-10-07,2837
2024-10-08,2838
2024-10-09,2839
2024-10-10,2840
2024-10-11,2841
2024-10-12,2842
2024-10-13,2843
2024-10-14,2844
2024-10-15,2845
2024-10-16,2846
2024-10-17,2847
2024-10-18,2848
2024-10-19,2849
2024-10-20,2850
2024-10-21,2851
2024-10-22,2852
2024-10-23,2853
2024-10-24,2854
2024-10-25,2855
2024-10-26,2856
2024-10-27,2857
2024-10-28,2858
2024-10-29,2859
2024-10-30,2860
2024-10-31,2861
2024-11-01,2862
2024-11-02,2863
2024-11-03,2864
2024-11-04,2865
2024-11-05,2866
2024-11-06,2867
2024-11-07,2868
2024-11-08,2869
2024-11-09,2870
2024-11-10,2871
2024-11-11,2872
2024-11-12,2873
2024-11-13,2874
2024-11-14,2875
2024-11-15,2876
2024-11-16,2877
2024-11-17,2878
2024-11-18,2879
2024-11-19,2880
2024-11-20,2881
2024-11-21,2882
2024-11-22,2883
2024-11-23,2884
2024-11-24,2885
2024-11-25,2886
2024-11-26,2887
2024-11-27,2888
2024-11-28,2889
2024-11-29,2890
2024-11-30,2891
2024-12-01,2892
2024-12-02,2893
2024-12-03,2894
2024-12-04,2895
2024-12-05,2896
2024-12-06,2897
2024-12-07,2898
2024-12-08,2899
2024-12-09,2900
2024-12-10,2901
2024-12-11,2902
2024-12-12,2903
2024-12-13,2904
2024-12-14,2905
2024-12-15,2906
2024-12-16,2907
2024-12-17,2908
2024-12-18,2909
2024-12-19,2910
2024-12-20,2911
2024-12-21,2912
2024-12-22,2913
2024-12-23,2914
2024-12-24,2915
2024-12-25,2916
2024-12-26,2917
2024-12-27,2918
2024-12-28,2919
2024-12-29,2920
2024-12-30,2921
2024-12-31,2922
2025-01-01,2923
2025-01-02,2924
2025-01-03,2925
2025-01-04,2926
2025-01-05,2927
2025-01-06,2928
2025-01-07,2929
2025-01-08,2930
2025-01-09,2931
2025-01-10,2932
2025-01-11,2933
2025-01-12,2934
2025-01-13,2935
2025-01-14,2936
2025-01-15,2937
2025-01-16,2938
2025-01-17,2939
2025-01-18,2940
2025-01-19,2941
2025-01-20,2942
2025-01-21,2943
2025-01-22,2944
2025-01-23,2945
2025-01-24,2946
2025-01-25,2947
2025-01-26,2948
2025-01-27,2949
2025-01-28,2950
2025-01-29,2951
2025-01-30,2952
2025-01-31,2953
2025-02-01,2954
2025-02-02,2955
2025-02-03,2956
2025-02-04,2957
2025-02-05,2958
2025-02-06,2959
2025-02-07,2960
2025-02-08,2961
2025-02-09,2962
2025-02-10,2963
2025-02-11,2964
