Order Date,SalesAmt
2017-01-01,332
2017-01-01,222
2017-01-02,477
2017-01-03,289
2017-01-04,427
2017-01-05,218
2017-01-06,351
2017-01-07,278
2017-01-08,447
2017-01-09,225
2017-01-10,135
2017-01-11,218
2017-01-12,13
2017-01-13,178
2017-01-14,223
2017-01-15,396
2017-01-16,436
2017-01-17,11
2017-01-18,119
2017-01-19,145
2017-01-20,340
2017-01-21,321
2017-01-22,182
2017-01-23,121
2017-01-24,143
2017-01-25,304
2017-01-26,164
2017-01-27,189
2017-01-28,152
2017-01-29,252
2017-01-30,189
2017-01-31,441
2017-02-01,457
2017-02-02,438
2017-02-03,440
2017-02-04,193
2017-02-05,81
2017-02-06,56
2017-02-07,472
2017-02-08,189
2017-02-09,307
2017-02-10,412
2017-02-11,226
2017-02-12,74
2017-02-13,255
2017-02-14,316
2017-02-15,191
2017-02-16,13
2017-02-17,86
2017-02-18,434
2017-02-19,413
2017-02-20,285
2017-02-21,294
2017-02-22,393
2017-02-23,462
2017-02-24,179
2017-02-25,234
2017-02-26,424
2017-02-27,118
2017-02-28,405
2017-03-01,16
2017-03-02,266
2017-03-03,297
2017-03-04,65
2017-03-05,92
2017-03-06,275
2017-03-07,353
2017-03-08,147
2017-03-09,205
2017-03-10,108
2017-03-11,239
2017-03-12,286
2017-03-13,321
2017-03-14,355
2017-03-15,346
2017-03-16,396
2017-03-17,132
2017-03-18,47
2017-03-19,186
2017-03-20,173
2017-03-21,218
2017-03-22,382
2017-03-23,35
2017-03-24,372
2017-03-25,166
2017-03-26,430
2017-03-27,45
2017-03-28,25
2017-03-29,204
2017-03-30,211
2017-03-31,49
2017-04-01,53
2017-04-02,199
2017-04-03,325
2017-04-04,85
2017-04-05,332
2017-04-06,405
2017-04-07,461
2017-04-08,460
2017-04-09,405
2017-04-10,296
2017-04-11,175
2017-04-12,215
2017-04-13,428
2017-04-14,440
2017-04-15,440
2017-04-16,179
2017-04-17,402
2017-04-18,265
2017-04-19,97
2017-04-20,47
2017-04-21,198
2017-04-22,329
2017-04-23,272
2017-04-24,239
2017-04-25,197
2017-04-26,53
2017-04-27,102
2017-04-28,85
2017-04-29,353
2017-04-30,216
2017-05-01,425
2017-05-02,29
2017-05-03,90
2017-05-04,324
2017-05-05,498
2017-05-06,429
2017-05-07,285
2017-05-08,369
2017-05-09,413
2017-05-10,293
2017-05-11,496
2017-05-12,181
2017-05-13,403
2017-05-14,87
2017-05-15,91
2017-05-16,189
2017-05-17,110
2017-05-18,81
2017-05-19,432
2017-05-20,336
2017-05-21,228
2017-05-22,56
2017-05-23,328
2017-05-24,297
2017-05-25,299
2017-05-26,498
2017-05-27,216
2017-05-28,421
2017-05-29,375
2017-05-30,306
2017-05-31,61
2017-06-01,422
2017-06-02,116
2017-06-03,426
2017-06-04,216
2017-06-05,374
2017-06-06,386
2017-06-07,226
2017-06-08,455
2017-06-09,352
2017-06-10,492
2017-06-11,200
2017-06-12,166
2017-06-13,480
2017-06-14,345
2017-06-15,264
2017-06-16,403
2017-06-17,412
2017-06-18,167
2017-06-19,370
2017-06-20,129
2017-06-21,482
2017-06-22,395
2017-06-23,242
2017-06-24,177
2017-06-25,358
2017-06-26,402
2017-06-27,418
2017-06-28,240
2017-06-29,23
2017-06-30,302
2017-07-01,113
2017-07-02,176
2017-07-03,490
2017-07-04,259
2017-07-05,393
2017-07-06,98
2017-07-07,334
2017-07-08,396
2017-07-09,352
2017-07-10,430
2017-07-11,73
2017-07-12,149
2017-07-13,220
2017-07-14,30
2017-07-15,424
2017-07-16,234
2017-07-17,52
2017-07-18,303
2017-07-19,67
2017-07-20,341
2017-07-21,427
2017-07-22,181
2017-07-23,354
2017-07-24,10
2017-07-25,446
2017-07-26,224
2017-07-27,352
2017-07-28,210
2017-07-29,237
2017-07-30,202
2017-07-31,322
2017-08-01,384
2017-08-02,115
2017-08-03,281
2017-08-04,359
2017-08-05,254
2017-08-06,39
2017-08-07,212
2017-08-08,341
2017-08-09,122
2017-08-10,70
2017-08-11,398
2017-08-12,116
2017-08-13,151
2017-08-14,172
2017-08-15,233
2017-08-16,48
2017-08-17,246
2017-08-18,35
2017-08-19,152
2017-08-20,201
2017-08-21,405
2017-08-22,85
2017-08-23,444
2017-08-24,48
2017-08-25,123
2017-08-26,476
2017-08-27,387
2017-08-28,429
2017-08-29,461
2017-08-30,247
2017-08-31,152
2017-09-01,494
2017-09-02,271
2017-09-03,467
2017-09-04,387
2017-09-05,54
2017-09-06,65
2017-09-07,370
2017-09-08,493
2017-09-09,250
2017-09-10,460
2017-09-11,263
2017-09-12,417
2017-09-13,77
2017-09-14,25
2017-09-15,333
2017-09-16,415
2017-09-17,463
2017-09-18,363
2017-09-19,494
2017-09-20,113
2017-09-21,275
2017-09-22,194
2017-09-23,313
2017-09-24,71
2017-09-25,36
2017-09-26,41
2017-09-27,270
2017-09-28,158
2017-09-29,296
2017-09-30,75
2017-10-01,226
2017-10-02,357
2017-10-03,438
2017-10-04,247
2017-10-05,124
2017-10-06,276
2017-10-07,288
2017-10-08,11
2017-10-09,415
2017-10-10,262
2017-10-11,212
2017-10-12,104
2017-10-13,76
2017-10-14,21
2017-10-15,227
2017-10-16,259
2017-10-17,289
2017-10-18,494
2017-10-19,234
2017-10-20,27
2017-10-21,435
2017-10-22,128
2017-10-23,294
2017-10-24,458
2017-10-25,81
2017-10-26,82
2017-10-27,122
2017-10-28,119
2017-10-29,411
2017-10-30,280
2017-10-31,428
2017-11-01,347
2017-11-02,373
2017-11-03,116
2017-11-04,344
2017-11-05,207
2017-11-06,277
2017-11-07,318
2017-11-08,305
2017-11-09,85
2017-11-10,279
2017-11-11,220
2017-11-12,500
2017-11-13,42
2017-11-14,383
2017-11-15,170
2017-11-16,160
2017-11-17,150
2017-11-18,35
2017-11-19,256
2017-11-20,43
2017-11-21,32
2017-11-22,167
2017-11-23,458
2017-11-24,311
2017-11-25,489
2017-11-26,256
2017-11-27,122
2017-11-28,439
2017-11-29,287
2017-11-30,468
2017-12-01,70
2017-12-02,241
2017-12-03,113
2017-12-04,46
2017-12-05,53
2017-12-06,106
2017-12-07,229
2017-12-08,337
2017-12-09,218
2017-12-10,340
2017-12-11,475
2017-12-12,144
2017-12-13,159
2017-12-14,434
2017-12-15,158
2017-12-16,69
2017-12-17,38
2017-12-18,58
2017-12-19,107
2017-12-20,161
2017-12-21,303
2017-12-22,34
2017-12-23,377
2017-12-24,300
2017-12-25,248
2017-12-26,461
2017-12-27,345
2017-12-28,112
2017-12-29,210
2017-12-30,170
2017-12-31,233
2018-01-01,472
2018-01-02,229
2018-01-03,122
2018-01-04,356
2018-01-05,286
2018-01-06,191
2018-01-07,55
2018-01-08,361
2018-01-09,439
2018-01-10,428
2018-01-11,36
2018-01-12,207
2018-01-13,46
2018-01-14,259
2018-01-15,342
2018-01-16,354
2018-01-17,295
2018-01-18,154
2018-01-19,326
2018-01-20,484
2018-01-21,204
2018-01-22,442
2018-01-23,482
2018-01-24,265
2018-01-25,321
2018-01-26,321
2018-01-27,231
2018-01-28,12
2018-01-29,381
2018-01-30,383
2018-01-31,33
2018-02-01,204
2018-02-02,436
2018-02-03,464
2018-02-04,378
2018-02-05,152
2018-02-06,169
2018-02-07,454
2018-02-08,286
2018-02-09,145
2018-02-10,151
2018-02-11,392
2018-02-12,70
2018-02-13,193
2018-02-14,368
2018-02-15,122
2018-02-16,238
2018-02-17,418
2018-02-18,34
2018-02-19,310
2018-02-20,430
2018-02-21,89
2018-02-22,60
2018-02-23,377
2018-02-24,461
2018-02-25,318
2018-02-26,359
2018-02-27,55
2018-02-28,47
2018-03-01,19
2018-03-02,104
2018-03-03,473
2018-03-04,491
2018-03-05,294
2018-03-06,73
2018-03-07,447
2018-03-08,493
2018-03-09,255
2018-03-10,229
2018-03-11,283
2018-03-12,232
2018-03-13,112
2018-03-14,429
2018-03-15,51
2018-03-16,391
2018-03-17,207
2018-03-18,119
2018-03-19,55
2018-03-20,296
2018-03-21,463
2018-03-22,331
2018-03-23,299
2018-03-24,81
2018-03-25,273
2018-03-26,198
2018-03-27,320
2018-03-28,261
2018-03-29,298
2018-03-30,450
2018-03-31,108
2018-04-01,277
2018-04-02,432
2018-04-03,17
2018-04-04,394
2018-04-05,438
2018-04-06,157
2018-04-07,300
2018-04-08,422
2018-04-09,82
2018-04-10,391
2018-04-11,465
2018-04-12,390
2018-04-13,215
2018-04-14,270
2018-04-15,361
2018-04-16,236
2018-04-17,413
2018-04-18,297
2018-04-19,103
2018-04-20,468
2018-04-21,332
2018-04-22,40
2018-04-23,399
2018-04-24,221
2018-04-25,237
2018-04-26,266
2018-04-27,474
2018-04-28,180
2018-04-29,308
2018-04-30,200
2018-05-01,458
2018-05-02,299
2018-05-03,270
2018-05-04,461
2018-05-05,436
2018-05-06,209
2018-05-07,449
2018-05-08,57
2018-05-09,364
2018-05-10,380
2018-05-11,118
2018-05-12,144
2018-05-13,121
2018-05-14,390
2018-05-15,275
2018-05-16,166
2018-05-17,233
2018-05-18,178
2018-05-19,130
2018-05-20,83
2018-05-21,345
2018-05-22,153
2018-05-23,361
2018-05-24,162
2018-05-25,78
2018-05-26,132
2018-05-27,91
2018-05-28,427
2018-05-29,456
2018-05-30,124
2018-05-31,481
2018-06-01,115
2018-06-02,199
2018-06-03,178
2018-06-04,14
2018-06-05,370
2018-06-06,465
2018-06-07,255
2018-06-08,51
2018-06-09,88
2018-06-10,72
2018-06-11,491
2018-06-12,185
2018-06-13,237
2018-06-14,29
2018-06-15,47
2018-06-16,349
2018-06-17,290
2018-06-18,291
2018-06-19,295
2018-06-20,211
2018-06-21,120
2018-06-22,423
2018-06-23,144
2018-06-24,273
2018-06-25,146
2018-06-26,367
2018-06-27,166
2018-06-28,178
2018-06-29,462
2018-06-30,182
2018-07-01,101
2018-07-02,482
2018-07-03,75
2018-07-04,191
2018-07-05,447
2018-07-06,119
2018-07-07,76
2018-07-08,143
2018-07-09,157
2018-07-10,438
2018-07-11,342
2018-07-12,93
2018-07-13,205
2018-07-14,257
2018-07-15,224
2018-07-16,367
2018-07-17,143
2018-07-18,315
2018-07-19,421
2018-07-20,248
2018-07-21,388
2018-07-22,210
2018-07-23,471
2018-07-24,394
2018-07-25,288
2018-07-26,404
2018-07-27,25
2018-07-28,115
2018-07-29,18
2018-07-30,273
2018-07-31,345
2018-08-01,374
2018-08-02,13
2018-08-03,424
2018-08-04,159
2018-08-05,107
2018-08-06,362
2018-08-07,223
2018-08-08,39
2018-08-09,486
2018-08-10,278
2018-08-11,91
2018-08-12,15
2018-08-13,318
2018-08-14,355
2018-08-15,336
2018-08-16,95
2018-08-17,462
2018-08-18,267
2018-08-19,59
2018-08-20,20
2018-08-21,413
2018-08-22,259
2018-08-23,202
2018-08-24,272
2018-08-25,160
2018-08-26,464
2018-08-27,243
2018-08-28,30
2018-08-29,464
2018-08-30,77
2018-08-31,191
2018-09-01,81
2018-09-02,333
2018-09-03,189
2018-09-04,198
2018-09-05,186
2018-09-06,378
2018-09-07,182
2018-09-08,471
2018-09-09,483
2018-09-10,168
2018-09-11,261
2018-09-12,393
2018-09-13,235
2018-09-14,52
2018-09-15,90
2018-09-16,229
2018-09-17,386
2018-09-18,49
2018-09-19,268
2018-09-20,393
2018-09-21,177
2018-09-22,282
2018-09-23,317
2018-09-24,183
2018-09-25,292
2018-09-26,213
2018-09-27,11
2018-09-28,120
2018-09-29,206
2018-09-30,286
2018-10-01,251
2018-10-02,188
2018-10-03,377
2018-10-04,288
2018-10-05,430
2018-10-06,437
2018-10-07,496
2018-10-08,231
2018-10-09,362
2018-10-10,275
2018-10-11,253
2018-10-12,39
2018-10-13,219
2018-10-14,430
2018-10-15,400
2018-10-16,323
2018-10-17,298
2018-10-18,381
2018-10-19,102
2018-10-20,333
2018-10-21,499
2018-10-22,19
2018-10-23,488
2018-10-24,394
2018-10-25,62
2018-10-26,55
2018-10-27,164
2018-10-28,424
2018-10-29,43
2018-10-30,367
2018-10-31,274
2018-11-01,145
2018-11-02,65
2018-11-03,163
2018-11-04,90
2018-11-05,162
2018-11-06,208
2018-11-07,110
2018-11-08,259
2018-11-09,418
2018-11-10,422
2018-11-11,329
2018-11-12,249
2018-11-13,204
2018-11-14,355
2018-11-15,98
2018-11-16,430
2018-11-17,280
2018-11-18,136
2018-11-19,196
2018-11-20,391
2018-11-21,19
2018-11-22,195
2018-11-23,91
2018-11-24,301
2018-11-25,59
2018-11-26,440
2018-11-27,485
2018-11-28,201
2018-11-29,355
2018-11-30,44
2018-12-01,341
2018-12-02,331
2018-12-03,342
2018-12-04,116
2018-12-05,331
2018-12-06,380
2018-12-07,392
2018-12-08,321
2018-12-09,236
2018-12-10,452
2018-12-11,104
2018-12-12,207
2018-12-13,337
2018-12-14,226
2018-12-15,374
2018-12-16,156
2018-12-17,267
2018-12-18,219
2018-12-19,33
2018-12-20,37
2018-12-21,113
2018-12-22,496
2018-12-23,396
2018-12-24,57
2018-12-25,466
2018-12-26,122
2018-12-27,98
2018-12-28,361
2018-12-29,150
2018-12-30,102
2018-12-31,213
2019-01-01,198
2019-01-02,499
2019-01-03,289
2019-01-04,401
2019-01-05,406
2019-01-06,49
2019-01-07,305
2019-01-08,445
2019-01-09,482
2019-01-10,163
2019-01-11,283
2019-01-12,57
2019-01-13,439
2019-01-14,34
2019-01-15,483
2019-01-16,282
2019-01-17,29
2019-01-18,89
2019-01-19,441
2019-01-20,409
2019-01-21,179
2019-01-22,343
2019-01-23,411
2019-01-24,349
2019-01-25,271
2019-01-26,497
2019-01-27,156
2019-01-28,458
2019-01-29,69
2019-01-30,152
2019-01-31,31
2019-02-01,301
2019-02-02,465
2019-02-03,51
2019-02-04,351
2019-02-05,318
2019-02-06,396
2019-02-07,212
2019-02-08,83
2019-02-09,235
2019-02-10,169
2019-02-11,178
2019-02-12,96
2019-02-13,145
2019-02-14,431
2019-02-15,232
2019-02-16,329
2019-02-17,112
2019-02-18,283
2019-02-19,147
2019-02-20,363
2019-02-21,54
2019-02-22,433
2019-02-23,315
2019-02-24,90
2019-02-25,281
2019-02-26,109
2019-02-27,58
2019-02-28,463
2019-03-01,148
2019-03-02,441
2019-03-03,303
2019-03-04,303
2019-03-05,54
2019-03-06,189
2019-03-07,223
2019-03-08,48
2019-03-09,498
2019-03-10,383
2019-03-11,153
2019-03-12,433
2019-03-13,488
2019-03-14,43
2019-03-15,359
2019-03-16,403
2019-03-17,245
2019-03-18,202
2019-03-19,378
2019-03-20,411
2019-03-21,380
2019-03-22,46
2019-03-23,53
2019-03-24,371
2019-03-25,190
2019-03-26,456
2019-03-27,195
2019-03-28,45
2019-03-29,161
2019-03-30,445
2019-03-31,18
2019-04-01,105
2019-04-02,334
2019-04-03,410
2019-04-04,97
2019-04-05,333
2019-04-06,133
2019-04-07,304
2019-04-08,401
2019-04-09,459
2019-04-10,207
2019-04-11,409
2019-04-12,448
2019-04-13,485
2019-04-14,368
2019-04-15,112
2019-04-16,187
2019-04-17,120
2019-04-18,145
2019-04-19,114
2019-04-20,204
2019-04-21,56
2019-04-22,411
2019-04-23,163
2019-04-24,151
2019-04-25,158
2019-04-26,435
2019-04-27,108
2019-04-28,124
2019-04-29,380
2019-04-30,98
2019-05-01,52
2019-05-02,167
2019-05-03,379
2019-05-04,56
2019-05-05,392
2019-05-06,196
2019-05-07,215
2019-05-08,162
2019-05-09,179
2019-05-10,168
2019-05-11,227
2019-05-12,66
2019-05-13,300
2019-05-14,477
2019-05-15,383
2019-05-16,486
2019-05-17,119
2019-05-18,77
2019-05-19,322
2019-05-20,31
2019-05-21,394
2019-05-22,477
2019-05-23,410
2019-05-24,162
2019-05-25,342
2019-05-26,187
2019-05-27,289
2019-05-28,181
2019-05-29,45
2019-05-30,17
2019-05-31,462
2019-06-01,125
2019-06-02,301
2019-06-03,290
2019-06-04,283
2019-06-05,304
2019-06-06,423
2019-06-07,439
2019-06-08,180
2019-06-09,153
2019-06-10,162
2019-06-11,357
2019-06-12,189
2019-06-13,24
2019-06-14,237
2019-06-15,145
2019-06-16,51
2019-06-17,108
2019-06-18,111
2019-06-19,204
2019-06-20,92
2019-06-21,230
2019-06-22,318
2019-06-23,43
2019-06-24,429
2019-06-25,293
2019-06-26,339
2019-06-27,423
2019-06-28,70
2019-06-29,63
2019-06-30,80
2019-07-01,112
2019-07-02,305
2019-07-03,458
2019-07-04,95
2019-07-05,311
2019-07-06,466
2019-07-07,397
2019-07-08,497
2019-07-09,126
2019-07-10,193
2019-07-11,167
2019-07-12,20
2019-07-13,51
2019-07-14,26
2019-07-15,16
2019-07-16,227
2019-07-17,31
2019-07-18,103
2019-07-19,475
2019-07-20,285
2019-07-21,117
2019-07-22,340
2019-07-23,339
2019-07-24,157
2019-07-25,484
2019-07-26,223
2019-07-27,248
2019-07-28,247
2019-07-29,83
2019-07-30,247
2019-07-31,270
2019-08-01,432
2019-08-02,299
2019-08-03,87
2019-08-04,148
2019-08-05,355
2019-08-06,297
2019-08-07,416
2019-08-08,225
2019-08-09,283
2019-08-10,320
2019-08-11,382
2019-08-12,137
2019-08-13,295
2019-08-14,112
2019-08-15,154
2019-08-16,250
2019-08-17,425
2019-08-18,12
2019-08-19,227
2019-08-20,475
2019-08-21,118
2019-08-22,405
2019-08-23,141
2019-08-24,308
2019-08-25,158
2019-08-26,450
2019-08-27,266
2019-08-28,483
2019-08-29,395
2019-08-30,202
2019-08-31,274
2019-09-01,122
2019-09-02,492
2019-09-03,264
2019-09-04,174
2019-09-05,183
2019-09-06,341
2019-09-07,349
2019-09-08,394
2019-09-09,337
2019-09-10,322
2019-09-11,417
2019-09-12,37
2019-09-13,279
2019-09-14,93
2019-09-15,212
2019-09-16,313
2019-09-17,217
2019-09-18,359
2019-09-19,349
2019-09-20,31
2019-09-21,166
2019-09-22,205
2019-09-23,365
2019-09-24,65
2019-09-25,57
2019-09-26,186
2019-09-27,254
2019-09-28,403
2019-09-29,51
2019-09-30,295
2019-10-01,67
2019-10-02,246
2019-10-03,221
2019-10-04,248
2019-10-05,38
2019-10-06,156
2019-10-07,120
2019-10-08,40
2019-10-09,41
2019-10-10,363
2019-10-11,321
2019-10-12,440
2019-10-13,262
2019-10-14,106
2019-10-15,275
2019-10-16,423
2019-10-17,270
2019-10-18,37
2019-10-19,272
2019-10-20,270
2019-10-21,164
2019-10-22,437
2019-10-23,364
2019-10-24,224
2019-10-25,338
2019-10-26,95
2019-10-27,155
2019-10-28,84
2019-10-29,92
2019-10-30,252
2019-10-31,490
2019-11-01,342
2019-11-02,116
2019-11-03,221
2019-11-04,459
2019-11-05,244
2019-11-06,22
2019-11-07,141
2019-11-08,67
2019-11-09,97
2019-11-10,191
2019-11-11,100
2019-11-12,334
2019-11-13,472
2019-11-14,356
2019-11-15,18
2019-11-16,335
2019-11-17,368
2019-11-18,96
2019-11-19,289
2019-11-20,206
2019-11-21,491
2019-11-22,235
2019-11-23,306
2019-11-24,221
2019-11-25,75
2019-11-26,257
2019-11-27,48
2019-11-28,435
2019-11-29,379
2019-11-30,261
2019-12-01,360
2019-12-02,454
2019-12-03,274
2019-12-04,123
2019-12-05,348
2019-12-06,383
2019-12-07,94
2019-12-08,165
2019-12-09,146
2019-12-10,56
2019-12-11,214
2019-12-12,464
2019-12-13,444
2019-12-14,388
2019-12-15,106
2019-12-16,411
2019-12-17,58
2019-12-18,51
2019-12-19,376
2019-12-20,134
2019-12-21,263
2019-12-22,452
2019-12-23,29
2019-12-24,398
2019-12-25,248
2019-12-26,139
2019-12-27,392
2019-12-28,236
2019-12-29,17
2019-12-30,400
2019-12-31,66
2020-01-01,124
2020-01-02,176
2020-01-03,261
2020-01-04,100
2020-01-05,378
2020-01-06,11
2020-01-07,338
2020-01-08,421
2020-01-09,24
2020-01-10,176
2020-01-11,198
2020-01-12,400
2020-01-13,447
2020-01-14,93
2020-01-15,132
2020-01-16,285
2020-01-17,192
2020-01-18,33
2020-01-19,344
2020-01-20,198
2020-01-21,372
2020-01-22,325
2020-01-23,434
2020-01-24,190
2020-01-25,72
2020-01-26,33
2020-01-27,443
2020-01-28,247
2020-01-29,78
2020-01-30,225
2020-01-31,481
2020-02-01,329
2020-02-02,199
2020-02-03,226
2020-02-04,418
2020-02-05,334
2020-02-06,328
2020-02-07,96
2020-02-08,329
2020-02-09,25
2020-02-10,472
2020-02-11,216
2020-02-12,437
2020-02-13,337
2020-02-14,147
2020-02-15,361
2020-02-16,335
2020-02-17,105
2020-02-18,110
2020-02-19,139
2020-02-20,122
2020-02-21,22
2020-02-22,186
2020-02-23,121
2020-02-24,338
2020-02-25,265
2020-02-26,226
2020-02-27,96
2020-02-28,394
2020-02-29,293
2020-03-01,205
2020-03-02,146
2020-03-03,320
2020-03-04,125
2020-03-05,460
2020-03-06,346
2020-03-07,147
2020-03-08,153
2020-03-09,205
2020-03-10,199
2020-03-11,452
2020-03-12,139
2020-03-13,211
2020-03-14,294
2020-03-15,143
2020-03-16,33
2020-03-17,75
2020-03-18,99
2020-03-19,123
2020-03-20,467
2020-03-21,343
2020-03-22,75
2020-03-23,378
2020-03-24,389
2020-03-25,421
2020-03-26,202
2020-03-27,270
2020-03-28,366
2020-03-29,459
2020-03-30,358
2020-03-31,216
2020-04-01,285
2020-04-02,309
2020-04-03,231
2020-04-04,488
2020-04-05,471
2020-04-06,344
2020-04-07,246
2020-04-08,286
2020-04-09,215
2020-04-10,371
2020-04-11,211
2020-04-12,480
2020-04-13,44
2020-04-14,123
2020-04-15,473
2020-04-16,286
2020-04-17,433
2020-04-18,53
2020-04-19,244
2020-04-20,259
2020-04-21,342
2020-04-22,140
2020-04-23,366
2020-04-24,60
2020-04-25,369
2020-04-26,236
2020-04-27,10
2020-04-28,66
2020-04-29,371
2020-04-30,285
2020-05-01,500
2020-05-02,458
2020-05-03,223
2020-05-04,238
2020-05-05,98
2020-05-06,202
2020-05-07,436
2020-05-08,24
2020-05-09,185
2020-05-10,190
2020-05-11,391
2020-05-12,235
2020-05-13,25
2020-05-14,95
2020-05-15,158
2020-05-16,497
2020-05-17,183
2020-05-18,400
2020-05-19,454
2020-05-20,133
2020-05-21,355
2020-05-22,61
2020-05-23,206
2020-05-24,472
2020-05-25,156
2020-05-26,283
2020-05-27,289
2020-05-28,29
2020-05-29,108
2020-05-30,314
2020-05-31,154
2020-06-01,461
2020-06-02,271
2020-06-03,267
2020-06-04,95
2020-06-05,97
2020-06-06,481
2020-06-07,287
2020-06-08,113
2020-06-09,374
2020-06-10,348
2020-06-11,207
2020-06-12,195
2020-06-13,329
2020-06-14,192
2020-06-15,180
2020-06-16,419
2020-06-17,196
2020-06-18,289
2020-06-19,377
2020-06-20,180
2020-06-21,219
2020-06-22,56
2020-06-23,472
2020-06-24,65
2020-06-25,309
2020-06-26,241
2020-06-27,373
2020-06-28,128
2020-06-29,256
2020-06-30,63
2020-07-01,92
2020-07-02,473
2020-07-03,138
2020-07-04,196
2020-07-05,54
2020-07-06,484
2020-07-07,231
2020-07-08,474
2020-07-09,140
2020-07-10,459
2020-07-11,23
2020-07-12,156
2020-07-13,144
2020-07-14,331
2020-07-15,303
2020-07-16,17
2020-07-17,398
2020-07-18,478
2020-07-19,120
2020-07-20,115
2020-07-21,440
2020-07-22,466
2020-07-23,195
2020-07-24,482
2020-07-25,483
2020-07-26,154
2020-07-27,344
2020-07-28,187
2020-07-29,145
2020-07-30,500
2020-07-31,477
2020-08-01,438
2020-08-02,390
2020-08-03,85
2020-08-04,92
2020-08-05,427
2020-08-06,291
2020-08-07,56
2020-08-08,290
2020-08-09,318
2020-08-10,85
2020-08-11,313
2020-08-12,103
2020-08-13,455
2020-08-14,106
2020-08-15,313
2020-08-16,438
2020-08-17,387
2020-08-18,191
2020-08-19,249
2020-08-20,33
2020-08-21,25
2020-08-22,129
2020-08-23,234
2020-08-24,407
2020-08-25,227
2020-08-26,293
2020-08-27,199
2020-08-28,435
2020-08-29,237
2020-08-30,126
2020-08-31,259
2020-09-01,179
2020-09-02,54
2020-09-03,124
2020-09-04,490
2020-09-05,34
2020-09-06,321
2020-09-07,86
2020-09-08,238
2020-09-09,45
2020-09-10,156
2020-09-11,378
2020-09-12,147
2020-09-13,42
2020-09-14,405
2020-09-15,207
2020-09-16,276
2020-09-17,103
2020-09-18,158
2020-09-19,43
2020-09-20,471
2020-09-21,149
2020-09-22,259
2020-09-23,311
2020-09-24,450
2020-09-25,212
2020-09-26,308
2020-09-27,243
2020-09-28,125
2020-09-29,131
2020-09-30,159
2020-10-01,379
2020-10-02,35
2020-10-03,183
2020-10-04,356
2020-10-05,370
2020-10-06,411
2020-10-07,41
2020-10-08,266
2020-10-09,71
2020-10-10,104
2020-10-11,162
2020-10-12,70
2020-10-13,148
2020-10-14,397
2020-10-15,224
2020-10-16,399
2020-10-17,496
2020-10-18,145
2020-10-19,466
2020-10-20,236
2020-10-21,475
2020-10-22,210
2020-10-23,72
2020-10-24,343
2020-10-25,89
2020-10-26,445
2020-10-27,328
2020-10-28,30
2020-10-29,440
2020-10-30,217
2020-10-31,380
2020-11-01,365
2020-11-02,311
2020-11-03,142
2020-11-04,239
2020-11-05,14
2020-11-06,59
2020-11-07,150
2020-11-08,209
2020-11-09,112
2020-11-10,118
2020-11-11,159
2020-11-12,95
2020-11-13,426
2020-11-14,222
2020-11-15,375
2020-11-16,89
2020-11-17,331
2020-11-18,335
2020-11-19,458
2020-11-20,101
2020-11-21,470
2020-11-22,415
2020-11-23,167
2020-11-24,49
2020-11-25,209
2020-11-26,340
2020-11-27,469
2020-11-28,319
2020-11-29,171
2020-11-30,267
2020-12-01,47
2020-12-02,81
2020-12-03,462
2020-12-04,42
2020-12-05,33
2020-12-06,264
2020-12-07,209
2020-12-08,77
2020-12-09,316
2020-12-10,82
2020-12-11,475
2020-12-12,18
2020-12-13,78
2020-12-14,116
2020-12-15,355
2020-12-16,242
2020-12-17,91
2020-12-18,120
2020-12-19,360
2020-12-20,229
2020-12-21,311
2020-12-22,372
2020-12-23,142
2020-12-24,114
2020-12-25,277
2020-12-26,437
2020-12-27,125
2020-12-28,400
2020-12-29,182
2020-12-30,138
2020-12-31,448
2021-01-01,350
2021-01-02,119
2021-01-03,41
2021-01-04,390
2021-01-05,248
2021-01-06,172
2021-01-07,481
2021-01-08,104
2021-01-09,440
2021-01-10,195
2021-01-11,419
2021-01-12,134
2021-01-13,209
2021-01-14,347
2021-01-15,50
2021-01-16,419
2021-01-17,176
2021-01-18,84
2021-01-19,424
2021-01-20,304
2021-01-21,260
2021-01-22,153
2021-01-23,291
2021-01-24,363
2021-01-25,253
2021-01-26,494
2021-01-27,288
2021-01-28,262
2021-01-29,329
2021-01-30,196
2021-01-31,11
2021-02-01,406
2021-02-02,427
2021-02-03,250
2021-02-04,54
2021-02-05,19
2021-02-06,393
2021-02-07,339
2021-02-08,23
2021-02-09,386
2021-02-10,143
2021-02-11,189
2021-02-12,88
2021-02-13,361
2021-02-14,51
2021-02-15,21
2021-02-16,500
2021-02-17,16
2021-02-18,262
2021-02-19,241
2021-02-20,58
2021-02-21,330
2021-02-22,99
2021-02-23,139
2021-02-24,357
2021-02-25,203
2021-02-26,365
2021-02-27,347
2021-02-28,359
2021-03-01,136
2021-03-02,336
2021-03-03,183
2021-03-04,52
2021-03-05,379
2021-03-06,165
2021-03-07,373
2021-03-08,449
2021-03-09,169
2021-03-10,89
2021-03-11,315
2021-03-12,463
2021-03-13,29
2021-03-14,203
2021-03-15,300
2021-03-16,135
2021-03-17,283
2021-03-18,80
2021-03-19,210
2021-03-20,163
2021-03-21,372
2021-03-22,370
2021-03-23,286
2021-03-24,83
2021-03-25,251
2021-03-26,53
2021-03-27,113
2021-03-28,136
2021-03-29,249
2021-03-30,354
2021-03-31,58
2021-04-01,82
2021-04-02,309
2021-04-03,283
2021-04-04,498
2021-04-05,63
2021-04-06,270
2021-04-07,378
2021-04-08,438
2021-04-09,379
2021-04-10,293
2021-04-11,118
2021-04-12,392
2021-04-13,409
2021-04-14,261
2021-04-15,208
2021-04-16,281
2021-04-17,248
2021-04-18,377
2021-04-19,152
2021-04-20,271
2021-04-21,153
2021-04-22,233
2021-04-23,341
2021-04-24,244
2021-04-25,55
2021-04-26,468
2021-04-27,189
2021-04-28,384
2021-04-29,124
2021-04-30,376
2021-05-01,470
2021-05-02,215
2021-05-03,232
2021-05-04,359
2021-05-05,363
2021-05-06,346
2021-05-07,264
2021-05-08,376
2021-05-09,110
2021-05-10,72
2021-05-11,13
2021-05-12,275
2021-05-13,451
2021-05-14,413
2021-05-15,56
2021-05-16,351
2021-05-17,120
2021-05-18,447
2021-05-19,199
2021-05-20,489
2021-05-21,84
2021-05-22,152
2021-05-23,246
2021-05-24,251
2021-05-25,425
2021-05-26,448
2021-05-27,238
2021-05-28,492
2021-05-29,185
2021-05-30,468
2021-05-31,497
2021-06-01,97
2021-06-02,326
2021-06-03,56
2021-06-04,264
2021-06-05,168
2021-06-06,413
2021-06-07,118
2021-06-08,366
2021-06-09,429
2021-06-10,33
2021-06-11,276
2021-06-12,490
2021-06-13,435
2021-06-14,333
2021-06-15,281
2021-06-16,336
2021-06-17,462
2021-06-18,60
2021-06-19,137
2021-06-20,147
2021-06-21,186
2021-06-22,367
2021-06-23,485
2021-06-24,459
2021-06-25,19
2021-06-26,374
2021-06-27,260
2021-06-28,498
2021-06-29,486
2021-06-30,183
2021-07-01,94
2021-07-02,232
2021-07-03,470
2021-07-04,32
2021-07-05,198
2021-07-06,165
2021-07-07,452
2021-07-08,51
2021-07-09,107
2021-07-10,56
2021-07-11,311
2021-07-12,173
2021-07-13,51
2021-07-14,365
2021-07-15,165
2021-07-16,213
2021-07-17,71
2021-07-18,179
2021-07-19,379
2021-07-20,241
2021-07-21,444
2021-07-22,23
2021-07-23,401
2021-07-24,248
2021-07-25,239
2021-07-26,469
2021-07-27,209
2021-07-28,285
2021-07-29,214
2021-07-30,164
2021-07-31,471
2021-08-01,156
2021-08-02,265
2021-08-03,250
2021-08-04,266
2021-08-05,87
2021-08-06,318
2021-08-07,96
2021-08-08,111
2021-08-09,81
2021-08-10,458
2021-08-11,165
2021-08-12,262
2021-08-13,24
2021-08-14,302
2021-08-15,447
2021-08-16,164
2021-08-17,307
2021-08-18,198
2021-08-19,470
2021-08-20,118
2021-08-21,310
2021-08-22,57
2021-08-23,370
2021-08-24,214
2021-08-25,38
2021-08-26,75
2021-08-27,399
2021-08-28,195
2021-08-29,422
2021-08-30,139
2021-08-31,222
2021-09-01,409
2021-09-02,174
2021-09-03,254
2021-09-04,452
2021-09-05,202
2021-09-06,102
2021-09-07,53
2021-09-08,499
2021-09-09,127
2021-09-10,282
2021-09-11,194
2021-09-12,125
2021-09-13,164
2021-09-14,365
2021-09-15,23
2021-09-16,87
2021-09-17,400
2021-09-18,24
2021-09-19,135
2021-09-20,341
2021-09-21,264
2021-09-22,271
2021-09-23,480
2021-09-24,251
2021-09-25,397
2021-09-26,244
2021-09-27,494
2021-09-28,375
2021-09-29,473
2021-09-30,378
2021-10-01,99
2021-10-02,299
2021-10-03,95
2021-10-04,139
2021-10-05,175
2021-10-06,452
2021-10-07,219
2021-10-08,379
2021-10-09,276
2021-10-10,437
2021-10-11,159
2021-10-12,282
2021-10-13,123
2021-10-14,36
2021-10-15,235
2021-10-16,476
2021-10-17,40
2021-10-18,407
2021-10-19,431
2021-10-20,387
2021-10-21,430
2021-10-22,311
2021-10-23,399
2021-10-24,10
2021-10-25,429
2021-10-26,213
2021-10-27,245
2021-10-28,419
2021-10-29,72
2021-10-30,264
2021-10-31,52
2021-11-01,33
2021-11-02,345
2021-11-03,34
2021-11-04,239
2021-11-05,432
2021-11-06,315
2021-11-07,419
2021-11-08,254
2021-11-09,282
2021-11-10,277
2021-11-11,342
2021-11-12,307
2021-11-13,328
2021-11-14,265
2021-11-15,243
2021-11-16,400
2021-11-17,385
2021-11-18,51
2021-11-19,112
2021-11-20,229
2021-11-21,383
2021-11-22,37
2021-11-23,458
2021-11-24,26
2021-11-25,371
2021-11-26,309
2021-11-27,109
2021-11-28,128
2021-11-29,243
2021-11-30,411
2021-12-01,42
2021-12-02,23
2021-12-03,138
2021-12-04,114
2021-12-05,315
2021-12-06,69
2021-12-07,375
2021-12-08,50
2021-12-09,466
2021-12-10,428
2021-12-11,75
2021-12-12,453
2021-12-13,294
2021-12-14,264
2021-12-15,301
2021-12-16,269
2021-12-17,318
2021-12-18,484
2021-12-19,221
2021-12-20,402
2021-12-21,479
2021-12-22,463
2021-12-23,167
2021-12-24,380
2021-12-25,116
2021-12-26,246
2021-12-27,459
2021-12-28,319
2021-12-29,233
2021-12-30,293
2021-12-31,184
2022-01-01,495
2022-01-02,247
2022-01-03,183
2022-01-04,491
2022-01-05,355
2022-01-06,232
2022-01-07,20
2022-01-08,498
2022-01-09,461
2022-01-10,364
2022-01-11,36
2022-01-12,485
2022-01-13,268
2022-01-14,214
2022-01-15,362
2022-01-16,132
2022-01-17,377
2022-01-18,424
2022-01-19,497
2022-01-20,231
2022-01-21,383
2022-01-22,108
2022-01-23,357
2022-01-24,447
2022-01-25,38
2022-01-26,318
2022-01-27,55
2022-01-28,424
2022-01-29,54
2022-01-30,204
2022-01-31,379
2022-02-01,497
2022-02-02,371
2022-02-03,334
2022-02-04,367
2022-02-05,187
2022-02-06,211
2022-02-07,393
2022-02-08,136
2022-02-09,411
2022-02-10,326
2022-02-11,241
2022-02-12,33
2022-02-13,336
2022-02-14,459
2022-02-15,336
2022-02-16,225
2022-02-17,379
2022-02-18,315
2022-02-19,197
2022-02-20,35
2022-02-21,239
2022-02-22,393
2022-02-23,313
2022-02-24,98
2022-02-25,122
2022-02-26,80
2022-02-27,54
2022-02-28,144
2022-03-01,270
2022-03-02,494
2022-03-03,179
2022-03-04,466
2022-03-05,36
2022-03-06,153
2022-03-07,270
2022-03-08,466
2022-03-09,165
2022-03-10,290
2022-03-11,50
2022-03-12,314
2022-03-13,15
2022-03-14,82
2022-03-15,249
2022-03-16,106
2022-03-17,314
2022-03-18,378
2022-03-19,423
2022-03-20,496
2022-03-21,34
2022-03-22,303
2022-03-23,437
2022-03-24,399
2022-03-25,47
2022-03-26,175
2022-03-27,302
2022-03-28,238
2022-03-29,460
2022-03-30,483
2022-03-31,473
2022-04-01,437
2022-04-02,241
2022-04-03,499
2022-04-04,344
2022-04-05,316
2022-04-06,367
2022-04-07,405
2022-04-08,423
2022-04-09,64
2022-04-10,45
2022-04-11,131
2022-04-12,308
2022-04-13,198
2022-04-14,309
2022-04-15,187
2022-04-16,204
2022-04-17,497
2022-04-18,437
2022-04-19,245
2022-04-20,73
2022-04-21,320
2022-04-22,449
2022-04-23,484
2022-04-24,153
2022-04-25,416
2022-04-26,493
2022-04-27,131
2022-04-28,49
2022-04-29,31
2022-04-30,336
2022-05-01,201
2022-05-02,211
2022-05-03,482
2022-05-04,179
2022-05-05,473
2022-05-06,57
2022-05-07,227
2022-05-08,279
2022-05-09,499
2022-05-10,144
2022-05-11,244
2022-05-12,410
2022-05-13,266
2022-05-14,176
2022-05-15,217
2022-05-16,427
2022-05-17,68
2022-05-18,22
2022-05-19,278
2022-05-20,16
2022-05-21,297
2022-05-22,120
2022-05-23,183
2022-05-24,309
2022-05-25,246
2022-05-26,256
2022-05-27,342
2022-05-28,262
2022-05-29,199
2022-05-30,265
2022-05-31,401
2022-06-01,454
2022-06-02,98
2022-06-03,68
2022-06-04,19
2022-06-05,487
2022-06-06,267
2022-06-07,409
2022-06-08,49
2022-06-09,33
2022-06-10,169
2022-06-11,83
2022-06-12,343
2022-06-13,85
2022-06-14,389
2022-06-15,254
2022-06-16,416
2022-06-17,145
2022-06-18,465
2022-06-19,198
2022-06-20,447
2022-06-21,241
2022-06-22,245
2022-06-23,303
2022-06-24,472
2022-06-25,434
2022-06-26,34
2022-06-27,415
2022-06-28,298
2022-06-29,270
2022-06-30,277
2022-07-01,291
2022-07-02,484
2022-07-03,82
2022-07-04,296
2022-07-05,142
2022-07-06,461
2022-07-07,416
2022-07-08,490
2022-07-09,116
2022-07-10,378
2022-07-11,336
2022-07-12,158
2022-07-13,19
2022-07-14,75
2022-07-15,25
2022-07-16,54
2022-07-17,36
2022-07-18,435
2022-07-19,160
2022-07-20,379
2022-07-21,337
2022-07-22,133
2022-07-23,417
2022-07-24,479
2022-07-25,66
2022-07-26,177
2022-07-27,123
2022-07-28,424
2022-07-29,195
2022-07-30,174
2022-07-31,26
2022-08-01,496
2022-08-02,225
2022-08-03,64
2022-08-04,175
2022-08-05,62
2022-08-06,53
2022-08-07,213
2022-08-08,233
2022-08-09,400
2022-08-10,186
2022-08-11,405
2022-08-12,47
2022-08-13,126
2022-08-14,73
2022-08-15,304
2022-08-16,231
2022-08-17,339
2022-08-18,485
2022-08-19,331
2022-08-20,72
2022-08-21,162
2022-08-22,395
2022-08-23,278
2022-08-24,98
2022-08-25,171
2022-08-26,433
2022-08-27,203
2022-08-28,213
2022-08-29,482
2022-08-30,464
2022-08-31,250
2022-09-01,234
2022-09-02,150
2022-09-03,355
2022-09-04,472
2022-09-05,454
2022-09-06,485
2022-09-07,59
2022-09-08,355
2022-09-09,486
2022-09-10,220
2022-09-11,257
2022-09-12,187
2022-09-13,189
2022-09-14,139
2022-09-15,221
2022-09-16,61
2022-09-17,348
2022-09-18,371
2022-09-19,62
2022-09-20,19
2022-09-21,16
2022-09-22,269
2022-09-23,212
2022-09-24,190
2022-09-25,172
2022-09-26,413
2022-09-27,226
2022-09-28,416
2022-09-29,413
2022-09-30,472
2022-10-01,431
2022-10-02,255
2022-10-03,351
2022-10-04,234
2022-10-05,277
2022-10-06,247
2022-10-07,469
2022-10-08,68
2022-10-09,23
2022-10-10,233
2022-10-11,317
2022-10-12,475
2022-10-13,40
2022-10-14,338
2022-10-15,297
2022-10-16,433
2022-10-17,12
2022-10-18,309
2022-10-19,252
2022-10-20,69
2022-10-21,95
2022-10-22,192
2022-10-23,218
2022-10-24,128
2022-10-25,328
2022-10-26,280
2022-10-27,100
2022-10-28,469
2022-10-29,58
2022-10-30,445
2022-10-31,104
2022-11-01,487
2022-11-02,337
2022-11-03,219
2022-11-04,211
2022-11-05,401
2022-11-06,216
2022-11-07,403
2022-11-08,199
2022-11-09,287
2022-11-10,125
2022-11-11,377
2022-11-12,346
2022-11-13,489
2022-11-14,352
2022-11-15,386
2022-11-16,492
2022-11-17,47
2022-11-18,321
2022-11-19,210
2022-11-20,18
2022-11-21,142
2022-11-22,83
2022-11-23,357
2022-11-24,176
2022-11-25,162
2022-11-26,65
2022-11-27,209
2022-11-28,60
2022-11-29,263
2022-11-30,477
2022-12-01,364
2022-12-02,245
2022-12-03,470
2022-12-04,370
2022-12-05,253
2022-12-06,72
2022-12-07,370
2022-12-08,481
2022-12-09,500
2022-12-10,49
2022-12-11,234
2022-12-12,83
2022-12-13,411
2022-12-14,376
2022-12-15,172
2022-12-16,263
2022-12-17,37
2022-12-18,254
2022-12-19,496
2022-12-20,431
2022-12-21,102
2022-12-22,99
2022-12-23,465
2022-12-24,483
2022-12-25,375
2022-12-26,306
2022-12-27,356
2022-12-28,475
2022-12-29,246
2022-12-30,62
2022-12-31,161
2023-01-01,456
2023-01-02,230
2023-01-03,176
2023-01-04,84
2023-01-05,79
2023-01-06,464
2023-01-07,466
2023-01-08,273
2023-01-09,45
2023-01-10,447
2023-01-11,64
2023-01-12,498
2023-01-13,464
2023-01-14,383
2023-01-15,278
2023-01-16,372
2023-01-17,243
2023-01-18,181
2023-01-19,420
2023-01-20,435
2023-01-21,493
2023-01-22,43
2023-01-23,228
2023-01-24,396
2023-01-25,493
2023-01-26,209
2023-01-27,80
2023-01-28,460
2023-01-29,181
2023-01-30,239
2023-01-31,485
2023-02-01,438
2023-02-02,329
2023-02-03,44
2023-02-04,323
2023-02-05,429
2023-02-06,51
2023-02-07,422
2023-02-08,206
2023-02-09,69
2023-02-10,460
2023-02-11,473
2023-02-12,39
2023-02-13,399
2023-02-14,254
2023-02-15,134
2023-02-16,440
2023-02-17,471
2023-02-18,221
2023-02-19,263
2023-02-20,277
2023-02-21,111
2023-02-22,470
2023-02-23,38
2023-02-24,450
2023-02-25,468
2023-02-26,271
2023-02-27,366
2023-02-28,251
2023-03-01,314
2023-03-02,485
2023-03-03,183
2023-03-04,72
2023-03-05,485
2023-03-06,481
2023-03-07,77
2023-03-08,165
2023-03-09,204
2023-03-10,43
2023-03-11,212
2023-03-12,364
2023-03-13,67
2023-03-14,51
2023-03-15,284
2023-03-16,236
2023-03-17,324
2023-03-18,61
2023-03-19,93
2023-03-20,283
2023-03-21,94
2023-03-22,438
2023-03-23,324
2023-03-24,439
2023-03-25,257
2023-03-26,304
2023-03-27,389
2023-03-28,282
2023-03-29,400
2023-03-30,202
2023-03-31,91
2023-04-01,372
2023-04-02,59
2023-04-03,335
2023-04-04,351
2023-04-05,405
2023-04-06,249
2023-04-07,295
2023-04-08,450
2023-04-09,499
2023-04-10,453
2023-04-11,113
2023-04-12,276
2023-04-13,308
2023-04-14,245
2023-04-15,474
2023-04-16,214
2023-04-17,412
2023-04-18,324
2023-04-19,132
2023-04-20,442
2023-04-21,229
2023-04-22,438
2023-04-23,307
2023-04-24,447
2023-04-25,120
2023-04-26,65
2023-04-27,447
2023-04-28,209
2023-04-29,200
2023-04-30,254
2023-05-01,222
2023-05-02,139
2023-05-03,17
2023-05-04,127
2023-05-05,109
2023-05-06,390
2023-05-07,332
2023-05-08,64
2023-05-09,380
2023-05-10,327
2023-05-11,310
2023-05-12,67
2023-05-13,123
2023-05-14,246
2023-05-15,415
2023-05-16,229
2023-05-17,380
2023-05-18,488
2023-05-19,370
2023-05-20,464
2023-05-21,281
2023-05-22,111
2023-05-23,64
2023-05-24,85
2023-05-25,341
2023-05-26,143
2023-05-27,237
2023-05-28,219
2023-05-29,337
2023-05-30,13
2023-05-31,398
2023-06-01,447
2023-06-02,482
2023-06-03,227
2023-06-04,64
2023-06-05,146
2023-06-06,19
2023-06-07,463
2023-06-08,181
2023-06-09,54
2023-06-10,34
2023-06-11,346
2023-06-12,28
2023-06-13,182
2023-06-14,54
2023-06-15,226
2023-06-16,121
2023-06-17,455
2023-06-18,148
2023-06-19,185
2023-06-20,161
2023-06-21,215
2023-06-22,334
2023-06-23,28
2023-06-24,199
2023-06-25,447
2023-06-26,428
2023-06-27,212
2023-06-28,367
2023-06-29,232
2023-06-30,283
2023-07-01,348
2023-07-02,200
2023-07-03,328
2023-07-04,64
2023-07-05,381
2023-07-06,281
2023-07-07,184
2023-07-08,39
2023-07-09,365
2023-07-10,470
2023-07-11,364
2023-07-12,50
2023-07-13,352
2023-07-14,140
2023-07-15,457
2023-07-16,129
2023-07-17,463
2023-07-18,216
2023-07-19,25
2023-07-20,133
2023-07-21,468
2023-07-22,353
2023-07-23,177
2023-07-24,360
2023-07-25,23
2023-07-26,215
2023-07-27,432
2023-07-28,23
2023-07-29,300
2023-07-30,112
2023-07-31,44
2023-08-01,111
2023-08-02,26
2023-08-03,113
2023-08-04,227
2023-08-05,440
2023-08-06,471
2023-08-07,150
2023-08-08,263
2023-08-09,429
2023-08-10,12
2023-08-11,328
2023-08-12,121
2023-08-13,235
2023-08-14,490
2023-08-15,154
2023-08-16,294
2023-08-17,284
2023-08-18,469
2023-08-19,72
2023-08-20,31
2023-08-21,286
2023-08-22,348
2023-08-23,420
2023-08-24,257
2023-08-25,299
2023-08-26,263
2023-08-27,479
2023-08-28,415
2023-08-29,228
2023-08-30,167
2023-08-31,103
2023-09-01,433
2023-09-02,253
2023-09-03,217
2023-09-04,234
2023-09-05,493
2023-09-06,500
2023-09-07,462
2023-09-08,76
2023-09-09,42
2023-09-10,30
2023-09-11,179
2023-09-12,123
2023-09-13,256
2023-09-14,236
2023-09-15,46
2023-09-16,208
2023-09-17,80
2023-09-18,298
2023-09-19,478
2023-09-20,104
2023-09-21,379
2023-09-22,168
2023-09-23,486
2023-09-24,262
2023-09-25,153
2023-09-26,333
2023-09-27,217
2023-09-28,75
2023-09-29,267
2023-09-30,151
2023-10-01,361
2023-10-02,169
2023-10-03,139
2023-10-04,406
2023-10-05,261
2023-10-06,314
2023-10-07,358
2023-10-08,47
2023-10-09,15
2023-10-10,209
2023-10-11,360
2023-10-12,240
2023-10-13,486
2023-10-14,496
2023-10-15,372
2023-10-16,464
2023-10-17,325
2023-10-18,238
2023-10-19,460
2023-10-20,87
2023-10-21,56
2023-10-22,185
2023-10-23,14
2023-10-24,328
2023-10-25,190
2023-10-26,138
2023-10-27,302
2023-10-28,291
2023-10-29,295
2023-10-30,107
2023-10-31,31
2023-11-01,431
2023-11-02,259
2023-11-03,231
2023-11-04,404
2023-11-05,177
2023-11-06,434
2023-11-07,111
2023-11-08,22
2023-11-09,300
2023-11-10,229
2023-11-11,112
2023-11-12,14
2023-11-13,23
2023-11-14,163
2023-11-15,77
2023-11-16,481
2023-11-17,440
2023-11-18,152
2023-11-19,217
2023-11-20,338
2023-11-21,315
2023-11-22,86
2023-11-23,338
2023-11-24,188
2023-11-25,294
2023-11-26,154
2023-11-27,462
2023-11-28,463
2023-11-29,252
2023-11-30,208
2023-12-01,237
2023-12-02,340
2023-12-03,238
2023-12-04,244
2023-12-05,196
2023-12-06,80
2023-12-07,400
2023-12-08,166
2023-12-09,271
2023-12-10,432
2023-12-11,407
2023-12-12,468
2023-12-13,300
2023-12-14,358
2023-12-15,52
2023-12-16,51
2023-12-17,68
2023-12-18,34
2023-12-19,179
2023-12-20,491
2023-12-21,426
2023-12-22,58
2023-12-23,129
2023-12-24,345
2023-12-25,480
2023-12-26,265
2023-12-27,62
2023-12-28,121
2023-12-29,355
2023-12-30,324
2023-12-31,202
2024-01-01,322
2024-01-02,152
2024-01-03,196
2024-01-04,477
2024-01-05,15
2024-01-06,499
2024-01-07,197
2024-01-08,167
2024-01-09,316
2024-01-10,63
2024-01-11,210
2024-01-12,239
2024-01-13,315
2024-01-14,412
2024-01-15,44
2024-01-16,443
2024-01-17,238
2024-01-18,69
2024-01-19,236
2024-01-20,395
2024-01-21,83
2024-01-22,387
2024-01-23,45
2024-01-24,363
2024-01-25,104
2024-01-26,233
2024-01-27,237
2024-01-28,204
2024-01-29,173
2024-01-30,158
2024-01-31,52
2024-02-01,15
2024-02-02,363
2024-02-03,142
2024-02-04,282
2024-02-05,475
2024-02-06,350
2024-02-07,442
2024-02-08,91
2024-02-09,220
2024-02-10,97
2024-02-11,114
2024-02-12,146
2024-02-13,443
2024-02-14,302
2024-02-15,187
2024-02-16,293
2024-02-17,48
2024-02-18,152
2024-02-19,169
2024-02-20,425
2024-02-21,361
2024-02-22,247
2024-02-23,27
2024-02-24,12
2024-02-25,362
2024-02-26,85
2024-02-27,419
2024-02-28,477
2024-02-29,270
2024-03-01,157
2024-03-02,43
2024-03-03,307
2024-03-04,386
2024-03-05,433
2024-03-06,388
2024-03-07,421
2024-03-08,399
2024-03-09,350
2024-03-10,495
2024-03-11,31
2024-03-12,149
2024-03-13,36
2024-03-14,480
2024-03-15,305
2024-03-16,204
2024-03-17,112
2024-03-18,383
2024-03-19,458
2024-03-20,76
2024-03-21,221
2024-03-22,23
2024-03-23,169
2024-03-24,484
2024-03-25,260
2024-03-26,475
2024-03-27,338
2024-03-28,214
2024-03-29,278
2024-03-30,15
2024-03-31,418
2024-04-01,189
2024-04-02,296
2024-04-03,447
2024-04-04,329
2024-04-05,228
2024-04-06,216
2024-04-07,73
2024-04-08,70
2024-04-09,294
2024-04-10,499
2024-04-11,481
2024-04-12,208
2024-04-13,431
2024-04-14,233
2024-04-15,391
2024-04-16,217
2024-04-17,500
2024-04-18,18
2024-04-19,190
2024-04-20,240
2024-04-21,266
2024-04-22,234
2024-04-23,61
2024-04-24,249
2024-04-25,259
2024-04-26,162
2024-04-27,176
2024-04-28,302
2024-04-29,360
2024-04-30,447
2024-05-01,371
2024-05-02,35
2024-05-03,314
2024-05-04,64
2024-05-05,232
2024-05-06,386
2024-05-07,173
2024-05-08,463
2024-05-09,282
2024-05-10,167
2024-05-11,390
2024-05-12,448
2024-05-13,352
2024-05-14,35
2024-05-15,17
2024-05-16,485
2024-05-17,389
2024-05-18,409
2024-05-19,197
2024-05-20,472
2024-05-21,112
2024-05-22,490
2024-05-23,161
2024-05-24,358
2024-05-25,73
2024-05-26,324
2024-05-27,481
2024-05-28,128
2024-05-29,366
2024-05-30,205
2024-05-31,389
2024-06-01,37
2024-06-02,244
2024-06-03,430
2024-06-04,306
2024-06-05,171
2024-06-06,389
2024-06-07,312
2024-06-08,122
2024-06-09,75
2024-06-10,447
2024-06-11,398
2024-06-12,25
2024-06-13,491
2024-06-14,193
2024-06-15,126
2024-06-16,376
2024-06-17,354
2024-06-18,302
2024-06-19,271
2024-06-20,481
2024-06-21,220
2024-06-22,460
2024-06-23,307
2024-06-24,338
2024-06-25,113
2024-06-26,296
2024-06-27,359
2024-06-28,323
2024-06-29,237
2024-06-30,301
2024-07-01,458
2024-07-02,363
2024-07-03,309
2024-07-04,381
2024-07-05,145
2024-07-06,465
2024-07-07,37
2024-07-08,411
2024-07-09,22
2024-07-10,353
2024-07-11,139
2024-07-12,383
2024-07-13,387
2024-07-14,117
2024-07-15,67
2024-07-16,245
2024-07-17,177
2024-07-18,37
2024-07-19,14
2024-07-20,279
2024-07-21,492
2024-07-22,483
2024-07-23,108
2024-07-24,86
2024-07-25,273
2024-07-26,351
2024-07-27,372
2024-07-28,120
2024-07-29,406
2024-07-30,41
2024-07-31,81
2024-08-01,401
2024-08-02,126
2024-08-03,447
2024-08-04,410
2024-08-05,340
2024-08-06,248
2024-08-07,406
2024-08-08,85
2024-08-09,430
2024-08-10,53
2024-08-11,319
2024-08-12,87
2024-08-13,479
2024-08-14,132
2024-08-15,116
2024-08-16,156
2024-08-17,379
2024-08-18,442
2024-08-19,134
2024-08-20,180
2024-08-21,16
2024-08-22,499
2024-08-23,388
2024-08-24,64
2024-08-25,212
2024-08-26,451
2024-08-27,72
2024-08-28,289
2024-08-29,143
2024-08-30,324
2024-08-31,374
2024-09-01,205
2024-09-02,320
2024-09-03,299
2024-09-04,270
2024-09-05,249
2024-09-06,156
2024-09-07,217
2024-09-08,15
2024-09-09,104
2024-09-10,391
2024-09-11,240
2024-09-12,168
2024-09-13,144
2024-09-14,468
2024-09-15,353
2024-09-16,402
2024-09-17,223
2024-09-18,92
2024-09-19,14
2024-09-20,272
2024-09-21,173
2024-09-22,467
2024-09-23,372
2024-09-24,380
2024-09-25,181
2024-09-26,475
2024-09-27,209
2024-09-28,495
2024-09-29,263
2024-09-30,299
2024-10-01,405
2024-10-02,312
2024-10-03,75
2024-10-04,197
2024-10-05,217
2024-10-06,250
2024-10-07,372
2024-10-08,110
2024-10-09,183
2024-10-10,402
2024-10-11,454
2024-10-12,426
2024-10-13,426
2024-10-14,31
2024-10-15,464
2024-10-16,109
2024-10-17,108
2024-10-18,414
2024-10-19,148
2024-10-20,381
2024-10-21,257
2024-10-22,223
2024-10-23,345
2024-10-24,56
2024-10-25,255
2024-10-26,16
2024-10-27,474
2024-10-28,500
2024-10-29,13
2024-10-30,403
2024-10-31,331
2024-11-01,400
2024-11-02,444
2024-11-03,147
2024-11-04,483
2024-11-05,426
2024-11-06,135
2024-11-07,87
2024-11-08,278
2024-11-09,96
2024-11-10,174
2024-11-11,393
2024-11-12,265
2024-11-13,116
2024-11-14,421
2024-11-15,245
2024-11-16,426
2024-11-17,218
2024-11-18,76
2024-11-19,194
2024-11-20,326
2024-11-21,101
2024-11-22,166
2024-11-23,254
2024-11-24,124
2024-11-25,123
2024-11-26,234
2024-11-27,46
2024-11-28,41
2024-11-29,193
2024-11-30,212
2024-12-01,182
2024-12-02,220
2024-12-03,183
2024-12-04,358
2024-12-05,407
2024-12-06,16
2024-12-07,101
2024-12-08,10
2024-12-09,226
2024-12-10,99
2024-12-11,168
2024-12-12,357
2024-12-13,382
2024-12-14,152
2024-12-15,64
2024-12-16,130
2024-12-17,338
2024-12-18,136
2024-12-19,339
2024-12-20,364
2024-12-21,487
2024-12-22,292
2024-12-23,120
2024-12-24,299
2024-12-25,342
2024-12-26,48
2024-12-27,136
2024-12-28,339
2024-12-29,364
2024-12-30,487
2024-12-31,292
2025-01-01,120
2025-01-02,299
2025-01-03,342
2025-01-04,48
2025-01-05,136
2025-01-06,339
2025-01-07,364
2025-01-08,487
2025-01-09,292
2025-01-10,120
2025-01-11,299
2025-01-12,342
2025-01-13,48
2025-01-14,136
2025-01-15,339
2025-01-16,364
2025-01-17,487
2025-01-18,292
2025-01-19,120
2025-01-20,136
2025-01-21,339
2025-01-22,364
2025-01-23,487
2025-01-24,292
2025-01-25,120
2025-01-26,299
2025-01-27,342
2025-01-28,48
2025-01-29,12
2025-01-30,345
2025-01-31,67
2025-02-01,339
2025-02-02,364
2025-02-03,487
2025-02-04,292
2025-02-05,67
2025-02-06,339
2025-02-07,364
2025-02-08,487
2025-02-09,292
2025-02-10,32
2025-02-11,456
