Year,1989,Unnamed: 2,Unnamed: 3,Unnamed: 4
,,,,
Sum of Population,,,Indicator Name,
Country Name,Country Code,Indicator Code,"Population, total",Grand Total
Afghanistan,AFG,SP.POP.TOTL,11874088,11874088
Africa Eastern and Southern,AFE,SP.POP.TOTL,302939121,302939121
Africa Western and Central,AFW,SP.POP.TOTL,204062274,204062274
Albania,ALB,SP.POP.TOTL,3227943,3227943
Algeria,DZA,SP.POP.TOTL,24754485,24754485
American Samoa,ASM,SP.POP.TOTL,45191,45191
Andorra,AND,SP.POP.TOTL,50620,50620
Angola,AGO,SP.POP.TOTL,11238562,11238562
Antigua and Barbuda,ATG,SP.POP.TOTL,63325,63325
Arab World,ARB,SP.POP.TOTL,215969068,215969068
Argentina,ARG,SP.POP.TOTL,32270948,32270948
Armenia,ARM,SP.POP.TOTL,3443100,3443100
Aruba,ABW,SP.POP.TOTL,60443,60443
Australia,AUS,SP.POP.TOTL,16814416,16814416
Austria,AUT,SP.POP.TOTL,7619567,7619567
Azerbaijan,AZE,SP.POP.TOTL,7076550,7076550
"Bahamas, The",BHS,SP.POP.TOTL,271178,271178
Bahrain,BHR,SP.POP.TOTL,497327,497327
Bangladesh,BGD,SP.POP.TOTL,109433799,109433799
Barbados,BRB,SP.POP.TOTL,258109,258109
Belarus,BLR,SP.POP.TOTL,10170000,10170000
Belgium,BEL,SP.POP.TOTL,9937697,9937697
Belize,BLZ,SP.POP.TOTL,179107,179107
Benin,BEN,SP.POP.TOTL,5121657,5121657
Bermuda,BMU,SP.POP.TOTL,57129,57129
Bhutan,BTN,SP.POP.TOTL,573586,573586
Bolivia,BOL,SP.POP.TOTL,6981766,6981766
Bosnia and Herzegovina,BIH,SP.POP.TOTL,4433983,4433983
Botswana,BWA,SP.POP.TOTL,1270274,1270274
Brazil,BRA,SP.POP.TOTL,146502972,146502972
British Virgin Islands,VGB,SP.POP.TOTL,15180,15180
Brunei Darussalam,BRN,SP.POP.TOTL,248064,248064
Bulgaria,BGR,SP.POP.TOTL,8876972,8876972
Burkina Faso,BFA,SP.POP.TOTL,8921175,8921175
Burundi,BDI,SP.POP.TOTL,5471706,5471706
Cabo Verde,CPV,SP.POP.TOTL,367803,367803
Cambodia,KHM,SP.POP.TOTL,7073473,7073473
Cameroon,CMR,SP.POP.TOTL,11002745,11002745
Canada,CAN,SP.POP.TOTL,27276781,27276781
Caribbean small states,CSS,SP.POP.TOTL,2392809,2392809
Cayman Islands,CYM,SP.POP.TOTL,24874,24874
Central African Republic,CAF,SP.POP.TOTL,2783970,2783970
Central Europe and the Baltics,CEB,SP.POP.TOTL,110801640,110801640
Chad,TCD,SP.POP.TOTL,5819586,5819586
Channel Islands,CHI,SP.POP.TOTL,141501,141501
Chile,CHL,SP.POP.TOTL,13215005,13215005
China,CHN,SP.POP.TOTL,1118650000,1118650000
Colombia,COL,SP.POP.TOTL,31776279,31776279
Comoros,COM,SP.POP.TOTL,433103,433103
"Congo, Dem. Rep.",COD,SP.POP.TOTL,35486866,35486866
"Congo, Rep.",COG,SP.POP.TOTL,2313558,2313558
Costa Rica,CRI,SP.POP.TOTL,3043827,3043827
Cote d'Ivoire,CIV,SP.POP.TOTL,11719771,11719771
Croatia,HRV,SP.POP.TOTL,4767260,4767260
Cuba,CUB,SP.POP.TOTL,10533243,10533243
Curacao,CUW,SP.POP.TOTL,146937,146937
Cyprus,CYP,SP.POP.TOTL,777420,777420
Czechia,CZE,SP.POP.TOTL,10361068,10361068
Denmark,DNK,SP.POP.TOTL,5132594,5132594
Djibouti,DJI,SP.POP.TOTL,523355,523355
Dominica,DMA,SP.POP.TOTL,70153,70153
Dominican Republic,DOM,SP.POP.TOTL,7002295,7002295
Early-demographic dividend,EAR,SP.POP.TOTL,1994666990,1994666990
East Asia & Pacific,EAS,SP.POP.TOTL,1790596763,1790596763
East Asia & Pacific (excluding high income),EAP,SP.POP.TOTL,1575101307,1575101307
East Asia & Pacific (IDA & IBRD countries),TEA,SP.POP.TOTL,1554321275,1554321275
Ecuador,ECU,SP.POP.TOTL,10241852,10241852
"Egypt, Arab Rep.",EGY,SP.POP.TOTL,56710642,56710642
El Salvador,SLV,SP.POP.TOTL,5298979,5298979
Equatorial Guinea,GNQ,SP.POP.TOTL,456808,456808
Eritrea,ERI,SP.POP.TOTL,1987017,1987017
Estonia,EST,SP.POP.TOTL,1568131,1568131
Eswatini,SWZ,SP.POP.TOTL,837800,837800
Ethiopia,ETH,SP.POP.TOTL,45879690,45879690
Euro area,EMU,SP.POP.TOTL,314634075,314634075
Europe & Central Asia,ECS,SP.POP.TOTL,840881506,840881506
Europe & Central Asia (excluding high income),ECA,SP.POP.TOTL,205733205,205733205
Europe & Central Asia (IDA & IBRD countries),TEC,SP.POP.TOTL,428221424,428221424
European Union,EUU,SP.POP.TOTL,419102379,419102379
Faroe Islands,FRO,SP.POP.TOTL,47958,47958
Fiji,FJI,SP.POP.TOTL,766321,766321
Finland,FIN,SP.POP.TOTL,4964371,4964371
Fragile and conflict affected situations,FCS,SP.POP.TOTL,475799732,475799732
France,FRA,SP.POP.TOTL,57943062,57943062
French Polynesia,PYF,SP.POP.TOTL,199643,199643
Gabon,GAB,SP.POP.TOTL,957138,957138
"Gambia, The",GMB,SP.POP.TOTL,1011357,1011357
Georgia,GEO,SP.POP.TOTL,4803300,4803300
Germany,DEU,SP.POP.TOTL,78751283,78751283
Ghana,GHA,SP.POP.TOTL,15006813,15006813
Gibraltar,GIB,SP.POP.TOTL,27544,27544
Greece,GRC,SP.POP.TOTL,10089498,10089498
Greenland,GRL,SP.POP.TOTL,55300,55300
Grenada,GRD,SP.POP.TOTL,99121,99121
Guam,GUM,SP.POP.TOTL,135799,135799
Guatemala,GTM,SP.POP.TOTL,8775546,8775546
Guinea,GIN,SP.POP.TOTL,6215811,6215811
Guinea-Bissau,GNB,SP.POP.TOTL,957789,957789
Guyana,GUY,SP.POP.TOTL,754865,754865
Haiti,HTI,SP.POP.TOTL,6714730,6714730
Heavily indebted poor countries (HIPC),HPC,SP.POP.TOTL,352065913,352065913
High income,HIC,SP.POP.TOTL,1171722325,1171722325
Honduras,HND,SP.POP.TOTL,4841838,4841838
"Hong Kong SAR, China",HKG,SP.POP.TOTL,5686200,5686200
Hungary,HUN,SP.POP.TOTL,10481719,10481719
IBRD only,IBD,SP.POP.TOTL,3395765359,3395765359
Iceland,ISL,SP.POP.TOTL,252852,252852
IDA & IBRD total,IBT,SP.POP.TOTL,4248240134,4248240134
IDA blend,IDB,SP.POP.TOTL,279661793,279661793
IDA only,IDX,SP.POP.TOTL,572812982,572812982
IDA total,IDA,SP.POP.TOTL,852474775,852474775
India,IND,SP.POP.TOTL,846039529,846039529
Indonesia,IDN,SP.POP.TOTL,180201630,180201630
"Iran, Islamic Rep.",IRN,SP.POP.TOTL,56704914,56704914
Iraq,IRQ,SP.POP.TOTL,17364542,17364542
Ireland,IRL,SP.POP.TOTL,3511009,3511009
Isle of Man,IMN,SP.POP.TOTL,67790,67790
Israel,ISR,SP.POP.TOTL,4518000,4518000
Italy,ITA,SP.POP.TOTL,56671781,56671781
Jamaica,JAM,SP.POP.TOTL,2361916,2361916
Japan,JPN,SP.POP.TOTL,123069000,123069000
Jordan,JOR,SP.POP.TOTL,3349627,3349627
Kazakhstan,KAZ,SP.POP.TOTL,16997013,16997013
Kenya,KEN,SP.POP.TOTL,22118434,22118434
Kiribati,KIR,SP.POP.TOTL,73147,73147
"Korea, Dem. People's Rep.",PRK,SP.POP.TOTL,20804367,20804367
"Korea, Rep.",KOR,SP.POP.TOTL,42449038,42449038
Kosovo,XKX,SP.POP.TOTL,1946339,1946339
Kuwait,KWT,SP.POP.TOTL,2217468,2217468
Kyrgyz Republic,KGZ,SP.POP.TOTL,4307500,4307500
Lao PDR,LAO,SP.POP.TOTL,4190974,4190974
Late-demographic dividend,LTE,SP.POP.TOTL,1819952808,1819952808
Latin America & Caribbean,LCN,SP.POP.TOTL,432726590,432726590
Latin America & Caribbean (excluding high income),LAC,SP.POP.TOTL,388124814,388124814
Latin America & the Caribbean (IDA & IBRD countries),TLA,SP.POP.TOTL,418004229,418004229
Latvia,LVA,SP.POP.TOTL,2666955,2666955
Least developed countries: UN classification,LDC,SP.POP.TOTL,506991476,506991476
Lebanon,LBN,SP.POP.TOTL,3525285,3525285
Lesotho,LSO,SP.POP.TOTL,1775436,1775436
Liberia,LBR,SP.POP.TOTL,2517858,2517858
Libya,LBY,SP.POP.TOTL,4342920,4342920
Liechtenstein,LIE,SP.POP.TOTL,28317,28317
Lithuania,LTU,SP.POP.TOTL,3684255,3684255
Low & middle income,LMY,SP.POP.TOTL,4016583365,4016583365
Low income,LIC,SP.POP.TOTL,285400401,285400401
Lower middle income,LMC,SP.POP.TOTL,1668386346,1668386346
Luxembourg,LUX,SP.POP.TOTL,377100,377100
"Macao SAR, China",MAC,SP.POP.TOTL,325100,325100
Madagascar,MDG,SP.POP.TOTL,11704998,11704998
Malawi,MWI,SP.POP.TOTL,9176220,9176220
Malaysia,MYS,SP.POP.TOTL,17314997,17314997
Maldives,MDV,SP.POP.TOTL,217738,217738
Mali,MLI,SP.POP.TOTL,8999938,8999938
Malta,MLT,SP.POP.TOTL,350722,350722
Marshall Islands,MHL,SP.POP.TOTL,43586,43586
Mauritania,MRT,SP.POP.TOTL,1903048,1903048
Mauritius,MUS,SP.POP.TOTL,1051260,1051260
Mexico,MEX,SP.POP.TOTL,81247182,81247182
"Micronesia, Fed. Sts.",FSM,SP.POP.TOTL,99003,99003
Middle East & North Africa,MEA,SP.POP.TOTL,246513714,246513714
Middle East & North Africa (excluding high income),MNA,SP.POP.TOTL,224910078,224910078
Middle East & North Africa (IDA & IBRD countries),TMN,SP.POP.TOTL,224910078,224910078
Middle income,MIC,SP.POP.TOTL,3731182964,3731182964
Moldova,MDA,SP.POP.TOTL,2970039,2970039
Monaco,MCO,SP.POP.TOTL,30084,30084
Mongolia,MNG,SP.POP.TOTL,2124185,2124185
Montenegro,MNE,SP.POP.TOTL,606571,606571
Morocco,MAR,SP.POP.TOTL,23939414,23939414
Mozambique,MOZ,SP.POP.TOTL,12906842,12906842
Myanmar,MMR,SP.POP.TOTL,39214618,39214618
Namibia,NAM,SP.POP.TOTL,1288947,1288947
Nauru,NRU,SP.POP.TOTL,9390,9390
Nepal,NPL,SP.POP.TOTL,19057807,19057807
Netherlands,NLD,SP.POP.TOTL,14848907,14848907
New Caledonia,NCL,SP.POP.TOTL,172029,172029
New Zealand,NZL,SP.POP.TOTL,3299200,3299200
Nicaragua,NIC,SP.POP.TOTL,4066476,4066476
Niger,NER,SP.POP.TOTL,8034780,8034780
Nigeria,NGA,SP.POP.TOTL,94531014,94531014
North America,NAC,SP.POP.TOTL,274152910,274152910
North Macedonia,MKD,SP.POP.TOTL,2055649,2055649
Northern Mariana Islands,MNP,SP.POP.TOTL,41303,41303
Norway,NOR,SP.POP.TOTL,4226901,4226901
OECD members,OED,SP.POP.TOTL,1097876374,1097876374
Oman,OMN,SP.POP.TOTL,1676228,1676228
Other small states,OSS,SP.POP.TOTL,9262888,9262888
Pacific island small states,PSS,SP.POP.TOTL,1748900,1748900
Pakistan,PAK,SP.POP.TOTL,112336629,112336629
Palau,PLW,SP.POP.TOTL,14945,14945
Panama,PAN,SP.POP.TOTL,2403820,2403820
Papua New Guinea,PNG,SP.POP.TOTL,3796078,3796078
Paraguay,PRY,SP.POP.TOTL,3927802,3927802
Peru,PER,SP.POP.TOTL,21532589,21532589
Philippines,PHL,SP.POP.TOTL,61265260,61265260
Poland,POL,SP.POP.TOTL,37961529,37961529
Portugal,PRT,SP.POP.TOTL,10005000,10005000
Post-demographic dividend,PST,SP.POP.TOTL,958176572,958176572
Pre-demographic dividend,PRE,SP.POP.TOTL,411682495,411682495
Puerto Rico,PRI,SP.POP.TOTL,3505650,3505650
Qatar,QAT,SP.POP.TOTL,425646,425646
Romania,ROU,SP.POP.TOTL,23161458,23161458
Russian Federation,RUS,SP.POP.TOTL,147721000,147721000
Rwanda,RWA,SP.POP.TOTL,7184706,7184706
Samoa,WSM,SP.POP.TOTL,168768,168768
San Marino,SMR,SP.POP.TOTL,23154,23154
Sao Tome and Principe,STP,SP.POP.TOTL,119979,119979
Saudi Arabia,SAU,SP.POP.TOTL,10128394,10128394
Senegal,SEN,SP.POP.TOTL,7502207,7502207
Serbia,SRB,SP.POP.TOTL,7893787,7893787
Seychelles,SYC,SP.POP.TOTL,69167,69167
Sierra Leone,SLE,SP.POP.TOTL,4034037,4034037
Singapore,SGP,SP.POP.TOTL,2930901,2930901
Sint Maarten (Dutch part),SXM,SP.POP.TOTL,26169,26169
Slovak Republic,SVK,SP.POP.TOTL,5275942,5275942
Slovenia,SVN,SP.POP.TOTL,1996351,1996351
Small states,SST,SP.POP.TOTL,13404597,13404597
Solomon Islands,SLB,SP.POP.TOTL,321282,321282
Somalia,SOM,SP.POP.TOTL,7114817,7114817
South Africa,ZAF,SP.POP.TOTL,39628575,39628575
South Asia,SAS,SP.POP.TOTL,1115781733,1115781733
South Asia (IDA & IBRD),TSA,SP.POP.TOTL,1115781733,1115781733
South Sudan,SSD,SP.POP.TOTL,4713229,4713229
Spain,ESP,SP.POP.TOTL,38827764,38827764
Sri Lanka,LKA,SP.POP.TOTL,16248557,16248557
St. Kitts and Nevis,KNA,SP.POP.TOTL,40758,40758
St. Lucia,LCA,SP.POP.TOTL,136512,136512
St. Martin (French part),MAF,SP.POP.TOTL,26453,26453
St. Vincent and the Grenadines,VCT,SP.POP.TOTL,111272,111272
Sub-Saharan Africa,SSF,SP.POP.TOTL,507001395,507001395
Sub-Saharan Africa (excluding high income),SSA,SP.POP.TOTL,506932228,506932228
Sub-Saharan Africa (IDA & IBRD countries),TSS,SP.POP.TOTL,507001395,507001395
Sudan,SDN,SP.POP.TOTL,21578022,21578022
Suriname,SUR,SP.POP.TOTL,408409,408409
Sweden,SWE,SP.POP.TOTL,8492964,8492964
Switzerland,CHE,SP.POP.TOTL,6646912,6646912
Syrian Arab Republic,SYR,SP.POP.TOTL,12179060,12179060
Tajikistan,TJK,SP.POP.TOTL,5267249,5267249
Tanzania,TZA,SP.POP.TOTL,25438759,25438759
Thailand,THA,SP.POP.TOTL,53848956,53848956
Timor-Leste,TLS,SP.POP.TOTL,744856,744856
Togo,TGO,SP.POP.TOTL,3883411,3883411
Tonga,TON,SP.POP.TOTL,99403,99403
Trinidad and Tobago,TTO,SP.POP.TOTL,1241600,1241600
Tunisia,TUN,SP.POP.TOTL,8151660,8151660
Turkiye,TUR,SP.POP.TOTL,54976723,54976723
Turkmenistan,TKM,SP.POP.TOTL,3662459,3662459
Turks and Caicos Islands,TCA,SP.POP.TOTL,11193,11193
Tuvalu,TUV,SP.POP.TOTL,8662,8662
Uganda,UGA,SP.POP.TOTL,17010698,17010698
Ukraine,UKR,SP.POP.TOTL,51917817,51917817
United Arab Emirates,ARE,SP.POP.TOTL,1789851,1789851
United Kingdom,GBR,SP.POP.TOTL,57076711,57076711
United States,USA,SP.POP.TOTL,246819000,246819000
Upper middle income,UMC,SP.POP.TOTL,2062796618,2062796618
Uruguay,URY,SP.POP.TOTL,3086255,3086255
Uzbekistan,UZB,SP.POP.TOTL,19977183,19977183
Vanuatu,VUT,SP.POP.TOTL,144393,144393
"Venezuela, RB",VEN,SP.POP.TOTL,19348921,19348921
Viet Nam,VNM,SP.POP.TOTL,64147348,64147348
Virgin Islands (U.S.),VIR,SP.POP.TOTL,101041,101041
World,WLD,SP.POP.TOTL,5207654611,5207654611
"Yemen, Rep.",YEM,SP.POP.TOTL,13364174,13364174
Zambia,ZMB,SP.POP.TOTL,7589216,7589216
Zimbabwe,ZWE,SP.POP.TOTL,9864798,9864798
Grand Total,,,54248507535,54248507535
