Year,(All),Unnamed: 2,Unnamed: 3,Unnamed: 4
,,,,
Sum of Population,,,Indicator Name,
Country Name,Country Code,Indicator Code,"Population, total",Grand Total
Afghanistan,AFG,SP.POP.TOTL,1232664485,1232664485
Africa Eastern and Southern,AFE,SP.POP.TOTL,23111573229,23111573229
Africa Western and Central,AFW,SP.POP.TOTL,15866352835,15866352835
Albania,ALB,SP.POP.TOTL,173671006,173671006
Algeria,DZA,SP.POP.TOTL,1684899201,1684899201
American Samoa,ASM,SP.POP.TOTL,2715499,2715499
Andorra,AND,SP.POP.TOTL,3277032,3277032
Angola,AGO,SP.POP.TOTL,963031907,963031907
Antigua and Barbuda,ATG,SP.POP.TOTL,4611626,4611626
Arab World,ARB,SP.POP.TOTL,15940420088,15940420088
Argentina,ARG,SP.POP.TOTL,2129314060,2129314060
Armenia,ARM,SP.POP.TOTL,188655611,188655611
Aruba,ABW,SP.POP.TOTL,5002246,5002246
Australia,AUS,SP.POP.TOTL,1128435663,1128435663
Austria,AUT,SP.POP.TOTL,506741606,506741606
Azerbaijan,AZE,SP.POP.TOTL,463835646,463835646
"Bahamas, The",BHS,SP.POP.TOTL,17869616,17869616
Bahrain,BHR,SP.POP.TOTL,42886726,42886726
Bangladesh,BGD,SP.POP.TOTL,7262053701,7262053701
Barbados,BRB,SP.POP.TOTL,16671622,16671622
Belarus,BLR,SP.POP.TOTL,608719303,608719303
Belgium,BEL,SP.POP.TOTL,655315787,655315787
Belize,BLZ,SP.POP.TOTL,13899598,13899598
Benin,BEN,SP.POP.TOTL,417658832,417658832
Bermuda,BMU,SP.POP.TOTL,3666488,3666488
Bhutan,BTN,SP.POP.TOTL,33880550,33880550
Bolivia,BOL,SP.POP.TOTL,483587204,483587204
Bosnia and Herzegovina,BIH,SP.POP.TOTL,247699741,247699741
Botswana,BWA,SP.POP.TOTL,88420558,88420558
Brazil,BRA,SP.POP.TOTL,9518581545,9518581545
British Virgin Islands,VGB,SP.POP.TOTL,1207056,1207056
Brunei Darussalam,BRN,SP.POP.TOTL,17246222,17246222
Bulgaria,BGR,SP.POP.TOTL,518195744,518195744
Burkina Faso,BFA,SP.POP.TOTL,706477914,706477914
Burundi,BDI,SP.POP.TOTL,414217161,414217161
Cabo Verde,CPV,SP.POP.TOTL,25056572,25056572
Cambodia,KHM,SP.POP.TOTL,637116674,637116674
Cameroon,CMR,SP.POP.TOTL,858769072,858769072
Canada,CAN,SP.POP.TOTL,1806482622,1806482622
Caribbean small states,CSS,SP.POP.TOTL,158739362,158739362
Cayman Islands,CYM,SP.POP.TOTL,2109871,2109871
Central African Republic,CAF,SP.POP.TOTL,209919828,209919828
Central Europe and the Baltics,CEB,SP.POP.TOTL,6662480994,6662480994
Chad,TCD,SP.POP.TOTL,514574156,514574156
Channel Islands,CHI,SP.POP.TOTL,9068738,9068738
Chile,CHL,SP.POP.TOTL,883676884,883676884
China,CHN,SP.POP.TOTL,70984020000,70984020000
Colombia,COL,SP.POP.TOTL,2147742516,2147742516
Comoros,COM,SP.POP.TOTL,30069254,30069254
"Congo, Dem. Rep.",COD,SP.POP.TOTL,2925452049,2925452049
"Congo, Rep.",COG,SP.POP.TOTL,186478171,186478171
Costa Rica,CRI,SP.POP.TOTL,208763722,208763722
Cote d'Ivoire,CIV,SP.POP.TOTL,924977668,924977668
Croatia,HRV,SP.POP.TOTL,280872275,280872275
Cuba,CUB,SP.POP.TOTL,652783424,652783424
Curacao,CUW,SP.POP.TOTL,9298445,9298445
Cyprus,CYP,SP.POP.TOTL,56266551,56266551
Czechia,CZE,SP.POP.TOTL,655179557,655179557
Denmark,DNK,SP.POP.TOTL,335762356,335762356
Djibouti,DJI,SP.POP.TOTL,36673132,36673132
Dominica,DMA,SP.POP.TOTL,4402658,4402658
Dominican Republic,DOM,SP.POP.TOTL,469068834,469068834
Early-demographic dividend,EAR,SP.POP.TOTL,137886401618,137886401618
East Asia & Pacific,EAS,SP.POP.TOTL,115167150254,115167150254
East Asia & Pacific (excluding high income),EAP,SP.POP.TOTL,101629423501,101629423501
East Asia & Pacific (IDA & IBRD countries),TEA,SP.POP.TOTL,100310056744,100310056744
Ecuador,ECU,SP.POP.TOTL,699719480,699719480
"Egypt, Arab Rep.",EGY,SP.POP.TOTL,4073612838,4073612838
El Salvador,SLV,SP.POP.TOTL,324897546,324897546
Equatorial Guinea,GNQ,SP.POP.TOTL,45884853,45884853
Eritrea,ERI,SP.POP.TOTL,133328655,133328655
Estonia,EST,SP.POP.TOTL,89107127,89107127
Eswatini,SWZ,SP.POP.TOTL,52626716,52626716
Ethiopia,ETH,SP.POP.TOTL,3812012950,3812012950
Euro area,EMU,SP.POP.TOTL,20264124338,20264124338
Europe & Central Asia,ECS,SP.POP.TOTL,52925699947,52925699947
Europe & Central Asia (excluding high income),ECA,SP.POP.TOTL,12784783546,12784783546
Europe & Central Asia (IDA & IBRD countries),TEC,SP.POP.TOTL,26215759789,26215759789
European Union,EUU,SP.POP.TOTL,26648798199,26648798199
Faroe Islands,FRO,SP.POP.TOTL,2859836,2859836
Fiji,FJI,SP.POP.TOTL,47098640,47098640
Finland,FIN,SP.POP.TOTL,321314160,321314160
Fragile and conflict affected situations,FCS,SP.POP.TOTL,35801262574,35801262574
France,FRA,SP.POP.TOTL,3756059356,3756059356
French Polynesia,PYF,SP.POP.TOTL,12713586,12713586
Gabon,GAB,SP.POP.TOTL,75777413,75777413
"Gambia, The",GMB,SP.POP.TOTL,80323043,80323043
Georgia,GEO,SP.POP.TOTL,265710944,265710944
Germany,DEU,SP.POP.TOTL,5106489600,5106489600
Ghana,GHA,SP.POP.TOTL,1124008113,1124008113
Gibraltar,GIB,SP.POP.TOTL,1842498,1842498
Greece,GRC,SP.POP.TOTL,641329877,641329877
Greenland,GRL,SP.POP.TOTL,3314799,3314799
Grenada,GRD,SP.POP.TOTL,6647080,6647080
Guam,GUM,SP.POP.TOTL,8417538,8417538
Guatemala,GTM,SP.POP.TOTL,645378838,645378838
Guinea,GIN,SP.POP.TOTL,478860536,478860536
Guinea-Bissau,GNB,SP.POP.TOTL,72047801,72047801
Guyana,GUY,SP.POP.TOTL,47456356,47456356
Haiti,HTI,SP.POP.TOTL,469053414,469053414
Heavily indebted poor countries (HIPC),HPC,SP.POP.TOTL,27792599664,27792599664
High income,HIC,SP.POP.TOTL,75544448548,75544448548
Honduras,HND,SP.POP.TOTL,361488136,361488136
"Hong Kong SAR, China",HKG,SP.POP.TOTL,365159171,365159171
Hungary,HUN,SP.POP.TOTL,654689028,654689028
IBRD only,IBD,SP.POP.TOTL,222911964090,222911964090
Iceland,ISL,SP.POP.TOTL,16953607,16953607
IDA & IBRD total,IBT,SP.POP.TOTL,286554146600,286554146600
IDA blend,IDB,SP.POP.TOTL,20926945837,20926945837
IDA only,IDX,SP.POP.TOTL,42715236673,42715236673
IDA total,IDA,SP.POP.TOTL,63642182510,63642182510
India,IND,SP.POP.TOTL,58371524309,58371524309
Indonesia,IDN,SP.POP.TOTL,11941417492,11941417492
"Iran, Islamic Rep.",IRN,SP.POP.TOTL,3580207835,3580207835
Iraq,IRQ,SP.POP.TOTL,1368143674,1368143674
Ireland,IRL,SP.POP.TOTL,240663973,240663973
Isle of Man,IMN,SP.POP.TOTL,4434241,4434241
Israel,ISR,SP.POP.TOTL,345343920,345343920
Italy,ITA,SP.POP.TOTL,3620947214,3620947214
Jamaica,JAM,SP.POP.TOTL,151134013,151134013
Japan,JPN,SP.POP.TOTL,7584787232,7584787232
Jordan,JOR,SP.POP.TOTL,299182076,299182076
Kazakhstan,KAZ,SP.POP.TOTL,990238064,990238064
Kenya,KEN,SP.POP.TOTL,1711274723,1711274723
Kiribati,KIR,SP.POP.TOTL,5247882,5247882
"Korea, Dem. People's Rep.",PRK,SP.POP.TOTL,1320910250,1320910250
"Korea, Rep.",KOR,SP.POP.TOTL,2681962823,2681962823
Kosovo,XKX,SP.POP.TOTL,106630567,106630567
Kuwait,KWT,SP.POP.TOTL,129953710,129953710
Kyrgyz Republic,KGZ,SP.POP.TOTL,282250157,282250157
Lao PDR,LAO,SP.POP.TOTL,294807181,294807181
Late-demographic dividend,LTE,SP.POP.TOTL,115680576147,115680576147
Latin America & Caribbean,LCN,SP.POP.TOTL,28659156209,28659156209
Latin America & Caribbean (excluding high income),LAC,SP.POP.TOTL,25709860905,25709860905
Latin America & the Caribbean (IDA & IBRD countries),TLA,SP.POP.TOTL,27749869069,27749869069
Latvia,LVA,SP.POP.TOTL,147810492,147810492
Least developed countries: UN classification,LDC,SP.POP.TOTL,38222032126,38222032126
Lebanon,LBN,SP.POP.TOTL,246072607,246072607
Lesotho,LSO,SP.POP.TOTL,105469824,105469824
Liberia,LBR,SP.POP.TOTL,175107224,175107224
Libya,LBY,SP.POP.TOTL,282978596,282978596
Liechtenstein,LIE,SP.POP.TOTL,1871018,1871018
Lithuania,LTU,SP.POP.TOTL,207916165,207916165
Low & middle income,LMY,SP.POP.TOTL,272517173603,272517173603
Low income,LIC,SP.POP.TOTL,22548608877,22548608877
Lower middle income,LMC,SP.POP.TOTL,117389040974,117389040974
Luxembourg,LUX,SP.POP.TOTL,27418322,27418322
"Macao SAR, China",MAC,SP.POP.TOTL,25033669,25033669
Madagascar,MDG,SP.POP.TOTL,937573242,937573242
Malawi,MWI,SP.POP.TOTL,649275700,649275700
Malaysia,MYS,SP.POP.TOTL,1258349469,1258349469
Maldives,MDV,SP.POP.TOTL,16255165,16255165
Mali,MLI,SP.POP.TOTL,718503189,718503189
Malta,MLT,SP.POP.TOTL,23921412,23921412
Marshall Islands,MHL,SP.POP.TOTL,2449849,2449849
Mauritania,MRT,SP.POP.TOTL,149007338,149007338
Mauritius,MUS,SP.POP.TOTL,67462918,67462918
Mexico,MEX,SP.POP.TOTL,5417165631,5417165631
"Micronesia, Fed. Sts.",FSM,SP.POP.TOTL,5775036,5775036
Middle East & North Africa,MEA,SP.POP.TOTL,17604418366,17604418366
Middle East & North Africa (excluding high income),MNA,SP.POP.TOTL,15766427953,15766427953
Middle East & North Africa (IDA & IBRD countries),TMN,SP.POP.TOTL,15647123874,15647123874
Middle income,MIC,SP.POP.TOTL,249968564726,249968564726
Moldova,MDA,SP.POP.TOTL,173162677,173162677
Monaco,MCO,SP.POP.TOTL,1920703,1920703
Mongolia,MNG,SP.POP.TOTL,136073072,136073072
Montenegro,MNE,SP.POP.TOTL,37395607,37395607
Morocco,MAR,SP.POP.TOTL,1575237099,1575237099
Mozambique,MOZ,SP.POP.TOTL,1038009281,1038009281
Myanmar,MMR,SP.POP.TOTL,2519540232,2519540232
Namibia,NAM,SP.POP.TOTL,96447852,96447852
Nauru,NRU,SP.POP.TOTL,567464,567464
Nepal,NPL,SP.POP.TOTL,1296519312,1296519312
Netherlands,NLD,SP.POP.TOTL,959255479,959255479
New Caledonia,NCL,SP.POP.TOTL,12149390,12149390
New Zealand,NZL,SP.POP.TOTL,232159100,232159100
Nicaragua,NIC,SP.POP.TOTL,271848081,271848081
Niger,NER,SP.POP.TOTL,691447065,691447065
Nigeria,NGA,SP.POP.TOTL,7263280004,7263280004
North America,NAC,SP.POP.TOTL,18369179920,18369179920
North Macedonia,MKD,SP.POP.TOTL,119879390,119879390
Northern Mariana Islands,MNP,SP.POP.TOTL,2368548,2368548
Norway,NOR,SP.POP.TOTL,281462238,281462238
OECD members,OED,SP.POP.TOTL,71568755526,71568755526
Oman,OMN,SP.POP.TOTL,130223244,130223244
Other small states,OSS,SP.POP.TOTL,613597450,613597450
Pacific island small states,PSS,SP.POP.TOTL,114715226,114715226
Pakistan,PAK,SP.POP.TOTL,8366446956,8366446956
Palau,PLW,SP.POP.TOTL,976029,976029
Panama,PAN,SP.POP.TOTL,168440895,168440895
Papua New Guinea,PNG,SP.POP.TOTL,321549243,321549243
Paraguay,PRY,SP.POP.TOTL,269809785,269809785
Peru,PER,SP.POP.TOTL,1420306801,1420306801
Philippines,PHL,SP.POP.TOTL,4351860147,4351860147
Poland,POL,SP.POP.TOTL,2315050002,2315050002
Portugal,PRT,SP.POP.TOTL,630174679,630174679
Post-demographic dividend,PST,SP.POP.TOTL,61830531976,61830531976
Pre-demographic dividend,PRE,SP.POP.TOTL,32537833718,32537833718
Puerto Rico,PRI,SP.POP.TOTL,211045670,211045670
Qatar,QAT,SP.POP.TOTL,53004098,53004098
Romania,ROU,SP.POP.TOTL,1345553039,1345553039
Russian Federation,RUS,SP.POP.TOTL,8971305183,8971305183
Rwanda,RWA,SP.POP.TOTL,475063142,475063142
Samoa,WSM,SP.POP.TOTL,10922191,10922191
San Marino,SMR,SP.POP.TOTL,1602252,1602252
Sao Tome and Principe,STP,SP.POP.TOTL,8473650,8473650
Saudi Arabia,SAU,SP.POP.TOTL,896795754,896795754
Senegal,SEN,SP.POP.TOTL,567699877,567699877
Serbia,SRB,SP.POP.TOTL,469084904,469084904
Seychelles,SYC,SP.POP.TOTL,4659426,4659426
Sierra Leone,SLE,SP.POP.TOTL,288321410,288321410
Singapore,SGP,SP.POP.TOTL,223958782,223958782
Sint Maarten (Dutch part),SXM,SP.POP.TOTL,1486296,1486296
Slovak Republic,SVK,SP.POP.TOTL,325187833,325187833
Slovenia,SVN,SP.POP.TOTL,122919732,122919732
Small states,SST,SP.POP.TOTL,887052038,887052038
Solomon Islands,SLB,SP.POP.TOTL,24314015,24314015
Somalia,SOM,SP.POP.TOTL,527002520,527002520
South Africa,ZAF,SP.POP.TOTL,2528120142,2528120142
South Asia,SAS,SP.POP.TOTL,77653411060,77653411060
South Asia (IDA & IBRD),TSA,SP.POP.TOTL,77653411060,77653411060
South Sudan,SSD,SP.POP.TOTL,393549376,393549376
Spain,ESP,SP.POP.TOTL,2544412698,2544412698
Sri Lanka,LKA,SP.POP.TOTL,1074066582,1074066582
St. Kitts and Nevis,KNA,SP.POP.TOTL,2912267,2912267
St. Lucia,LCA,SP.POP.TOTL,8929006,8929006
St. Martin (French part),MAF,SP.POP.TOTL,1388883,1388883
St. Vincent and the Grenadines,VCT,SP.POP.TOTL,6712721,6712721
Sub-Saharan Africa,SSF,SP.POP.TOTL,38977926064,38977926064
Sub-Saharan Africa (excluding high income),SSA,SP.POP.TOTL,38973266638,38973266638
Sub-Saharan Africa (IDA & IBRD countries),TSS,SP.POP.TOTL,38977926064,38977926064
Sudan,SDN,SP.POP.TOTL,1579395777,1579395777
Suriname,SUR,SP.POP.TOTL,28626812,28626812
Sweden,SWE,SP.POP.TOTL,560244135,560244135
Switzerland,CHE,SP.POP.TOTL,446564241,446564241
Syrian Arab Republic,SYR,SP.POP.TOTL,864366385,864366385
Tajikistan,TJK,SP.POP.TOTL,357623217,357623217
Tanzania,TZA,SP.POP.TOTL,1950412090,1950412090
Thailand,THA,SP.POP.TOTL,3441720350,3441720350
Timor-Leste,TLS,SP.POP.TOTL,53060563,53060563
Togo,TGO,SP.POP.TOTL,292172756,292172756
Tonga,TON,SP.POP.TOTL,6189135,6189135
Trinidad and Tobago,TTO,SP.POP.TOTL,76446610,76446610
Tunisia,TUN,SP.POP.TOTL,531154123,531154123
Turkiye,TUR,SP.POP.TOTL,3634672111,3634672111
Turkmenistan,TKM,SP.POP.TOTL,257541592,257541592
Turks and Caicos Islands,TCA,SP.POP.TOTL,1138831,1138831
Tuvalu,TUV,SP.POP.TOTL,538806,538806
Uganda,UGA,SP.POP.TOTL,1392297210,1392297210
Ukraine,UKR,SP.POP.TOTL,3066287499,3066287499
United Arab Emirates,ARE,SP.POP.TOTL,215861549,215861549
United Kingdom,GBR,SP.POP.TOTL,3769563228,3769563228
United States,USA,SP.POP.TOTL,16559030810,16559030810
Upper middle income,UMC,SP.POP.TOTL,132579523752,132579523752
Uruguay,URY,SP.POP.TOTL,197255659,197255659
Uzbekistan,UZB,SP.POP.TOTL,1341725510,1341725510
Vanuatu,VUT,SP.POP.TOTL,10636179,10636179
"Venezuela, RB",VEN,SP.POP.TOTL,1295319669,1295319669
Viet Nam,VNM,SP.POP.TOTL,4255827095,4255827095
Virgin Islands (U.S.),VIR,SP.POP.TOTL,5956802,5956802
West Bank and Gaza,PSE,SP.POP.TOTL,119304079,119304079
World,WLD,SP.POP.TOTL,349356941820,349356941820
"Yemen, Rep.",YEM,SP.POP.TOTL,1104596308,1104596308
Zambia,ZMB,SP.POP.TOTL,597565314,597565314
Zimbabwe,ZWE,SP.POP.TOTL,630361792,630361792
Grand Total,,,3667135341864,3667135341864
