Year,1991,Unnamed: 2,Unnamed: 3,Unnamed: 4
,,,,
Sum of Population,,,Indicator Name,
Country Name,Country Code,Indicator Code,"Population, total",Grand Total
Afghanistan,AFG,SP.POP.TOTL,12238879,12238879
Africa Eastern and Southern,AFE,SP.POP.TOTL,320442961,320442961
Africa Western and Central,AFW,SP.POP.TOTL,215178709,215178709
Albania,ALB,SP.POP.TOTL,3266790,3266790
Algeria,DZA,SP.POP.TOTL,25987928,25987928
American Samoa,ASM,SP.POP.TOTL,47882,47882
Andorra,AND,SP.POP.TOTL,56667,56667
Angola,AGO,SP.POP.TOTL,12023529,12023529
Antigua and Barbuda,ATG,SP.POP.TOTL,63387,63387
Arab World,ARB,SP.POP.TOTL,228402316,228402316
Argentina,ARG,SP.POP.TOTL,33230294,33230294
Armenia,ARM,SP.POP.TOTL,3613977,3613977
Aruba,ABW,SP.POP.TOTL,65896,65896
Australia,AUS,SP.POP.TOTL,17284036,17284036
Austria,AUT,SP.POP.TOTL,7754891,7754891
Azerbaijan,AZE,SP.POP.TOTL,7271300,7271300
"Bahamas, The",BHS,SP.POP.TOTL,280731,280731
Bahrain,BHR,SP.POP.TOTL,503052,503052
Bangladesh,BGD,SP.POP.TOTL,113787109,113787109
Barbados,BRB,SP.POP.TOTL,259373,259373
Belarus,BLR,SP.POP.TOTL,10194050,10194050
Belgium,BEL,SP.POP.TOTL,10004486,10004486
Belize,BLZ,SP.POP.TOTL,187040,187040
Benin,BEN,SP.POP.TOTL,5446932,5446932
Bermuda,BMU,SP.POP.TOTL,57984,57984
Bhutan,BTN,SP.POP.TOTL,599784,599784
Bolivia,BOL,SP.POP.TOTL,7280289,7280289
Bosnia and Herzegovina,BIH,SP.POP.TOTL,4458343,4458343
Botswana,BWA,SP.POP.TOTL,1341756,1341756
Brazil,BRA,SP.POP.TOTL,151724256,151724256
British Virgin Islands,VGB,SP.POP.TOTL,16187,16187
Brunei Darussalam,BRN,SP.POP.TOTL,262596,262596
Bulgaria,BGR,SP.POP.TOTL,8632367,8632367
Burkina Faso,BFA,SP.POP.TOTL,9394632,9394632
Burundi,BDI,SP.POP.TOTL,5703857,5703857
Cabo Verde,CPV,SP.POP.TOTL,384586,384586
Cambodia,KHM,SP.POP.TOTL,7686850,7686850
Cameroon,CMR,SP.POP.TOTL,11667180,11667180
Canada,CAN,SP.POP.TOTL,28037420,28037420
Caribbean small states,CSS,SP.POP.TOTL,2415594,2415594
Cayman Islands,CYM,SP.POP.TOTL,27294,27294
Central African Republic,CAF,SP.POP.TOTL,2963191,2963191
Central Europe and the Baltics,CEB,SP.POP.TOTL,110469467,110469467
Chad,TCD,SP.POP.TOTL,6205676,6205676
Channel Islands,CHI,SP.POP.TOTL,144269,144269
Chile,CHL,SP.POP.TOTL,13662491,13662491
China,CHN,SP.POP.TOTL,1150780000,1150780000
Colombia,COL,SP.POP.TOTL,33098372,33098372
Comoros,COM,SP.POP.TOTL,455556,455556
"Congo, Dem. Rep.",COD,SP.POP.TOTL,37925817,37925817
"Congo, Rep.",COG,SP.POP.TOTL,2449229,2449229
Costa Rica,CRI,SP.POP.TOTL,3202176,3202176
Cote d'Ivoire,CIV,SP.POP.TOTL,12683870,12683870
Croatia,HRV,SP.POP.TOTL,4689022,4689022
Cuba,CUB,SP.POP.TOTL,10717640,10717640
Curacao,CUW,SP.POP.TOTL,144403,144403
Cyprus,CYP,SP.POP.TOTL,798944,798944
Czechia,CZE,SP.POP.TOTL,10308578,10308578
Denmark,DNK,SP.POP.TOTL,5154298,5154298
Djibouti,DJI,SP.POP.TOTL,631092,631092
Dominica,DMA,SP.POP.TOTL,69296,69296
Dominican Republic,DOM,SP.POP.TOTL,7299853,7299853
Early-demographic dividend,EAR,SP.POP.TOTL,2092102478,2092102478
East Asia & Pacific,EAS,SP.POP.TOTL,1844189720,1844189720
East Asia & Pacific (excluding high income),EAP,SP.POP.TOTL,1625498444,1625498444
East Asia & Pacific (IDA & IBRD countries),TEA,SP.POP.TOTL,1604095270,1604095270
Ecuador,ECU,SP.POP.TOTL,10702380,10702380
"Egypt, Arab Rep.",EGY,SP.POP.TOTL,60028997,60028997
El Salvador,SLV,SP.POP.TOTL,5495077,5495077
Equatorial Guinea,GNQ,SP.POP.TOTL,492217,492217
Eritrea,ERI,SP.POP.TOTL,1919571,1919571
Estonia,EST,SP.POP.TOTL,1561314,1561314
Eswatini,SWZ,SP.POP.TOTL,908189,908189
Ethiopia,ETH,SP.POP.TOTL,49717198,49717198
Euro area,EMU,SP.POP.TOTL,317407910,317407910
Europe & Central Asia,ECS,SP.POP.TOTL,849169384,849169384
Europe & Central Asia (excluding high income),ECA,SP.POP.TOTL,210169114,210169114
Europe & Central Asia (IDA & IBRD countries),TEC,SP.POP.TOTL,433132067,433132067
European Union,EUU,SP.POP.TOTL,421741276,421741276
Faroe Islands,FRO,SP.POP.TOTL,47446,47446
Fiji,FJI,SP.POP.TOTL,779656,779656
Finland,FIN,SP.POP.TOTL,5013740,5013740
Fragile and conflict affected situations,FCS,SP.POP.TOTL,499975816,499975816
France,FRA,SP.POP.TOTL,58554242,58554242
French Polynesia,PYF,SP.POP.TOTL,207744,207744
Gabon,GAB,SP.POP.TOTL,1010818,1010818
"Gambia, The",GMB,SP.POP.TOTL,1099959,1099959
Georgia,GEO,SP.POP.TOTL,4835900,4835900
Germany,DEU,SP.POP.TOTL,80013896,80013896
Ghana,GHA,SP.POP.TOTL,15787496,15787496
Gibraltar,GIB,SP.POP.TOTL,26898,26898
Greece,GRC,SP.POP.TOTL,10319927,10319927
Greenland,GRL,SP.POP.TOTL,55500,55500
Grenada,GRD,SP.POP.TOTL,100793,100793
Guam,GUM,SP.POP.TOTL,141073,141073
Guatemala,GTM,SP.POP.TOTL,9272584,9272584
Guinea,GIN,SP.POP.TOTL,6697166,6697166
Guinea-Bissau,GNB,SP.POP.TOTL,994639,994639
Guyana,GUY,SP.POP.TOTL,747861,747861
Haiti,HTI,SP.POP.TOTL,6995450,6995450
Heavily indebted poor countries (HIPC),HPC,SP.POP.TOTL,371411648,371411648
High income,HIC,SP.POP.TOTL,1187418220,1187418220
Honduras,HND,SP.POP.TOTL,5123792,5123792
"Hong Kong SAR, China",HKG,SP.POP.TOTL,5752000,5752000
Hungary,HUN,SP.POP.TOTL,10373400,10373400
IBRD only,IBD,SP.POP.TOTL,3513390696,3513390696
Iceland,ISL,SP.POP.TOTL,257797,257797
IDA & IBRD total,IBT,SP.POP.TOTL,4411587746,4411587746
IDA blend,IDB,SP.POP.TOTL,296807647,296807647
IDA only,IDX,SP.POP.TOTL,601389403,601389403
IDA total,IDA,SP.POP.TOTL,898197050,898197050
India,IND,SP.POP.TOTL,883927600,883927600
Indonesia,IDN,SP.POP.TOTL,186778238,186778238
"Iran, Islamic Rep.",IRN,SP.POP.TOTL,59986931,59986931
Iraq,IRQ,SP.POP.TOTL,17767253,17767253
Ireland,IRL,SP.POP.TOTL,3534235,3534235
Isle of Man,IMN,SP.POP.TOTL,69808,69808
Israel,ISR,SP.POP.TOTL,4949000,4949000
Italy,ITA,SP.POP.TOTL,56758521,56758521
Jamaica,JAM,SP.POP.TOTL,2400869,2400869
Japan,JPN,SP.POP.TOTL,123964000,123964000
Jordan,JOR,SP.POP.TOTL,3915149,3915149
Kazakhstan,KAZ,SP.POP.TOTL,17278600,17278600
Kenya,KEN,SP.POP.TOTL,23646514,23646514
Kiribati,KIR,SP.POP.TOTL,76367,76367
"Korea, Dem. People's Rep.",PRK,SP.POP.TOTL,21428638,21428638
"Korea, Rep.",KOR,SP.POP.TOTL,43295704,43295704
Kosovo,XKX,SP.POP.TOTL,2005362,2005362
Kuwait,KWT,SP.POP.TOTL,1351399,1351399
Kyrgyz Republic,KGZ,SP.POP.TOTL,4463634,4463634
Lao PDR,LAO,SP.POP.TOTL,4435118,4435118
Late-demographic dividend,LTE,SP.POP.TOTL,1868272190,1868272190
Latin America & Caribbean,LCN,SP.POP.TOTL,449128999,449128999
Latin America & Caribbean (excluding high income),LAC,SP.POP.TOTL,402885264,402885264
Latin America & the Caribbean (IDA & IBRD countries),TLA,SP.POP.TOTL,434138780,434138780
Latvia,LVA,SP.POP.TOTL,2650581,2650581
Least developed countries: UN classification,LDC,SP.POP.TOTL,532595517,532595517
Lebanon,LBN,SP.POP.TOTL,3668912,3668912
Lesotho,LSO,SP.POP.TOTL,1842379,1842379
Liberia,LBR,SP.POP.TOTL,1956518,1956518
Libya,LBY,SP.POP.TOTL,4544400,4544400
Liechtenstein,LIE,SP.POP.TOTL,29209,29209
Lithuania,LTU,SP.POP.TOTL,3704134,3704134
Low & middle income,LMY,SP.POP.TOTL,4180772857,4180772857
Low income,LIC,SP.POP.TOTL,300652921,300652921
Lower middle income,LMC,SP.POP.TOTL,1751517997,1751517997
Luxembourg,LUX,SP.POP.TOTL,387000,387000
"Macao SAR, China",MAC,SP.POP.TOTL,351650,351650
Madagascar,MDG,SP.POP.TOTL,12421412,12421412
Malawi,MWI,SP.POP.TOTL,9844227,9844227
Malaysia,MYS,SP.POP.TOTL,18342464,18342464
Maldives,MDV,SP.POP.TOTL,231802,231802
Mali,MLI,SP.POP.TOTL,9362888,9362888
Malta,MLT,SP.POP.TOTL,363845,363845
Marshall Islands,MHL,SP.POP.TOTL,45568,45568
Mauritania,MRT,SP.POP.TOTL,2009738,2009738
Mauritius,MUS,SP.POP.TOTL,1070266,1070266
Mexico,MEX,SP.POP.TOTL,84430572,84430572
"Micronesia, Fed. Sts.",FSM,SP.POP.TOTL,102754,102754
Middle East & North Africa,MEA,SP.POP.TOTL,261952362,261952362
Middle East & North Africa (excluding high income),MNA,SP.POP.TOTL,239311370,239311370
Middle East & North Africa (IDA & IBRD countries),TMN,SP.POP.TOTL,237242525,237242525
Middle income,MIC,SP.POP.TOTL,3880119936,3880119936
Moldova,MDA,SP.POP.TOTL,2981566,2981566
Monaco,MCO,SP.POP.TOTL,30625,30625
Mongolia,MNG,SP.POP.TOTL,2165342,2165342
Montenegro,MNE,SP.POP.TOTL,607105,607105
Morocco,MAR,SP.POP.TOTL,24799014,24799014
Mozambique,MOZ,SP.POP.TOTL,13352090,13352090
Myanmar,MMR,SP.POP.TOTL,40394154,40394154
Namibia,NAM,SP.POP.TOTL,1415684,1415684
Nauru,NRU,SP.POP.TOTL,9850,9850
Nepal,NPL,SP.POP.TOTL,20036500,20036500
Netherlands,NLD,SP.POP.TOTL,15069798,15069798
New Caledonia,NCL,SP.POP.TOTL,181238,181238
New Zealand,NZL,SP.POP.TOTL,3495100,3495100
Nicaragua,NIC,SP.POP.TOTL,4259637,4259637
Niger,NER,SP.POP.TOTL,8546900,8546900
Nigeria,NGA,SP.POP.TOTL,99720162,99720162
North America,NAC,SP.POP.TOTL,281076404,281076404
North Macedonia,MKD,SP.POP.TOTL,2055994,2055994
Northern Mariana Islands,MNP,SP.POP.TOTL,44393,44393
Norway,NOR,SP.POP.TOTL,4261732,4261732
OECD members,OED,SP.POP.TOTL,1118410105,1118410105
Oman,OMN,SP.POP.TOTL,1851473,1851473
Other small states,OSS,SP.POP.TOTL,9634139,9634139
Pacific island small states,PSS,SP.POP.TOTL,1801531,1801531
Pakistan,PAK,SP.POP.TOTL,120060406,120060406
Palau,PLW,SP.POP.TOTL,15614,15614
Panama,PAN,SP.POP.TOTL,2508265,2508265
Papua New Guinea,PNG,SP.POP.TOTL,4021837,4021837
Paraguay,PRY,SP.POP.TOTL,4144364,4144364
Peru,PER,SP.POP.TOTL,22483775,22483775
Philippines,PHL,SP.POP.TOTL,64382249,64382249
Poland,POL,SP.POP.TOTL,38246193,38246193
Portugal,PRT,SP.POP.TOTL,9960235,9960235
Post-demographic dividend,PST,SP.POP.TOTL,971291914,971291914
Pre-demographic dividend,PRE,SP.POP.TOTL,433111892,433111892
Puerto Rico,PRI,SP.POP.TOTL,3562110,3562110
Qatar,QAT,SP.POP.TOTL,454853,454853
Romania,ROU,SP.POP.TOTL,23001155,23001155
Russian Federation,RUS,SP.POP.TOTL,148394216,148394216
Rwanda,RWA,SP.POP.TOTL,7526966,7526966
Samoa,WSM,SP.POP.TOTL,169368,169368
San Marino,SMR,SP.POP.TOTL,23797,23797
Sao Tome and Principe,STP,SP.POP.TOTL,125697,125697
Saudi Arabia,SAU,SP.POP.TOTL,11160744,11160744
Senegal,SEN,SP.POP.TOTL,7943085,7943085
Serbia,SRB,SP.POP.TOTL,7595636,7595636
Seychelles,SYC,SP.POP.TOTL,70439,70439
Sierra Leone,SLE,SP.POP.TOTL,4246267,4246267
Singapore,SGP,SP.POP.TOTL,3135083,3135083
Sint Maarten (Dutch part),SXM,SP.POP.TOTL,30046,30046
Slovak Republic,SVK,SP.POP.TOTL,5303294,5303294
Slovenia,SVN,SP.POP.TOTL,1999429,1999429
Small states,SST,SP.POP.TOTL,13851264,13851264
Solomon Islands,SLB,SP.POP.TOTL,341738,341738
Somalia,SOM,SP.POP.TOTL,6813760,6813760
South Africa,ZAF,SP.POP.TOTL,41687898,41687898
South Asia,SAS,SP.POP.TOTL,1167357434,1167357434
South Asia (IDA & IBRD),TSA,SP.POP.TOTL,1167357434,1167357434
South Sudan,SSD,SP.POP.TOTL,4836677,4836677
Spain,ESP,SP.POP.TOTL,38966376,38966376
Sri Lanka,LKA,SP.POP.TOTL,16475354,16475354
St. Kitts and Nevis,KNA,SP.POP.TOTL,40358,40358
St. Lucia,LCA,SP.POP.TOTL,139520,139520
St. Martin (French part),MAF,SP.POP.TOTL,28800,28800
St. Vincent and the Grenadines,VCT,SP.POP.TOTL,112222,112222
Sub-Saharan Africa,SSF,SP.POP.TOTL,535621670,535621670
Sub-Saharan Africa (excluding high income),SSA,SP.POP.TOTL,535551231,535551231
Sub-Saharan Africa (IDA & IBRD countries),TSS,SP.POP.TOTL,535621670,535621670
Sudan,SDN,SP.POP.TOTL,22470676,22470676
Suriname,SUR,SP.POP.TOTL,415013,415013
Sweden,SWE,SP.POP.TOTL,8617375,8617375
Switzerland,CHE,SP.POP.TOTL,6799978,6799978
Syrian Arab Republic,SYR,SP.POP.TOTL,12980821,12980821
Tajikistan,TJK,SP.POP.TOTL,5541205,5541205
Tanzania,TZA,SP.POP.TOTL,26780436,26780436
Thailand,THA,SP.POP.TOTL,55637434,55637434
Timor-Leste,TLS,SP.POP.TOTL,778278,778278
Togo,TGO,SP.POP.TOTL,4115560,4115560
Tonga,TON,SP.POP.TOTL,99895,99895
Trinidad and Tobago,TTO,SP.POP.TOTL,1262171,1262171
Tunisia,TUN,SP.POP.TOTL,8501827,8501827
Turkiye,TUR,SP.POP.TOTL,57009887,57009887
Turkmenistan,TKM,SP.POP.TOTL,3855894,3855894
Turks and Caicos Islands,TCA,SP.POP.TOTL,12305,12305
Tuvalu,TUV,SP.POP.TOTL,8928,8928
Uganda,UGA,SP.POP.TOTL,18155901,18155901
Ukraine,UKR,SP.POP.TOTL,52170961,52170961
United Arab Emirates,ARE,SP.POP.TOTL,2006626,2006626
United Kingdom,GBR,SP.POP.TOTL,57424897,57424897
United States,USA,SP.POP.TOTL,252981000,252981000
Upper middle income,UMC,SP.POP.TOTL,2128601939,2128601939
Uruguay,URY,SP.POP.TOTL,3122354,3122354
Uzbekistan,UZB,SP.POP.TOTL,20962910,20962910
Vanuatu,VUT,SP.POP.TOTL,151793,151793
"Venezuela, RB",VEN,SP.POP.TOTL,20304896,20304896
Viet Nam,VNM,SP.POP.TOTL,66891775,66891775
Virgin Islands (U.S.),VIR,SP.POP.TOTL,104807,104807
West Bank and Gaza,PSE,SP.POP.TOTL,2068845,2068845
World,WLD,SP.POP.TOTL,5388495973,5388495973
"Yemen, Rep.",YEM,SP.POP.TOTL,14430201,14430201
Zambia,ZMB,SP.POP.TOTL,7981650,7981650
Zimbabwe,ZWE,SP.POP.TOTL,10404816,10404816
Grand Total,,,56248960914,56248960914
