Year,1961,Unnamed: 2,Unnamed: 3,Unnamed: 4
,,,,
Sum of Population,,,Indicator Name,
Country Name,Country Code,Indicator Code,"Population, total",Grand Total
Afghanistan,AFG,SP.POP.TOTL,9214083,9214083
Africa Eastern and Southern,AFE,SP.POP.TOTL,133534923,133534923
Africa Western and Central,AFW,SP.POP.TOTL,99706674,99706674
Albania,ALB,SP.POP.TOTL,1659800,1659800
Algeria,DZA,SP.POP.TOTL,11628883,11628883
American Samoa,ASM,SP.POP.TOTL,20666,20666
Andorra,AND,SP.POP.TOTL,10283,10283
Angola,AGO,SP.POP.TOTL,5301583,5301583
Antigua and Barbuda,ATG,SP.POP.TOTL,56540,56540
Arab World,ARB,SP.POP.TOTL,93931683,93931683
Argentina,ARG,SP.POP.TOTL,20726276,20726276
Armenia,ARM,SP.POP.TOTL,1927484,1927484
Aruba,ABW,SP.POP.TOTL,55578,55578
Australia,AUS,SP.POP.TOTL,10483000,10483000
Austria,AUT,SP.POP.TOTL,7086299,7086299
Azerbaijan,AZE,SP.POP.TOTL,4045750,4045750
"Bahamas, The",BHS,SP.POP.TOTL,122197,122197
Bahrain,BHR,SP.POP.TOTL,172346,172346
Bangladesh,BGD,SP.POP.TOTL,53310348,53310348
Barbados,BRB,SP.POP.TOTL,233148,233148
Belarus,BLR,SP.POP.TOTL,8271216,8271216
Belgium,BEL,SP.POP.TOTL,9183948,9183948
Belize,BLZ,SP.POP.TOTL,93632,93632
Benin,BEN,SP.POP.TOTL,2559223,2559223
Bermuda,BMU,SP.POP.TOTL,43123,43123
Bhutan,BTN,SP.POP.TOTL,230602,230602
Bolivia,BOL,SP.POP.TOTL,3778731,3778731
Bosnia and Herzegovina,BIH,SP.POP.TOTL,3348035,3348035
Botswana,BWA,SP.POP.TOTL,527942,527942
Brazil,BRA,SP.POP.TOTL,74605447,74605447
British Virgin Islands,VGB,SP.POP.TOTL,8034,8034
Brunei Darussalam,BRN,SP.POP.TOTL,92517,92517
Bulgaria,BGR,SP.POP.TOTL,7943118,7943118
Burkina Faso,BFA,SP.POP.TOTL,4848224,4848224
Burundi,BDI,SP.POP.TOTL,2835119,2835119
Cabo Verde,CPV,SP.POP.TOTL,215087,215087
Cambodia,KHM,SP.POP.TOTL,5571168,5571168
Cameroon,CMR,SP.POP.TOTL,5239273,5239273
Canada,CAN,SP.POP.TOTL,18271000,18271000
Caribbean small states,CSS,SP.POP.TOTL,1751114,1751114
Cayman Islands,CYM,SP.POP.TOTL,8601,8601
Central African Republic,CAF,SP.POP.TOTL,1734580,1734580
Central Europe and the Baltics,CEB,SP.POP.TOTL,92232738,92232738
Chad,TCD,SP.POP.TOTL,3111947,3111947
Channel Islands,CHI,SP.POP.TOTL,111782,111782
Chile,CHL,SP.POP.TOTL,8324802,8324802
China,CHN,SP.POP.TOTL,660330000,660330000
Colombia,COL,SP.POP.TOTL,16095203,16095203
Comoros,COM,SP.POP.TOTL,201201,201201
"Congo, Dem. Rep.",COD,SP.POP.TOTL,15662374,15662374
"Congo, Rep.",COG,SP.POP.TOTL,1084389,1084389
Costa Rica,CRI,SP.POP.TOTL,1377920,1377920
Cote d'Ivoire,CIV,SP.POP.TOTL,3810151,3810151
Croatia,HRV,SP.POP.TOTL,4167292,4167292
Cuba,CUB,SP.POP.TOTL,7387117,7387117
Curacao,CUW,SP.POP.TOTL,126125,126125
Cyprus,CYP,SP.POP.TOTL,595514,595514
Czechia,CZE,SP.POP.TOTL,9586651,9586651
Denmark,DNK,SP.POP.TOTL,4611687,4611687
Djibouti,DJI,SP.POP.TOTL,89390,89390
Dominica,DMA,SP.POP.TOTL,60209,60209
Dominican Republic,DOM,SP.POP.TOTL,3373233,3373233
Early-demographic dividend,EAR,SP.POP.TOTL,994176841,994176841
East Asia & Pacific,EAS,SP.POP.TOTL,1044749888,1044749888
East Asia & Pacific (excluding high income),EAP,SP.POP.TOTL,895534581,895534581
East Asia & Pacific (IDA & IBRD countries),TEA,SP.POP.TOTL,883558197,883558197
Ecuador,ECU,SP.POP.TOTL,4722331,4722331
"Egypt, Arab Rep.",EGY,SP.POP.TOTL,27600898,27600898
El Salvador,SLV,SP.POP.TOTL,2870016,2870016
Equatorial Guinea,GNQ,SP.POP.TOTL,274896,274896
Eritrea,ERI,SP.POP.TOTL,995573,995573
Estonia,EST,SP.POP.TOTL,1225077,1225077
Eswatini,SWZ,SP.POP.TOTL,353264,353264
Ethiopia,ETH,SP.POP.TOTL,21906102,21906102
Euro area,EMU,SP.POP.TOTL,272472951,272472951
Europe & Central Asia,ECS,SP.POP.TOTL,675549997,675549997
Europe & Central Asia (excluding high income),ECA,SP.POP.TOTL,131617926,131617926
Europe & Central Asia (IDA & IBRD countries),TEC,SP.POP.TOTL,313483586,313483586
European Union,EUU,SP.POP.TOTL,360682976,360682976
Faroe Islands,FRO,SP.POP.TOTL,34557,34557
Fiji,FJI,SP.POP.TOTL,417406,417406
Finland,FIN,SP.POP.TOTL,4461005,4461005
Fragile and conflict affected situations,FCS,SP.POP.TOTL,250748792,250748792
France,FRA,SP.POP.TOTL,47905982,47905982
French Polynesia,PYF,SP.POP.TOTL,85434,85434
Gabon,GAB,SP.POP.TOTL,518266,518266
"Gambia, The",GMB,SP.POP.TOTL,408930,408930
Georgia,GEO,SP.POP.TOTL,3703600,3703600
Germany,DEU,SP.POP.TOTL,73377632,73377632
Ghana,GHA,SP.POP.TOTL,7162667,7162667
Gibraltar,GIB,SP.POP.TOTL,21872,21872
Greece,GRC,SP.POP.TOTL,8398050,8398050
Greenland,GRL,SP.POP.TOTL,33700,33700
Grenada,GRD,SP.POP.TOTL,95335,95335
Guam,GUM,SP.POP.TOTL,71311,71311
Guatemala,GTM,SP.POP.TOTL,4186201,4186201
Guinea,GIN,SP.POP.TOTL,3619551,3619551
Guinea-Bissau,GNB,SP.POP.TOTL,582532,582532
Guyana,GUY,SP.POP.TOTL,582568,582568
Haiti,HTI,SP.POP.TOTL,3929030,3929030
Heavily indebted poor countries (HIPC),HPC,SP.POP.TOTL,167634887,167634887
High income,HIC,SP.POP.TOTL,918072786,918072786
Honduras,HND,SP.POP.TOTL,2121242,2121242
"Hong Kong SAR, China",HKG,SP.POP.TOTL,3168100,3168100
Hungary,HUN,SP.POP.TOTL,10029321,10029321
IBRD only,IBD,SP.POP.TOTL,1915613080,1915613080
Iceland,ISL,SP.POP.TOTL,179029,179029
IDA & IBRD total,IBT,SP.POP.TOTL,2321079191,2321079191
IDA blend,IDB,SP.POP.TOTL,123878633,123878633
IDA only,IDX,SP.POP.TOTL,281587478,281587478
IDA total,IDA,SP.POP.TOTL,405466111,405466111
India,IND,SP.POP.TOTL,446564729,446564729
Indonesia,IDN,SP.POP.TOTL,90791249,90791249
"Iran, Islamic Rep.",IRN,SP.POP.TOTL,22125726,22125726
Iraq,IRQ,SP.POP.TOTL,7194553,7194553
Ireland,IRL,SP.POP.TOTL,2824400,2824400
Isle of Man,IMN,SP.POP.TOTL,48451,48451
Israel,ISR,SP.POP.TOTL,2185000,2185000
Italy,ITA,SP.POP.TOTL,50536350,50536350
Jamaica,JAM,SP.POP.TOTL,1673261,1673261
Japan,JPN,SP.POP.TOTL,94055000,94055000
Jordan,JOR,SP.POP.TOTL,897591,897591
Kazakhstan,KAZ,SP.POP.TOTL,9742085,9742085
Kenya,KEN,SP.POP.TOTL,7987770,7987770
Kiribati,KIR,SP.POP.TOTL,48323,48323
"Korea, Dem. People's Rep.",PRK,SP.POP.TOTL,11990713,11990713
"Korea, Rep.",KOR,SP.POP.TOTL,25765673,25765673
Kosovo,XKX,SP.POP.TOTL,1011421,1011421
Kuwait,KWT,SP.POP.TOTL,345945,345945
Kyrgyz Republic,KGZ,SP.POP.TOTL,2255900,2255900
Lao PDR,LAO,SP.POP.TOTL,2169796,2169796
Late-demographic dividend,LTE,SP.POP.TOTL,1096959453,1096959453
Latin America & Caribbean,LCN,SP.POP.TOTL,224737321,224737321
Latin America & Caribbean (excluding high income),LAC,SP.POP.TOTL,199676421,199676421
Latin America & the Caribbean (IDA & IBRD countries),TLA,SP.POP.TOTL,214582669,214582669
Latvia,LVA,SP.POP.TOTL,2152681,2152681
Least developed countries: UN classification,LDC,SP.POP.TOTL,250984924,250984924
Lebanon,LBN,SP.POP.TOTL,1850084,1850084
Lesotho,LSO,SP.POP.TOTL,758824,758824
Liberia,LBR,SP.POP.TOTL,1167717,1167717
Libya,LBY,SP.POP.TOTL,1555699,1555699
Liechtenstein,LIE,SP.POP.TOTL,16877,16877
Lithuania,LTU,SP.POP.TOTL,2823550,2823550
Low & middle income,LMY,SP.POP.TOTL,2136240778,2136240778
Low income,LIC,SP.POP.TOTL,139355324,139355324
Lower middle income,LMC,SP.POP.TOTL,839649083,839649083
Luxembourg,LUX,SP.POP.TOTL,316845,316845
"Macao SAR, China",MAC,SP.POP.TOTL,173323,173323
Madagascar,MDG,SP.POP.TOTL,5246158,5246158
Malawi,MWI,SP.POP.TOTL,3715534,3715534
Malaysia,MYS,SP.POP.TOTL,8164443,8164443
Maldives,MDV,SP.POP.TOTL,93450,93450
Mali,MLI,SP.POP.TOTL,5482283,5482283
Malta,MLT,SP.POP.TOTL,325250,325250
Marshall Islands,MHL,SP.POP.TOTL,15219,15219
Mauritania,MRT,SP.POP.TOTL,846167,846167
Mauritius,MUS,SP.POP.TOTL,680757,680757
Mexico,MEX,SP.POP.TOTL,37890118,37890118
"Micronesia, Fed. Sts.",FSM,SP.POP.TOTL,44610,44610
Middle East & North Africa,MEA,SP.POP.TOTL,105933296,105933296
Middle East & North Africa (excluding high income),MNA,SP.POP.TOTL,99660885,99660885
Middle East & North Africa (IDA & IBRD countries),TMN,SP.POP.TOTL,99660885,99660885
Middle income,MIC,SP.POP.TOTL,1996885454,1996885454
Moldova,MDA,SP.POP.TOTL,2103327,2103327
Monaco,MCO,SP.POP.TOTL,21901,21901
Mongolia,MNG,SP.POP.TOTL,1009284,1009284
Montenegro,MNE,SP.POP.TOTL,491140,491140
Morocco,MAR,SP.POP.TOTL,11931085,11931085
Mozambique,MOZ,SP.POP.TOTL,6834936,6834936
Myanmar,MMR,SP.POP.TOTL,22210581,22210581
Namibia,NAM,SP.POP.TOTL,603067,603067
Nauru,NRU,SP.POP.TOTL,4774,4774
Nepal,NPL,SP.POP.TOTL,10318396,10318396
Netherlands,NLD,SP.POP.TOTL,11638712,11638712
New Caledonia,NCL,SP.POP.TOTL,82521,82521
New Zealand,NZL,SP.POP.TOTL,2419700,2419700
Nicaragua,NIC,SP.POP.TOTL,1836451,1836451
Niger,NER,SP.POP.TOTL,3608162,3608162
Nigeria,NGA,SP.POP.TOTL,45989310,45989310
North America,NAC,SP.POP.TOTL,202005123,202005123
North Macedonia,MKD,SP.POP.TOTL,1455171,1455171
Northern Mariana Islands,MNP,SP.POP.TOTL,8995,8995
Norway,NOR,SP.POP.TOTL,3609800,3609800
OECD members,OED,SP.POP.TOTL,820797329,820797329
Oman,OMN,SP.POP.TOTL,539854,539854
Other small states,OSS,SP.POP.TOTL,5547310,5547310
Pacific island small states,PSS,SP.POP.TOTL,938244,938244
Pakistan,PAK,SP.POP.TOTL,46921277,46921277
Palau,PLW,SP.POP.TOTL,9555,9555
Panama,PAN,SP.POP.TOTL,1159870,1159870
Papua New Guinea,PNG,SP.POP.TOTL,2046127,2046127
Paraguay,PRY,SP.POP.TOTL,1927394,1927394
Peru,PER,SP.POP.TOTL,10475123,10475123
Philippines,PHL,SP.POP.TOTL,28792621,28792621
Poland,POL,SP.POP.TOTL,29964000,29964000
Portugal,PRT,SP.POP.TOTL,8929316,8929316
Post-demographic dividend,PST,SP.POP.TOTL,765443499,765443499
Pre-demographic dividend,PRE,SP.POP.TOTL,193342737,193342737
Puerto Rico,PRI,SP.POP.TOTL,2399722,2399722
Qatar,QAT,SP.POP.TOTL,39680,39680
Romania,ROU,SP.POP.TOTL,18555250,18555250
Russian Federation,RUS,SP.POP.TOTL,121236000,121236000
Rwanda,RWA,SP.POP.TOTL,3106779,3106779
Samoa,WSM,SP.POP.TOTL,115496,115496
San Marino,SMR,SP.POP.TOTL,15799,15799
Sao Tome and Principe,STP,SP.POP.TOTL,68707,68707
Saudi Arabia,SAU,SP.POP.TOTL,2526347,2526347
Senegal,SEN,SP.POP.TOTL,3436375,3436375
Serbia,SRB,SP.POP.TOTL,6689077,6689077
Seychelles,SYC,SP.POP.TOTL,42889,42889
Sierra Leone,SLE,SP.POP.TOTL,2304227,2304227
Singapore,SGP,SP.POP.TOTL,1702400,1702400
Sint Maarten (Dutch part),SXM,SP.POP.TOTL,2970,2970
Slovak Republic,SVK,SP.POP.TOTL,4191667,4191667
Slovenia,SVN,SP.POP.TOTL,1594131,1594131
Small states,SST,SP.POP.TOTL,8236668,8236668
Solomon Islands,SLB,SP.POP.TOTL,142912,142912
Somalia,SOM,SP.POP.TOTL,2952054,2952054
South Africa,ZAF,SP.POP.TOTL,16908035,16908035
South Asia,SAS,SP.POP.TOTL,576552257,576552257
South Asia (IDA & IBRD),TSA,SP.POP.TOTL,576552257,576552257
South Sudan,SSD,SP.POP.TOTL,2976724,2976724
Spain,ESP,SP.POP.TOTL,30739250,30739250
Sri Lanka,LKA,SP.POP.TOTL,9899372,9899372
St. Kitts and Nevis,KNA,SP.POP.TOTL,55334,55334
St. Lucia,LCA,SP.POP.TOTL,93490,93490
St. Martin (French part),MAF,SP.POP.TOTL,4386,4386
St. Vincent and the Grenadines,VCT,SP.POP.TOTL,85870,85870
Sub-Saharan Africa,SSF,SP.POP.TOTL,233241597,233241597
Sub-Saharan Africa (excluding high income),SSA,SP.POP.TOTL,233198708,233198708
Sub-Saharan Africa (IDA & IBRD countries),TSS,SP.POP.TOTL,233241597,233241597
Sudan,SDN,SP.POP.TOTL,8634941,8634941
Suriname,SUR,SP.POP.TOTL,272791,272791
Sweden,SWE,SP.POP.TOTL,7519998,7519998
Switzerland,CHE,SP.POP.TOTL,5434294,5434294
Syrian Arab Republic,SYR,SP.POP.TOTL,4815466,4815466
Tajikistan,TJK,SP.POP.TOTL,2181805,2181805
Tanzania,TZA,SP.POP.TOTL,10187886,10187886
Thailand,THA,SP.POP.TOTL,27650334,27650334
Timor-Leste,TLS,SP.POP.TOTL,475291,475291
Togo,TGO,SP.POP.TOTL,1702717,1702717
Tonga,TON,SP.POP.TOTL,68037,68037
Trinidad and Tobago,TTO,SP.POP.TOTL,863144,863144
Tunisia,TUN,SP.POP.TOTL,4316278,4316278
Turkiye,TUR,SP.POP.TOTL,29119238,29119238
Turkmenistan,TKM,SP.POP.TOTL,1695400,1695400
Turks and Caicos Islands,TCA,SP.POP.TOTL,5622,5622
Tuvalu,TUV,SP.POP.TOTL,5648,5648
Uganda,UGA,SP.POP.TOTL,7862217,7862217
Ukraine,UKR,SP.POP.TOTL,43399766,43399766
United Arab Emirates,ARE,SP.POP.TOTL,137989,137989
United Kingdom,GBR,SP.POP.TOTL,52800000,52800000
United States,USA,SP.POP.TOTL,183691000,183691000
Upper middle income,UMC,SP.POP.TOTL,1157236371,1157236371
Uruguay,URY,SP.POP.TOTL,2562044,2562044
Uzbekistan,UZB,SP.POP.TOTL,8517711,8517711
Vanuatu,VUT,SP.POP.TOTL,66264,66264
"Venezuela, RB",VEN,SP.POP.TOTL,8455915,8455915
Viet Nam,VNM,SP.POP.TOTL,33409059,33409059
Virgin Islands (U.S.),VIR,SP.POP.TOTL,34300,34300
World,WLD,SP.POP.TOTL,3062769479,3062769479
"Yemen, Rep.",YEM,SP.POP.TOTL,5655232,5655232
Zambia,ZMB,SP.POP.TOTL,3254086,3254086
Zimbabwe,ZWE,SP.POP.TOTL,3930401,3930401
Grand Total,,,30902191843,30902191843
