"```csv"
"DataYear","Year_Code","Indicator","Indicator_Code","PopulationTotal","AdjustedTotal"
"Year","1963","","","",""
"","","Sum of Population","","Indicator Name",""
"Country","Country_Code","IndicatorCode","Population_total","GrandTotal"
"Product-Afghanistan","AFG","SP.POP.TOTL","9604487","9.6M"
"Product-Africa Eastern and Southern","AFE","SP.POP.TOTL","140945536","140.9M"
"Africa Western and Central","AFW","SP.POP.TOTL","104089175","104089175"
"Product-Albania","ALB","SP.POP.TOTL","1762621","1762621.0"
"Product-Algeria","DZA","SP.POP.TOTL","11982118","11982118"
"American Samoa","ASM","SP.POP.TOTL","21966","21966"
"Product-Andorra","AND","SP.POP.TOTL","11915","11915"
"Product-Angola","AGO","SP.POP.TOTL","5408320","5.4M"
"Product-Antigua and Barbuda","ATG","SP.POP.TOTL","58138","58138"
"Product-Arab World","ARB","SP.POP.TOTL","99038509","99038509"
"Product-Argentina","ARG","SP.POP.TOTL","21421705","21421705"
"Product-Armenia","ARM","SP.POP.TOTL","2056023","2056023"
"Product-Aruba","ABW","SP.POP.TOTL","57002","57002"
"Product-Australia","AUS","SP.POP.TOTL","10950000","10950000"
"Austria","AUT","SP.POP.TOTL","7175811","7175811"
"Product-Azerbaijan","AZE","SP.POP.TOTL","4293550","4293550"
"Bahamas, The","BHS","SP.POP.TOTL","135087","135087"
"Product-Bahrain","BHR","SP.POP.TOTL","186501","186501"
"Product-Bangladesh","BGD","SP.POP.TOTL","56504402","56504402"
"Product-Barbados","BRB","SP.POP.TOTL","237557","237557"
"Belarus","BLR","SP.POP.TOTL","8437232","8437232"
"Product-Belgium","BEL","SP.POP.TOTL","9289770","9289770"
"Product-Belize","BLZ","SP.POP.TOTL","98704","98704"
"Benin","BEN","SP.POP.TOTL","2652908","2652908"
"Product-Bermuda","BMU","SP.POP.TOTL","45340","45340"
"Bhutan","BTN","SP.POP.TOTL","245156","245156"
"Bolivia","BOL","SP.POP.TOTL","3938913","3938913"
"Product-Bosnia and Herzegovina","BIH","SP.POP.TOTL","3461942","3461942"
"Product-Botswana","BWA","SP.POP.TOTL","552966","552966"
"Product-Brazil","BRA","SP.POP.TOTL","79164235","79164235"
"British Virgin Islands","VGB","SP.POP.TOTL","8114","8114"
"Product-Brunei Darussalam","BRN","SP.POP.TOTL","101159","101159"
"Bulgaria","BGR","SP.POP.TOTL","8078145","8078145"
"Product-Burkina Faso","BFA","SP.POP.TOTL","4993623","4993623"
"Burundi","BDI","SP.POP.TOTL","2969841","2969841"
"Product-Cabo Verde","CPV","SP.POP.TOTL","229373","229373"
"Product-Cambodia","KHM","SP.POP.TOTL","5823010","5823010"
"Product-Cameroon","CMR","SP.POP.TOTL","5456623","5456623"
"Product-Canada","CAN","SP.POP.TOTL","18964000","18964000"
"Caribbean small states","CSS","SP.POP.TOTL","1831474","1831474"
"Product-Cayman Islands","CYM","SP.POP.TOTL","8970","8970"
"Product-Central African Republic","CAF","SP.POP.TOTL","1803063","1803063"
"Central Europe and the Baltics","CEB","SP.POP.TOTL","93840016","93840016"
"Product-Chad","TCD","SP.POP.TOTL","3240905","3240905"
"Product-Channel Islands","CHI","SP.POP.TOTL","114234","114234"
"Chile","CHL","SP.POP.TOTL","8670144","8670144"
"Product-China","CHN","SP.POP.TOTL","682335000","682335000"
"Colombia","COL","SP.POP.TOTL","17113823","17113823"
"Product-Comoros","COM","SP.POP.TOTL","208185","208185"
"Congo, Dem. Rep.","COD","SP.POP.TOTL","16507599","16507599"
"Congo, Rep.","COG","SP.POP.TOTL","1143263","1143263"
"Product-Costa Rica","CRI","SP.POP.TOTL","1481604","1481604"
"Product-Cote d'Ivoire","CIV","SP.POP.TOTL","4112061","4112061"
"Product-Croatia","HRV","SP.POP.TOTL","4225675","4225675"
"Cuba","CUB","SP.POP.TOTL","7701660","7701660"
"Product-Curacao","CUW","SP.POP.TOTL","130860","130860"
"Product-Cyprus","CYP","SP.POP.TOTL","607252","607252"
"Czechia","CZE","SP.POP.TOTL","9670685","9670685"
"Product-Denmark","DNK","SP.POP.TOTL","4684483","4684483"
"Product-Djibouti","DJI","SP.POP.TOTL","97872","97872"
"Product-Dominica","DMA","SP.POP.TOTL","61739","61739"
"Dominican Republic","DOM","SP.POP.TOTL","3588287","3588287"
"Early-demographic dividend","EAR","SP.POP.TOTL","1046697479","1046697479"
"Product-East Asia & Pacific","EAS","SP.POP.TOTL","1085095424","1085095424"
"East Asia & Pacific (excluding high income)","EAP","SP.POP.TOTL","930810837","930810837"
"East Asia & Pacific (IDA & IBRD countries)","TEA","SP.POP.TOTL","918259043","918259043"
"Product-Ecuador","ECU","SP.POP.TOTL","5001716","5001716"
"Egypt, Arab Rep.","EGY","SP.POP.TOTL","29091869","29091869"
"Product-El Salvador","SLV","SP.POP.TOTL","3028679","3028679"
"Product-Equatorial Guinea","GNQ","SP.POP.TOTL","285965","285965"
"Eritrea","ERI","SP.POP.TOTL","1045092","1045092"
"Product-Estonia","EST","SP.POP.TOTL","1258857","1258857"
"Product-Eswatini","SWZ","SP.POP.TOTL","369759","369759"
"Ethiopia","ETH","SP.POP.TOTL","23051637","23051637"
"Product-Euro area","EMU","SP.POP.TOTL","277205348","277205348"
"Product-Europe & Central Asia","ECS","SP.POP.TOTL","691189404","691189404"
"Europe & Central Asia (excluding high income)","ECA","SP.POP.TOTL","137187829","137187829"
"Europe & Central Asia (IDA & IBRD countries)","TEC","SP.POP.TOTL","322961499","322961499"
"Product-European Union","EUU","SP.POP.TOTL","366840786","366840786"
"Product-Faroe Islands","FRO","SP.POP.TOTL","35391","35391"
"Product-Fiji","FJI","SP.POP.TOTL","444276","444276"
"Finland","FIN","SP.POP.TOTL","4523309","4523309"
"Fragile and conflict affected situations","FCS","SP.POP.TOTL","261957739","261957739"
"Product-France","FRA","SP.POP.TOTL","48877567","48877567"
"Product-French Polynesia","PYF","SP.POP.TOTL","89737","89737"
"Product-Gabon","GAB","SP.POP.TOTL","531452","531452"
"Gambia, The","GMB","SP.POP.TOTL","431757","431757"
"Product-Georgia","GEO","SP.POP.TOTL","3816100","3816100"
"Product-Germany","DEU","SP.POP.TOTL","74714353","74714353"
"Ghana","GHA","SP.POP.TOTL","7514714","7514714"
"Product-Gibraltar","GIB","SP.POP.TOTL","22753","22753"
"Greece","GRC","SP.POP.TOTL","8479625","8479625"
"Product-Greenland","GRL","SP.POP.TOTL","36400","36400"
"Product-Grenada","GRD","SP.POP.TOTL","97195","97195"
"Product-Guam","GUM","SP.POP.TOTL","75095","75095"
"Guatemala","GTM","SP.POP.TOTL","4440264","4440264"
"Product-Guinea","GIN","SP.POP.TOTL","3750954","3750954"
"Product-Guinea-Bissau","GNB","SP.POP.TOTL","594418","594418"
"Product-Guyana","GUY","SP.POP.TOTL","608537","608537"
"Haiti","HTI","SP.POP.TOTL","4073068","4073068"
"Heavily indebted poor countries (HIPC)","HPC","SP.POP.TOTL","176063263","176063263"
"Product-High income","HIC","SP.POP.TOTL","940659960","940659960"
"Product-Honduras","HND","SP.POP.TOTL","2244878","2244878"
"Hong Kong SAR, China","HKG","SP.POP.TOTL","3420900","3420900"
"Hungary","HUN","SP.POP.TOTL","10087947","10087947"
"Product-IBRD only","IBD","SP.POP.TOTL","1996753344","1996753344"
"Product-Iceland","ISL","SP.POP.TOTL","185653","185653"
"Product-IDA & IBRD total","IBT","SP.POP.TOTL","2423348992","2423348992"
"IDA blend","IDB","SP.POP.TOTL","130451393","130451393"
"Product-IDA only","IDX","SP.POP.TOTL","296144255","296144255"
"IDA total","IDA","SP.POP.TOTL","426595648","426595648"
"Product-India","IND","SP.POP.TOTL","468138575","468138575"
"Product-Indonesia","IDN","SP.POP.TOTL","96051424","96051424"
"Iran, Islamic Rep.","IRN","SP.POP.TOTL","23519005","23519005"
"Iraq","IRQ","SP.POP.TOTL","7667928","7667928"
"Product-Ireland","IRL","SP.POP.TOTL","2852650","2852650"
"Product-Isle of Man","IMN","SP.POP.TOTL","49151","49151"
"Product-Israel","ISR","SP.POP.TOTL","2379000","2379000"
"Italy","ITA","SP.POP.TOTL","51252000","51252000"
"Product-Jamaica","JAM","SP.POP.TOTL","1721099","1721099"
"Product-Japan","JPN","SP.POP.TOTL","95900000","95900000"
"Product-Jordan","JOR","SP.POP.TOTL","984714","984714"
"Kazakhstan","KAZ","SP.POP.TOTL","10377466","10377466"
"Product-Kenya","KEN","SP.POP.TOTL","8627971","8627971"
"Product-Kiribati","KIR","SP.POP.TOTL","50791","50791"
"Korea, Dem. People's Rep.","PRK","SP.POP.TOTL","12567057","12567057"
"Korea, Rep.","KOR","SP.POP.TOTL","27261747","27261747"
"Product-Kosovo","XKX","SP.POP.TOTL","1062737","1062737"
"Product-Kuwait","KWT","SP.POP.TOTL","427694","427694"
"Product-Kyrgyz Republic","KGZ","SP.POP.TOTL","2413700","2413700"
"Lao PDR","LAO","SP.POP.TOTL","2271061","2271061"
"Late-demographic dividend","LTE","SP.POP.TOTL","1137056579","1137056579"
"Product-Latin America & Caribbean","LCN","SP.POP.TOTL","237499676","237499676"
"Latin America & Caribbean (excluding high income)","LAC","SP.POP.TOTL","211156877","211156877"
"Latin America & the Caribbean (IDA & IBRD countries)","TLA","SP.POP.TOTL","226899749","226899749"
"Product-Latvia","LVA","SP.POP.TOTL","2210919","2210919"
"Least developed countries: UN classification","LDC","SP.POP.TOTL","263557766","263557766"
"Product-Lebanon","LBN","SP.POP.TOTL","1970316","1970316"
"Product-Lesotho","LSO","SP.POP.TOTL","805373","805373"
"Product-Liberia","LBR","SP.POP.TOTL","1227414","1227414"
"Libya","LBY","SP.POP.TOTL","1690457","1690457"
"Product-Liechtenstein","LIE","SP.POP.TOTL","18093","18093"
"Product-Lithuania","LTU","SP.POP.TOTL","2898950","2898950"
"Low & middle income","LMY","SP.POP.TOTL","2234339068","2234339068"
"Product-Low income","LIC","SP.POP.TOTL","146205482","146205482"
"Product-Lower middle income","LMC","SP.POP.TOTL","882371971","882371971"
"Luxembourg","LUX","SP.POP.TOTL","324100","324100"
"Macao SAR, China","MAC","SP.POP.TOTL","182135","182135"
"Product-Madagascar","MDG","SP.POP.TOTL","5525185","5525185"
"Product-Malawi","MWI","SP.POP.TOTL","3900506","3900506"
"Malaysia","MYS","SP.POP.TOTL","8602160","8602160"
"Product-Maldives","MDV","SP.POP.TOTL","98222","98222"
"Product-Mali","MLI","SP.POP.TOTL","5646605","5646605"
"Product-Malta","MLT","SP.POP.TOTL","322550","322550"
"Product-Marshall Islands","MHL","SP.POP.TOTL","16302","16302"
"Mauritania","MRT","SP.POP.TOTL","893423","893423"
"Product-Mauritius","MUS","SP.POP.TOTL","718861","718861"
"Product-Mexico","MEX","SP.POP.TOTL","40424065","40424065"
"Micronesia, Fed. Sts.","FSM","SP.POP.TOTL","47744","47744"
"Middle East & North Africa","MEA","SP.POP.TOTL","111829018","111829018"
"Middle East & North Africa (excluding high income)","MNA","SP.POP.TOTL","105030514","105030514"
"Middle East & North Africa (IDA & IBRD countries)","TMN","SP.POP.TOTL","105030514","105030514"
"Product-Middle income","MIC","SP.POP.TOTL","2088133586","2088133586"
"Product-Moldova","MDA","SP.POP.TOTL","2188895","2188895"
"Product-Monaco","MCO","SP.POP.TOTL","22385","22385"
"Product-Mongolia","MNG","SP.POP.TOTL","1071362","1071362"
"Montenegro","MNE","SP.POP.TOTL","513409","513409"
"Product-Morocco","MAR","SP.POP.TOTL","12577502","12577502"
"Product-Mozambique","MOZ","SP.POP.TOTL","7109828","7109828"
"Myanmar","MMR","SP.POP.TOTL","23213408","23213408"
"Product-Namibia","NAM","SP.POP.TOTL","629589","629589"
"Product-Nauru","NRU","SP.POP.TOTL","5226","5226"
"Product-Nepal","NPL","SP.POP.TOTL","10729818","10729818"
"Netherlands","NLD","SP.POP.TOTL","11965966","11965966"
"Product-New Caledonia","NCL","SP.POP.TOTL","88050","88050"
"Product-New Zealand","NZL","SP.POP.TOTL","2531800","2531800"
"Product-Nicaragua","NIC","SP.POP.TOTL","1950159","1950159"
"Niger","NER","SP.POP.TOTL","3823873","3823873"
"Product-Nigeria","NGA","SP.POP.TOTL","47973575","47973575"
"Product-North America","NAC","SP.POP.TOTL","208251340","208251340"
"North Macedonia","MKD","SP.POP.TOTL","1488737","1488737"
"Product-Northern Mariana Islands","MNP","SP.POP.TOTL","9595","9595"
"Product-Norway","NOR","SP.POP.TOTL","3666537","3666537"
"OECD members","OED","SP.POP.TOTL","843650775","843650775"
"Product-Oman","OMN","SP.POP.TOTL","560827","560827"
"Other small states","OSS","SP.POP.TOTL","5765241","5765241"
"Product-Pacific island small states","PSS","SP.POP.TOTL","993524","993524"
"Product-Pakistan","PAK","SP.POP.TOTL","49447776","49447776"
"Product-Palau","PLW","SP.POP.TOTL","10037","10037"
"Panama","PAN","SP.POP.TOTL","1232124","1232124"
"Product-Papua New Guinea","PNG","SP.POP.TOTL","2141376","2141376"
"Product-Paraguay","PRY","SP.POP.TOTL","2021909","2021909"
"Product-Peru","PER","SP.POP.TOTL","11102099","11102099"
"Philippines","PHL","SP.POP.TOTL","30674731","30674731"
"Product-Poland","POL","SP.POP.TOTL","30712000","30712000"
"Product-Portugal","PRT","SP.POP.TOTL","9030355","9030355"
"Post-demographic dividend","PST","SP.POP.TOTL","783736508","783736508"
"Pre-demographic dividend","PRE","SP.POP.TOTL","202879347","202879347"
"Product-Puerto Rico","PRI","SP.POP.TOTL","2504530","2504530"
"Product-Qatar","QAT","SP.POP.TOTL","50380","50380"
"Product-Romania","ROU","SP.POP.TOTL","18797850","18797850"
"Russian Federation","RUS","SP.POP.TOTL","123960000","123960000"
"Product-Rwanda","RWA","SP.POP.TOTL","3258890","3258890"
"Product-Samoa","WSM","SP.POP.TOTL","121764","121764"
"Product-San Marino","SMR","SP.POP.TOTL","16580","16580"
"Product-Sao Tome and Principe","STP","SP.POP.TOTL","70112","70112"
"Saudi Arabia","SAU","SP.POP.TOTL","2719341","2719341"
"Product-Senegal","SEN","SP.POP.TOTL","3635876","3635876"
"Product-Serbia","SRB","SP.POP.TOTL","6787950","6787950"
"Product-Seychelles","SYC","SP.POP.TOTL","45176","45176"
"Sierra Leone","SLE","SP.POP.TOTL","2382258","2382258"
"Product-Singapore","SGP","SP.POP.TOTL","1795000","1795000"
"Product-Sint Maarten (Dutch part)","SXM","SP.POP.TOTL","3584","3584"
"Slovak Republic","SVK","SP.POP.TOTL","4282017","4282017"
"Product-Slovenia","SVN","SP.POP.TOTL","1616971","1616971"
"Other small states","SST","SP.POP.TOTL","8590239","8590239"
"Product-Solomon Islands","SLB","SP.POP.TOTL","149589","149589"
"Product-Somalia","SOM","SP.POP.TOTL","3110361","3110361"
"South Africa","ZAF","SP.POP.TOTL","17954564","17954564"
"Product-South Asia","SAS","SP.POP.TOTL","605163476","605163476"
"South Asia (IDA & IBRD)","TSA","SP.POP.TOTL","605163476","605163476"
"Product-South Sudan","SSD","SP.POP.TOTL","3072669","3072669"
"Product-Spain","ESP","SP.POP.TOTL","31296651","31296651"
"Sri Lanka","LKA","SP.POP.TOTL","10395040","10395040"
"Product-St. Kitts and Nevis","KNA","SP.POP.TOTL","53441","53441"
"Product-St. Lucia","LCA","SP.POP.TOTL","95519","95519"
"Product-St. Martin (French part)","MAF","SP.POP.TOTL","4673","4673"
"Product-St. Vincent and the Grenadines","VCT","SP.POP.TOTL","88523","88523"
"Product-Sub-Saharan Africa","SSF","SP.POP.TOTL","245034711","245034711"
"Sub-Saharan Africa (excluding high income)","SSA","SP.POP.TOTL","244989535","244989535"
"Sub-Saharan Africa (IDA & IBRD countries)","TSS","SP.POP.TOTL","245034711","245034711"
"Product-Sudan","SDN","SP.POP.TOTL","9218077","9218077"
"Product-Suriname","SUR","SP.POP.TOTL","297034","297034"
"Product-Sweden","SWE","SP.POP.TOTL","7604328","7604328"
"Switzerland","CHE","SP.POP.TOTL","5694247","5694247"
"Product-Syrian Arab Republic","SYR","SP.POP.TOTL","5110467","5110467"
"Product-Tajikistan","TJK","SP.POP.TOTL","2331736","2331736"
"Product-Tanzania","TZA","SP.POP.TOTL","10799528","10799528"
"Product-Thailand","THA","SP.POP.TOTL","29342322","29342322"
"Product-Timor-Leste","TLS","SP.POP.TOTL","490564","490564"
"Togo","TGO","SP.POP.TOTL","1765072","1765072"
"Product-Tonga","TON","SP.POP.TOTL","71885","71885"
"Product-Trinidad and Tobago","TTO","SP.POP.TOTL","896804","896804"
"Product-Tunisia","TUN","SP.POP.TOTL","4427131","4427131"
"Product-Turkiye","TUR","SP.POP.TOTL","30726841","30726841"
"Turkmenistan","TKM","SP.POP.TOTL","1804272","1804272"
"Product-Turks and Caicos Islands","TCA","SP.POP.TOTL","5647","5647"
"Product-Tuvalu","TUV","SP.POP.TOTL","5751","5751"
"Uganda","UGA","SP.POP.TOTL","8333663","8333663"
"Product-Ukraine","UKR","SP.POP.TOTL","44462372","44462372"
"Product-United Arab Emirates","ARE","SP.POP.TOTL","152211","152211"
"Product-United Kingdom","GBR","SP.POP.TOTL","53650000","53650000"
"Product-United States","USA","SP.POP.TOTL","189242000","189242000"
"Product-Upper middle income","UMC","SP.POP.TOTL","1205761615","1205761615"
"Product-Uruguay","URY","SP.POP.TOTL","2623766","2623766"
"Product-Uzbekistan","UZB","SP.POP.TOTL","9202246","9202246"
"Vanuatu","VUT","SP.POP.TOTL","70159","70159"
"Venezuela, RB","VEN","SP.POP.TOTL","9064021","9064021"
"Product-Viet Nam","VNM","SP.POP.TOTL","35249101","35249101"
"Product-Virgin Islands (U.S.)","VIR","SP.POP.TOTL","39800","39800"
"Product-World","WLD","SP.POP.TOTL","3184063049","3184063049"
"Yemen, Rep.","YEM","SP.POP.TOTL","5911135","5911135"
"Zambia","ZMB","SP.POP.TOTL","3465907","3465907"
"Product-Zimbabwe","ZWE"
