"```csv"
"EventMonth","EventBeganDate","EventBeganTime","RestorationDate","RestorationTime","AffectedArea","NercRegion","Alert","EventType","DemandLossMW","CustomersAffected"
"January","1/4/2016","5:15","1/5/2016","8:00","Wisconsin - Milwaukee","MRO","attack?","Sabotage","0","0"
"January","2016-01-10","20:46","2016-01-11","05:25","ME, CT, MA, VT, NH, RI","NPCC","50k+ Loss","Weather","Unknown","59859"
"January","1/11/16","20:16","1/11/16","23:00","PA - Chester","RFC","attack?","Vandalism","0","0"
"January","2016-01-14","08:27","2016-01-14","12:00","Delaware","RFC","attack?","Vandalism","0","0"
"January","2016-01-17","12:00","2016-01-17","13:00","Utah - Salt Lake","WECC","attack?","Sabotage","0","0"
"January","2016-01-22","15:52","2016-01-24","12:30","NC, SC","SERC","50k+ Loss","Weather","Unknown","150000"
"January","2016-01-23","07:49","2016-01-23","09:05","New Jersey","RFC","50k+ Loss","Weather","Unknown","50900"
"February","2016-02-05","11:21","2016-02-06","15:48","CT, MA, RI","NPCC","50k+ Loss","Weather","Unknown","115057"
"February","2/7/2016","11:30","Unknown","Unknown","NY - Orange","NPCC","cyber?","Cyber Attack","Unknown","Unknown"
"February","2016-02-07","14:58","Unknown","Unknown","OR - Klamath","WECC","attack?","Sabotage","Unknown","Unknown"
"February","2/7/16","13:21","2/7/16","13:42","Utah - Salt Lake","WECC","attack?","Vandalism","0","0"
"February","2016-02-13","12:44","2016-02-13","16:27","California","SERC","Islanding","Islanding","7","4300"
"February","2016-02-16","08:35","2016-02-16","17:28","VA, WV, TN","RFC","50k+ Loss","Weather","Unknown","52640"
"February","2016-02-19","22:00","2016-02-20","23:13","Michigan","RFC","50k+ Loss","Weather","Unknown","145314"
"February","2016-02-21","15:54","2016-02-21","17:07","OR - Klamath","WECC","attack?","Sabotage","0","0"
"February","2016-02-24","14:45","2016-02-25","05:00","NC, SC","SERC","50k+ Loss","Weather","400","284610"
"February","2/24/2016","9:10","2/24/2016","10:15","Delaware","RFC","attack?","Vandalism","0","0"
"February","2016-02-25","01:44","2016-02-25","14:45","CT, ME, MA, RI, VT","NPCC","50k+ Loss","Weather","Unknown","114190"
"February","2016-02-26","16:35","2016-02-26","20:22","AZ - Maricopa","WECC","attack?","Sabotage - Operator Action(s)","2","2713"
"February","2016-02-26","00:01","Unknown","Unknown","CA - San Bernardino","WECC","Fuel","Fuel Supply Deficiency","0","0"
"March","2016-03-01","13:35","Unknown","Unknown","ID - Ada","WECC","attack?","Vandalism","0","0"
"March","3/1/2016","15:00","Unknown","Unknown","WA","WECC","50k+ Loss","Weather","Unknown","56000"
"March","2016-03-03","11:00","2016-04-06","19:47","CA - San Bernardino","WECC","Fuel","Fuel Supply Deficiency","0","0"
"March","2016-03-08","00:00","2016-03-08","00:00","ID - Bannock","WECC","attack?","Sabotage","0","0"
"March","2016-03-10","04:00","2016-03-11","11:59","WA","WECC","attack?","Sabotage","0","0"
"March","2016-03-13","14:00","Unknown","Unknown","WA","WECC","attack?","Sabotage","0","0"
"March","3/13/16","16:55","Unknown","Unknown","Washington","WECC","attack?","Vandalism","0","0"
"March","2016-03-23","05:00","2016-03-25","23:59","Colorado","WECC","50k+ Loss","Weather","0","0"
"March","2016-03-27","12:00","2016-03-27","13:00","NV - Clark","WECC","attack?","Sabotage","Unknown","110000"
"March","3/30/2016","21:12","3/31/2016","15:00","MA - Middlesex","NPCC","attack?","Sabotage","200","50500"
"April","2016-04-01","16:37","2016-04-01","18:00","FL - Hillsborough","FRCC","attack?","Sabotage","0","0"
"April","2016-04-02","11:08","2016-04-02","11:33","California","WECC","Loss 300+ MW","System Operations","360","0"
"April","4/12/16","11:30","4/12/16","16:43","WA - Pend Oreille","WECC","cyber?","Cyber Attack","0","0"
"April","2016-04-14","16:49","2016-04-15","20:42","MD - Baltimore","RFC","attack?","Sabotage","0","0"
"April","4/15/2016","10:00","4/15/2016","11:00","Utah - Weber","WECC","attack?","Vandalism","0","0"
"April","2016-04-18","05:05","2016-04-20","07:55","TX - Harris","TRE","50k+ Loss","Weather","Unknown","415103"
"April","2016-04-27","13:36","Unknown","Unknown","Tennessee","SERC","attack?","Vandalism","0","0"
"April","2016-04-27","05:50","2016-04-28","01:35","TX - Harris","TRE","50k+ Loss","Weather","Unknown","214864"
"April","2016-04-27","18:00","2016-04-27","18:05","TX - Rusk","TRE","attack?","Sabotage","0","0"
"May","2016-05-07","07:49","2016-05-07","09:02","NY - Dutchess","NPCC","attack?","Sabotage","0","0"
"May","2016-05-08","09:12","Unknown","Unknown","WA - Clark","WECC","Islanding","Islanding","Unknown","Unknown"
"May","2016-05-10","20:45","2016-05-13","03:00","TX","TRE","50k+ Loss","Distribution Interruption","Unknown","85000"
"May","5/14/2016","21:25","5/15/2016","17:24","Missouri","SERC","attack?","Sabotage","0","0"
"May","2016-05-19","21:36","2016-05-20","01:00","Utah","WECC","Loss 300+ MW","System Operations","461","85179"
"May","2016-05-20","00:00","2016-05-22","05:00","Louisiana","SERC","50k+ Loss","Distribution Interruption","Unknown","85000"
"May","5/20/2016","1:15","Unknown","Unknown","Louisiana","SERC","50k+ Loss","Weather","Unknown","57184"
"May","2016-05-24","08:00","Unknown","Unknown","Missouri","SERC","attack?","Vandalism","0","0"
"May","2016-05-26","21:29","2016-05-27","00:40","New York","NPCC","50k+ Loss","Transmission Interruption","82","56645"
"May","2016-05-31","07:30","2016-06-13","07:27","NY - Tompkins","NPCC","Fuel","Fuel Supply Deficiency","150","Unknown"
"June","2016-06-07","12:00","2016-06-07","12:15","Utah","WECC","attack?","Sabotage","0","0"
"June","6/14/2016","7:59","6/14/2016","8:00","New Jersey","RFC","attack?","Vandalism","0","0"
"June","2016-06-17","15:40","2016-06-18","08:34","GA, AL, MS, FL","SERC","50k+ Loss","Weather","304","91260"
"June","2016-06-17","04:30","2016-06-17","04:31","Delaware","RFC","attack?","Vandalism","0","0"
"July","2016-07-02","04:00","2016-07-04","00:40","OR - Multnomah","WECC","attack?","Actual Physical Event","0","0"
"July","2016-07-05","02:45","2016-07-06","03:00","TX","TRE","50k+ Loss","Severe Weather","Unknown","52000"
"July","2016-07-05","17:30","2016-07-06","16:00","MN, WI","MRO","50k+ Loss","Severe Weather","Unknown","250000"
"July","7/7/2016","4:20","7/7/2016","8:00","KS, MO","SERC","50k+ Loss","Severe Weather","Unknown","58500"
"July","2016-07-07","05:53","2016-07-07","08:40","NC - New Hanover","SERC","attack!","Vandalism","0","0"
"July","2016-07-08","20:50","2016-07-09","19:25","North Carolina","SERC","50k+ Loss","Severe Weather","600","203345"
"July","2016-07-08","19:00","2016-07-09","00:00","MI","RFC","50k+ Loss","Severe Weather","Unknown","160895"
"July","2016-07-08","18:00","Unknown","Unknown","WV, VA","RFC","50k+ Loss","Severe Weather","Unknown","62961"
"July","7/9/2016","17:45","7/11/2016","14:00","TX - Dallas","TRE","50k+ Loss","Severe Weather","Unknown","62000"
"July","2016-07-12","14:10","2016-07-12","20:33","Puerto Rico","PR","Voltage","System Operations","450","218000"
"July","2016-07-13","13:00","2016-07-13","13:01","Washington","WECC","attack?","Vandalism","0","0"
"July","2016-07-13","15:00","Unknown","Unknown","TN - Shelby","SERC","Appeal","System Operations","Unknown","Unknown"
"July","2016-07-14","17:30","2016-07-16","20:00","OK, AR","SPP","50k+ Loss","Severe Weather","Unknown","7300"
"July","2016-07-14","16:30","2016-07-16","00:00","AR, LA, MS, TX","SPP","50k+ Loss","Severe Weather","Unknown","170244"
"July","2016-07-14","14:44","2016-07-15","04:00","Oklahoma","SPP","50k+ Loss","Severe Weather","Unknown","96966"
"July","2016-07-19","15:45","2016-07-19","19:29","Idaho","WECC","Islanding","System Operations","290","Unknown"
"July","2016-07-19","15:45","2016-07-19","19:25","Idaho","WECC","Islanding","System Operations","485","Unknown"
"July","7/21/2016","19:21","7/22/2016","0:09","Puerto Rico","PR","Load Shed","System Operations","200","266000"
"July","2016-07-21","06:18","2016-07-21","14:45","DE - New Castle","RFC","attack?","Suspicious Activity","0","0"
"July","2016-07-22","23:50","2016-07-23","09:10","MA, CT, RI, NH, VT, ME","NPCC","50k+ Loss","Severe Weather","Unknown","57058"
"July","2016-07-23","15:15","2016-07-23","19:53","PA - Cambria","RFC","Voltage","System Operations","87","Unknown"
"July","2016-07-23","19:30","2016-07-24","07:30","CT, MA, NH, VT, RI","NPCC","50k+ Loss","Severe Weather","Unknown","101073"
"July","2016-07-25","18:51","2016-07-26","02:19","Puerto Rico","PR","Voltage","System Operations","0","0"
"July","2016-07-26","18:51","2016-07-27","01:45","Puerto Rico","PR","Voltage","System Operations","25","37100"
"July","2016-07-27","18:50","2016-07-28","01:38","Puerto Rico","PR","Voltage","System Operations","80","106300"
"July","2016-07-28","18:51","2016-07-29","02:02","Puerto Rico","PR","Voltage","System Operations","22","21600"
"July","2016-07-29","19:09","2016-07-29","19:57","Puerto Rico","PR","Voltage","System Operations","0","0"
"August","8/4/2016","14:15","8/4/2016","14:23","DE - New Castle","RFC","attack?","Vandalism","0","0"
"August","2016-08-07","18:39","2016-08-07","20:27","NM - Bernalillo","WECC","Loss 300+ MW","System Operations","Unknown","Unknown"
"August","2016-08-10","06:00","Unknown","Unknown","CA - Butte","WECC","Fuel","Fuel Supply Deficiency","0","0"
"August","2016-08-11","16:30","2016-08-11","19:15","Ohio","RFC","50k+ Loss","Severe Weather","Unknown","62140"
"August","2016-08-13","11:42","2016-08-13","14:07","South Carolina","SERC","Loss 300+ MW","System Operations","506","0"
"August","2016-08-20","14:18","2016-08-20","21:19","New York","NPCC","attack!","Actual Physical Event","Unknown","40000"
"August","2016-08-23","17:00","2016-08-24","00:05","TX - Harris","TRE","50k+ Loss","Severe Weather","Unknown","72200"
"August","2016-08-24","18:13","2016-08-24","19:14","Puerto Rico","PR","Loss 300+ MW","System Operations","600","400000"
"August","8/24/16","19:18","8/24/16","19:47","WA - King","WECC","Islanding","Islanding","9232","Unknown"
"August","2016-08-25","18:40","2016-08-26","18:19","OR - Crook","WECC","attack?","Vandalism","0","0"
"August","2016-08-31","09:45","2016-08-31","09:55","Colorado","WECC","Islanding","Transmission Interruption","0","0"
"August","2016-08-31","14:52","Unknown","Unknown","WA - Clark","WECC","Islanding","Islanding","0","0"
"September","2016-09-01","22:00","Unknown","Unknown","Florida","FRCC","50k+ Loss","Severe Weather","100","Unknown"
"September","2016-09-02","00:40","2016-09-04","20:00","FL","FRCC","50k+ Loss","Severe Weather","450","75000"
"September","9/2/2016","4:00","9/2/2016","16:00","Florida","FRCC","50k+ Loss","Severe Weather","225","90000"
"September","2016-09-02","05:45","2016-09-03","00:30","Georgia","SERC","50k+ Loss","Severe Weather","Unknown","57000"
"September","2016-09-06","18:12","2016-09-06","21:24","WA - Clark","WECC","Islanding","Islanding","300","Unknown"
"September","9/8/2016","8:30","9/25/2016","0:00","NY - Tompkins","NPCC","Fuel","Fuel Supply Deficiency","210","Unknown"
"September","2016-09-08","14:49","2016-09-08","15:03","Washington","WECC","Islanding","Islanding","0","0"
"September","2016-09-10","09:42","2016-09-10","09:57","WA - Clark","WECC","Load Shedding","Generation Inadequacy","135","Unknown"
"September","9/11/2016","12:05","9/11/2016","15:10","CT, MA, NH, RI, VT, ME","NPCC","50k+ Loss","Severe Weather","Unknown","57960"
"September","2016-09-12","12:30","2016-09-12","17:56","NM","WECC","Load Shedding","Generation Inadequacy","110","53753"
"September","2016-09-21","14:30","2016-09-24","02:30","Puerto Rico","","System Failure","System Operations","2750","1475000"
"September","2016-09-21","19:44","2016-09-21","21:17","TX - Lubbock","TRE","attack?","Actual Physical Event","0","0"
"September","2016-09-22","10:56","2016-09-22","11:41","IA - Black Hawk","MRO","System Failure","System Operations","69","19124"
"September","2016-09-25","12:49","2016-09-25","18:20","UT, AZ","WECC","attack?","Vandalism","20","10000"
"October","10/01/2016","12:24","10/02/2016","02:04","CA - Mendocino","WECC","attack!","Actual Physical Event","0","0"
"October","10/02/2016","23:30","10/05/2016","08:00","Utah","WECC","Appeal","Transmission Interruption","50","4000"
"October","10/03/2016","15:09","10/04/2016","19:00","Texas","TRE","Appeal","Public Appeal","Unknown","Unknown"
"October","10/05/2016","11:32","10/05/2016","19:00","Texas","TRE","Appeal","Public Appeal","Unknown","Unknown"
"October","10/05/2016","15:51","Unknown","Unknown","CA - Imperial","WECC","attack?","Vandalism","0","0"
"October","10/06/2016","09:50","10/06/2016","19:00","Texas","TRE","Appeal","Public Appeal","Unknown","Unknown"
"October","10/06/2016","19:30","2016-10-08 00:00:00","18:00","Florida","FRCC","50k+ Loss","Severe Weather","5600","1200000"
"October","10/07/2016","08:00","10/09/2016","13:00","Florida","FRCC","50k+ Loss","Severe Weather","413","165000"
"October","10/07/2016","11:08","10/07/2016","19:00","Texas","TRE","Appeal","Generation Inadequacy","Unknown","Unknown"
"October","10/07/2016","16:22","10/12/2016","11:00","Georgia","SERC","50k+ Loss","Severe Weather","122","36384"
"October","10/07/2016","22:45","Unknown","Unknown","Florida","FRCC","50k+ Loss","Severe Weather","Unknown","Unknown"
"October","10/07/2016","23:00","Unknown","Unknown","South Carolina","SERC","Loss 300+ MW","Severe Weather","Unknown","Unknown"
"October","10/08/2016","08:21","10/13/2016","17:30","North Carolina, South Carolina","SERC","50k+ Loss","Severe Weather","Unknown","Unknown"
"October","10/08/2016","14:05","10/09/2016","06:06","North Carolina","SERC","Loss 300+ MW","Severe Weather","Unknown","44875"
"October","10/08/2016","01:10","Unknown","Unknown","South Carolina","SERC","50k+ Loss","Severe Weather","1050","290824"
"October","10/10/2016","13:15","10/10/2016","19:00","Texas","TRE","Appeal","Generation Inadequacy","Unknown","Unknown"
"October","10/12/2016","12:09","10/12/2016","13:16","NV - Clark","WECC","attack?","Vandalism","4","1671"
"October","10/18/2016","14:06","10/21/2016","15:00","Oregon","WECC","attack?","Vandalism","0","0"
"October","10/20/2016","12:30","10/20/2016","12:31","Oregon","WECC","attack?","Vandalism","0","0"
"October","10/25/2016","07:40","10/27/2016","07:40","TN - Shelby","SERC","attack?","Vandalism","0","0"
"October","10/26/2016","05:26","10/26/2016","05:27","WY - Sweetwater","WECC","attack?","Vandalism","0","0"
"October","10/28/2016","13:29","10/28/2016","13:38","CA - Plumas","WECC","Islanding","Islanding","4","482"
"October","2016-10-31 00:00:00","08:06","10/31/2016","15:53","NC - Stokes","SERC","attack!","Actual Physical Event","0","0"
"November","11/09/2016","11:59","11/09/2016","18:15","California","WECC","cyber!","Cyber Attack","0","0"
"November","11/09/2016","06:44","11/09/2016","07:44","California","WECC","attack?","Vandalism","0","0"
"November","11/01/2016","20:55","Unknown","Unknown","WA - Clark","WECC","Islanding","Transmission Interruption","0","0"
"December","12/08/2016","01:00","12/08/2016","02:30","OR - Multnomah","WECC","attack?","Vandalism","0","0"
"December","12/11/2016","07:45","12/11/2016","07:46","UT - Utah","WECC","attack?","Vandalism","0","0"
"December","12/13/2016","14:09","12/13/2016","14:30","CA - Riverside","WECC","cyber!","Cyber Event","0","0"
"December","12/15/2016","06:30","Unknown","Unknown","CA - Merced","WECC","Fuel","Fuel Supply Deficiency","Unknown","Unknown"
"December","12/16/2016","07:45","12/16/2016","08:45","OR - Multnomah","WECC","attack?","Vandalism","0","0"
"December","12/26/2016","04:00","12/26/2016","06:00","Washington","WECC","attack?","Vandalism","0","0"
"December","12/28/2016","04:03","12/31/2016","06:00","California","WECC","Fuel","Fuel Supply Deficiency","0","0"
"December","12/30/2016","08:55","12/30/2016","08:56","VT - Chittenden","NPCC","cyber!","Other","0","0"
"December","12/30/2016","02:30","12/30/2016","19:00","Maine","NPCC","50k+ Loss","Weather or Natural Disaster","Unknown","85263"
"```"
