"```csv"
"ReportingYear","Year_1999","ExtraColumn","ExtraColumn_2","ExtraColumn_3"
"","","","",""
"DataIndicatorSummary","","","IndicatorDescription",""
"Region","Country_Code","Indicator_Code","Total Population","CumulativeTotal"
"AFGHANISTAN","AFG","SP.POP.TOTL","19,887,785","19887785"
"Africa, Eastern and Southern","AFE","SP.POP.TOTL","395,750,933","395750933"
"Africa, Western and Central","AFW","SP.POP.TOTL","267506298","267506298"
"ALBANIA","ALB","SP.POP.TOTL","3108778","3108778"
"ALGERIA","DZA","SP.POP.TOTL","30,474,354","30474354"
"American, Samoa","ASM","SP.POP.TOTL","56248","56248"
"ANDORRA","AND","SP.POP.TOTL","65710","65710"
"ANGOLA","AGO","SP.POP.TOTL","15,667,235","15667235"
"Antigua, and Barbuda","ATG","SP.POP.TOTL","73666","73666"
"Arab, World","ARB","SP.POP.TOTL","279,709,634","279709634"
"ARGENTINA","ARG","SP.POP.TOTL","36,794,682","36794682"
"ARMENIA","ARM","SP.POP.TOTL","3167286","3167286"
"ARUBA","ABW","SP.POP.TOTL","89659","89659"
"AUSTRALIA","AUS","SP.POP.TOTL","18,812,264","18812264"
"AUSTRIA","AUT","SP.POP.TOTL","7,992,324","7992324"
"AZERBAIJAN","AZE","SP.POP.TOTL","7,982,750","7982750"
"Bahamas","BHS","SP.POP.TOTL","319614","319614"
"BAHRAIN","BHR","SP.POP.TOTL","620989","620989"
"BANGLADESH","BGD","SP.POP.TOTL","132,108,065","132108065"
"BARBADOS","BRB","SP.POP.TOTL","262517","262517"
"BELARUS","BLR","SP.POP.TOTL","10,026,738","10026738"
"BELGIUM","BEL","SP.POP.TOTL","10,226,419","10226419"
"BELIZE","BLZ","SP.POP.TOTL","233059","233059"
"BENIN","BEN","SP.POP.TOTL","7,002,818","7002818"
"BERMUDA","BMU","SP.POP.TOTL","61124","61124"
"BHUTAN","BTN","SP.POP.TOTL","582579","582579"
"BOLIVIA","BOL","SP.POP.TOTL","8,459,806","8459806"
"Bosnia, and Herzegovina","BIH","SP.POP.TOTL","4,130,305","4130305"
"BOTSWANA","BWA","SP.POP.TOTL","1,641,997","1641997"
"BRAZIL","BRA","SP.POP.TOTL","171,641,543","171641543"
"British, Virgin Islands","VGB","SP.POP.TOTL","19730","19730"
"Brunei, Darussalam","BRN","SP.POP.TOTL","319411","319411"
"BULGARIA","BGR","SP.POP.TOTL","8,210,624","8210624"
"Burkina, Faso","BFA","SP.POP.TOTL","11,574,928","11574928"
"BURUNDI","BDI","SP.POP.TOTL","6,337,155","6337155"
"Cabo, Verde","CPV","SP.POP.TOTL","446519","446519"
"CAMBODIA","KHM","SP.POP.TOTL","12,265,731","12265731"
"CAMEROON","CMR","SP.POP.TOTL","14,525,140","14525140"
"CANADA","CAN","SP.POP.TOTL","30,401,286","30401286"
"Caribbean, small states","CSS","SP.POP.TOTL","2,610,521","2610521"
"Cayman, Islands","CYM","SP.POP.TOTL","38284","38284"
"Central, African Republic","CAF","SP.POP.TOTL","3,729,450","3729450"
"Central, Europe and the Baltics","CEB","SP.POP.TOTL","109,060,951","109060951"
"CHAD","TCD","SP.POP.TOTL","8,222,705","8222705"
"Channel, Islands","CHI","SP.POP.TOTL","147554","147554"
"CHILE","CHL","SP.POP.TOTL","15,319,313","15319313"
"CHINA","CHN","SP.POP.TOTL","1,252,735,000","1252735000"
"COLOMBIA","COL","SP.POP.TOTL","38,454,863","38454863"
"COMOROS","COM","SP.POP.TOTL","525886","525886"
"Congo","COD","SP.POP.TOTL","48,912,971","48912971"
"Congo, Rep","COG","SP.POP.TOTL","3,032,874","3032874"
"Costa, Rica","CRI","SP.POP.TOTL","3,862,101","3862101"
"Cote, d'Ivoire","CIV","SP.POP.TOTL","17,215,935","17215935"
"CROATIA","HRV","SP.POP.TOTL","4,512,597","4512597"
"CUBA","CUB","SP.POP.TOTL","11,072,230","11072230"
"CURACAO","CUW","SP.POP.TOTL","139428","139428"
"CYPRUS","CYP","SP.POP.TOTL","931234","931234"
"CZECHIA","CZE","SP.POP.TOTL","10,283,860","10283860"
"DENMARK","DNK","SP.POP.TOTL","5,321,799","5321799"
"DJIBOUTI","DJI","SP.POP.TOTL","724218","724218"
"DOMINICA","DMA","SP.POP.TOTL","68870","68870"
"Dominican, Republic","DOM","SP.POP.TOTL","8,446,208","8446208"
"Early-demographic, dividend","EAR","SP.POP.TOTL","2,462,704,115","2462704115"
"East, Asia & Pacific","EAS","SP.POP.TOTL","2,030,912,462","2030912462"
"East, Asia & Pacific (excluding high income)","EAP","SP.POP.TOTL","1,800,932,833","1800932833"
"East, Asia & Pacific (IDA & IBRD countries)","TEA","SP.POP.TOTL","1,777,464,322","1777464322"
"ECUADOR","ECU","SP.POP.TOTL","12,470,795","12470795"
"Egypt","EGY","SP.POP.TOTL","71,520,954","71520954"
"El, Salvador","SLV","SP.POP.TOTL","5,913,900","5913900"
"Equatorial, Guinea","GNQ","SP.POP.TOTL","667214","667214"
"ERITREA","ERI","SP.POP.TOTL","2,212,780","2212780"
"ESTONIA","EST","SP.POP.TOTL","1,390,244","1390244"
"ESWATINI","SWZ","SP.POP.TOTL","1,030,782","1030782"
"ETHIOPIA","ETH","SP.POP.TOTL","65,374,561","65374561"
"Euro, area","EMU","SP.POP.TOTL","324,781,951","324781951"
"Europe, & Central Asia","ECS","SP.POP.TOTL","864,306,932","864306932"
"Europe, & Central Asia (excluding high income)","ECA","SP.POP.TOTL","217,579,952","217579952"
"Europe, & Central Asia (IDA & IBRD countries)","TEC","SP.POP.TOTL","438,650,260","438650260"
"European, Union","EUU","SP.POP.TOTL","428,825,949","428825949"
"Faroe, Islands","FRO","SP.POP.TOTL","45146","45146"
"FIJI","FJI","SP.POP.TOTL","831828","831828"
"FINLAND","FIN","SP.POP.TOTL","5,165,474","5165474"
"Fragile, and conflict affected situations","FCS","SP.POP.TOTL","608,935,664","608935664"
"FRANCE","FRA","SP.POP.TOTL","60,501,986","60501986"
"French, Polynesia","PYF","SP.POP.TOTL","236595","236595"
"GABON","GAB","SP.POP.TOTL","1,243,016","1243016"
"Gambia","GMB","SP.POP.TOTL","1,415,779","1415779"
"GEORGIA","GEO","SP.POP.TOTL","4,157,192","4157192"
"GERMANY","DEU","SP.POP.TOTL","82,100,243","82100243"
"GHANA","GHA","SP.POP.TOTL","19,149,864","19149864"
"GIBRALTAR","GIB","SP.POP.TOTL","27692","27692"
"GREECE","GRC","SP.POP.TOTL","10,761,698","10761698"
"GREENLAND","GRL","SP.POP.TOTL","56100","56100"
"GRENADA","GRD","SP.POP.TOTL","106727","106727"
"GUAM","GUM","SP.POP.TOTL","158289","158289"
"GUATEMALA","GTM","SP.POP.TOTL","11,422,965","11422965"
"GUINEA","GIN","SP.POP.TOTL","8,265,123","8265123"
"Guinea-Bissau","GNB","SP.POP.TOTL","1,210,206","1210206"
"GUYANA","GUY","SP.POP.TOTL","764483","764483"
"HAITI","HTI","SP.POP.TOTL","8,151,296","8151296"
"Heavily, indebted poor countries (HIPC)","HPC","SP.POP.TOTL","469,076,891","469076891"
"High, income","HIC","SP.POP.TOTL","1,245,505,259","1245505259"
"HONDURAS","HND","SP.POP.TOTL","6,400,463","6400463"
"Hong, Kong SAR, China","HKG","SP.POP.TOTL","6,606,500","6606500"
"HUNGARY","HUN","SP.POP.TOTL","10,237,530","10237530"
"IBRD, only","IBD","SP.POP.TOTL","3,934,521,819","3934521819"
"ICELAND","ISL","SP.POP.TOTL","277381","277381"
"IDA, & IBRD total","IBT","SP.POP.TOTL","5,040,645,749","5040645749"
"IDA, blend","IDB","SP.POP.TOTL","366,802,384","366802384"
"IDA, only","IDX","SP.POP.TOTL","739,321,546","739321546"
"IDA, total","IDA","SP.POP.TOTL","1,106,123,930","1106123930"
"INDIA","IND","SP.POP.TOTL","1,038,225,823","1038225823"
"INDONESIA","IDN","SP.POP.TOTL","213,004,668","213004668"
"Iran","IRN","SP.POP.TOTL","65,445,391","65445391"
"IRAQ","IRQ","SP.POP.TOTL","23,636,527","23636527"
"IRELAND","IRL","SP.POP.TOTL","3,754,786","3754786"
"Isle, of Man","IMN","SP.POP.TOTL","74790","74790"
"ISRAEL","ISR","SP.POP.TOTL","6,125,000","6125000"
"ITALY","ITA","SP.POP.TOTL","56,916,317","56916317"
"JAMAICA","JAM","SP.POP.TOTL","2,589,795","2589795"
"JAPAN","JPN","SP.POP.TOTL","126,631,000","126631000"
"JORDAN","JOR","SP.POP.TOTL","5,276,444","5276444"
"KAZAKHSTAN","KAZ","SP.POP.TOTL","15,455,874","15455874"
"KENYA","KEN","SP.POP.TOTL","29,733,408","29733408"
"KIRIBATI","KIR","SP.POP.TOTL","87126","87126"
"Korea","PRK","SP.POP.TOTL","23,497,599","23497599"
"Korea, Rep","KOR","SP.POP.TOTL","46,616,677","46616677"
"KOSOVO","XKX","SP.POP.TOTL","1,871,524","1871524"
"KUWAIT","KWT","SP.POP.TOTL","1,900,030","1900030"
"Kyrgyz","KGZ","SP.POP.TOTL","4,840,422","4840422"
"Lao","LAO","SP.POP.TOTL","5,340,784","5340784"
"Late-demographic, dividend","LTE","SP.POP.TOTL","2,027,628,907","2027628907"
"Latin, America & Caribbean","LCN","SP.POP.TOTL","512,730,984","512730984"
"Latin, America & Caribbean (excluding high income)","LAC","SP.POP.TOTL","460,085,651","460085651"
"Latin, America & the Caribbean (IDA & IBRD countries)","TLA","SP.POP.TOTL","497,065,139","497065139"
"LATVIA","LVA","SP.POP.TOTL","2,390,482","2390482"
"Least, developed countries: UN classification","LDC","SP.POP.TOTL","657,616,923","657616923"
"LEBANON","LBN","SP.POP.TOTL","4,255,277","4255277"
"LESOTHO","LSO","SP.POP.TOTL","2,003,234","2003234"
"LIBERIA","LBR","SP.POP.TOTL","2,821,684","2821684"
"LIBYA","LBY","SP.POP.TOTL","5,218,038","5218038"
"LIECHTENSTEIN","LIE","SP.POP.TOTL","32221","32221"
"LITHUANIA","LTU","SP.POP.TOTL","3,524,238","3524238"
"Low, & middle income","LMY","SP.POP.TOTL","4,808,832,485","4808832485"
"Low, income","LIC","SP.POP.TOTL","379,700,531","379700531"
"Lower, middle income","LMC","SP.POP.TOTL","2,082,846,188","2082846188"
"LUXEMBOURG","LUX","SP.POP.TOTL","430475","430475"
"Macao, SAR, China","MAC","SP.POP.TOTL","427400","427400"
"MADAGASCAR","MDG","SP.POP.TOTL","16,000,506","16000506"
"MALAWI","MWI","SP.POP.TOTL","11,047,804","11047804"
"MALAYSIA","MYS","SP.POP.TOTL","22,435,531","22435531"
"MALDIVES","MDV","SP.POP.TOTL","277412","277412"
"MALI","MLI","SP.POP.TOTL","11,227,415","11227415"
"MALTA","MLT","SP.POP.TOTL","387578","387578"
"Marshall, Islands","MHL","SP.POP.TOTL","50202","50202"
"MAURITANIA","MRT","SP.POP.TOTL","2,541,698","2541698"
"MAURITIUS","MUS","SP.POP.TOTL","1,175,267","1175267"
"MEXICO","MEX","SP.POP.TOTL","97,115,707","97115707"
"Micronesia","FSM","SP.POP.TOTL","111680","111680"
"Middle, East & North Africa","MEA","SP.POP.TOTL","312,977,347","312977347"
"Middle, East & North Africa (excluding high income)","MNA","SP.POP.TOTL","282,340,257","282340257"
"Middle, East & North Africa (IDA & IBRD countries)","TMN","SP.POP.TOTL","279,491,826","279491826"
"Middle, income","MIC","SP.POP.TOTL","4,429,131,954","4429131954"
"MOLDOVA","MDA","SP.POP.TOTL","2,930,622","2930622"
"MONACO","MCO","SP.POP.TOTL","32410","32410"
"MONGOLIA","MNG","SP.POP.TOTL","2,356,813","2356813"
"MONTENEGRO","MNE","SP.POP.TOTL","606001","606001"
"MOROCCO","MAR","SP.POP.TOTL","28,027,179","28027179"
"MOZAMBIQUE","MOZ","SP.POP.TOTL","17,734,506","17734506"
"MYANMAR","MMR","SP.POP.TOTL","44,787,724","44787724"
"NAMIBIA","NAM","SP.POP.TOTL","1,776,368","1776368"
"NAURU","NRU","SP.POP.TOTL","10187","10187"
"NEPAL","NPL","SP.POP.TOTL","24,125,199","24125199"
"NETHERLANDS","NLD","SP.POP.TOTL","15,812,088","15812088"
"New, Caledonia","NCL","SP.POP.TOTL","218527","218527"
"New, Zealand","NZL","SP.POP.TOTL","3,835,100","3835100"
"NICARAGUA","NIC","SP.POP.TOTL","4,954,018","4954018"
"NIGER","NER","SP.POP.TOTL","11,117,411","11117411"
"NIGERIA","NGA","SP.POP.TOTL","123,047,320","123047320"
"North, America","NAC","SP.POP.TOTL","309,502,410","309502410"
"North, Macedonia","MKD","SP.POP.TOTL","2,017,142","2017142"
"Northern, Mariana Islands","MNP","SP.POP.TOTL","65916","65916"
"NORWAY","NOR","SP.POP.TOTL","4,461,913","4461913"
"OECD, members","OED","SP.POP.TOTL","1,193,682,861","1193682861"
"OMAN","OMN","SP.POP.TOTL","2,252,909","2252909"
"Other, small states","OSS","SP.POP.TOTL","10,379,509","10379509"
"Pacific, island small states","PSS","SP.POP.TOTL","2,014,289","2014289"
"PAKISTAN","PAK","SP.POP.TOTL","150,565,377","150565377"
"PALAU","PLW","SP.POP.TOTL","18901","18901"
"PANAMA","PAN","SP.POP.TOTL","2,951,822","2951822"
"Papua, New Guinea","PNG","SP.POP.TOTL","5,349,333","5349333"
"PARAGUAY","PRY","SP.POP.TOTL","5,003,135","5003135"
"PERU","PER","SP.POP.TOTL","26,186,504","26186504"
"PHILIPPINES","PHL","SP.POP.TOTL","77,753,257","77753257"
"POLAND","POL","SP.POP.TOTL","38,660,271","38660271"
"PORTUGAL","PRT","SP.POP.TOTL","10,217,828","10217828"
"Post-demographic, dividend","PST","SP.POP.TOTL","1,015,990,094","1015990094"
"Pre-demographic, dividend","PRE","SP.POP.TOTL","546,890,075","546890075"
"Puerto, Rico","PRI","SP.POP.TOTL","3,800,081","3800081"
"QATAR","QAT","SP.POP.TOTL","612500","612500"
"ROMANIA","ROU","SP.POP.TOTL","22,472,040","22472040"
"Russian, Federation","RUS","SP.POP.TOTL","147,214,776","147214776"
"RWANDA","RWA","SP.POP.TOTL","8,147,912","8147912"
"SAMOA","WSM","SP.POP.TOTL","180275","180275"
"San, Marino","SMR","SP.POP.TOTL","26459","26459"
"Sao, Tome and Principe","STP","SP.POP.TOTL","142442","142442"
"Saudi, Arabia","SAU","SP.POP.TOTL","15,472,075","15472075"
"SENEGAL","SEN","SP.POP.TOTL","9,730,887","9730887"
"SERBIA","SRB","SP.POP.TOTL","7,540,401","7540401"
"SEYCHELLES","SYC","SP.POP.TOTL","80410","80410"
"Sierra, Leone","SLE","SP.POP.TOTL","4,318,043","4318043"
"SINGAPORE","SGP","SP.POP.TOTL","3,958,723","3958723"
"Sint, Maarten (Dutch part)","SXM","SP.POP.TOTL","30977","30977"
"Slovak, Republic","SVK","SP.POP.TOTL","5,396,020","5396020"
"SLOVENIA","SVN","SP.POP.TOTL","1,983,045","1983045"
"Small, states","SST","SP.POP.TOTL","15,004,319","15004319"
"Solomon, Islands","SLB","SP.POP.TOTL","430500","430500"
"SOMALIA","SOM","SP.POP.TOTL","8,492,059","8492059"
"South, Africa","ZAF","SP.POP.TOTL","46,730,335","46730335"
"South, Asia","SAS","SP.POP.TOTL","1,384,716,971","1384716971"
"South, Asia (IDA & IBRD)","TSA","SP.POP.TOTL","1,384,716,971","1384716971"
"South, Sudan","SSD","SP.POP.TOTL","5,771,628","5771628"
"SPAIN","ESP","SP.POP.TOTL","40,386,875","40386875"
"Sri, Lanka","LKA","SP.POP.TOTL","18,944,731","18944731"
"St., Kitts and Nevis","KNA","SP.POP.TOTL","44601","44601"
"St., Lucia","LCA","SP.POP.TOTL","156702","156702"
"St., Martin (French part)","MAF","SP.POP.TOTL","29284","29284"
"St., Vincent and the Grenadines","VCT","SP.POP.TOTL","113366","113366"
"Sub-Saharan, Africa","SSF","SP.POP.TOTL","663,257,231","663257231"
"Sub-Saharan, Africa (excluding high income)","SSA","SP.POP.TOTL","663,176,821","663176821"
"Sub-Saharan, Africa (IDA & IBRD countries)","TSS","SP.POP.TOTL","663,257,231","663257231"
"SUDAN","SDN","SP.POP.TOTL","27,130,613","27130613"
"SURINAME","SUR","SP.POP.TOTL","466916","466916"
"SWEDEN","SWE","SP.POP.TOTL","8,857,874","8857874"
"SWITZERLAND","CHE","SP.POP.TOTL","7,143,991","7143991"
"Syrian, Arab Republic","SYR","SP.POP.TOTL","16,228,061","16228061"
"TAJIKISTAN","TJK","SP.POP.TOTL","6,208,370","6208370"
"TANZANIA","TZA","SP.POP.TOTL","33,300,330","33300330"
"THAILAND","THA","SP.POP.TOTL","62,299,043","62299043"
"Timor-Leste","TLS","SP.POP.TOTL","834697","834697"
"TOGO","TGO","SP.POP.TOTL","5,000,269","5000269"
"TONGA","TON","SP.POP.TOTL","102046","102046"
"Trinidad, and Tobago","TTO","SP.POP.TOTL","1,314,708","1314708"
"TUNISIA","TUN","SP.POP.TOTL","9,655,963","9655963"
"TURKIYE","TUR","SP.POP.TOTL","64,591,923","64591923"
"TURKMENISTAN","TKM","SP.POP.TOTL","4,492,170","4492170"
"Turks, and Caicos Islands","T"
