Year,1999,Unnamed: 2,Unnamed: 3,Unnamed: 4
,,,,
Sum of Population,,,Indicator Name,
Country Name,Country Code,Indicator Code,"Population, total",Grand Total
Afghanistan,AFG,SP.POP.TOTL,19887785,19887785
Africa Eastern and Southern,AFE,SP.POP.TOTL,395750933,395750933
Africa Western and Central,AFW,SP.POP.TOTL,267506298,267506298
Albania,ALB,SP.POP.TOTL,3108778,3108778
Algeria,DZA,SP.POP.TOTL,30474354,30474354
American Samoa,ASM,SP.POP.TOTL,56248,56248
Andorra,AND,SP.POP.TOTL,65710,65710
Angola,AGO,SP.POP.TOTL,15667235,15667235
Antigua and Barbuda,ATG,SP.POP.TOTL,73666,73666
Arab World,ARB,SP.POP.TOTL,279709634,279709634
Argentina,ARG,SP.POP.TOTL,36794682,36794682
Armenia,ARM,SP.POP.TOTL,3167286,3167286
Aruba,ABW,SP.POP.TOTL,89659,89659
Australia,AUS,SP.POP.TOTL,18812264,18812264
Austria,AUT,SP.POP.TOTL,7992324,7992324
Azerbaijan,AZE,SP.POP.TOTL,7982750,7982750
"Bahamas, The",BHS,SP.POP.TOTL,319614,319614
Bahrain,BHR,SP.POP.TOTL,620989,620989
Bangladesh,BGD,SP.POP.TOTL,132108065,132108065
Barbados,BRB,SP.POP.TOTL,262517,262517
Belarus,BLR,SP.POP.TOTL,10026738,10026738
Belgium,BEL,SP.POP.TOTL,10226419,10226419
Belize,BLZ,SP.POP.TOTL,233059,233059
Benin,BEN,SP.POP.TOTL,7002818,7002818
Bermuda,BMU,SP.POP.TOTL,61124,61124
Bhutan,BTN,SP.POP.TOTL,582579,582579
Bolivia,BOL,SP.POP.TOTL,8459806,8459806
Bosnia and Herzegovina,BIH,SP.POP.TOTL,4130305,4130305
Botswana,BWA,SP.POP.TOTL,1641997,1641997
Brazil,BRA,SP.POP.TOTL,171641543,171641543
British Virgin Islands,VGB,SP.POP.TOTL,19730,19730
Brunei Darussalam,BRN,SP.POP.TOTL,319411,319411
Bulgaria,BGR,SP.POP.TOTL,8210624,8210624
Burkina Faso,BFA,SP.POP.TOTL,11574928,11574928
Burundi,BDI,SP.POP.TOTL,6337155,6337155
Cabo Verde,CPV,SP.POP.TOTL,446519,446519
Cambodia,KHM,SP.POP.TOTL,12265731,12265731
Cameroon,CMR,SP.POP.TOTL,14525140,14525140
Canada,CAN,SP.POP.TOTL,30401286,30401286
Caribbean small states,CSS,SP.POP.TOTL,2610521,2610521
Cayman Islands,CYM,SP.POP.TOTL,38284,38284
Central African Republic,CAF,SP.POP.TOTL,3729450,3729450
Central Europe and the Baltics,CEB,SP.POP.TOTL,109060951,109060951
Chad,TCD,SP.POP.TOTL,8222705,8222705
Channel Islands,CHI,SP.POP.TOTL,147554,147554
Chile,CHL,SP.POP.TOTL,15319313,15319313
China,CHN,SP.POP.TOTL,1252735000,1252735000
Colombia,COL,SP.POP.TOTL,38454863,38454863
Comoros,COM,SP.POP.TOTL,525886,525886
"Congo, Dem. Rep.",COD,SP.POP.TOTL,48912971,48912971
"Congo, Rep.",COG,SP.POP.TOTL,3032874,3032874
Costa Rica,CRI,SP.POP.TOTL,3862101,3862101
Cote d'Ivoire,CIV,SP.POP.TOTL,17215935,17215935
Croatia,HRV,SP.POP.TOTL,4512597,4512597
Cuba,CUB,SP.POP.TOTL,11072230,11072230
Curacao,CUW,SP.POP.TOTL,139428,139428
Cyprus,CYP,SP.POP.TOTL,931234,931234
Czechia,CZE,SP.POP.TOTL,10283860,10283860
Denmark,DNK,SP.POP.TOTL,5321799,5321799
Djibouti,DJI,SP.POP.TOTL,724218,724218
Dominica,DMA,SP.POP.TOTL,68870,68870
Dominican Republic,DOM,SP.POP.TOTL,8446208,8446208
Early-demographic dividend,EAR,SP.POP.TOTL,2462704115,2462704115
East Asia & Pacific,EAS,SP.POP.TOTL,2030912462,2030912462
East Asia & Pacific (excluding high income),EAP,SP.POP.TOTL,1800932833,1800932833
East Asia & Pacific (IDA & IBRD countries),TEA,SP.POP.TOTL,1777464322,1777464322
Ecuador,ECU,SP.POP.TOTL,12470795,12470795
"Egypt, Arab Rep.",EGY,SP.POP.TOTL,71520954,71520954
El Salvador,SLV,SP.POP.TOTL,5913900,5913900
Equatorial Guinea,GNQ,SP.POP.TOTL,667214,667214
Eritrea,ERI,SP.POP.TOTL,2212780,2212780
Estonia,EST,SP.POP.TOTL,1390244,1390244
Eswatini,SWZ,SP.POP.TOTL,1030782,1030782
Ethiopia,ETH,SP.POP.TOTL,65374561,65374561
Euro area,EMU,SP.POP.TOTL,324781951,324781951
Europe & Central Asia,ECS,SP.POP.TOTL,864306932,864306932
Europe & Central Asia (excluding high income),ECA,SP.POP.TOTL,217579952,217579952
Europe & Central Asia (IDA & IBRD countries),TEC,SP.POP.TOTL,438650260,438650260
European Union,EUU,SP.POP.TOTL,428825949,428825949
Faroe Islands,FRO,SP.POP.TOTL,45146,45146
Fiji,FJI,SP.POP.TOTL,831828,831828
Finland,FIN,SP.POP.TOTL,5165474,5165474
Fragile and conflict affected situations,FCS,SP.POP.TOTL,608935664,608935664
France,FRA,SP.POP.TOTL,60501986,60501986
French Polynesia,PYF,SP.POP.TOTL,236595,236595
Gabon,GAB,SP.POP.TOTL,1243016,1243016
"Gambia, The",GMB,SP.POP.TOTL,1415779,1415779
Georgia,GEO,SP.POP.TOTL,4157192,4157192
Germany,DEU,SP.POP.TOTL,82100243,82100243
Ghana,GHA,SP.POP.TOTL,19149864,19149864
Gibraltar,GIB,SP.POP.TOTL,27692,27692
Greece,GRC,SP.POP.TOTL,10761698,10761698
Greenland,GRL,SP.POP.TOTL,56100,56100
Grenada,GRD,SP.POP.TOTL,106727,106727
Guam,GUM,SP.POP.TOTL,158289,158289
Guatemala,GTM,SP.POP.TOTL,11422965,11422965
Guinea,GIN,SP.POP.TOTL,8265123,8265123
Guinea-Bissau,GNB,SP.POP.TOTL,1210206,1210206
Guyana,GUY,SP.POP.TOTL,764483,764483
Haiti,HTI,SP.POP.TOTL,8151296,8151296
Heavily indebted poor countries (HIPC),HPC,SP.POP.TOTL,469076891,469076891
High income,HIC,SP.POP.TOTL,1245505259,1245505259
Honduras,HND,SP.POP.TOTL,6400463,6400463
"Hong Kong SAR, China",HKG,SP.POP.TOTL,6606500,6606500
Hungary,HUN,SP.POP.TOTL,10237530,10237530
IBRD only,IBD,SP.POP.TOTL,3934521819,3934521819
Iceland,ISL,SP.POP.TOTL,277381,277381
IDA & IBRD total,IBT,SP.POP.TOTL,5040645749,5040645749
IDA blend,IDB,SP.POP.TOTL,366802384,366802384
IDA only,IDX,SP.POP.TOTL,739321546,739321546
IDA total,IDA,SP.POP.TOTL,1106123930,1106123930
India,IND,SP.POP.TOTL,1038225823,1038225823
Indonesia,IDN,SP.POP.TOTL,213004668,213004668
"Iran, Islamic Rep.",IRN,SP.POP.TOTL,65445391,65445391
Iraq,IRQ,SP.POP.TOTL,23636527,23636527
Ireland,IRL,SP.POP.TOTL,3754786,3754786
Isle of Man,IMN,SP.POP.TOTL,74790,74790
Israel,ISR,SP.POP.TOTL,6125000,6125000
Italy,ITA,SP.POP.TOTL,56916317,56916317
Jamaica,JAM,SP.POP.TOTL,2589795,2589795
Japan,JPN,SP.POP.TOTL,126631000,126631000
Jordan,JOR,SP.POP.TOTL,5276444,5276444
Kazakhstan,KAZ,SP.POP.TOTL,15455874,15455874
Kenya,KEN,SP.POP.TOTL,29733408,29733408
Kiribati,KIR,SP.POP.TOTL,87126,87126
"Korea, Dem. People's Rep.",PRK,SP.POP.TOTL,23497599,23497599
"Korea, Rep.",KOR,SP.POP.TOTL,46616677,46616677
Kosovo,XKX,SP.POP.TOTL,1871524,1871524
Kuwait,KWT,SP.POP.TOTL,1900030,1900030
Kyrgyz Republic,KGZ,SP.POP.TOTL,4840422,4840422
Lao PDR,LAO,SP.POP.TOTL,5340784,5340784
Late-demographic dividend,LTE,SP.POP.TOTL,2027628907,2027628907
Latin America & Caribbean,LCN,SP.POP.TOTL,512730984,512730984
Latin America & Caribbean (excluding high income),LAC,SP.POP.TOTL,460085651,460085651
Latin America & the Caribbean (IDA & IBRD countries),TLA,SP.POP.TOTL,497065139,497065139
Latvia,LVA,SP.POP.TOTL,2390482,2390482
Least developed countries: UN classification,LDC,SP.POP.TOTL,657616923,657616923
Lebanon,LBN,SP.POP.TOTL,4255277,4255277
Lesotho,LSO,SP.POP.TOTL,2003234,2003234
Liberia,LBR,SP.POP.TOTL,2821684,2821684
Libya,LBY,SP.POP.TOTL,5218038,5218038
Liechtenstein,LIE,SP.POP.TOTL,32221,32221
Lithuania,LTU,SP.POP.TOTL,3524238,3524238
Low & middle income,LMY,SP.POP.TOTL,4808832485,4808832485
Low income,LIC,SP.POP.TOTL,379700531,379700531
Lower middle income,LMC,SP.POP.TOTL,2082846188,2082846188
Luxembourg,LUX,SP.POP.TOTL,430475,430475
"Macao SAR, China",MAC,SP.POP.TOTL,427400,427400
Madagascar,MDG,SP.POP.TOTL,16000506,16000506
Malawi,MWI,SP.POP.TOTL,11047804,11047804
Malaysia,MYS,SP.POP.TOTL,22435531,22435531
Maldives,MDV,SP.POP.TOTL,277412,277412
Mali,MLI,SP.POP.TOTL,11227415,11227415
Malta,MLT,SP.POP.TOTL,387578,387578
Marshall Islands,MHL,SP.POP.TOTL,50202,50202
Mauritania,MRT,SP.POP.TOTL,2541698,2541698
Mauritius,MUS,SP.POP.TOTL,1175267,1175267
Mexico,MEX,SP.POP.TOTL,97115707,97115707
"Micronesia, Fed. Sts.",FSM,SP.POP.TOTL,111680,111680
Middle East & North Africa,MEA,SP.POP.TOTL,312977347,312977347
Middle East & North Africa (excluding high income),MNA,SP.POP.TOTL,282340257,282340257
Middle East & North Africa (IDA & IBRD countries),TMN,SP.POP.TOTL,279491826,279491826
Middle income,MIC,SP.POP.TOTL,4429131954,4429131954
Moldova,MDA,SP.POP.TOTL,2930622,2930622
Monaco,MCO,SP.POP.TOTL,32410,32410
Mongolia,MNG,SP.POP.TOTL,2356813,2356813
Montenegro,MNE,SP.POP.TOTL,606001,606001
Morocco,MAR,SP.POP.TOTL,28027179,28027179
Mozambique,MOZ,SP.POP.TOTL,17734506,17734506
Myanmar,MMR,SP.POP.TOTL,44787724,44787724
Namibia,NAM,SP.POP.TOTL,1776368,1776368
Nauru,NRU,SP.POP.TOTL,10187,10187
Nepal,NPL,SP.POP.TOTL,24125199,24125199
Netherlands,NLD,SP.POP.TOTL,15812088,15812088
New Caledonia,NCL,SP.POP.TOTL,218527,218527
New Zealand,NZL,SP.POP.TOTL,3835100,3835100
Nicaragua,NIC,SP.POP.TOTL,4954018,4954018
Niger,NER,SP.POP.TOTL,11117411,11117411
Nigeria,NGA,SP.POP.TOTL,123047320,123047320
North America,NAC,SP.POP.TOTL,309502410,309502410
North Macedonia,MKD,SP.POP.TOTL,2017142,2017142
Northern Mariana Islands,MNP,SP.POP.TOTL,65916,65916
Norway,NOR,SP.POP.TOTL,4461913,4461913
OECD members,OED,SP.POP.TOTL,1193682861,1193682861
Oman,OMN,SP.POP.TOTL,2252909,2252909
Other small states,OSS,SP.POP.TOTL,10379509,10379509
Pacific island small states,PSS,SP.POP.TOTL,2014289,2014289
Pakistan,PAK,SP.POP.TOTL,150565377,150565377
Palau,PLW,SP.POP.TOTL,18901,18901
Panama,PAN,SP.POP.TOTL,2951822,2951822
Papua New Guinea,PNG,SP.POP.TOTL,5349333,5349333
Paraguay,PRY,SP.POP.TOTL,5003135,5003135
Peru,PER,SP.POP.TOTL,26186504,26186504
Philippines,PHL,SP.POP.TOTL,77753257,77753257
Poland,POL,SP.POP.TOTL,38660271,38660271
Portugal,PRT,SP.POP.TOTL,10217828,10217828
Post-demographic dividend,PST,SP.POP.TOTL,1015990094,1015990094
Pre-demographic dividend,PRE,SP.POP.TOTL,546890075,546890075
Puerto Rico,PRI,SP.POP.TOTL,3800081,3800081
Qatar,QAT,SP.POP.TOTL,612500,612500
Romania,ROU,SP.POP.TOTL,22472040,22472040
Russian Federation,RUS,SP.POP.TOTL,147214776,147214776
Rwanda,RWA,SP.POP.TOTL,8147912,8147912
Samoa,WSM,SP.POP.TOTL,180275,180275
San Marino,SMR,SP.POP.TOTL,26459,26459
Sao Tome and Principe,STP,SP.POP.TOTL,142442,142442
Saudi Arabia,SAU,SP.POP.TOTL,15472075,15472075
Senegal,SEN,SP.POP.TOTL,9730887,9730887
Serbia,SRB,SP.POP.TOTL,7540401,7540401
Seychelles,SYC,SP.POP.TOTL,80410,80410
Sierra Leone,SLE,SP.POP.TOTL,4318043,4318043
Singapore,SGP,SP.POP.TOTL,3958723,3958723
Sint Maarten (Dutch part),SXM,SP.POP.TOTL,30977,30977
Slovak Republic,SVK,SP.POP.TOTL,5396020,5396020
Slovenia,SVN,SP.POP.TOTL,1983045,1983045
Small states,SST,SP.POP.TOTL,15004319,15004319
Solomon Islands,SLB,SP.POP.TOTL,430500,430500
Somalia,SOM,SP.POP.TOTL,8492059,8492059
South Africa,ZAF,SP.POP.TOTL,46730335,46730335
South Asia,SAS,SP.POP.TOTL,1384716971,1384716971
South Asia (IDA & IBRD),TSA,SP.POP.TOTL,1384716971,1384716971
South Sudan,SSD,SP.POP.TOTL,5771628,5771628
Spain,ESP,SP.POP.TOTL,40386875,40386875
Sri Lanka,LKA,SP.POP.TOTL,18944731,18944731
St. Kitts and Nevis,KNA,SP.POP.TOTL,44601,44601
St. Lucia,LCA,SP.POP.TOTL,156702,156702
St. Martin (French part),MAF,SP.POP.TOTL,29284,29284
St. Vincent and the Grenadines,VCT,SP.POP.TOTL,113366,113366
Sub-Saharan Africa,SSF,SP.POP.TOTL,663257231,663257231
Sub-Saharan Africa (excluding high income),SSA,SP.POP.TOTL,663176821,663176821
Sub-Saharan Africa (IDA & IBRD countries),TSS,SP.POP.TOTL,663257231,663257231
Sudan,SDN,SP.POP.TOTL,27130613,27130613
Suriname,SUR,SP.POP.TOTL,466916,466916
Sweden,SWE,SP.POP.TOTL,8857874,8857874
Switzerland,CHE,SP.POP.TOTL,7143991,7143991
Syrian Arab Republic,SYR,SP.POP.TOTL,16228061,16228061
Tajikistan,TJK,SP.POP.TOTL,6208370,6208370
Tanzania,TZA,SP.POP.TOTL,33300330,33300330
Thailand,THA,SP.POP.TOTL,62299043,62299043
Timor-Leste,TLS,SP.POP.TOTL,834697,834697
Togo,TGO,SP.POP.TOTL,5000269,5000269
Tonga,TON,SP.POP.TOTL,102046,102046
Trinidad and Tobago,TTO,SP.POP.TOTL,1314708,1314708
Tunisia,TUN,SP.POP.TOTL,9655963,9655963
Turkiye,TUR,SP.POP.TOTL,64591923,64591923
Turkmenistan,TKM,SP.POP.TOTL,4492170,4492170
Turks and Caicos Islands,TCA,SP.POP.TOTL,17959,17959
Tuvalu,TUV,SP.POP.TOTL,9496,9496
Uganda,UGA,SP.POP.TOTL,23257281,23257281
Ukraine,UKR,SP.POP.TOTL,49976446,49976446
United Arab Emirates,ARE,SP.POP.TOTL,3266009,3266009
United Kingdom,GBR,SP.POP.TOTL,58682466,58682466
United States,USA,SP.POP.TOTL,279040000,279040000
Upper middle income,UMC,SP.POP.TOTL,2346285766,2346285766
Uruguay,URY,SP.POP.TOTL,3254015,3254015
Uzbekistan,UZB,SP.POP.TOTL,24476008,24476008
Vanuatu,VUT,SP.POP.TOTL,182048,182048
"Venezuela, RB",VEN,SP.POP.TOTL,24066593,24066593
Viet Nam,VNM,SP.POP.TOTL,76287452,76287452
Virgin Islands (U.S.),VIR,SP.POP.TOTL,108599,108599
West Bank and Gaza,PSE,SP.POP.TOTL,2848431,2848431
World,WLD,SP.POP.TOTL,6078404337,6078404337
"Yemen, Rep.",YEM,SP.POP.TOTL,19029420,19029420
Zambia,ZMB,SP.POP.TOTL,9740005,9740005
Zimbabwe,ZWE,SP.POP.TOTL,11783458,11783458
Grand Total,,,63975853878,63975853878
