"```csv"
"Event Title","Power Grid Region","Time of Day","Affected Zone","Incident Type","Power Loss (MW)","Customers Impacted","Restoration ETA"
"Table B.2.  Major Disturbances and Unusual Occurrences, Year-to-Date through December 2010","","","Unnamed: 2","Unnamed: 3","Unnamed: 4","Unnamed: 5","Unnamed: 6"
"Date","Region","Event_Time","Area","Incident","Loss","Cust_Affected","ETA"
"January","","","","","","",""
"2010-01-06"," ""SERC """," ""6:00 PM"""," ""Southwest Louisiana"""," ""Made Public Appeals""",""," ""6:00 p.m. January 08""",""
"2010-01-11"," ""FRCC/SERC """," ""3:45AM"""," ""Northern and Central Florida"""," ""Interruptible Load Shed/Made Public Appeals""",""," ""9:57 a.m. January 11""",""
"2010-01-18"," ""WECC """," ""11:30 AM"""," ""Northern and Central California"""," ""Severe Storm"""," ""0.29K"""," ""1700000"""," ""8:00 a.m. January 28"""
"2010-01-19"," ""WECC """," ""7:30 AM"""," ""San Francisco"""," ""Severe Storm"""," ""0.30K"""," ""30000"""," ""12:24 p.m. January 19"""
"2010-01-19"," ""WECC """," ""2:30 PM"""," ""San Diego and Orange Counties"""," ""Severe Storm"""," ""2.7K"""," ""50000"""," ""3:00 p.m. January 20"""
"2010-01-20"," ""WECC """," ""1:00 PM"""," ""City of Los Angeles"," California"""," ""Severe Storm""",""," ""147223"""," ""6:10 p.m. January 24"""
"2010-01-28"," ""SPP """," ""12:00 PM"""," ""Oklahoma"""," ""Ice Storm""",""," ""68705"""," ""12:00 p.m. February 02"""
"February","","","","","","",""
"2010-02-01"," ""SPP """," ""2:32 PM"""," ""Oklahoma"""," ""Ice Storm/Electrical System Separation"""," ""0.03K"""," ""0"""," ""5:00 p.m. February 01"""
"2010-02-05"," ""RFC """," ""3:00 PM"""," ""Southern NJ"""," ""Winter Storm""",""," ""221000"""," ""4:00 p.m. February 13"""
"2010-02-05"," ""SERC """," ""6:48 PM"""," ""North and South Carolina"""," ""Winter Storm"""," ""0.50K"""," ""74000"""," ""5:00 p.m. February 07"""
"2010-02-05"," ""RFC """," ""7:00 PM"""," ""District of Columbia"," Prince Georges and Montgomery Co. MD"""," ""Winter Storm""",""," ""97651"""," ""3:46 p.m. February 12"""
"2010-02-05"," ""RFC """," ""10:30 PM"""," ""Southwestern Pennsylvania"""," ""Winter Storm""",""," ""57000"""," ""12:00 p.m. February 12"""
"2010-02-05"," ""RFC """," ""11:30 PM"""," ""Indiana"," Ohio"," W. Virginia and Virginia"""," ""Winter Storm""",""," ""102225"""," ""2:38 a.m. February 07"""
"2010-02-06"," ""SERC """," ""2:30 AM"""," ""Virginia"," North Carolina"""," ""Winter Storm"""," ""0.60K"""," ""104736"""," ""7:00 a.m. February 07"""
"2010-02-06"," ""RFC """," ""8:00 AM"""," ""Delmarva Peninsula"""," ""Winter Storm""",""," ""58491"""," ""9:00 a.m. February 06"""
"2010-02-09"," ""RFC """," ""6:00 PM"""," ""Southeastern Pennsylvania"""," ""Winter Storm""",""," ""223000"""," ""4:00 p.m. February 14"""
"2010-02-11"," ""TRE """," ""12:00 PM"""," ""Dallas/Fort Worth and East Texas"""," ""Winter Storm""",""," ""500000"""," ""9:00 p.m. February 15"""
"2010-02-12"," ""SPP """," ""5:00 AM"""," ""East Texas"," Western Arkansas"," Northern Lousiania"""," ""Winter Storm""",""," ""52999"""," ""5:00 p.m. February 12"""
"2010-02-14"," ""RFC """," ""10:00 AM"""," ""Western Pennsylvania nd Northeast Central WV"""," ""Winter Storm"""," ""0.90K"""," ""190000"""," ""12:00 p.m. February 14"""
"2010-02-19"," ""WECC """," ""8:30 PM"""," ""San Joaquin Field Division/Bakersfield"," CA"""," ""Firm System Load Shed"""," ""1.0K""",""," ""4:01 a.m. February 20"""
"2010-02-23"," ""NPCC """," ""10:00 PM"""," ""Upstate New York"""," ""Winter Storm""",""," ""150000"""," ""4:00 p.m. February 25"""
"2010-02-25"," ""NPCC """," ""12:01 AM"""," ""Southeastern New York"," Northern New Jersey"""," ""Winter Storm""",""," ""65000"""," ""9:00 p.m. February 26"""
"2010-02-25"," ""NPCC """," ""5:00 PM"""," ""New York City"""," ""Winter Storm""",""," ""55000"""," ""7:00 p.m. March 02"""
"2010-02-25"," ""NPCC """," ""11:53 PM"""," ""Southern Maine and New Hampshire"""," ""Winter Storm"""," ""0.51K"""," ""509606"""," ""4:40 p.m. March 01"""
"March","","","","","","",""
"2010-03-13"," ""RFC """," ""1:00 AM"""," ""Southeasten Pennsylvania"""," ""High Winds and rain""",""," ""177528"""," ""6:40 p.m. March 16"""
"2010-03-13"," ""NPCC """," ""12:00 PM"""," ""Connecticut"""," ""High Winds and Rain"""," ""0.05K"""," ""50246"""," ""8:05 p.m. March 15"""
"2010-03-13"," ""NPCC """," ""3:00 PM"""," ""Long Island"""," ""High Winds and Rain""",""," ""153000"""," ""4:00 p.m. March 17"""
"2010-03-13"," ""RFC """," ""4:00 PM"""," ""Central New Jersey and Northern New Jersey"""," ""High Winds and Flooding""",""," ""180000"""," ""12:00 a.m. March 16"""
"2010-03-13"," ""RFC """," ""6:00 PM"""," ""Southern"," Central and Northern New Jersey"""," ""High Winds and Rain"""," ""0.10K"""," ""360000"""," ""12:59 p.m. March 20"""
"2010-03-13"," ""NPCC """," ""6:00 PM"""," ""New York City and Westchester County"""," ""High Winds and Rain""",""," ""173000"""," ""9:00 a.m. March 20"""
"2010-03-31"," ""WECC """," ""11:59 PM"""," ""San Diego and Orange Counties"""," ""Shed Firm Load"""," ""0.32K"""," ""290000"""," ""12:55 a.m. April 01"""
"2010-03-31"," ""WECC """," ""11:59 PM"""," ""San Diego"""," ""Shed Firm Load"""," ""0.32K""",""," ""12:38 a.m. April 01"""
"April","","","","","","",""
"2010-04-16"," ""RFC """," ""5:15 PM"""," ""Southwestern Pennsylvania"""," ""Severe Thunderstorms"""," ""0.02K"""," ""120000"""," ""5:00 p.m. April 18"""
"Table B.2.  Major Disturbances and Unusual Occurrences, Year-to-Date through December 2010","","","","","","",""
"Date","Region","Event_Time","Area","Incident","Loss","Cust_Affected","ETA"
"2010-04-21"," ""SERC """," ""3:05 PM"""," ""Iberville"," Parish"," Louisiana"""," ""Generator Tripped""","",""," ""8:00 p.m. April 21"""
"2010-04-27"," ""SERC """," ""2:55 PM"""," ""Rocky Mount"," NC"""," ""Transmission System Interruption""",""," ""29376"""," ""2:55 p.m. April 27"""
"May","","","","","","",""
"2010-05-02"," ""SERC """," ""2:40 PM"""," ""Tennessee and Mississippi"""," ""Thunderstorms""",""," ""50500"""," ""7:30 p.m. May 09"""
"2010-05-18"," ""WECC"""," ""8:15 AM"""," ""Central California"""," ""Breakers Tripped"""," ""0.32K""",""," ""10:46 p.m. May 18"""
"2010-05-26"," ""RFC"," SERC """," ""11:45 AM"""," ""Maryland"," Pennsylvania"," West Virginia"," Virginia"""," ""Made Public Appeal - System Drill""","",""," ""3:00 p.m. May 26"""
"June","","","","","","",""
"2010-06-01"," ""RFC """," ""10:03 PM"""," ""Southwestern Indiana"""," ""Firm Load Shed"""," ""0.50K"""," ""1"""," ""12:30 a.m. June 18"""
"2010-06-02"," ""TRE """," ""8:18 PM"""," ""San Antonio"," TX"""," ""Severe Weather""",""," ""126000"""," ""8:00 a.m. June 04"""
"2010-06-06"," ""WECC """," ""4:45 AM"""," ""Northern California"""," ""Electric System Separation"""," ""0.003K"""," ""2650"""," ""5:35 a.m. June 06"""
"2010-06-07"," ""WECC """," ""6:29 PM"""," ""Denver Metropolitan Area"""," ""Firm Load Shed"""," ""0.30K"""," ""31000"""," ""1:00 a.m. June 08"""
"2010-06-08"," ""TRE """," ""11:00 AM"""," ""Southeastern Texas"""," ""Thunderstorms""",""," ""79741"""," ""5:00 p.m. June 08"""
"2010-06-09"," ""SERC """," ""2:18 PM"""," ""Edenton"," NC"""," ""Transmission System Interruption""",""," ""4196"""," ""3:00 p.m. June 09"""
"2010-06-16"," ""NPCC """," ""11:11 AM"""," ""New York (Rockland and Orange Counties)"""," ""Voltage Reduction (System Test)""","",""," ""11:32 a.m. June 16"""
"2010-06-17"," ""SPP """," ""8:30 AM"""," ""Morgan City"," LA"""," ""Made Public Appeal""","",""," ""5:47 p.m. June 17"""
"2010-06-17"," ""SERC """," ""9:30 AM"""," ""Southern Louisiana"""," ""Made Public Appeal""","",""," ""5:17 p.m. June 17"""
"2010-06-17"," ""SERC """," ""9:30 AM"""," ""Southern Louisiana"""," ""Made Public Appeal""","",""," ""4:40 p.m. June 17"""
"2010-06-17"," ""SPP """," ""9:30 AM"""," ""Southwestern Louisiana"""," ""Made Public Appeal""","",""," ""4:40 p.m. June 17"""
"2010-06-17"," ""MRO """," ""10:49 AM"""," ""Eastern Montana"""," ""Electrical System Separation""","",""," ""11:02 a.m. June 17"""
"2010-06-18"," ""RFC """," ""3:30 PM"""," ""Northwest Indiana"""," ""Thunderstorms""",""," ""94345"""," ""12:30 a.m. June 20"""
"2010-06-18"," ""RFC """," ""4:00 PM"""," ""Chicago"," IL"""," ""Severe Weather""",""," ""400000"""," ""1:00 p.m. June 20"""
"2010-06-18"," ""RFC """," ""7:00 PM"""," ""Southern Portion of Lower Michigan"""," ""Thunderstorms""",""," ""100000"""," ""5:00 a.m. June 19"""
"2010-06-18"," ""RFC """," ""8:00 PM"""," ""Indiana"," Michigan"""," ""Severe Weather""",""," ""79000"""," ""10:45 a.m. June 21"""
"2010-06-18"," ""RFC """," ""8:00 PM"""," ""Detroit"," MI"""," ""Severe Weather""",""," ""150000"""," ""7:30 p.m. June 22"""
"2010-06-21"," ""RFC """," ""1:48 PM"""," ""Cincinnati"," OH"""," ""Thunderstorms"""," ""0.40K"""," ""50636"""," ""8:31 p.m. June 22"""
"2010-06-22"," ""SERC """," ""3:34 PM"""," ""West/Central Arkansas"""," ""Made Public Appeal/Transmission Equipment Failure"""," ""0.08K"""," ""25159"""," ""7:00 p.m. June 22"""
"2010-06-23"," ""RFC """," ""5:00 PM"""," ""Chicago"," IL"""," ""Severe Weather""",""," ""300000"""," ""1:40 p.m. June 25"""
"2010-06-23"," ""RFC """," ""5:48 PM"""," ""Northwest Indiana"""," ""Thunderstorms""",""," ""53000"""," ""2:21 a.m. June 24"""
"2010-06-24"," ""RFC """," ""3:00 PM"""," ""Southwestern New Jersey"""," ""Thunderstorms""",""," ""150000"""," ""12:00 p.m. June 29"""
"2010-06-24"," ""RFC """," ""3:30 PM"""," ""Southeastern Pennsylvania"""," ""Thunderstorms""",""," ""355000"""," ""11:59 p.m. June 29"""
"2010-06-25"," ""WECC """," ""11:36 PM"""," ""Northern California"""," ""Electrical System Separation""","",""," ""1:38 a.m. June 26"""
"July","","","","","","",""
"2010-07-06"," ""RFC """," ""3:47 AM"""," ""Newark"," DE"""," ""Transformer Outage"""," ""0.10K"""," ""18400"""," ""4:37 a.m. July 06"""
"2010-07-07"," ""RFC """," ""4:13 PM"""," ""York"," South Central Pennsylvania"""," ""Loss of Transmission Equipment""",""," ""43903"""," ""10:29 p.m. July 07"""
"2010-07-15"," ""RFC """," ""7:00 PM"""," ""Southeastern Michigan"""," ""Severe Weather"""," ""0.54K"""," ""127534"""," ""11:30 p.m. July 19"""
"2010-07-17"," ""MRO """," ""8:30 PM"""," ""Minnesota"""," ""Strong Winds"," Tornadoes""",""," ""63000"""," ""10:00 p.m. July 19"""
"2010-07-21"," ""NPCC """," ""6:44 PM"""," ""Connecticut"""," ""Thunderstorms""",""," ""50100"""," ""8:00 p.m. July 21"""
"2010-07-23"," ""WECC """," ""10:00 AM"""," ""Northern Utah"""," ""Made Public Appeals""","2011-06-08 00:00:00",""," ""11:55 p.m. July 24"""
"2010-07-23"," ""RFC """," ""7:30 PM"""," ""Southeastern Michigan"""," ""Severe Weather"""," ""0.40K"""," ""82000"""," ""6:30 p.m. July 26"""
"Table B.2.  Major Disturbances and Unusual Occurrences, Year-to-Date through December 2010","","","","","","",""
"Date","Region","Event_Time","Area","Incident","Loss","Cust_Affected","ETA"
"2010-07-25"," ""RFC """," ""3:10 PM"""," ""Washington"," DC Region"""," ""Severe Weather""",""," ""297700"""," ""11:30 p.m. July 30"""
"2010-07-25"," ""RFC """," ""3:20 PM"""," ""Central Maryland"""," ""Severe Weather"""," ""0.48K"""," ""124000"""," ""6:00 p.m. July 27"""
"2010-07-25"," ""SERC """," ""4:11 PM"""," ""Northern Virginia"""," ""Severe Weather"""," ""0.95-1.0K"""," ""81000"""," ""8:06 p.m. July 25"""
"2010-07-29"," ""SERC """," ""5:43 PM"""," ""Virginia"""," ""Thunderstorms""",""," ""55000"""," ""8:07 p.m. July 29"""
"2010-07-29"," ""WECC """," ""6:39 PM"""," ""Southern California"""," ""Shed Interruptible Load"," Wildfire"""," ""0.52K""",""," ""7:26 p.m. July 29"""
"2010-07-29"," ""WECC """," ""6:39 PM"""," ""Southern California"""," ""Shed Interruptible Load"," Wildfire"""," ""0.52K""",""," ""7:26 p.m. July 29"""
"August","","","","","","",""
"2010-08-02"," ""WECC """," ""12:00 PM"""," ""Central California"""," ""Fuel Supply Deficiency (Hydro)""","",""," ""11:00 p.m. August 02"""
"2010-08-02"," ""SERC """," ""12:45 PM"""," ""Southern Louisiana"""," ""Made Public Appeals""","",""," ""11:00 a.m. August 04"""
"2010-08-02"," ""SERC """," ""12:45 PM"""," ""Southern Louisiana"""," ""Made Public Appeals""","",""," ""11:00 a.m. August 04"""
"2010-08-02"," ""SERC """," ""12:45 PM"""," ""Southwestern Louisiana"""," ""Made Public Appeals""","",""," ""11:00 a.m. August 04"""
"2010-08-02"," ""SPP """," ""12:45 PM"""," ""Southern Louisiana"""," ""Made Public Appeals""","",""," ""11:00 a.m. August 04"""
"2010-08-04"," ""SPP """," ""12:00 PM"""," ""Northern Texas"," Eastern New Mexico"""," ""Made Public Appeals""","",""," ""10:00 p.m. August 04"""
"2010-08-04"," ""RFC """," ""4:45 PM"""," ""Western Pennsylvania"," Northwestern and Central West Virginia"""," ""Thunderstorms"""," ""0.06K"""," ""11186"""," ""12:00 a.m. August 07"""
"2010-08-04"," ""RFC """," ""5:00 PM"""," ""Ohio"," West Virginia"," Kentucky"""," ""Severe Weather""",""," ""37000"""," ""4:00 a.m. August 06"""
"2010-08-05"," ""RFC """," ""3:30 PM"""," ""District of Columbia"," Maryland"""," ""Thunderstorms""",""," ""76729"""," ""10:00 p.m. August 05"""
"2010-08-05"," ""RFC """," ""3:54 PM"""," ""Northern Virginia"""," ""Thunderstorms""",""," ""145157"""," ""12:00 a.m. August 08"""
"2010-08-09"," ""RFC """," ""12:00 PM"""," ""Upstate New York"""," ""Fuel Supply Defiency""","",""," ""12:00 p.m. August 16"""
"2010-08-11"," ""RFC """," ""3:21 PM"""," ""Ohio"""," ""Severe Weather""",""," ""57000"""," ""12:12 p.m. August 11"""
"2010-08-12"," ""RFC """," ""6:45 AM"""," ""District of Columbia"," Maryland"""," ""Severe Weather""",""," ""101003"""," ""9:00 p.m. August 12"""
"2010-08-12"," ""SPP """," ""8:21 AM"""," ""Central Nebraska"""," ""Made Public Appeals"""," ""0.07K""",""," ""11:00 a.m. August 12"""
"2010-08-12"," ""MRO """," ""3:42 PM"""," ""City of Oshkosh"," Wisconsin"""," ""Made Public Appeals"""," ""0.03K"""," ""7600"""," ""10:10 p.m. August 12"""
"2010-08-19"," ""RFC """," ""6:00 PM"""," ""Southeastern Michigan"""," ""Severe Weather"""," ""0.34K"""," ""80000"""," ""3:30 p.m. August 23"""
"2010-08-23"," ""TRE """," ""5:50 PM"""," ""Houston"," Texas"""," ""Severe Weather"""," ""0.75K"""," ""81586"""," ""9:30 a.m. August 24"""
"September","","","","","","",""
"2010-09-01"," ""WECC """," ""10:20 AM"""," ""Pittsburg (Bay Area)"," California"""," ""Electrical System Separation (Islanding)"""," ""0.03K"""," ""15000"""," ""12:44 p.m. September 01"""
"2010-09-07"," ""TRE """," ""2:02 PM"""," ""San Antonio"," Texas"""," ""Tropical Storm""",""," ""340350"""," ""1:27 a.m. September 08"""
"2010-09-20"," ""SERC """," ""5:00 PM"""," ""King George County"," Virginia"""," ""Low Flying Helicopter""","","",""," ""5:30 p.m. September 20"""
"2010-09-21"," ""RFC """," ""9:31 PM"""," ""Central and Southern Michigan"""," ""Thunderstorms""",""," ""138000"""," ""2:30 p.m. September 22"""
"2010-09-22"," ""WECC """," ""6:12 AM"""," ""Bakersfield"," California"""," ""Firm Load Shed"""," ""0.53K""",""," ""11:00 p.m. September 22"""
"2010-09-22"," ""RFC """," ""4:08 PM"""," ""City of Pittsburgh"," Pennsylvania"""," ""Thunderstorms"""," ""0.16K"""," ""52000"""," ""12:00 a.m. September 26"""
"2010-09-22"," ""RFC """," ""5:38 PM"""," ""Western Pennsylvania"""," ""Thunderstorms"""," ""0.39K"""," ""82861"""," ""11:30 p.m. September 24"""
"2010-09-27"," ""WECC """," ""3:15 PM"""," ""Central and Southern California"""," ""Interruptible Load Shed"""," ""0.60K""",""," ""6:12 p.m. September 27"""
"October","","","","","","",""
"2010-10-05"," ""WECC """," ""5:45 AM"""," ""City of Los Angeles"," California"""," ""Rain and High Winds""",""," ""73514"""," ""6:00a.m. October 07"""
"2010-10-26"," ""RFC """," ""9:00 AM"""," ""Northern Illinois"""," ""Thunderstorms""",""," ""192106"""," ""11:00 a.m. October 28"""
"2010-10-26"," ""MRO """," ""8:00 PM"""," ""Minnesota"""," ""High Winds""",""," ""70000"""," ""10:00 p.m. October 28"""
"2010-10-27"," ""MRO """," ""4:00 AM"""," ""Northeast and North Central Wisconsin"""," ""High Winds""",""," ""63000"""," ""12:00 p.m. October 27"""
"Table B.2.  Major Disturbances and Unusual Occurrences, Year-to-Date through December 2010","","","","","","",""
"Date","Region","Event_Time","Area","Incident","Loss","Cust_Affected","ETA"
"2010-10-27"," ""RFC """," ""8:00 AM"""," ""Michigan's Northerly Lower Peninsula"""," ""High Winds"""," ""0.24K"""," ""285000"""," ""7:00 a.m. October 29"""
"2010-10-27"," ""RFC """," ""5:00 PM"""," ""Northern Illinois"""," ""High Winds""",""," ""127000"""," ""4:00 a.m. October 29"""
"2010-10-27"," ""WECC """," ""5:16 PM"""," ""Northern California"""," ""Electrical System Separation-Islanding"""," ""0.02K"""," ""2674"""," ""5:27 p.m. October 27"""
"2010-10-31"," ""WECC """," ""10:26 PM"""," ""Bakersfield"," California"""," ""Firm System Load Loss"""," ""0.50K""",""," ""1:45 a.m. November 01"""
"November","","","","","","",""
"2010-11-04"," ""WECC """," ""9:46 AM"""," ""Rock Springs"," Wyoming"""," ""Transmission Equipment Failure/Interruptible Load Shed""","",""," ""10:47 a.m. November 04"""
"2010-11-06"," ""WECC """," ""3:53 PM"""," ""Northern California"""," ""Electrical System Separation - Islanding"""," ""0.02K"""," ""4"""," ""6:08 p.m. November 06"""
"2010-11-08"," ""NPCC """," ""6:47 AM"""," ""Maine"""," ""Snow and High Winds""",""," ""60863"""," ""6:00 p.m. November 08"""
"2010-11-13"," ""MRO """," ""3:00 PM"""," ""Minnesota"""," ""Winter Storm""",""," ""60000"""," ""10:00 p.m. November 14"""
"2010-11-15"," ""WECC """," ""11:00 PM"""," ""Puget Sound Region"""," ""High Winds"""," ""0.39K"""," ""149256"""," ""2:14 a.m. November 16"""
"2010-11-21"," ""WECC """," ""1:39 AM"""," ""Northern and Central California"""," ""Winter Storm"""," ""0.08K"""," ""60000"""," ""4:46 p.m. November 24"""
"2010-11-22"," ""WECC """," ""11:00 PM"""," ""Puget Sound Region"," Washington"""," ""Winter Storm"""," ""0.42K"""," ""123535"""," ""8:00 p.m. November 24"""
"2010-11-23"," ""WECC """," ""2:01 PM"""," ""Northern California"""," ""Electrical System Separation - Islanding"""," ""0.02K"""," ""7077"""," ""6:12 p.m. November 23"""
"December","","","","","","",""
"2010-12-03"," ""WECC """," ""9:32 PM"""," ""California"""," ""Electrical System Separation - Islanding"""," ""0.02K"""," ""7077"""," ""2:00 a.m. December 04"""
"2010-12-12"," ""RFC """," ""4:30 PM"""," ""Southeastern Michigan"""," ""Severe Weather"""," ""0.21K"""," ""60175"""," ""2:00 p.m. December 15"""
"2010-12-14"," ""WECC """," ""7:20 AM"""," ""California"""," ""Electrical System Separation - Islanding"""," ""0.01K"""," ""6635"""," ""7:25 a.m. December 14"""
"2010-12-14"," ""WECC """," ""7:36 AM"""," ""Southern California"""," ""Transmission Equipment/Firm System Load"""," ""0.46K""",""," ""9:00 a.m. December 15"""
"2010-12-18"," ""WECC """," ""5:00 AM"""," ""Redmond"," Washington"""," ""Severe Weather"""," ""0.18K"""," ""92090"""," ""10:00 p.m. December 19"""
"2010-12-26"," ""SERC """," ""8:15 AM"""," ""Carolina"""," ""Severe Weather""",""," ""42000"""," ""4:15 p.m. December 26"""
"2010-12-30"," ""RFC """," ""2:00 PM"""," ""New York"""," ""Fuel Supply Deficiency"""," ""0.30K""",""," ""6:00 a.m. January 12"""
"[1] Estimated values.","","","","","","",""
"  Note: Estimates for 2010 are preliminary.","","","","","","",""
"  Source: Form OE-417, ""Electric Emergency Incident and Disturbance Report.""","","","","","","",""
"```"
