"```csv"
"CustomerID","custSurname","CreditRating","CustomerLocation","custGender","CustAge","YearsWithBank","AccountBalance","ProductCount","HasCreditCard","IsActive","EstSalary","HasExited"
"Customer-1","""Smith"""," ""Good"""," ""FRANCE"""," ""MALE"""," ""Age 45"""," ""10 yrs""","120000.00","2","Yes","Yes","80000.00","0"
"Customer-2","""Garcia"""," ""Excellent"""," ""SPAIN"""," ""FEMALE"""," ""Age 32"""," ""5 yrs""","100000.00","1","No","Yes","60000.00","1"
"Customer-3","""Mueller"""," ""Fair"""," ""GERMANY"""," ""MALE"""," ""Age 50"""," ""8 yrs""","150000.00","3","Yes","No","100000.00","0"
"Customer-4","""Brown"""," ""Good"""," ""FRANCE"""," ""FEMALE"""," ""Age 28"""," ""2 yrs""","50000.00","2","No","Yes","40000.00","1"
"Customer-5","""Lee"""," ""Excellent"""," ""SPAIN"""," ""MALE"""," ""Age 38"""," ""7 yrs""","80000.00","1","Yes","No","90000.00","0"
"Customer-6","""Schneider"""," ""Fair"""," ""GERMANY"""," ""FEMALE"""," ""Age 42"""," ""4 yrs""","130000.00","3","No","Yes","70000.00","1"
"Customer-7","""Davis"""," ""Good"""," ""FRANCE"""," ""MALE"""," ""Age 35"""," ""9 yrs""","90000.00","2","Yes","No","50000.00","0"
"Customer-8","""Rodriguez"""," ""Excellent"""," ""SPAIN"""," ""FEMALE"""," ""Age 29"""," ""3 yrs""","70000.00","1","No","Yes","110000.00","1"
"Customer-9","""Weber"""," ""Fair"""," ""GERMANY"""," ""MALE"""," ""Age 48"""," ""6 yrs""","110000.00","3","Yes","No","130000.00","0"
"Customer-10","""Martin"""," ""Good"""," ""FRANCE"""," ""FEMALE"""," ""Age 31"""," ""1 yr""","60000.00","2","No","Yes","120000.00","1"
"```"
