Year,2017,Unnamed: 2,Unnamed: 3,Unnamed: 4
,,,,
Sum of Population,,,Indicator Name,
Country Name,Country Code,Indicator Code,"Population, total",Grand Total
Afghanistan,AFG,SP.POP.TOTL,35688935,35688935
Africa Eastern and Southern,AFE,SP.POP.TOTL,640058741,640058741
Africa Western and Central,AFW,SP.POP.TOTL,440882906,440882906
Albania,ALB,SP.POP.TOTL,2873457,2873457
Algeria,DZA,SP.POP.TOTL,41689299,41689299
American Samoa,ASM,SP.POP.TOTL,51586,51586
Andorra,AND,SP.POP.TOTL,73763,73763
Angola,AGO,SP.POP.TOTL,30234839,30234839
Antigua and Barbuda,ATG,SP.POP.TOTL,90468,90468
Arab World,ARB,SP.POP.TOTL,428315886,428315886
Argentina,ARG,SP.POP.TOTL,44288894,44288894
Armenia,ARM,SP.POP.TOTL,2979400,2979400
Aruba,ABW,SP.POP.TOTL,108735,108735
Australia,AUS,SP.POP.TOTL,24592588,24592588
Austria,AUT,SP.POP.TOTL,8797566,8797566
Azerbaijan,AZE,SP.POP.TOTL,9854033,9854033
"Bahamas, The",BHS,SP.POP.TOTL,390485,390485
Bahrain,BHR,SP.POP.TOTL,1501116,1501116
Bangladesh,BGD,SP.POP.TOTL,162186147,162186147
Barbados,BRB,SP.POP.TOTL,280171,280171
Belarus,BLR,SP.POP.TOTL,9458989,9458989
Belgium,BEL,SP.POP.TOTL,11375158,11375158
Belize,BLZ,SP.POP.TOTL,373202,373202
Benin,BEN,SP.POP.TOTL,12039780,12039780
Bermuda,BMU,SP.POP.TOTL,63578,63578
Bhutan,BTN,SP.POP.TOTL,754335,754335
Bolivia,BOL,SP.POP.TOTL,11344587,11344587
Bosnia and Herzegovina,BIH,SP.POP.TOTL,3428682,3428682
Botswana,BWA,SP.POP.TOTL,2266747,2266747
Brazil,BRA,SP.POP.TOTL,204703445,204703445
British Virgin Islands,VGB,SP.POP.TOTL,32699,32699
Brunei Darussalam,BRN,SP.POP.TOTL,432772,432772
Bulgaria,BGR,SP.POP.TOTL,7075947,7075947
Burkina Faso,BFA,SP.POP.TOTL,19894407,19894407
Burundi,BDI,SP.POP.TOTL,11506762,11506762
Cabo Verde,CPV,SP.POP.TOTL,512893,512893
Cambodia,KHM,SP.POP.TOTL,16073372,16073372
Cameroon,CMR,SP.POP.TOTL,24128601,24128601
Canada,CAN,SP.POP.TOTL,36545075,36545075
Caribbean small states,CSS,SP.POP.TOTL,3009507,3009507
Cayman Islands,CYM,SP.POP.TOTL,64535,64535
Central African Republic,CAF,SP.POP.TOTL,4793511,4793511
Central Europe and the Baltics,CEB,SP.POP.TOTL,102656954,102656954
Chad,TCD,SP.POP.TOTL,15622759,15622759
Channel Islands,CHI,SP.POP.TOTL,164319,164319
Chile,CHL,SP.POP.TOTL,18558868,18558868
China,CHN,SP.POP.TOTL,1396215000,1396215000
Colombia,COL,SP.POP.TOTL,48131078,48131078
Comoros,COM,SP.POP.TOTL,756669,756669
"Congo, Dem. Rep.",COD,SP.POP.TOTL,87083398,87083398
"Congo, Rep.",COG,SP.POP.TOTL,5351011,5351011
Costa Rica,CRI,SP.POP.TOTL,4913177,4913177
Cote d'Ivoire,CIV,SP.POP.TOTL,26733372,26733372
Croatia,HRV,SP.POP.TOTL,4041407,4041407
Cuba,CUB,SP.POP.TOTL,11247829,11247829
Curacao,CUW,SP.POP.TOTL,160175,160175
Cyprus,CYP,SP.POP.TOTL,1254275,1254275
Czechia,CZE,SP.POP.TOTL,10594438,10594438
Denmark,DNK,SP.POP.TOTL,5764980,5764980
Djibouti,DJI,SP.POP.TOTL,1054841,1054841
Dominica,DMA,SP.POP.TOTL,68496,68496
Dominican Republic,DOM,SP.POP.TOTL,10666843,10666843
Early-demographic dividend,EAR,SP.POP.TOTL,3274060446,3274060446
East Asia & Pacific,EAS,SP.POP.TOTL,2333475520,2333475520
East Asia & Pacific (excluding high income),EAP,SP.POP.TOTL,2087238522,2087238522
East Asia & Pacific (IDA & IBRD countries),TEA,SP.POP.TOTL,2061449949,2061449949
Ecuador,ECU,SP.POP.TOTL,16759519,16759519
"Egypt, Arab Rep.",EGY,SP.POP.TOTL,103696057,103696057
El Salvador,SLV,SP.POP.TOTL,6213533,6213533
Equatorial Guinea,GNQ,SP.POP.TOTL,1562396,1562396
Eritrea,ERI,SP.POP.TOTL,3150347,3150347
Estonia,EST,SP.POP.TOTL,1317384,1317384
Eswatini,SWZ,SP.POP.TOTL,1158195,1158195
Ethiopia,ETH,SP.POP.TOTL,109666481,109666481
Euro area,EMU,SP.POP.TOTL,345333240,345333240
Europe & Central Asia,ECS,SP.POP.TOTL,916236104.5,916236104.5
Europe & Central Asia (excluding high income),ECA,SP.POP.TOTL,244530211.5,244530211.5
Europe & Central Asia (IDA & IBRD countries),TEC,SP.POP.TOTL,458504366.5,458504366.5
European Union,EUU,SP.POP.TOTL,446177810,446177810
Faroe Islands,FRO,SP.POP.TOTL,50182,50182
Fiji,FJI,SP.POP.TOTL,918759,918759
Finland,FIN,SP.POP.TOTL,5508214,5508214
Fragile and conflict affected situations,FCS,SP.POP.TOTL,933013886,933013886
France,FRA,SP.POP.TOTL,66918020,66918020
French Polynesia,PYF,SP.POP.TOTL,280087,280087
Gabon,GAB,SP.POP.TOTL,2156900,2156900
"Gambia, The",GMB,SP.POP.TOTL,2342189,2342189
Georgia,GEO,SP.POP.TOTL,3728004,3728004
Germany,DEU,SP.POP.TOTL,82657002,82657002
Ghana,GHA,SP.POP.TOTL,30008354,30008354
Gibraltar,GIB,SP.POP.TOTL,34245,34245
Greece,GRC,SP.POP.TOTL,10754679,10754679
Greenland,GRL,SP.POP.TOTL,56172,56172
Grenada,GRD,SP.POP.TOTL,115438,115438
Guam,GUM,SP.POP.TOTL,163490,163490
Guatemala,GTM,SP.POP.TOTL,16567357,16567357
Guinea,GIN,SP.POP.TOTL,12385659,12385659
Guinea-Bissau,GNB,SP.POP.TOTL,1877072,1877072
Guyana,GUY,SP.POP.TOTL,768479,768479
Haiti,HTI,SP.POP.TOTL,10817754,10817754
Heavily indebted poor countries (HIPC),HPC,SP.POP.TOTL,779389964,779389964
High income,HIC,SP.POP.TOTL,1374784294,1374784294
Honduras,HND,SP.POP.TOTL,9588137,9588137
"Hong Kong SAR, China",HKG,SP.POP.TOTL,7393200,7393200
Hungary,HUN,SP.POP.TOTL,9787966,9787966
IBRD only,IBD,SP.POP.TOTL,4766267453,4766267453
Iceland,ISL,SP.POP.TOTL,343400,343400
IDA & IBRD total,IBT,SP.POP.TOTL,6440496862.5,6440496862.5
IDA blend,IDB,SP.POP.TOTL,563290702,563290702
IDA only,IDX,SP.POP.TOTL,1110938707.5,1110938707.5
IDA total,IDA,SP.POP.TOTL,1674229409.5,1674229409.5
India,IND,SP.POP.TOTL,1359657400,1359657400
Indonesia,IDN,SP.POP.TOTL,267346658,267346658
"Iran, Islamic Rep.",IRN,SP.POP.TOTL,85026754,85026754
Iraq,IRQ,SP.POP.TOTL,39337353,39337353
Ireland,IRL,SP.POP.TOTL,4807388,4807388
Isle of Man,IMN,SP.POP.TOTL,83609,83609
Israel,ISR,SP.POP.TOTL,8713300,8713300
Italy,ITA,SP.POP.TOTL,60536709,60536709
Jamaica,JAM,SP.POP.TOTL,2815764,2815764
Japan,JPN,SP.POP.TOTL,126972000,126972000
Jordan,JOR,SP.POP.TOTL,10234226,10234226
Kazakhstan,KAZ,SP.POP.TOTL,18651931,18651931
Kenya,KEN,SP.POP.TOTL,49197766,49197766
Kiribati,KIR,SP.POP.TOTL,120275,120275
"Korea, Dem. People's Rep.",PRK,SP.POP.TOTL,25817709,25817709
"Korea, Rep.",KOR,SP.POP.TOTL,51361911,51361911
Kosovo,XKX,SP.POP.TOTL,1791019,1791019
Kuwait,KWT,SP.POP.TOTL,4154812,4154812
Kyrgyz Republic,KGZ,SP.POP.TOTL,6306695.5,6306695.5
Lao PDR,LAO,SP.POP.TOTL,7018147,7018147
Late-demographic dividend,LTE,SP.POP.TOTL,2285977088.5,2285977088.5
Latin America & Caribbean,LCN,SP.POP.TOTL,630329435,630329435
Latin America & Caribbean (excluding high income),LAC,SP.POP.TOTL,566870356,566870356
Latin America & the Caribbean (IDA & IBRD countries),TLA,SP.POP.TOTL,614776664,614776664
Latvia,LVA,SP.POP.TOTL,1942248,1942248
Least developed countries: UN classification,LDC,SP.POP.TOTL,1008993468,1008993468
Lebanon,LBN,SP.POP.TOTL,6160128,6160128
Lesotho,LSO,SP.POP.TOTL,2157110,2157110
Liberia,LBR,SP.POP.TOTL,4848925,4848925
Libya,LBY,SP.POP.TOTL,6738770,6738770
Liechtenstein,LIE,SP.POP.TOTL,37962,37962
Lithuania,LTU,SP.POP.TOTL,2828403,2828403
Low & middle income,LMY,SP.POP.TOTL,6208763934.5,6208763934.5
Low income,LIC,SP.POP.TOTL,624557000,624557000
Lower middle income,LMC,SP.POP.TOTL,2846133568.5,2846133568.5
Luxembourg,LUX,SP.POP.TOTL,596336,596336
"Macao SAR, China",MAC,SP.POP.TOTL,648400,648400
Madagascar,MDG,SP.POP.TOTL,26788375,26788375
Malawi,MWI,SP.POP.TOTL,18039715,18039715
Malaysia,MYS,SP.POP.TOTL,32355644,32355644
Maldives,MDV,SP.POP.TOTL,458287,458287
Mali,MLI,SP.POP.TOTL,19813011,19813011
Malta,MLT,SP.POP.TOTL,467999,467999
Marshall Islands,MHL,SP.POP.TOTL,46529,46529
Mauritania,MRT,SP.POP.TOTL,4210600,4210600
Mauritius,MUS,SP.POP.TOTL,1264887,1264887
Mexico,MEX,SP.POP.TOTL,123400057,123400057
"Micronesia, Fed. Sts.",FSM,SP.POP.TOTL,109481,109481
Middle East & North Africa,MEA,SP.POP.TOTL,459925735,459925735
Middle East & North Africa (excluding high income),MNA,SP.POP.TOTL,397804712,397804712
Middle East & North Africa (IDA & IBRD countries),TMN,SP.POP.TOTL,393349907,393349907
Middle income,MIC,SP.POP.TOTL,5584206934.5,5584206934.5
Moldova,MDA,SP.POP.TOTL,2755189,2755189
Monaco,MCO,SP.POP.TOTL,37678,37678
Mongolia,MNG,SP.POP.TOTL,3148917,3148917
Montenegro,MNE,SP.POP.TOTL,622373,622373
Morocco,MAR,SP.POP.TOTL,35446392,35446392
Mozambique,MOZ,SP.POP.TOTL,28166393,28166393
Myanmar,MMR,SP.POP.TOTL,51894938,51894938
Namibia,NAM,SP.POP.TOTL,2506853,2506853
Nauru,NRU,SP.POP.TOTL,11324,11324
Nepal,NPL,SP.POP.TOTL,28011258,28011258
Netherlands,NLD,SP.POP.TOTL,17131296,17131296
New Caledonia,NCL,SP.POP.TOTL,283546,283546
New Zealand,NZL,SP.POP.TOTL,4813600,4813600
Nicaragua,NIC,SP.POP.TOTL,6316231,6316231
Niger,NER,SP.POP.TOTL,21435446,21435446
Nigeria,NGA,SP.POP.TOTL,200254579,200254579
North America,NAC,SP.POP.TOTL,361730781,361730781
North Macedonia,MKD,SP.POP.TOTL,1898657,1898657
Northern Mariana Islands,MNP,SP.POP.TOTL,49959,49959
Norway,NOR,SP.POP.TOTL,5276968,5276968
OECD members,OED,SP.POP.TOTL,1347317014,1347317014
Oman,OMN,SP.POP.TOTL,4537396,4537396
Other small states,OSS,SP.POP.TOTL,13487767,13487767
Pacific island small states,PSS,SP.POP.TOTL,2509999,2509999
Pakistan,PAK,SP.POP.TOTL,223273967,223273967
Palau,PLW,SP.POP.TOTL,17812,17812
Panama,PAN,SP.POP.TOTL,4098707,4098707
Papua New Guinea,PNG,SP.POP.TOTL,9178714,9178714
Paraguay,PRY,SP.POP.TOTL,6338660,6338660
Peru,PER,SP.POP.TOTL,31324637,31324637
Philippines,PHL,SP.POP.TOTL,108119693,108119693
Poland,POL,SP.POP.TOTL,37974826,37974826
Portugal,PRT,SP.POP.TOTL,10300300,10300300
Post-demographic dividend,PST,SP.POP.TOTL,1106644744,1106644744
Pre-demographic dividend,PRE,SP.POP.TOTL,920568701,920568701
Puerto Rico,PRI,SP.POP.TOTL,3325286,3325286
Qatar,QAT,SP.POP.TOTL,2545820,2545820
Romania,ROU,SP.POP.TOTL,19588715,19588715
Russian Federation,RUS,SP.POP.TOTL,145293260,145293260
Rwanda,RWA,SP.POP.TOTL,12202060,12202060
Samoa,WSM,SP.POP.TOTL,205415,205415
San Marino,SMR,SP.POP.TOTL,33825,33825
Sao Tome and Principe,STP,SP.POP.TOTL,206970,206970
Saudi Arabia,SAU,SP.POP.TOTL,30977355,30977355
Senegal,SEN,SP.POP.TOTL,15475002,15475002
Serbia,SRB,SP.POP.TOTL,7020858,7020858
Seychelles,SYC,SP.POP.TOTL,95843,95843
Sierra Leone,SLE,SP.POP.TOTL,7379299,7379299
Singapore,SGP,SP.POP.TOTL,5612253,5612253
Sint Maarten (Dutch part),SXM,SP.POP.TOTL,38996,38996
Slovak Republic,SVK,SP.POP.TOTL,5439232,5439232
Slovenia,SVN,SP.POP.TOTL,2066388,2066388
Small states,SST,SP.POP.TOTL,19007273,19007273
Solomon Islands,SLB,SP.POP.TOTL,685672,685672
Somalia,SOM,SP.POP.TOTL,14916629,14916629
South Africa,ZAF,SP.POP.TOTL,57635162,57635162
South Asia,SAS,SP.POP.TOTL,1831474329,1831474329
South Asia (IDA & IBRD),TSA,SP.POP.TOTL,1831474329,1831474329
South Sudan,SSD,SP.POP.TOTL,10259154,10259154
Spain,ESP,SP.POP.TOTL,46593236,46593236
Sri Lanka,LKA,SP.POP.TOTL,21444000,21444000
St. Kitts and Nevis,KNA,SP.POP.TOTL,47050,47050
St. Lucia,LCA,SP.POP.TOTL,176342,176342
St. Martin (French part),MAF,SP.POP.TOTL,36837,36837
St. Vincent and the Grenadines,VCT,SP.POP.TOTL,105663,105663
Sub-Saharan Africa,SSF,SP.POP.TOTL,1080941647,1080941647
Sub-Saharan Africa (excluding high income),SSA,SP.POP.TOTL,1080845804,1080845804
Sub-Saharan Africa (IDA & IBRD countries),TSS,SP.POP.TOTL,1080941647,1080941647
Sudan,SDN,SP.POP.TOTL,42714306,42714306
Suriname,SUR,SP.POP.TOTL,593713,593713
Sweden,SWE,SP.POP.TOTL,10057698,10057698
Switzerland,CHE,SP.POP.TOTL,8451840,8451840
Syrian Arab Republic,SYR,SP.POP.TOTL,19224668,19224668
Tajikistan,TJK,SP.POP.TOTL,9085946,9085946
Tanzania,TZA,SP.POP.TOTL,55652890,55652890
Thailand,THA,SP.POP.TOTL,71160187,71160187
Timor-Leste,TLS,SP.POP.TOTL,1251703,1251703
Togo,TGO,SP.POP.TOTL,8057140,8057140
Tonga,TON,SP.POP.TOTL,105356,105356
Trinidad and Tobago,TTO,SP.POP.TOTL,1356633,1356633
Tunisia,TUN,SP.POP.TOTL,11650498,11650498
Turkiye,TUR,SP.POP.TOTL,80312698,80312698
Turkmenistan,TKM,SP.POP.TOTL,6507061,6507061
Turks and Caicos Islands,TCA,SP.POP.TOTL,39913,39913
Tuvalu,TUV,SP.POP.TOTL,10869,10869
Uganda,UGA,SP.POP.TOTL,40177388,40177388
Ukraine,UKR,SP.POP.TOTL,45436041,45436041
United Arab Emirates,ARE,SP.POP.TOTL,9223225,9223225
United Kingdom,GBR,SP.POP.TOTL,66058859,66058859
United States,USA,SP.POP.TOTL,325122128,325122128
Upper middle income,UMC,SP.POP.TOTL,2738073366,2738073366
Uruguay,URY,SP.POP.TOTL,3388438,3388438
Uzbekistan,UZB,SP.POP.TOTL,31819178,31819178
Vanuatu,VUT,SP.POP.TOTL,278507,278507
"Venezuela, RB",VEN,SP.POP.TOTL,30565323,30565323
Viet Nam,VNM,SP.POP.TOTL,95176977,95176977
Virgin Islands (U.S.),VIR,SP.POP.TOTL,107281,107281
West Bank and Gaza,PSE,SP.POP.TOTL,4454805,4454805
World,WLD,SP.POP.TOTL,7614113551.5,7614113551.5
"Yemen, Rep.",YEM,SP.POP.TOTL,33090921,33090921
Zambia,ZMB,SP.POP.TOTL,17441320,17441320
Zimbabwe,ZWE,SP.POP.TOTL,14812482,14812482
Grand Total,,,81665722279,81665722279
