OE-417 Electric Emergency and Disturbance Report - Calendar Year 2021,Unnamed: 1,Unnamed: 2,Unnamed: 3,Unnamed: 4,Unnamed: 5,Unnamed: 6,Unnamed: 7,Unnamed: 8,Unnamed: 9,Unnamed: 10
Month,Date Event Began,Time Event Began,Date of Restoration,Time of Restoration,Area Affected,NERC Region,Alert Criteria,Event Type,Demand Loss (MW),Number of Customers Affected
January,01/01/2021,07:04:00,01/01/2021,07:05:00,California: Alameda County;,WECC,Physical attack that could potentially impact electric power system adequacy or reliability; or vandalism which targets components of any security systems.,Vandalism,0,0
January,01/02/2021,10:28:00,01/02/2021,10:29:00,California: Butte County;,WECC,Electrical System Separation (Islanding) where part or parts of power grid remain(s) operational in an otherwise blacked out area or within the partial failure of an integrated electrical system.,System Operations,8,5803
January,01/04/2021,10:34:00,01/04/2021,10:49:00,Pennsylvania:,RF,"Unexpected Transmission loss within its area, contrary to design, of three or more Bulk Electric System Facilities caused by a common disturbance (excluding successful automatic reclosing).",Transmission Interruption,6,3825
January,01/08/2021,01:26:00,01/08/2021,02:45:00,Arkansas: Prairie County;,SERC,Damage or destruction of its Facility that results from actual or suspected intentional human action.,Sabotage,Unknown,1908
January,01/10/2021,22:44:00,01/13/2021,16:00:00,"Texas: Anderson County, Angelina County, Dallas County, Freestone County, Henderson County, Houston County, Leon County, Nacogdoches County, Smith County, Tarrant County;",TRE,"Loss of electric service to more than 50,000 customers for 1 hour or more.",Severe Weather,Unknown,188000
January,01/11/2021,05:00:00,01/11/2021,14:22:00,Louisiana: Texas:,SERC,"Loss of electric service to more than 50,000 customers for 1 hour or more.",Severe Weather/Distribution Interruption,Unknown,58000
January,01/12/2021,23:50:00,01/15/2021,13:00:00,"Washington: Kitsap County, Thurston County, King County, Pierce County, Skagit County, Whatcom County;",WECC,Electrical System Separation (Islanding) where part or parts of power grid remain(s) operational in an otherwise blacked out area or within the partial failure of an integrated electrical system.,Severe Weather,100,320000
January,01/12/2021,20:46:00,01/13/2021,16:00:00,"Oregon: Clackamas County, Multnomah County, Washington County;",WECC,"Loss of electric service to more than 50,000 customers for 1 hour or more.",Severe Weather,Unknown,94231
January,01/12/2021,23:49:00,01/14/2021,14:00:00,Washington:,WECC,"Loss of electric service to more than 50,000 customers for 1 hour or more.",Severe Weather/Distribution Interruption,150,70000
January,01/12/2021,20:30:00,Unknown,Unknown,Washington: Snohomish County;,WECC,"Loss of electric service to more than 50,000 customers for 1 hour or more.",Severe Weather/Transmission Interruption,200,62000
January,01/13/2021,03:43:00,01/13/2021,16:00:00,Washington: Idaho:,WECC,"Loss of electric service to more than 50,000 customers for 1 hour or more.",Severe Weather,185,70417
January,01/13/2021,13:05:00,01/13/2021,13:06:00,Georgia: Houston County;,SERC,Damage or destruction of its Facility that results from actual or suspected intentional human action.,Vandalism,0,0
January,01/15/2021,17:48:00,01/15/2021,18:55:00,Missouri:,SERC,Complete loss of monitoring or control capability at its staffed Bulk Electric System control center for 30 continuous minutes or more.,System Operations,0,0
January,01/18/2021,14:07:00,01/18/2021,14:42:00,Connecticut:,NPCC,Complete loss of monitoring or control capability at its staffed Bulk Electric System control center for 30 continuous minutes or more.,System Operations,0,0
January,01/19/2021,09:31:00,01/21/2021,14:36:00,"California: Kern County, Los Angeles County, Riverside County, San Bernardino County, Ventura County, Orange County;",WECC,"Loss of electric service to more than 50,000 customers for 1 hour or more.",Severe Weather,Unknown,173746
January,01/19/2021,02:48:00,01/20/2021,11:41:00,California:,WECC,"Loss of electric service to more than 50,000 customers for 1 hour or more.",Severe Weather,411,124888
January,01/21/2021,00:00:00,02/03/2021,16:55:00,Texas: Louisiana: Arkansas: Pulaski County; Mississippi:,TRE,Damage or destruction of its Facility that results from actual or suspected intentional human action.,Vandalism,0,0
January,01/23/2021,07:00:00,01/27/2021,13:45:00,Georgia: Laurens County;,SERC,"Physical threat to its Facility excluding weather or natural disaster related threats, which has the potential to degrade the normal operation of the Facility. Or suspicious device or activity at its Facility.",Cyber Event,29,Unknown
January,01/23/2021,07:45:00,01/23/2021,08:00:00,"California: Placer County, Nevada County;",WECC,"Physical threat to its Facility excluding weather or natural disaster related threats, which has the potential to degrade the normal operation of the Facility. Or suspicious device or activity at its Facility.",Suspicious Activity,45,0
January,01/26/2021,20:49:00,01/28/2021,21:14:00,California:,WECC,"Loss of electric service to more than 50,000 customers for 1 hour or more.",Severe Weather,841,255715
January,01/27/2021,12:30:00,01/27/2021,16:18:00,New Hampshire: Hillsborough County;,NPCC,Damage or destruction of its Facility that results from actual or suspected intentional human action.,Vandalism,0,0
January,01/28/2021,10:15:00,01/28/2021,16:46:00,New Hampshire: Hillsborough County;,NPCC,Damage or destruction of its Facility that results from actual or suspected intentional human action.,Vandalism,0,0
February,02/01/2021,23:25:00,02/02/2021,01:12:00,Texas: Kleberg County;,TRE,"Unexpected Transmission loss within its area, contrary to design, of three or more Bulk Electric System Facilities caused by a common disturbance (excluding successful automatic reclosing).",Transmission Interruption,13,6102
February,02/02/2021,12:34:00,02/02/2021,15:43:00,South Dakota: Hughes County;,MRO,Electrical System Separation (Islanding) where part or parts of power grid remain(s) operational in an otherwise blacked out area or within the partial failure of an integrated electrical system.,Severe Weather/Transmission Interruption,5,4
February,02/02/2021,09:25:00,02/03/2021,11:38:00,South Dakota: Hughes County;,MRO,Electrical System Separation (Islanding) where part or parts of power grid remain(s) operational in an otherwise blacked out area or within the partial failure of an integrated electrical system.,Severe Weather/Transmission Interruption,5,3
February,02/03/2021,14:22:00,02/04/2021,22:32:00,"North Dakota: Logan County, Emmons County, McIntosh County;",MRO,"Unexpected Transmission loss within its area, contrary to design, of three or more Bulk Electric System Facilities caused by a common disturbance (excluding successful automatic reclosing).",Transmission Interruption,7,1400
February,02/05/2021,09:43:00,02/05/2021,11:19:00,Arkansas: Arkansas County;,SERC,Damage or destruction of its Facility that results from actual or suspected intentional human action.,Vandalism,0,0
February,02/06/2021,06:50:00,02/06/2021,14:43:00,Ohio: Kentucky:,RF,"Unexpected Transmission loss within its area, contrary to design, of three or more Bulk Electric System Facilities caused by a common disturbance (excluding successful automatic reclosing).",Transmission Interruption,0,0
February,02/07/2021,06:57:00,02/07/2021,07:34:00,Texas: Cameron County;,TRE,"Physical threat to its Facility excluding weather or natural disaster related threats, which has the potential to degrade the normal operation of the Facility. Or suspicious device or activity at its Facility.",Suspicious Activity,0,0
February,02/08/2021,07:04:00,02/08/2021,14:10:00,Minnesota: St. Louis County;,MRO,"Unexpected Transmission loss within its area, contrary to design, of three or more Bulk Electric System Facilities caused by a common disturbance (excluding successful automatic reclosing).",Transmission Interruption,0,0
February,02/08/2021,18:19:00,02/08/2021,18:29:00,New Hampshire: Hillsborough County;,NPCC,Unplanned evacuation from its Bulk Electric System control center facility for 30 continuous minutes or more.,System Operations,0,0
February,02/09/2021,13:00:00,02/10/2021,14:21:00,Oregon: Tillamook County;,WECC,Damage or destruction of its Facility that results from actual or suspected intentional human action.,Vandalism,0,0
February,02/09/2021,10:51:00,Unknown,Unknown,North Carolina:,SERC,"Unexpected Transmission loss within its area, contrary to design, of three or more Bulk Electric System Facilities caused by a common disturbance (excluding successful automatic reclosing).",Transmission Interruption,0,0
February,02/10/2021,15:00:00,02/23/2021,15:00:00,Texas:,TRE,"Loss of electric service to more than 50,000 customers for 1 hour or more.",Severe Weather,Unknown,2000000
February,02/11/2021,08:30:00,02/22/2021,09:00:00,Illinois: Scott County;,SERC,Fuel supply emergencies that could impact electric power system adequacy or reliability.,Fuel Supply Deficiency,Unknown,Unknown
February,02/11/2021,19:21:00,02/11/2021,21:20:00,Colorado: Morgan County;,WECC,"Unexpected Transmission loss within its area, contrary to design, of three or more Bulk Electric System Facilities caused by a common disturbance (excluding successful automatic reclosing).",Transmission Interruption,0,0
February,02/11/2021,13:00:00,Unknown,Unknown,Kansas:,MRO,Fuel supply emergencies that could impact electric power system adequacy or reliability.,Fuel Supply Deficiency,0,0
February,02/12/2021,21:00:00,02/20/2021,17:15:00,"Oregon: Clackamas County, Marion County, Polk County, Multnomah County, Washington County, Yamhill County;",WECC,"Loss of electric service to more than 50,000 customers for 1 hour or more.",Severe Weather,Unknown,300187
February,02/12/2021,15:30:00,02/22/2021,07:30:00,Texas:,TRE,Fuel supply emergencies that could impact electric power system adequacy or reliability.,Fuel Supply Deficiency,Unknown,Unknown
February,02/13/2021,09:56:00,02/13/2021,11:01:00,Washington: Lewis County;,WECC,"Loss of electric service to more than 50,000 customers for 1 hour or more.",Severe Weather,164,37583
February,02/13/2021,13:30:00,02/20/2021,08:00:00,Texas:,TRE,Public appeal to reduce the use of electricity for purposes of maintaining the continuity of the Bulk Electric System.,Severe Weather,Unknown,Unknown
February,02/13/2021,13:30:00,02/19/2021,21:00:00,West Virginia: Virginia:,RF,"Loss of electric service to more than 50,000 customers for 1 hour or more.",Severe Weather,Unknown,55097
February,02/13/2021,08:32:00,02/14/2021,15:00:00,South Carolina: North Carolina:,SERC,"Loss of electric service to more than 50,000 customers for 1 hour or more.",Severe Weather,Unknown,129000
February,02/14/2021,08:30:00,02/19/2021,18:00:00,Texas:,TRE,Public appeal to reduce the use of electricity for purposes of maintaining the continuity of the Bulk Electric System.,Severe Weather,7214,Unknown
February,02/14/2021,08:30:00,02/19/2021,18:00:00,Texas:,TRE,Public appeal to reduce the use of electricity for purposes of maintaining the continuity of the Bulk Electric System.,Severe Weather,Unknown,Unknown
February,02/14/2021,05:30:00,02/18/2021,10:00:00,Oklahoma:,MRO,Public appeal to reduce the use of electricity for purposes of maintaining the continuity of the Bulk Electric System.,Severe Weather,Unknown,Unknown
February,02/14/2021,20:21:00,02/18/2021,09:30:00,Arkansas: Louisiana: Texas: Oklahoma:,SERC,Public appeal to reduce the use of electricity for purposes of maintaining the continuity of the Bulk Electric System.,Severe Weather,461,125484
February,02/14/2021,20:00:00,02/18/2021,09:28:00,North Dakota: South Dakota: Nebraska: Kansas: Oklahoma: Texas:,MRO,Firm load shedding of 100 Megawatts or more implemented under emergency operational policy.,Severe Weather,3000,Unknown
February,02/14/2021,19:05:00,Unknown,Unknown,Missouri: Kansas:,SERC,Public appeal to reduce the use of electricity for purposes of maintaining the continuity of the Bulk Electric System.,Severe Weather,Unknown,Unknown
February,02/14/2021,20:32:00,Unknown,Unknown,Nebraska: Lancaster County;,MRO,Public appeal to reduce the use of electricity for purposes of maintaining the continuity of the Bulk Electric System.,Severe Weather,0,0
February,02/14/2021,18:00:00,02/16/2021,22:00:00,Missouri: Jasper County;,SERC,Public appeal to reduce the use of electricity for purposes of maintaining the continuity of the Bulk Electric System.,Severe Weather,0,0
February,02/15/2021,01:20:00,02/18/2021,00:42:00,"Texas: Hidalgo County, Cameron County;",TRE,Firm load shedding of 100 Megawatts or more implemented under emergency operational policy.,Severe Weather,Unknown,Unknown
February,02/15/2021,01:20:00,02/18/2021,00:02:00,Texas: Harris County;,TRE,Firm load shedding of 100 Megawatts or more implemented under emergency operational policy.,Severe Weather,4966,1390000
February,02/15/2021,16:00:00,02/15/2021,18:34:00,Texas: Travis County;,TRE,Complete loss of monitoring or control capability at its staffed Bulk Electric System control center for 30 continuous minutes or more.,System Operations,0,0
February,02/15/2021,00:00:00,Unknown,Unknown,Texas:,TRE,Firm load shedding of 100 Megawatts or more implemented under emergency operational policy.,Severe Weather,500,Unknown
February,02/15/2021,05:36:00,Unknown,Unknown,Texas:,TRE,Firm load shedding of 100 Megawatts or more implemented under emergency operational policy.,Severe Weather,300,Unknown
February,02/15/2021,13:00:00,02/20/2021,10:00:00,Texas:,TRE,Firm load shedding of 100 Megawatts or more implemented under emergency operational policy.,Severe Weather,Unknown,175000
February,02/15/2021,01:54:00,02/17/2021,23:56:00,Texas:,TRE,Firm load shedding of 100 Megawatts or more implemented under emergency operational policy.,Severe Weather,524,Unknown
February,02/15/2021,01:20:00,02/19/2021,09:00:00,Texas:,TRE,Firm load shedding of 100 Megawatts or more implemented under emergency operational policy.,Severe Weather,7214,Unknown
February,02/15/2021,15:00:00,02/19/2021,10:00:00,Louisiana:,SERC,Public appeal to reduce the use of electricity for purposes of maintaining the continuity of the Bulk Electric System.,Severe Weather,Unknown,Unknown
February,02/15/2021,02:51:00,02/19/2021,09:00:00,Texas: Travis County;,TRE,"Loss of electric service to more than 50,000 customers for 1 hour or more.",Severe Weather,Unknown,219306
February,02/15/2021,01:54:00,02/19/2021,09:00:00,Texas: Travis County;,TRE,Firm load shedding of 100 Megawatts or more implemented under emergency operational policy.,Severe Weather,724,Unknown
February,02/15/2021,03:06:00,Unknown,Unknown,Texas: Bexar County;,TRE,"Loss of electric service to more than 50,000 customers for 1 hour or more.",Severe Weather,Unknown,154000
February,02/15/2021,05:27:00,02/18/2021,08:18:00,Texas:,TRE,"Total generation loss, within one minute of: greater than or equal to 2,000 Megawatts in the Eastern or Western Interconnection or greater than or equal to 1,400 Megawatts in the ERCOT Interconnection.",Severe Weather,Unknown,Unknown
February,02/15/2021,01:23:00,02/19/2021,05:30:00,Texas:,TRE,Firm load shedding of 100 Megawatts or more implemented under emergency operational policy.,Severe Weather,Unknown,Unknown
February,02/15/2021,08:50:00,02/18/2021,09:30:00,Kansas:,MRO,Public appeal to reduce the use of electricity for purposes of maintaining the continuity of the Bulk Electric System.,Severe Weather,Unknown,Unknown
February,02/15/2021,07:00:00,02/18/2021,09:00:00,Oklahoma:,MRO,Fuel supply emergencies that could impact electric power system adequacy or reliability.,Fuel Supply Deficiency,0,0
February,02/15/2021,19:48:00,02/18/2021,10:30:00,Oklahoma: Kay County;,MRO,Fuel supply emergencies that could impact electric power system adequacy or reliability.,Fuel Supply Deficiency,0,Unknown
February,02/15/2021,10:24:00,02/18/2021,09:52:00,Texas: Lubbock County;,TRE,Public appeal to reduce the use of electricity for purposes of maintaining the continuity of the Bulk Electric System.,Severe Weather,116,29942
February,02/15/2021,18:00:00,02/15/2021,23:55:00,Texas:,TRE,Public appeal to reduce the use of electricity for purposes of maintaining the continuity of the Bulk Electric System.,Severe Weather,Unknown,Unknown
February,02/15/2021,05:40:00,02/16/2021,13:11:00,Texas:,TRE,Firm load shedding of 100 Megawatts or more implemented under emergency operational policy.,Severe Weather,800,Unknown
February,02/15/2021,06:45:00,Unknown,Unknown,Texas: Arkansas:,TRE,"Loss of electric service to more than 50,000 customers for 1 hour or more.",Severe Weather,Unknown,Unknown
February,02/15/2021,05:00:00,02/17/2021,16:00:00,Arkansas: Pulaski County;,SERC,Public appeal to reduce the use of electricity for purposes of maintaining the continuity of the Bulk Electric System.,Severe Weather,Unknown,Unknown
February,02/15/2021,17:00:00,02/15/2021,22:59:00,Mississippi:,SERC,Public appeal to reduce the use of electricity for purposes of maintaining the continuity of the Bulk Electric System.,Severe Weather,Unknown,Unknown
February,02/15/2021,07:52:00,02/17/2021,14:15:00,"Texas: Austin County, Bastrop County, Burleson County, Caldwell County, Colorado County, Fayette County, Gonzales County, Guadalupe County, Hays County, Lee County, Milam County, Travis County, Washington County, Williamson County;",TRE,Firm load shedding of 100 Megawatts or more implemented under emergency operational policy.,Severe Weather,107,25000
February,02/15/2021,06:51:00,02/16/2021,13:19:00,Oklahoma:,MRO,Firm load shedding of 100 Megawatts or more implemented under emergency operational policy.,Severe Weather,350,200000
February,02/15/2021,18:00:00,02/15/2021,23:59:00,Louisiana:,SERC,Public appeal to reduce the use of electricity for purposes of maintaining the continuity of the Bulk Electric System.,System Operations,Unknown,Unknown
February,02/15/2021,18:00:00,02/15/2021,23:59:00,Texas:,TRE,Public appeal to reduce the use of electricity for purposes of maintaining the continuity of the Bulk Electric System.,Severe Weather,Unknown,Unknown
February,02/15/2021,14:00:00,02/15/2021,18:00:00,Louisiana:,SERC,Fuel supply emergencies that could impact electric power system adequacy or reliability.,Fuel Supply Deficiency,Unknown,Unknown
February,02/15/2021,01:20:00,Unknown,Unknown,Texas:,TRE,"Loss of electric service to more than 50,000 customers for 1 hour or more.",Severe Weather,360,72000
February,02/15/2021,12:18:00,02/15/2021,13:22:00,Missouri: Kansas:,SERC,Firm load shedding of 100 Megawatts or more implemented under emergency operational policy.,Severe Weather,Unknown,Unknown
February,02/15/2021,10:00:00,Unknown,Unknown,Nebraska: Lancaster County;,MRO,Fuel supply emergencies that could impact electric power system adequacy or reliability.,Fuel Supply Deficiency,613,Unknown
February,02/15/2021,09:10:00,Unknown,Unknown,Texas: Randall County;,TRE,Public appeal to reduce the use of electricity for purposes of maintaining the continuity of the Bulk Electric System.,Severe Weather,0,0
February,02/15/2021,05:36:00,Unknown,Unknown,Texas:,TRE,Firm load shedding of 100 Megawatts or more implemented under emergency operational policy.,Severe Weather,300,Unknown
February,02/15/2021,00:00:00,Unknown,Unknown,Texas:,TRE,Firm load shedding of 100 Megawatts or more implemented under emergency operational policy.,Severe Weather,500,Unknown
February,02/16/2021,07:03:00,02/20/2021,22:00:00,Kansas: Missouri:,MRO,Firm load shedding of 100 Megawatts or more implemented under emergency operational policy.,Severe Weather,Unknown,222000
February,02/16/2021,18:19:00,Unknown,Unknown,Arkansas:,SERC,"Unexpected Transmission loss within its area, contrary to design, of three or more Bulk Electric System Facilities caused by a common disturbance (excluding successful automatic reclosing).",Transmission Interruption,Unknown,Unknown
February,02/16/2021,17:45:00,02/16/2021,19:15:00,Texas: Travis County;,TRE,Unplanned evacuation from its Bulk Electric System control center facility for 30 continuous minutes or more.,System Operations,0,0
February,02/16/2021,06:48:00,Unknown,Unknown,Louisiana:,SERC,Firm load shedding of 100 Megawatts or more implemented under emergency operational policy.,Severe Weather,360,Unknown
February,02/16/2021,18:35:00,02/17/2021,01:00:00,Texas:,TRE,Public appeal to reduce the use of electricity for purposes of maintaining the continuity of the Bulk Electric System.,Fuel Supply Deficiency,Unknown,Unknown
February,02/16/2021,23:28:00,Unknown,Unknown,Texas:,TRE,Unplanned evacuation from its Bulk Electric System control center facility for 30 continuous minutes or more.,System Operations,0,0
February,02/16/2021,16:40:00,02/20/2021,00:00:00,Missouri:,SERC,Public appeal to reduce the use of electricity for purposes of maintaining the continuity of the Bulk Electric System.,Severe Weather,Unknown,Unknown
February,02/16/2021,17:35:00,02/17/2021,00:00:00,Mississippi:,SERC,Public appeal to reduce the use of electricity for purposes of maintaining the continuity of the Bulk Electric System.,Severe Weather,Unknown,Unknown
February,02/16/2021,07:20:00,02/16/2021,10:02:00,"Nebraska: Douglas County, Burt County, Washington County, Dodge County, Colfax County, Saunders County, Sarpy County, Cass County, Otoe County, Johnson County, Nemaha County, Pawnee County, Richardson County;",MRO,Firm load shedding of 100 Megawatts or more implemented under emergency operational policy.,Severe Weather,126,81100
February,02/16/2021,05:30:00,02/16/2021,14:00:00,Louisiana: Texas: Illinois:,SERC,Firm load shedding of 100 Megawatts or more implemented under emergency operational policy.,Severe Weather,1420,Unknown
February,02/16/2021,19:43:00,02/16/2021,21:41:00,Louisiana: Arkansas: Texas: Mississippi:,SERC,Firm load shedding of 100 Megawatts or more implemented under emergency operational policy.,Severe Weather,700,Unknown
February,02/16/2021,19:40:00,02/17/2021,01:00:00,Texas:,TRE,Firm load shedding of 100 Megawatts or more implemented under emergency operational policy.,Severe Weather,538,Unknown
February,02/16/2021,07:17:00,02/16/2021,10:08:00,Texas:,TRE,Public appeal to reduce the use of electricity for purposes of maintaining the continuity of the Bulk Electric System.,Severe Weather,168,840000
February,02/16/2021,18:35:00,02/17/2021,01:00:00,Louisiana:,SERC,Public appeal to reduce the use of electricity for purposes of maintaining the continuity of the Bulk Electric System.,System Operations,Unknown,Unknown
February,02/16/2021,10:20:00,02/16/2021,13:20:00,Oregon: Multnomah County;,WECC,Unplanned evacuation from its Bulk Electric System control center facility for 30 continuous minutes or more.,System Operations,0,0
February,02/16/2021,09:31:00,02/16/2021,10:27:00,Nebraska: Custer County;,MRO,"Unexpected Transmission loss within its area, contrary to design, of three or more Bulk Electric System Facilities caused by a common disturbance (excluding successful automatic reclosing).",Transmission Interruption,31,Unknown
February,02/16/2021,17:35:00,02/17/2021,00:00:00,Louisiana: Lafayette Parish;,SERC,Public appeal to reduce the use of electricity for purposes of maintaining the continuity of the Bulk Electric System.,Severe Weather,Unknown,Unknown
February,02/16/2021,06:24:00,02/16/2021,10:41:00,Louisiana:,SERC,Firm load shedding of 100 Megawatts or more implemented under emergency operational policy.,System Operations,100,18150
February,02/16/2021,01:00:00,02/16/2021,21:28:00,Kentucky:,SERC,"Loss of electric service to more than 50,000 customers for 1 hour or more.",Severe Weather,Unknown,54167
February,02/16/2021,06:10:00,Unknown,Unknown,Missouri:,SERC,Firm load shedding of 100 Megawatts or more implemented under emergency operational policy.,Severe Weather/Transmission Interruption,130,Unknown
February,02/16/2021,07:00:00,Unknown,Unknown,New Jersey: Pennsylvania: Texas: California: Illinois: Colorado:,RF,Cyber event that could potentially impact electric power system adequacy or reliability.,Cyber Event,Unknown,0
February,02/16/2021,07:22:00,02/16/2021,08:00:00,"Louisiana: Allen Parish, St. Landry Parish, Evangeline Parish;",SERC,Firm load shedding of 100 Megawatts or more implemented under emergency operational policy.,Severe Weather,153,Unknown
February,02/16/2021,06:48:00,Unknown,Unknown,Louisiana: Texas:,SERC,Firm load shedding of 100 Megawatts or more implemented under emergency operational policy.,Severe Weather,402,Unknown
February,02/16/2021,04:26:00,Unknown,Unknown,Texas:,TRE,Firm load shedding of 100 Megawatts or more implemented under emergency operational policy.,Severe Weather,300,Unknown
February,02/17/2021,18:00:00,02/17/2021,23:00:00,Louisiana:,SERC,Public appeal to reduce the use of electricity for purposes of maintaining the continuity of the Bulk Electric System.,System Operations,Unknown,Unknown
February,02/17/2021,18:00:00,02/17/2021,23:00:00,Texas:,TRE,Public appeal to reduce the use of electricity for purposes of maintaining the continuity of the Bulk Electric System.,Severe Weather,Unknown,Unknown
February,02/17/2021,09:00:00,02/19/2021,09:00:00,Kansas:,MRO,Fuel supply emergencies that could impact electric power system adequacy or reliability.,Fuel Supply Deficiency,Unknown,Unknown
February,02/17/2021,17:00:00,02/17/2021,22:00:00,Mississippi:,SERC,Public appeal to reduce the use of electricity for purposes of maintaining the continuity of the Bulk Electric System.,Severe Weather,Unknown,Unknown
February,02/17/2021,10:30:00,02/17/2021,18:04:00,North Carolina:,SERC,"Unexpected Transmission loss within its area, contrary to design, of three or more Bulk Electric System Facilities caused by a common disturbance (excluding successful automatic reclosing).",Transmission Interruption,0,0
February,02/17/2021,17:00:00,02/17/2021,22:00:00,Louisiana: Lafayette Parish;,SERC,Public appeal to reduce the use of electricity for purposes of maintaining the continuity of the Bulk Electric System.,Severe Weather,400,67000
February,02/17/2021,06:38:00,02/17/2021,08:37:00,Texas: Travis County;,TRE,Complete loss of monitoring or control capability at its staffed Bulk Electric System control center for 30 continuous minutes or more.,System Operations,0,0
February,02/19/2021,06:48:00,Unknown,Unknown,Louisiana: Texas:,SERC,Firm load shedding of 100 Megawatts or more implemented under emergency operational policy.,Severe Weather,402,Unknown
February,02/19/2021,21:00:00,02/20/2021,13:00:00,Texas:,TRE,Cyber event that causes interruptions of electrical system operations.,Cyber Event,Unknown,0
February,02/19/2021,12:01:00,02/19/2021,12:41:00,New York: Broome County;,NPCC,Complete loss of monitoring or control capability at its staffed Bulk Electric System control center for 30 continuous minutes or more.,System Operations,0,0
February,02/27/2021,06:02:00,02/27/2021,09:51:00,"Oregon: Multnomah County, Clackamas County;",WECC,Unplanned evacuation from its Bulk Electric System control center facility for 30 continuous minutes or more.,System Operations,Unknown,0
February,02/28/2021,12:42:00,02/28/2021,13:22:00,Texas:,TRE,Complete loss of monitoring or control capability at its staffed Bulk Electric System control center for 30 continuous minutes or more.,System Operations,0,0
March,03/01/2021,10:06:00,03/09/2021,12:00:00,New York: Greene County;,NPCC,Cyber event that could potentially impact electric power system adequacy or reliability.,Cyber Event,0,0
March,03/01/2021,22:45:00,03/02/2021,18:35:00,Connecticut: Massachusetts: New Hampshire: Maine: Rhode Island: Vermont:,NPCC,"Loss of electric service to more than 50,000 customers for 1 hour or more.",Severe Weather,Unknown,69260
March,03/01/2021,13:06:00,03/01/2021,13:07:00,Texas: Nueces County;,TRE,Damage or destruction of its Facility that results from actual or suspected intentional human action.,Vandalism,0,0
March,03/02/2021,13:03:00,03/02/2021,13:38:00,Kentucky:,SERC,Complete loss of monitoring or control capability at its staffed Bulk Electric System control center for 30 continuous minutes or more.,System Operations,0,0
March,03/05/2021,14:30:00,03/05/2021,15:00:00,Indiana: Hamilton County;,RF,Complete loss of monitoring or control capability at its staffed Bulk Electric System control center for 30 continuous minutes or more.,System Operations,0,0
March,03/06/2021,03:21:00,03/06/2021,04:07:00,California: Tuolumne County;,WECC,Electrical System Separation (Islanding) where part or parts of power grid remain(s) operational in an otherwise blacked out area or within the partial failure of an integrated electrical system.,Severe Weather,22,24000
March,03/08/2021,04:36:00,03/08/2021,04:37:00,Washington: Yakima County;,WECC,Damage or destruction of its Facility that results from actual or suspected intentional human action.,Vandalism,0,0
March,03/08/2021,08:54:00,03/08/2021,08:55:00,Oregon: Multnomah County;,WECC,"Physical threat to its Facility excluding weather or natural disaster related threats, which has the potential to degrade the normal operation of the Facility. Or suspicious device or activity at its Facility.",Suspicious Activity,0,0
March,03/11/2021,08:10:00,03/11/2021,13:00:00,Washington:,WECC,Damage or destruction of its Facility that results from actual or suspected intentional human action.,Vandalism,0,0
March,03/17/2021,06:27:00,03/17/2021,08:27:00,Pennsylvania:,RF,"Unexpected Transmission loss within its area, contrary to design, of three or more Bulk Electric System Facilities caused by a common disturbance (excluding successful automatic reclosing).",Transmission Interruption,43,7381
March,03/17/2021,06:15:00,03/18/2021,12:00:00,"Texas: Dallas County, Tarrant County;",TRE,"Loss of electric service to more than 50,000 customers for 1 hour or more.",Severe Weather,Unknown,148000
March,03/18/2021,21:08:00,03/19/2021,22:31:00,Washington: Okanogan County;,WECC,Damage or destruction of its Facility that results from actual or suspected intentional human action.,Vandalism,4,916
March,03/19/2021,10:30:00,03/19/2021,12:00:00,Louisiana: Lafourche Parish;,SERC,Damage or destruction of its Facility that results from actual or suspected intentional human action.,Vandalism,Unknown,4200
March,03/19/2021,19:11:00,03/19/2021,19:59:00,New Jersey:,RF,Complete loss of monitoring or control capability at its staffed Bulk Electric System control center for 30 continuous minutes or more.,System Operations,Unknown,Unknown
March,03/19/2021,08:59:00,03/19/2021,10:04:00,Maine:,NPCC,Complete loss of monitoring or control capability at its staffed Bulk Electric System control center for 30 continuous minutes or more.,System Operations,0,0
March,03/21/2021,04:01:00,03/22/2021,09:37:00,Minnesota: Hennepin County;,MRO,"Physical threat to its Facility excluding weather or natural disaster related threats, which has the potential to degrade the normal operation of the Facility. Or suspicious device or activity at its Facility.",Suspicious Activity,0,0
March,03/29/2021,11:06:00,Unknown,Unknown,Connecticut: Massachusetts: Maine: Vermont: Rhode Island: New Hampshire:,NPCC,"Loss of electric service to more than 50,000 customers for 1 hour or more.",Severe Weather,Unknown,70000
March,03/29/2021,10:30:00,Unknown,Unknown,New Mexico:,WECC,Damage or destruction of its Facility that results from actual or suspected intentional human action.,Vandalism,Unknown,0
March,03/30/2021,16:18:00,03/30/2021,20:21:00,Texas: Hidalgo County;,TRE,"Unexpected Transmission loss within its area, contrary to design, of three or more Bulk Electric System Facilities caused by a common disturbance (excluding successful automatic reclosing).",Transmission Interruption,0,0
April,04/06/2021,08:49:00,04/06/2021,08:50:00,Florida: Alachua County;,SERC,Physical attack that could potentially impact electric power system adequacy or reliability; or vandalism which targets components of any security systems.,Vandalism,0,0
April,04/07/2021,17:42:00,04/07/2021,22:09:00,Ohio: Lake County;,RF,"Physical threat to its Facility excluding weather or natural disaster related threats, which has the potential to degrade the normal operation of the Facility. Or suspicious device or activity at its Facility.",Suspicious Activity,0,0
April,04/07/2021,10:18:00,04/07/2021,11:20:00,Texas:,TRE,Complete loss of monitoring or control capability at its staffed Bulk Electric System control center for 30 continuous minutes or more.,System Operations,0,0
April,04/08/2021,04:51:00,04/10/2021,20:00:00,California:,WECC,"Physical threat to its Facility excluding weather or natural disaster related threats, which has the potential to degrade the normal operation of the Facility. Or suspicious device or activity at its Facility.",Suspicious Activity,0,0
April,04/09/2021,13:20:00,04/10/2021,00:40:00,Texas: Denton County;,TRE,Damage or destruction of its Facility that results from actual or suspected intentional human action.,Vandalism,0,0
April,04/12/2021,00:44:00,04/12/2021,17:45:00,Colorado: Larimer County;,WECC,Damage or destruction of its Facility that results from actual or suspected intentional human action.,Actual Physical Attack,0,0
April,04/13/2021,09:00:00,04/13/2021,10:00:00,Texas: Cameron County;,TRE,"Physical threat to its Facility excluding weather or natural disaster related threats, which has the potential to degrade the normal operation of the Facility. Or suspicious device or activity at its Facility.",Suspicious Activity,0,0
April,04/13/2021,16:49:00,04/13/2021,20:30:00,Texas:,TRE,Public appeal to reduce the use of electricity for purposes of maintaining the continuity of the Bulk Electric System.,Severe Weather,0,0
April,04/13/2021,00:37:00,04/13/2021,04:19:00,Wisconsin: Eau Claire County;,MRO,Complete loss of monitoring or control capability at its staffed Bulk Electric System control center for 30 continuous minutes or more.,System Operations,0,0
April,04/14/2021,10:19:00,04/14/2021,11:39:00,District of Columbia: Delaware: Maryland: New Jersey: Pennsylvania:,RF,Complete loss of monitoring or control capability at its staffed Bulk Electric System control center for 30 continuous minutes or more.,System Operations,0,0
April,04/21/2021,20:31:00,04/21/2021,21:35:00,Minnesota: Dakota County;,MRO,"Unexpected Transmission loss within its area, contrary to design, of three or more Bulk Electric System Facilities caused by a common disturbance (excluding successful automatic reclosing).",Transmission Interruption,0,0
April,04/21/2021,13:13:00,04/21/2021,14:10:00,Texas: Travis County;,TRE,Complete loss of monitoring or control capability at its staffed Bulk Electric System control center for 30 continuous minutes or more.,System Operations,0,0
April,04/22/2021,16:43:00,04/22/2021,17:14:00,Wisconsin: Dane County;,MRO,Complete loss of monitoring or control capability at its staffed Bulk Electric System control center for 30 continuous minutes or more.,System Operations,0,0
April,04/22/2021,05:15:00,Unknown,Unknown,California:,WECC,Fuel supply emergencies that could impact electric power system adequacy or reliability.,Fuel Supply Deficiency,0,0
April,04/24/2021,22:08:00,04/24/2021,23:41:00,Texas: Cameron County;,TRE,"Physical threat to its Facility excluding weather or natural disaster related threats, which has the potential to degrade the normal operation of the Facility. Or suspicious device or activity at its Facility.",Suspicious Activity,0,0
April,04/24/2021,21:00:00,04/25/2021,10:43:00,Alabama: Calhoun County; Georgia:,SERC,"Loss of electric service to more than 50,000 customers for 1 hour or more.",Severe Weather,137,18860
April,04/25/2021,08:20:00,Unknown,Unknown,Tennessee: Davidson County;,SERC,Damage or destruction of its Facility that results from actual or suspected intentional human action.,Vandalism,0,0
April,04/26/2021,11:18:00,04/26/2021,13:00:00,Maine: Kennebec County;,NPCC,Complete loss of monitoring or control capability at its staffed Bulk Electric System control center for 30 continuous minutes or more.,System Operations,0,0
May,05/02/2021,19:58:00,05/02/2021,20:22:00,New Hampshire: Hillsborough County;,NPCC,Unplanned evacuation from its Bulk Electric System control center facility for 30 continuous minutes or more. ,System Operations,0,0
May,05/03/2021,11:21:00,05/03/2021,11:53:00,Oklahoma: Oklahoma County;,MRO,"Complete loss of monitoring or control capability at its staffed Bulk Electric System control center for 30 
                continuous minutes or more.",System Operations,0,0
May,05/03/2021,07:52:00,05/03/2021,07:53:00,South Carolina: Cherokee County;,SERC,"Physical threat to its Facility excluding weather or natural disaster related threats, which has the potential to degrade the normal operation of the Facility. Or suspicious device or activity at its Facility.",Suspicious Activity,0,0
May,05/04/2021,15:45:00,05/05/2021,10:00:00,Arkansas:,SERC,"Loss of electric service to more than 50,000 customers for 1 hour or more.",Severe Weather,Unknown,104027
May,05/04/2021,18:06:00,05/05/2021,17:48:00,Mississippi: Alabama: Georgia:,SERC,"Loss of electric service to more than 50,000 customers for 1 hour or more.",Severe Weather,175,24457
May,05/05/2021,11:50:00,05/08/2021,11:50:00,Michigan: Huron County;,RF,Physical attack that could potentially impact electric power system adequacy or reliability; or vandalism which targets components of any security systems.,Vandalism,0,0
May,05/06/2021,17:00:00,05/06/2021,17:15:00,Missouri: Jasper County;,SERC,Public appeal to reduce the use of electricity for purposes of maintaining the continuity of the Bulk Electric System.,System Operations,0,0
May,05/10/2021,02:28:00,05/10/2021,03:21:00,Pennsylvania:,RF,"Complete loss of monitoring or control capability at its staffed Bulk Electric System control center for 30 
                continuous minutes or more.",System Operations,0,0
May,05/10/2021,12:17:00,05/10/2021,12:54:00,"Indiana: Vanderburgh County, Warrick County, Posey County, Daviess County, Gibson County, Knox County, Spencer County;",RF,"Complete loss of monitoring or control capability at its staffed Bulk Electric System control center for 30 
                continuous minutes or more.",System Operations,0,0
May,05/11/2021,23:01:00,05/12/2021,08:29:00,Texas: Kinney County;,TRE,Physical attack that could potentially impact electric power system adequacy or reliability; or vandalism which targets components of any security systems.,Vandalism,0,0
May,05/11/2021,09:32:00,05/11/2021,10:38:00,Wisconsin: Iowa:,MRO,"Complete loss of monitoring or control capability at its staffed Bulk Electric System control center for 30 
                continuous minutes or more.",System Operations,0,0
May,05/14/2021,22:00:00,05/17/2021,06:00:00,Idaho:,WECC,Damage or destruction of its Facility that results from actual or suspected intentional human action.,Vandalism,0,0
May,05/14/2021,08:30:00,05/14/2021,16:00:00,Pennsylvania: Montgomery County;,RF,"Physical threat to its Facility excluding weather or natural disaster related threats, which has the potential to degrade the normal operation of the Facility. Or suspicious device or activity at its Facility.",Suspicious Activity,0,0
May,05/18/2021,23:25:00,05/19/2021,20:30:00,Texas: Harris County;,TRE,"Loss of electric service to more than 50,000 customers for 1 hour or more.",Severe Weather,Unknown,125000
May,05/18/2021,12:15:00,05/18/2021,20:18:00,Delaware: New Castle County;,RF,Damage or destruction of its Facility that results from actual or suspected intentional human action.,Vandalism,0,0
May,05/20/2021,10:06:00,05/20/2021,13:45:00,Florida: Brevard County;,SERC,"Unexpected Transmission loss within its area, contrary to design, of three or more Bulk Electric System Facilities caused by a common disturbance (excluding successful automatic reclosing).",Transmission Interruption,0,35000
May,05/20/2021,07:25:00,05/20/2021,07:26:00,California: Imperial County;,WECC,Physical attack that could potentially impact electric power system adequacy or reliability; or vandalism which targets components of any security systems.,Vandalism,0,0
May,05/24/2021,13:14:00,05/24/2021,13:15:00,Utah: San Juan County;,WECC,Physical attack that could potentially impact electric power system adequacy or reliability; or vandalism which targets components of any security systems.,Vandalism,0,0
May,05/25/2021,12:56:00,05/25/2021,13:41:00,Ohio:,RF,Unplanned evacuation from its Bulk Electric System control center facility for 30 continuous minutes or more. ,System Operations,0,0
May,05/27/2021,18:51:00,05/28/2021,15:56:00,California: Nevada:,WECC,"Unexpected Transmission loss within its area, contrary to design, of three or more Bulk Electric System Facilities caused by a common disturbance (excluding successful automatic reclosing).",Transmission Interruption,0,0
May,05/27/2021,00:05:00,05/27/2021,00:45:00,Oregon: Multnomah County;,WECC,Unplanned evacuation from its Bulk Electric System control center facility for 30 continuous minutes or more. ,System Operations,0,0
May,05/28/2021,21:24:00,05/28/2021,21:25:00,Florida: Duval County;,SERC,"Unexpected Transmission loss within its area, contrary to design, of three or more Bulk Electric System Facilities caused by a common disturbance (excluding successful automatic reclosing).",Transmission Interruption,1850,10000
May,05/28/2021,20:00:00,05/28/2021,21:29:00,California: Riverside County;,WECC,"Physical threat to its Facility excluding weather or natural disaster related threats, which has the potential to degrade the normal operation of the Facility. Or suspicious device or activity at its Facility.",Actual Physical Attack,0,655
May,05/28/2021,22:13:00,05/28/2021,23:34:00,Minnesota: St. Louis County;,MRO,Unplanned evacuation from its Bulk Electric System control center facility for 30 continuous minutes or more. ,System Operations,0,0
June,06/06/2021,14:57:00,06/06/2021,16:00:00,Indiana: Clay County;,RF,"Unexpected Transmission loss within its area, contrary to design, of three or more Bulk Electric System Facilities caused by a common disturbance (excluding successful automatic reclosing).",Transmission Interruption,Unknown,0
June,06/07/2021,22:27:00,06/08/2021,00:33:00,Minnesota: North Dakota:,MRO,"Unexpected Transmission loss within its area, contrary to design, of three or more Bulk Electric System Facilities caused by a common disturbance (excluding successful automatic reclosing).",Severe Weather/Transmission Interruption,23,1
June,06/07/2021,13:26:00,06/07/2021,13:27:00,"Texas: Somervell County, Ellis County;",TRE,"Total generation loss, within one minute of: greater than or equal to 2,000 Megawatts in the Eastern or Western Interconnection or greater than or equal to 1,400 Megawatts in the ERCOT Interconnection.",Generation Inadequacy,1435,0
June,06/07/2021,15:19:00,06/07/2021,18:22:00,New Mexico: San Juan County;,WECC,Complete loss of monitoring or control capability at its staffed Bulk Electric System control center for 30 continuous minutes or more.,System Operations,0,0
June,06/08/2021,15:00:00,06/08/2021,15:01:00,Texas: Liberty County;,TRE,Damage or destruction of its Facility that results from actual or suspected intentional human action.,Vandalism,0,0
June,06/09/2021,19:09:00,06/09/2021,20:50:00,New Mexico: San Juan County;,WECC,Complete loss of monitoring or control capability at its staffed Bulk Electric System control center for 30 continuous minutes or more.,System Operations,0,0
June,06/10/2021,22:28:00,06/10/2021,23:07:00,Kansas: Wyandotte County;,MRO,"Unexpected Transmission loss within its area, contrary to design, of three or more Bulk Electric System Facilities caused by a common disturbance (excluding successful automatic reclosing).",Transmission Interruption,90,9800
June,06/11/2021,03:26:00,06/11/2021,03:48:00,South Dakota: Brown County;,MRO,"Unexpected Transmission loss within its area, contrary to design, of three or more Bulk Electric System Facilities caused by a common disturbance (excluding successful automatic reclosing).",Severe Weather/Transmission Interruption,0,0
June,06/14/2021,12:55:00,06/18/2021,19:00:00,Texas:,TRE,Public appeal to reduce the use of electricity for purposes of maintaining the continuity of the Bulk Electric System.,System Operations,Unknown,Unknown
June,06/14/2021,12:15:00,06/18/2021,19:00:00,Texas:,TRE,Public appeal to reduce the use of electricity for purposes of maintaining the continuity of the Bulk Electric System.,System Operations,Unknown,Unknown
June,06/14/2021,02:10:00,06/14/2021,02:11:00,Utah: Salt Lake County;,WECC,"Physical threat to its Facility excluding weather or natural disaster related threats, which has the potential to degrade the normal operation of the Facility. Or suspicious device or activity at its Facility.",Suspicious Activity,0,0
June,06/15/2021,11:55:00,06/15/2021,21:17:00,Texas:,TRE,Cyber event that could potentially impact electric power system adequacy or reliability.,Cyber Event,Unknown,Unknown
June,06/15/2021,11:30:00,06/15/2021,13:35:00,Kansas: Wyandotte County;,MRO,Complete loss of monitoring or control capability at its staffed Bulk Electric System control center for 30 continuous minutes or more.,System Operations,0,0
June,06/16/2021,10:40:00,06/16/2021,10:43:00,Louisiana: West Baton Rouge Parish;,SERC,"Unexpected Transmission loss within its area, contrary to design, of three or more Bulk Electric System Facilities caused by a common disturbance (excluding successful automatic reclosing).",Transmission Interruption,7,1841
June,06/16/2021,04:10:00,06/16/2021,06:39:00,Maine:,NPCC,Complete loss of monitoring or control capability at its staffed Bulk Electric System control center for 30 continuous minutes or more.,System Operations,0,0
June,06/16/2021,10:25:00,06/16/2021,15:16:00,Florida: Alachua County;,SERC,Physical attack that could potentially impact electric power system adequacy or reliability; or vandalism which targets components of any security systems.,Vandalism,0,0
June,06/19/2021,18:54:00,06/19/2021,21:01:00,California: Alameda County;,WECC,"Loss of electric service to more than 50,000 customers for 1 hour or more.",System Operations,93,51806
June,06/21/2021,15:50:00,06/21/2021,16:50:00,Arkansas: Benton County;,SERC,"Physical threat to its Facility excluding weather or natural disaster related threats, which has the potential to degrade the normal operation of the Facility. Or suspicious device or activity at its Facility.",Suspicious Activity,0,0
June,06/21/2021,05:14:00,06/21/2021,19:00:00,Michigan:,RF,"Loss of electric service to more than 50,000 customers for 1 hour or more.",Severe Weather,Unknown,151852
June,06/23/2021,15:47:00,06/23/2021,16:44:00,Missouri: Boone County;,SERC,Complete loss of monitoring or control capability at its staffed Bulk Electric System control center for 30 continuous minutes or more.,System Operations,0,0
June,06/24/2021,03:34:00,06/24/2021,05:07:00,California: Plumas County;,WECC,Electrical System Separation (Islanding) where part or parts of a power grid remain(s) operational in an otherwise blacked out area or within the partial failure of an integrated electrical system.,Transmission Interruption,36,7621
June,06/24/2021,07:07:00,06/24/2021,13:48:00,Washington: Kittitas County;,SERC,Damage or destruction of its Facility that results from actual or suspected intentional human action.,Vandalism,0,0
June,06/27/2021,20:10:00,06/27/2021,21:30:00,North Dakota: Morton County;,MRO,Damage or destruction of its Facility that results from actual or suspected intentional human action.,Vandalism,4,1003
June,06/27/2021,02:27:00,06/27/2021,03:30:00,New York: Jefferson County;,NPCC,Damage or destruction of its Facility that results from actual or suspected intentional human action.,Vandalism,Unknown,982
June,06/28/2021,13:20:00,Unknown,Unknown,"Washington: Spokane County, Stevens County, Lincoln County, Adams County, Whitman County; Idaho: Kootenai County, Bonner County, Shoshone County, Boundary County, Benewah County, Latah County, Nez Perce County;",WECC,Public appeal to reduce the use of electricity for purposes of maintaining the continuity of the Bulk Electric System.,Severe Weather,44,Unknown
June,06/28/2021,11:22:00,Unknown,Unknown,North Carolina:,SERC,"Unexpected Transmission loss within its area, contrary to design, of three or more Bulk Electric System Facilities caused by a common disturbance (excluding successful automatic reclosing).",Transmission Interruption,0,0
June,06/29/2021,16:00:00,Unknown,Unknown,"Michigan: Oakland County, Macomb County, Wayne County;",RF,"Loss of electric service to more than 50,000 customers for 1 hour or more.",Severe Weather,Unknown,53000
June,06/30/2021,18:50:00,Unknown,Unknown,Connecticut: Massachusetts: Rhode Island: Vermont: New Hampshire: Maine:,NPCC,"Loss of electric service to more than 50,000 customers for 1 hour or more.",Severe Weather,Unknown,53103
July,07/03/2021,23:08:00,07/04/2021,02:16:00,New Mexico: Bernalillo County;,WECC,Damage or destruction of its Facility that results from actual or suspected intentional human action. - 17. Facility Physical Threat,Vandalism,45,34509
July,07/04/2021,15:33:00,07/04/2021,20:32:00,Washington: Chelan County;,WECC,"Unexpected Transmission loss within its area, contrary to design, of three or more Bulk Electric System Facilities caused by a common disturbance (excluding successful automatic reclosing).",Natural Disaster,0,0
July,07/05/2021,05:32:00,07/05/2021,08:58:00,New York:,NPCC,"Unexpected Transmission loss within its area, contrary to design, of three or more Bulk Electric System Facilities caused by a common disturbance (excluding successful automatic reclosing).",Transmission Interruption,0,0
July,07/05/2021,14:04:00,07/05/2021,14:41:00,Ohio: Kentucky:,RF/SERC,Unplanned evacuation from its Bulk Electric System control center facility for 30 continuous minutes or more.,Transmission Interruption,0,0
July,07/06/2021,19:41:00,07/06/2021,21:50:00,Ohio:,RF,"Loss of electric service to more than 50,000 customers for 1 hour or more",Severe Weather/Transmisison Interruption,Unknown,136827
July,07/07/2021,00:02:00,07/07/2021,00:20:00,Florida: Polk County;,SERC,"Unexpected Transmission loss within its area, contrary to design, of three or more Bulk Electric System Facilities caused by a common disturbance (excluding successful automatic reclosing).",Transmission Interruption,450,0
July,07/07/2021,15:30:00,Unknown,Unknown,"Michigan: Macomb County, Oakland County, Monroe County, Livingston County, St. Clair County, Washtenaw County, Wayne County;",RF,"Loss of electric service to more than 50,000 customers for 1 hour or more",Severe Weather,Unknown,90000
July,07/08/2021,17:01:00,07/08/2021,17:24:00,New York:,NPCC,"Unexpected Transmission loss within its area, contrary to design, of three or more Bulk Electric System Facilities caused by a common disturbance (excluding successful automatic reclosing).",Severe Weather/Transmisison Interruption,0,0
July,07/08/2021,20:29:00,07/08/2021,20:33:00,North Dakota: Stark County;,MRO,"Unexpected Transmission loss within its area, contrary to design, of three or more Bulk Electric System Facilities caused by a common disturbance (excluding successful automatic reclosing).",Severe Weather/Transmisison Interruption,88,0
July,07/09/2021,17:44:00,07/09/2021,21:05:00,California:,WECC,Public appeal to reduce the use of electricity for purposes of maintaining the continuity of the Bulk Electric System,Fuel Supply Deficiency,810,Unknown
July,07/09/2021,20:25:00,07/10/2021,21:00:00,California: Shasta County;,WECC,Public appeal to reduce the use of electricity for purposes of maintaining the continuity of the Bulk Electric System,Severe Weather,230,47000
July,07/10/2021,00:30:00,07/10/2021,05:00:00,Nebraska: Missouri:,MRO/SERC,"Loss of electric service to more than 50,000 customers for 1 hour or more",Severe Weather/Transmisison Interruption,Unknown,211500
July,07/10/2021,00:00:00,07/11/2021,16:00:00,Nebraska:,MRO,"Loss of electric service to more than 50,000 customers for 1 hour or more",Severe Weather,Unknown,188000
July,07/10/2021,01:55:00,07/10/2021,01:56:00,Missouri:,SERC,"Loss of electric service to more than 50,000 customers for 1 hour or more",Severe Weather,Unknown,52000
July,07/10/2021,18:00:00,07/10/2021,21:00:00,"Nevada: Clark County, Washoe County;",WECC,Public appeal to reduce the use of electricity for purposes of maintaining the continuity of the Bulk Electric System,Transmission Interruption,9000,1300000
July,07/10/2021,00:30:00,07/10/2021,05:00:00,Missouri: Nebraska:,MRO/SERC,"Loss of electric service to more than 50,000 customers for 1 hour or more",Severe Weather/Transmisison Interruption,Unknown,212500
July,07/11/2021,18:00:00,07/11/2021,21:00:00,"Nevada: Clark County, Washoe County;",WECC,Public appeal to reduce the use of electricity for purposes of maintaining the continuity of the Bulk Electric System,Transmission Interruption,9000,1300000
July,07/12/2021,15:51:00,07/13/2021,17:00:00,Colorado: Pueblo County;,WECC,Damage or destruction of its Facility that results from actual or suspected intentional human action.,Sabotage,0,0
July,07/14/2021,14:15:00,07/14/2021,14:16:00,California: Plumas County;,WECC,Electrical System Separation (Islanding) where part or parts of a power grid remain(s) operational in an otherwise blacked out area or within the partial failure of an integrated electrical system,Severe Weather/Transmisison Interruption,35,11000
July,07/18/2021,04:00:00,07/18/2021,09:46:00,Illinois: Cook County;,RF,"Unexpected Transmission loss within its area, contrary to design, of three or more Bulk Electric System Facilities caused by a common disturbance (excluding successful automatic reclosing).",Transmission Interruption,0,0
July,07/20/2021,16:21:00,07/20/2021,17:00:00,Ohio:,RF,Complete loss of monitoring or control capability at its staffed Bulk Electric System control center for 30 continuous minutes or more.,System Operations,0,0
July,07/21/2021,14:45:00,07/22/2021,12:00:00,"Pennsylvania: Bucks County, Chester County, Delaware County, Montgomery County, Philadelphia County, York County;",RF,"Loss of electric service to more than 50,000 customers for 1 hour or more",Severe Weather,Unknown,81503
July,07/22/2021,14:00:00,07/22/2021,14:40:00,California: Shasta County;,WECC,Complete loss of monitoring or control capability at its staffed Bulk Electric System control center for 30 continuous minutes or more.,System Operations,220,0
July,07/23/2021,08:09:00,07/23/2021,08:30:00,Minnesota: Hennepin County;,MRO/RF,"Unexpected Transmission loss within its area, contrary to design, of three or more Bulk Electric System Facilities caused by a common disturbance (excluding successful automatic reclosing).",System Operations,15,3500
July,07/23/2021,08:20:00,07/23/2021,10:45:00,Virginia: West Virginia:,RF/SERC,Complete loss of monitoring or control capability at its staffed Bulk Electric System control center for 30 continuous minutes or more.,System Operations,0,0
July,07/24/2021,20:30:00,Unknown,Unknown,"Michigan: Wayne County, Oakland County, Livingston County, Macomb County;",RF,"Loss of electric service to more than 50,000 customers for 1 hour or more",Severe Weather,Unknown,225949
July,07/26/2021,07:54:00,Unknown,Unknown,Nevada: Clark County;,WECC,Damage or destruction of its Facility that results from actual or suspected intentional human action.,Vandalism,0,0
July,07/28/2021,12:54:00,07/28/2021,15:42:00,Maine:,NPCC,Complete loss of monitoring or control capability at its staffed Bulk Electric System control center for 30 continuous minutes or more.,System Operations,0,0
July,07/30/2021,08:02:00,07/30/2021,09:34:00,Wisconsin:,MRO,Complete loss of monitoring or control capability at its staffed Bulk Electric System control center for 30 continuous minutes or more.,Cyber Event,0,0
August,08/01/2021,09:00:00,08/04/2021,09:00:00,Nevada: Clark County;,WECC,Physical attack that could potentially impact electric power system adequacy or reliability; or vandalism which targets components of any security systems,Vandalism,0,0
August,08/01/2021,23:37:00,08/02/2021,00:00:00,"California: Humboldt County, Trinity County;",WECC,Electrical System Separation (Islanding) where part or parts of a power grid remain(s) operational in an otherwise blacked out area or within the partial failure of an integrated electrical system,Severe Weather,95,65888
August,08/02/2021,06:23:00,08/02/2021,15:55:00,Texas: Hays County;,TRE,"Unexpected Transmission loss within its area, contrary to design, of three or more Bulk Electric System Facilities caused by a common disturbance (excluding successful automatic reclosing).",Severe Weather/Transmission Interruption,43,19000
August,08/02/2021,00:18:00,08/02/2021,10:47:00,Texas: Hays County;,TRE,"Unexpected Transmission loss within its area, contrary to design, of three or more Bulk Electric System Facilities caused by a common disturbance (excluding successful automatic reclosing).",Severe Weather/Transmission Interruption,24,9400
August,08/03/2021,07:05:00,08/03/2021,07:32:00,Texas: Cameron County;,TRE,"Physical threat to its Facility excluding weather or natural disaster related threats, which has the potential to degrade the normal operation of the Facility. Or suspicious device or activity at its Facility.",Suspicious Activity,0,0
August,08/03/2021,04:35:00,08/03/2021,05:28:00,Oregon: Linn County;,WECC,"Unexpected Transmission loss within its area, contrary to design, of three or more Bulk Electric System Facilities caused by a common disturbance (excluding successful automatic reclosing).",System Operations,4,Unknown
August,08/10/2021,22:30:00,08/13/2021,16:38:00,"Michigan: Allegan County, Antrim County, Barry County, Benzie County, Branch County, Calhoun County, Clare County, Clinton County, Crawford County, Eaton County, Genesee County, Gladwin County, Grand Traverse County, Gratiot County, Hillsdale County, Ingham County, Ionia County, Isabella County, Jackson County, Kalamazoo County, Kalkaska County, Kent County, Lake County, Leelanau County, Manistee County, Mason County, Mecosta County, Midland County, Missaukee County, Montcalm County, Muskegon County, Newaygo County, Oakland County, Oceana County, Ogemaw County, Osceola County, Oscoda County, Otsego County, Ottawa County, Roscommon County, Saginaw County, Shiawassee County, St. Joseph County, Van Buren County, Wexford County;",RF,"Loss of electric service to more than 50,000 customers for 1 hour or more",Severe Weather,Unknown,372600
August,08/10/2021,20:30:00,08/11/2021,19:00:00,Illinois:,RF/SERC,"Loss of electric service to more than 50,000 customers for 1 hour or more",Severe Weather,Unknown,318761
August,08/10/2021,20:00:00,Unknown,Unknown,"Wisconsin: Waukesha County, Milwaukee County, Kenosha County, Racine County, Washington County, Ozaukee County;",RF/SERC,"Loss of electric service to more than 50,000 customers for 1 hour or more",Severe Weather,Unknown,233000
August,08/11/2021,15:35:00,Unknown,Unknown,"Michigan: Huron County, Macomb County, Lapeer County, Macomb County, Monroe County, Oakland County, St. Clair County, Tuscola County, Wayne County, Washtenaw County, Livingston County;",RF,"Loss of electric service to more than 50,000 customers for 1 hour or more",Severe Weather,Unknown,700000
August,08/11/2021,19:12:00,08/11/2021,21:49:00,Ohio:,RF,"Loss of electric service to more than 50,000 customers for 1 hour or more",Severe Weather,Unknown,92109
August,08/12/2021,18:57:00,08/13/2021,06:00:00,Illinois: Missouri:,RF/SERC,"Loss of electric service to more than 50,000 customers for 1 hour or more",Severe Weather,Unknown,101000
August,08/12/2021,22:03:00,08/12/2021,22:44:00,Massachusetts:,NPCC,Unplanned evacuation from its Bulk Electric System control center facility for 30 continuous minutes or more.,System Operations,0,0
August,08/15/2021,17:17:00,08/16/2021,03:30:00,California: Solano County;,WECC,Physical attack that could potentially impact electric power system adequacy or reliability; or vandalism which targets components of any security systems,Actual Physical Attack,0,0
August,08/16/2021,16:11:00,08/16/2021,16:31:00,Montana: Flathead County;,WECC,Damage or destruction of its Facility that results from actual or suspected intentional human action.,Vandalism,0,0
August,08/17/2021,19:15:00,08/18/2021,17:45:00,"California: Butte County, Colusa County, Glenn County, Lake County, Lassen County, Mendocino County, Napa County, Plumas County, Shasta County, Sierra County, Solano County, Sonoma County, Tehama County, Trinity County, Yolo County;",WECC,"Loss of electric service to more than 50,000 customers for 1 hour or more",Severe Weather,234,71000
August,08/17/2021,14:00:00,08/18/2021,14:00:00,California: Kern County;,WECC,Damage or destruction of its Facility that results from actual or suspected intentional human action.,Vandalism,Unknown,0
August,08/18/2021,11:40:00,08/18/2021,12:13:00,Texas:,TRE,Complete loss of monitoring or control capability at its staffed Bulk Electric System control center for 30 continuous minutes or more.,System Operations,0,0
August,08/20/2021,15:35:00,08/20/2021,16:35:00,California: Nevada County;,WECC,Damage or destruction of its Facility that results from actual or suspected intentional human action.,Vandalism,0,0
August,08/20/2021,02:00:00,08/20/2021,03:00:00,Oregon: Washington: Idaho: Utah: Salt Lake County; Wyoming:,WECC,"Physical threat to its Facility excluding weather or natural disaster related threats, which has the potential to degrade the normal operation of the Facility. Or suspicious device or activity at its Facility.",Vandalism,0,0
August,08/21/2021,10:14:00,08/21/2021,10:52:00,Idaho: Elmore County;,WECC,Electrical System Separation (Islanding) where part or parts of a power grid remain(s) operational in an otherwise blacked out area or within the partial failure of an integrated electrical system,Severe Weather,0,418
August,08/22/2021,12:11:00,08/23/2021,16:30:00,Connecticut: Massachusetts: Maine: Rhode Island: Vermont:,NPCC,"Loss of electric service to more than 50,000 customers for 1 hour or more",Severe Weather,Unknown,28134
August,08/24/2021,21:37:00,Unknown,Unknown,"Michigan: Huron County, Lapeer County, Macomb County, Monroe County, Oakland County, St. Clair County, Wayne County, Washtenaw County;",RF,"Loss of electric service to more than 50,000 customers for 1 hour or more",Severe Weather,Unknown,65000
August,08/24/2021,17:00:00,08/26/2021,14:07:00,"Michigan: Arenac County, Bay County, Clare County, Genesee County, Gladwin County, Gratiot County, Isabella County, Iosco County, Kalamazoo County, Kent County, Barry County, Missaukee County, Montcalm County, Muskegon County, Newaygo County, Mecosta County, Midland County, Saginaw County, Ottawa County, Van Buren County;",RF,"Loss of electric service to more than 50,000 customers for 1 hour or more",Severe Weather,Unknown,84987
August,08/27/2021,06:16:00,08/27/2021,10:14:00,Arkansas: Pulaski County;,SERC,"Physical threat to its Facility excluding weather or natural disaster related threats, which has the potential to degrade the normal operation of the Facility. Or suspicious device or activity at its Facility.",Suspicious Activity,0,0
August,08/29/2021,11:30:00,Unknown,Unknown,Louisiana:,SERC,"Loss of electric service to more than 50,000 customers for 1 hour or more",Severe Weather,Unknown,Unknown
August,08/29/2021,18:04:00,08/31/2021,22:36:00,Louisiana: St. Charles Parish;,SERC,Complete loss of off-site power (LOOP) affecting a nuclear generating station per the Nuclear Plant Interface Requirements.,Severe Weather,Unknown,Unknown
August,08/29/2021,18:00:00,09/03/2021,13:41:00,Louisiana:,SERC,"Loss of electric service to more than 50,000 customers for 1 hour or more",Severe Weather,Unknown,91315
August,08/29/2021,22:39:00,09/03/2021,08:38:00,Louisiana:,SERC,"Loss of electric service to more than 50,000 customers for 1 hour or more",Severe Weather,Unknown,50000
August,08/29/2021,20:25:00,Unknown,Unknown,New York:,NPCC,"Unexpected Transmission loss within its area, contrary to design, of three or more Bulk Electric System Facilities caused by a common disturbance (excluding successful automatic reclosing).",Transmission Interruption,796,0
August,08/29/2021,09:32:00,08/29/2021,21:32:00,Louisiana: Pointe Coupee Parish;,SERC,"Unexpected Transmission loss within its area, contrary to design, of three or more Bulk Electric System Facilities caused by a common disturbance (excluding successful automatic reclosing).",Transmission Interruption,Unknown,Unknown
August,08/29/2021,17:53:00,Unknown,Unknown,Louisiana:,SERC,Electrical System Separation (Islanding) where part or parts of a power grid remain(s) operational in an otherwise blacked out area or within the partial failure of an integrated electrical system,Severe Weather,Unknown,Unknown
August,08/30/2021,21:17:00,09/01/2021,15:19:00,Florida: Leon County;,SERC,Damage or destruction of its Facility that results from actual or suspected intentional human action.,Actual Physical Attack,0,0
September,09/01/2021,06:22:00,09/01/2021,15:56:00,California: Santa Clara County;,WECC,Physical attack that could potentially impact electric power system adequacy or reliability; or vandalism which targets components of any security systems,Vandalism,0,0
September,09/01/2021,17:30:00,09/02/2021,02:00:00,"Pennsylvania: Bucks County, Chester County, Delaware County, Montgomery County, Philadelphia County, York County;",RF,"Loss of electric service to more than 50,000 customers for 1 hour or more",Severe Weather,Unknown,252740
September,09/02/2021,14:07:00,09/02/2021,14:10:00,Texas: Williamson County;,TRE,"Physical threat to its Facility excluding weather or natural disaster related threats, which has the potential to degrade the normal operation of the Facility. Or suspicious device or activity at its Facility.",Suspicious Activity,0,0
September,09/07/2021,17:30:00,09/09/2021,09:00:00,"Michigan: Osceola County, Kalamazoo County, Van Buren County, Saginaw County, Arenac County, Lake County, Clare County, Mecosta County;",RF,"Loss of electric service to more than 50,000 customers for 1 hour or more",Severe Weather,Unknown,80000
September,09/07/2021,20:00:00,09/09/2021,07:00:00,Michigan: Wayne County;,RF,"Loss of electric service to more than 50,000 customers for 1 hour or more",Severe Weather,Unknown,60000
September,09/08/2021,12:15:00,09/08/2021,12:38:00,North Dakota: Cass County;,MRO,"Unexpected Transmission loss within its area, contrary to design, of three or more Bulk Electric System Facilities caused by a common disturbance (excluding successful automatic reclosing).",Transmission Interruption,37,1
September,09/09/2021,16:00:00,09/09/2021,17:30:00,California:,WECC,Damage or destruction of its Facility that results from actual or suspected intentional human action.,Vandalism,0,0
September,09/09/2021,17:00:00,09/09/2021,20:00:00,"Nevada: Clark County, Washoe County;",WECC,Public appeal to reduce the use of electricity for purposes of maintaining the continuity of the Bulk Electric System,System Operations,8000,1300000
September,09/10/2021,11:17:00,09/10/2021,11:19:00,North Dakota: McKenzie County;,MRO,"Unexpected Transmission loss within its area, contrary to design, of three or more Bulk Electric System Facilities caused by a common disturbance (excluding successful automatic reclosing).",Transmission Interruption,6,1
September,09/10/2021,14:05:00,Unknown,Unknown,Iowa: Polk County;,MRO,Damage or destruction of its Facility that results from actual or suspected intentional human action.,Vandalism,0,0
September,09/10/2021,07:20:00,09/10/2021,09:05:00,California:,WECC,"Loss of electric service to more than 50,000 customers for 1 hour or more",Severe Weather,89,59649
September,09/10/2021,01:55:00,09/10/2021,02:04:00,Florida: Citrus County;,SERC,"Unexpected Transmission loss within its area, contrary to design, of three or more Bulk Electric System Facilities caused by a common disturbance (excluding successful automatic reclosing).",Severe Weather,75,Unknown
September,09/11/2021,08:32:00,Unknown,Unknown,Texas: Austin County; California: Los Angeles County;,TRE/SERC,Physical attack that could potentially impact electric power system adequacy or reliability; or vandalism which targets components of any security systems,Actual Physical Attack,0,0
September,09/13/2021,12:18:00,09/13/2021,13:15:00,Washington: Skagit County;,WECC,"Unexpected Transmission loss within its area, contrary to design, of three or more Bulk Electric System Facilities caused by a common disturbance (excluding successful automatic reclosing).",Transmission Interruption,0,0
September,09/13/2021,23:59:00,Unknown,Unknown,Texas: Harris County;,TRE,"Loss of electric service to more than 50,000 customers for 1 hour or more",Severe Weather,Unknown,204280
September,09/13/2021,13:10:00,Unknown,Unknown,Texas: Midland County;,TRE,Damage or destruction of its Facility that results from actual or suspected intentional human action.,Transmission Interruption,0,0
September,09/13/2021,18:00:00,09/14/2021,00:49:00,Texas: Harris County;,TRE,"Loss of electric service to more than 50,000 customers for 1 hour or more",Severe Weather,Unknown,66589
September,09/14/2021,00:35:00,09/18/2021,19:20:00,Texas: Harris County;,TRE,"Loss of electric service to more than 50,000 customers for 1 hour or more",Severe Weather,1905,705415
September,09/14/2021,07:36:00,09/15/2021,01:48:00,Texas:,TRE,Electrical System Separation (Islanding) where part or parts of a power grid remain(s) operational in an otherwise blacked out area or within the partial failure of an integrated electrical system,Severe Weather,0,Unknown
September,09/14/2021,07:52:00,09/14/2021,22:44:00,Texas:,TRE,Electrical System Separation (Islanding) where part or parts of a power grid remain(s) operational in an otherwise blacked out area or within the partial failure of an integrated electrical system,Severe Weather,0,Unknown
September,09/15/2021,22:42:00,09/16/2021,00:37:00,Texas: Kentucky: Arizona: New Mexico: Oregon: Washington:,TRE/SERC/WECC,Unplanned evacuation from its Bulk Electric System control center facility for 30 continuous minutes or more.,System Operations,0,0
September,09/16/2021,14:49:00,09/16/2021,20:02:00,Oklahoma:,MRO/SERC,"Unexpected Transmission loss within its area, contrary to design, of three or more Bulk Electric System Facilities caused by a common disturbance (excluding successful automatic reclosing).",Transmission Interruption,100,4000
September,09/16/2021,14:49:00,09/16/2021,20:02:00,Oklahoma:,MRO/SERC,"Unexpected Transmission loss within its area, contrary to design, of three or more Bulk Electric System Facilities caused by a common disturbance (excluding successful automatic reclosing).",Transmission Interruption,100,4000
September,09/17/2021,23:00:00,09/19/2021,12:00:00,"Washington: Pierce County, Whatcom County, Skagit County, King County;",WECC,"Loss of electric service to more than 50,000 customers for 1 hour or more",Severe Weather/Transmission Interruption,Unknown,87000
September,09/17/2021,03:50:00,09/18/2021,04:08:00,Indiana:,RF,"Physical threat to its Facility excluding weather or natural disaster related threats, which has the potential to degrade the normal operation of the Facility. Or suspicious device or activity at its Facility.",Suspicious Activity,0,0
September,09/17/2021,03:00:00,09/18/2021,22:00:00,Minnesota:,MRO,"Loss of electric service to more than 50,000 customers for 1 hour or more",Severe Weather,Unknown,82000
September,09/18/2021,04:30:00,09/18/2021,06:00:00,Indiana: Hamilton County;,RF,"Physical threat to its Facility excluding weather or natural disaster related threats, which has the potential to degrade the normal operation of the Facility. Or suspicious device or activity at its Facility.",Suspicious Activity,0,0
September,09/22/2021,17:17:00,Unknown,Unknown,"Michigan: Lenawee County, Livingston County, Genesee County, Tuscola County, Huron County, Sanilac County, Lapeer County, St. Clair County, Macomb County, Oakland County, Washtenaw County, Wayne County, Monroe County;",RF,"Loss of electric service to more than 50,000 customers for 1 hour or more",Severe Weather,Unknown,136000
September,09/22/2021,09:36:00,09/23/2021,11:45:00,California: Los Angeles County;,WECC,Damage or destruction of its Facility that results from actual or suspected intentional human action.,Vandalism,1,0
September,09/28/2021,13:44:00,09/28/2021,13:56:00,Kentucky: Henderson County;,SERC,Electrical System Separation (Islanding) where part or parts of a power grid remain(s) operational in an otherwise blacked out area or within the partial failure of an integrated electrical system,Transmission Interruption,20,5000
September,09/29/2021,11:48:00,09/29/2021,12:21:00,Missouri: Jackson County;,MRO/SERC,Complete loss of monitoring or control capability at its staffed Bulk Electric System control center for 30 continuous minutes or more.,System Operations,150,0
October,10/03/2021,10:40:00,10/03/2021,11:54:00,Texas: Cameron County;,TRE,"Physical threat to its Facility excluding weather or natural disaster related threats, which has the potential to degrade the normal operation of the Facility. Or suspicious device or activity at its Facility.",Suspicious Activity,0,0
October,10/04/2021,07:00:00,10/04/2021,08:00:00,Utah: Uintah County;,WECC,Damage or destruction of its Facility that results from actual or suspected intentional human action.,Vandalism,Unknown,0
October,10/05/2021,11:31:00,10/05/2021,11:32:00,California: Santa Clara County;,WECC,Physical attack that could potentially impact electric power system adequacy or reliability; or vandalism which targets components of any security systems,Vandalism,0,0
October,10/05/2021,11:31:00,10/05/2021,11:32:00,California: Santa Clara County;,WECC,Physical attack that could potentially impact electric power system adequacy or reliability; or vandalism which targets components of any security systems,Vandalism,0,0
October,10/07/2021,17:15:00,10/09/2021,18:15:00,Maryland: Baltimore County;,RF,Damage or destruction of its Facility that results from actual or suspected intentional human action.,Vandalism,0,0
October,10/08/2021,06:30:00,10/08/2021,10:00:00,California: Contra Costa County;,WECC,Damage or destruction of its Facility that results from actual or suspected intentional human action.,Vandalism,0,0
October,10/08/2021,14:30:00,10/08/2021,18:32:00,Ohio: Cuyahoga County;,RF,Complete loss of monitoring or control capability at its staffed Bulk Electric System control center for 30 continuous minutes or more.,System Operations,210,0
October,10/09/2021,17:01:00,10/10/2021,06:30:00,North Carolina:,SERC,Unplanned evacuation from its Bulk Electric System control center facility for 30 continuous minutes or more.,System Operations,0,0
October,10/10/2021,22:15:00,10/12/2021,17:00:00,"Texas: Collin County, Dallas County, Denton County, Ellis County, Hunt County, Johnson County, Palo Pinto County, Tarrant County, Wichita County;",TRE,"Loss of electric service to more than 50,000 customers for 1 hour or more",Severe Weather,Unknown,110000
October,10/11/2021,14:22:00,10/11/2021,20:30:00,California:,WECC,"Loss of electric service to more than 50,000 customers for 1 hour or more",Severe Weather,126,84000
October,10/12/2021,20:08:00,10/12/2021,20:09:00,Illinois: Cook County;,RF,"Physical threat to its Facility excluding weather or natural disaster related threats, which has the potential to degrade the normal operation of the Facility. Or suspicious device or activity at its Facility.",Suspicious Activity,0,0
October,10/16/2021,14:16:00,10/16/2021,18:41:00,Oregon: Lane County;,WECC,"Unexpected Transmission loss within its area, contrary to design, of three or more Bulk Electric System Facilities caused by a common disturbance (excluding successful automatic reclosing).",Transmission Interruption,Unknown,Unknown
October,10/18/2021,22:18:00,10/18/2021,23:30:00,Pennsylvania:,RF,Complete loss of monitoring or control capability at its staffed Bulk Electric System control center for 30 continuous minutes or more.,System Operations,0,0
October,10/18/2021,23:26:00,10/19/2021,15:00:00,Pennsylvania: Montgomery County;,RF,"Physical threat to its Bulk Electric System control center, excluding weather or natural disaster related threats, which has the potential to degrade the normal operation of the control center. Or suspicious device or activity at its Bulk Electric System control center.",Suspicious Activity,0,0
October,10/18/2021,23:27:00,10/19/2021,10:05:00,Georgia: DeKalb County;,SERC,"Physical threat to its Bulk Electric System control center, excluding weather or natural disaster related threats, which has the potential to degrade the normal operation of the control center. Or suspicious device or activity at its Bulk Electric System control center.",Suspicious Activity,0,0
October,10/18/2021,22:26:00,10/19/2021,08:19:00,Missouri: Boone County;,SERC/MRO,"Physical threat to its Facility excluding weather or natural disaster related threats, which has the potential to degrade the normal operation of the Facility. Or suspicious device or activity at its Facility.",Suspicious Activity,0,0
October,10/18/2021,11:47:00,10/18/2021,11:48:00,Florida: Putnam County;,SERC,Damage or destruction of its Facility that results from actual or suspected intentional human action.,Vandalism,0,0
October,10/19/2021,15:34:00,10/19/2021,16:26:00,Ohio: Summit County;,RF,"Unexpected Transmission loss within its area, contrary to design, of three or more Bulk Electric System Facilities caused by a common disturbance (excluding successful automatic reclosing).",System Operations,42,1
October,10/20/2021,23:00:00,10/21/2021,01:20:00,Wisconsin: Eau Claire County;,MRO/RF,Complete loss of monitoring or control capability at its staffed Bulk Electric System control center for 30 continuous minutes or more.,System Operations,0,0
October,10/22/2021,19:55:00,10/23/2021,05:55:00,Louisiana: Lafayette Parish;,SERC,Complete loss of monitoring or control capability at its staffed Bulk Electric System control center for 30 continuous minutes or more.,System Operations,132,0
October,10/24/2021,08:55:00,10/25/2021,18:15:00,California:,WECC,"Loss of electric service to more than 50,000 customers for 1 hour or more",Severe Weather,116,59000
October,10/24/2021,07:00:00,10/26/2021,21:30:00,"Washington: King County, Pierce County, Skagit County, Thurston County;",WECC,"Loss of electric service to more than 50,000 customers for 1 hour or more",Severe Weather,Unknown,233000
October,10/27/2021,17:57:00,10/28/2021,16:49:00,Louisiana: Ascension Parish;,SERC,"Unexpected Transmission loss within its area, contrary to design, of three or more Bulk Electric System Facilities caused by a common disturbance (excluding successful automatic reclosing).",System Operations,0,0
October,10/27/2021,02:25:00,10/29/2021,08:37:00,Connecticut: Maine: Massachusetts: New Hampshire: Rhode Island: Vermont:,NPCC,"Loss of electric service to more than 50,000 customers for 1 hour or more",Severe Weather,Unknown,169000
October,10/28/2021,12:47:00,10/28/2021,13:05:00,Montana: Valley County;,WECC,"Unexpected Transmission loss within its area, contrary to design, of three or more Bulk Electric System Facilities caused by a common disturbance (excluding successful automatic reclosing).",System Operations,20,0
October,10/28/2021,14:15:00,10/30/2021,08:00:00,"Texas: Angelina County, Bell County, Cherokee County, Collin County, Denton County, Dallas County, Ellis County, Hunt County, Johnson County, McLennan County, Nacogdoches County, Smith County, Tarrant County, Travis County, Williamson County;",TRE,"Loss of electric service to more than 50,000 customers for 1 hour or more",Severe Weather,Unknown,250000
October,10/28/2021,14:45:00,10/29/2021,20:30:00,Texas: Harris County;,TRE,"Loss of electric service to more than 50,000 customers for 1 hour or more",Severe Weather,Unknown,130000
October,10/28/2021,12:06:00,10/28/2021,12:30:00,Texas: Haskell County;,TRE,Damage or destruction of its Facility that results from actual or suspected intentional human action.,Actual Physical Attack/Vandalism,Unknown,Unknown
October,10/29/2021,14:20:00,10/29/2021,15:00:00,Vermont: Lamoille County;,NPCC,"Physical threat to its Facility excluding weather or natural disaster related threats, which has the potential to degrade the normal operation of the Facility. Or suspicious device or activity at its Facility.",Suspicious Activity,0,0
October,10/30/2021,07:31:00,Unknown,Unknown,New Jersey:,RF,"Physical threat to its Facility excluding weather or natural disaster related threats, which has the potential to degrade the normal operation of the Facility. Or suspicious device or activity at its Facility.",Suspicious Activity,Unknown,Unknown
October,10/31/2021,07:49:00,10/31/2021,09:32:00,California: Alameda County;,WECC,Physical attack that could potentially impact electric power system adequacy or reliability; or vandalism which targets components of any security systems,Vandalism,0,0
November,11/04/2021,21:34:00,11/04/2021,22:57:00,Montana: Hill County;,WECC,"Unexpected Transmission loss within its area, contrary to design, of three or more Bulk Electric System Facilities caused by a common disturbance (excluding successful automatic reclosing).",System Operations,44,Unknown
November,11/06/2021,06:45:00,11/06/2021,07:00:00,Pennsylvania: York County;,RF,"Physical threat to its Facility excluding weather or natural disaster related threats, which has the potential to degrade the normal operation of the Facility. Or suspicious device or activity at its Facility.",Suspicious Activity,0,0
November,11/06/2021,08:40:00,11/06/2021,08:41:00,Washington: Grant County;,WECC,"Physical threat to its Facility excluding weather or natural disaster related threats, which has the potential to degrade the normal operation of the Facility. Or suspicious device or activity at its Facility.",Suspicious Activity,Unknown,350
November,11/08/2021,22:53:00,11/08/2021,23:33:00,Washington: King County;,WECC,Electrical System Separation (Islanding) where part or parts of a power grid remain(s) operational in an otherwise blacked out area or within the partial failure of an integrated electrical system,System Operations,9,Unknown
November,11/09/2021,18:00:00,11/09/2021,20:00:00,Mississippi: Coahoma County;,SERC, Public appeal to reduce the use of electricity for purposes of maintaining the continuity of the Bulk Electric System,System Operations,Unknown,Unknown
November,11/09/2021,08:50:00,11/09/2021,16:00:00,Indiana: Floyd County;,RF,Damage or destruction of its Facility that results from actual or suspected intentional human action.,Vandalism,0,0
November,11/10/2021,21:19:00,11/11/2021,01:19:00,Texas: Brazos County;,TRE,"Unexpected Transmission loss within its area, contrary to design, of three or more Bulk Electric System Facilities caused by a common disturbance (excluding successful automatic reclosing).",Transmission Interruption,0,0
November,11/10/2021,09:49:00,11/10/2021,10:05:00,New York:,NPCC,"Unexpected Transmission loss within its area, contrary to design, of three or more Bulk Electric System Facilities caused by a common disturbance (excluding successful automatic reclosing).",Transmission Interruption,0,0
November,11/11/2021,05:52:00,11/11/2021,06:09:00,Texas: Montgomery County;,TRE,"Unexpected Transmission loss within its area, contrary to design, of three or more Bulk Electric System Facilities caused by a common disturbance (excluding successful automatic reclosing).",System Operations,67,Unknown
November,11/12/2021,07:00:00,11/12/2021,07:14:00,Oregon: Multnomah County; Washington: Idaho: Utah: Wyoming:,WECC,Damage or destruction of its Facility that results from actual or suspected intentional human action.,Vandalism,0,0
November,11/15/2021,11:47:00,Unknown,Unknown,Colorado: Larimer County;,WECC,Physical attack that could potentially impact electric power system adequacy or reliability; or vandalism which targets components of any security systems,Suspicious Activity,0,0
November,11/15/2021,11:00:00,11/17/2021,06:00:00,"Washington: King County, Kitsap County, Whatcom County, Thurston County, Pierce County;",WECC,"Loss of electric service to more than 50,000 customers for 1 hour or more",Severe Weather,Unknown,90000
November,11/16/2021,00:42:00,11/16/2021,07:35:00,California: Los Angeles County;,WECC,"Damage or destruction of a Facility within its Reliability Coordinator Area, Balancing Authority Area or Transmission Operator Area that results in action(s) to avoid a Bulk Electric System Emergency.",Suspicious Activity,0,0
November,11/16/2021,17:37:00,11/16/2021,18:21:00,Maryland: Baltimore County;,RF,Unplanned evacuation from its Bulk Electric System control center facility for 30 continuous minutes or more.,System Operations,0,0
November,11/17/2021,12:43:00,11/17/2021,13:25:00,Michigan: Wexford County;,RF,Complete loss of monitoring or control capability at its staffed Bulk Electric System control center for 30 continuous minutes or more.,System Operations,0,0
November,11/17/2021,13:12:00,Unknown,Unknown,Colorado: Larimer County;,WECC,Physical attack that could potentially impact electric power system adequacy or reliability; or vandalism which targets components of any security systems,Vandalism,0,0
November,11/21/2021,10:00:00,11/21/2021,10:01:00,Wisconsin:,MRO/RF,Cyber Security Incident that was an attempt to compromise a High or Medium Impact Bulk Electric System Cyber System or their associated Electronic Access Control or Monitoring Systems,Cyber Event,0,0
November,11/24/2021,10:00:00,11/26/2021,10:21:00,"California: Riverside County, Ventura County, San Bernardino County, Orange County, Los Angeles County;",WECC,"Loss of electric service to more than 50,000 customers for 1 hour or more",Severe Weather,Unknown,81406
November,11/30/2021,06:46:00,11/30/2021,06:47:00,North Carolina: South Carolina:,SERC,"Unexpected Transmission loss within its area, contrary to design, of three or more Bulk Electric System Facilities caused by a common disturbance (excluding successful automatic reclosing).",System Operations,0,0
November,11/30/2021,06:52:00,11/30/2021,07:25:00,Texas: Cameron County;,TRE,"Physical threat to its Facility excluding weather or natural disaster related threats, which has the potential to degrade the normal operation of the Facility. Or suspicious device or activity at its Facility.",Suspicious Activity,0,0
November,11/30/2021,13:47:00,11/30/2021,14:21:00,California:,WECC,Electrical System Separation (Islanding) where part or parts of a power grid remain(s) operational in an otherwise blacked out area or within the partial failure of an integrated electrical system,System Operations,10,6000
November,11/30/2021,05:00:00,11/30/2021,05:01:00,Oregon: Multnomah County; Washington: Idaho: Utah: Wyoming:,WECC,Damage or destruction of its Facility that results from actual or suspected intentional human action.,Vandalism,0,0
December,12/01/2021,10:04:00,12/01/2021,13:08:00,Wisconsin: Eau Claire County;,MRO,Complete loss of monitoring or control capability at its staffed Bulk Electric System control center for 30 continuous minutes or more.,System Operations,0,0
December,12/02/2021,10:33:00,12/02/2021,13:10:00,Texas:,TRE,Complete loss of monitoring or control capability at its staffed Bulk Electric System control center for 30 continuous minutes or more.,System Operations,0,0
December,12/07/2021,14:33:00,12/07/2021,15:40:00,Indiana: Putnam County;,RF,"Unexpected Transmission loss within its area, contrary to design, of three or more Bulk Electric System Facilities caused by a common disturbance (excluding successful automatic reclosing).",Transmission Interruption,0,0
December,12/08/2021,09:04:00,12/08/2021,09:35:00,New York: Broome County;,NPCC,Complete loss of monitoring or control capability at its staffed Bulk Electric System control center for 30 continuous minutes or more.,System Operations,0,0
December,12/10/2021,12:06:00,12/10/2021,13:07:00,Idaho: Ada County;,WECC,Damage or destruction of its Facility that results from actual or suspected intentional human action.,Vandalism,0,0
December,12/11/2021,03:13:00,12/15/2021,15:30:00,"Tennessee: Davidson County, Sumner County;",SERC,"Loss of electric service to more than 50,000 customers for 1 hour or more",Severe Weather,177,107344
December,12/11/2021,18:16:00,12/13/2021,17:00:00,New York:,NPCC,"Loss of electric service to more than 50,000 customers for 1 hour or more",Severe Weather,Unknown,103000
December,12/11/2021,11:13:00,12/12/2021,23:06:00,Michigan:,MRO,"Loss of electric service to more than 50,000 customers for 1 hour or more",Severe Weather,Unknown,182410
December,12/11/2021,10:30:00,12/11/2021,15:00:00,"Michigan: Van Buren County, Gladwin County, Montcalm County, Branch County, Allegan County, Ionia County, Newaygo County, Mecosta County, Lake County, Midland County, Ogemaw County, Osceola County, Tuscola County;",MRO,"Loss of electric service to more than 50,000 customers for 1 hour or more",Severe Weather,Unknown,159947
December,12/12/2021,06:14:00,12/12/2021,06:40:00,Louisiana: De Soto Parish;,SERC,Physical attack that could potentially impact electric power system adequacy or reliability; or vandalism which targets components of any security systems,Vandalism,36,Unknown
December,12/14/2021,07:28:00,12/14/2021,13:43:00,California: Humboldt County;,WECC,Electrical System Separation (Islanding) where part or parts of a power grid remain(s) operational in an otherwise blacked out area or within the partial failure of an integrated electrical system,Severe Weather,120,65994
December,12/14/2021,09:39:00,12/14/2021,09:48:00,Washington: Chelan County;,WECC,"Unexpected Transmission loss within its area, contrary to design, of three or more Bulk Electric System Facilities caused by a common disturbance (excluding successful automatic reclosing).",System Operations,0,0
December,12/15/2021,19:00:00,12/16/2021,03:00:00,Kansas:,MRO,"Loss of electric service to more than 50,000 customers for 1 hour or more",Severe Weather,Unknown,174000
December,12/15/2021,18:00:00,12/16/2021,09:00:00,Iowa: Wisconsin:,MRO,"Loss of electric service to more than 50,000 customers for 1 hour or more",Severe Weather,Unknown,134000
December,12/15/2021,16:37:00,12/16/2021,11:30:00,Missouri: Kansas:,SERC/MRO,"Loss of electric service to more than 50,000 customers for 1 hour or more",Severe Weather,0,258000
December,12/15/2021,20:00:00,Unknown,Unknown,Wisconsin:,MRO,"Loss of electric service to more than 50,000 customers for 1 hour or more",Severe Weather,Unknown,80000
December,12/15/2021,20:00:00,Unknown,Unknown,Wisconsin:,MRO,"Loss of electric service to more than 50,000 customers for 1 hour or more",Severe Weather,Unknown,156000
December,12/15/2021,21:00:00,Unknown,Unknown,Iowa: Minnesota:,MRO," Damage or destruction of a Facility within its Reliability Coordinator Area, Balancing Authority Area or Transmission Operator Area that results in action(s) to avoid a Bulk Electric System Emergency.",Severe Weather,Unknown,Unknown
December,12/15/2021,15:56:00,12/15/2021,17:27:00,Nebraska: Burt County;,MRO,"Unexpected Transmission loss within its area, contrary to design, of three or more Bulk Electric System Facilities caused by a common disturbance (excluding successful automatic reclosing).",System Operations,5,Unknown
December,12/15/2021,16:37:00,Unknown,Unknown,Missouri: Kansas:,SERC/MRO,"Loss of electric service to more than 50,000 customers for 1 hour or more",Severe Weather,Unknown,Unknown
December,12/16/2021,06:00:00,12/16/2021,20:00:00,"Michigan: Antrim County, Kalkaska County, Grand Traverse County, Leelanau County, Benzie County, Manistee County, Wexford County, Missaukee County, Lake County, Osceola County, Oceana County, Newaygo County, Mecosta County, Emmet County, Charlevoix County, Cheboygan County, Clare County, Roscommon County, Crawford County, Ogemaw County;",MRO,"Loss of electric service to more than 50,000 customers for 1 hour or more",Severe Weather,Unknown,200675
December,12/18/2021,13:04:00,12/18/2021,21:59:00,California:,WECC,Physical attack that causes major interruptions or impacts to critical infrastructure or to operations,Suspicious Activity,10,11770
December,12/19/2021,20:48:00,12/19/2021,21:00:00,Texas: Cameron County;,TRE,"Physical threat to its Facility excluding weather or natural disaster related threats, which has the potential to degrade the normal operation of the Facility. Or suspicious device or activity at its Facility.",Suspicious Activity,0,0
December,12/21/2021,21:59:00,12/22/2021,14:15:00,Texas: Cameron County;,TRE,"Unexpected Transmission loss within its area, contrary to design, of three or more Bulk Electric System Facilities caused by a common disturbance (excluding successful automatic reclosing).",System Operations,22,Unknown
December,12/23/2021,01:10:00,12/23/2021,01:15:00,Pennsylvania: York County;,RF,"Physical threat to its Facility excluding weather or natural disaster related threats, which has the potential to degrade the normal operation of the Facility. Or suspicious device or activity at its Facility.",Suspicious Activity,0,0
December,12/23/2021,14:02:00,12/23/2021,14:55:00,Massachusetts: Suffolk County[13];,NPCC,"Unexpected Transmission loss within its area, contrary to design, of three or more Bulk Electric System Facilities caused by a common disturbance (excluding successful automatic reclosing).",System Operations,0,0
December,12/24/2021,00:34:00,12/24/2021,06:40:00,Texas: Rusk County;,TRE,"Unexpected Transmission loss within its area, contrary to design, of three or more Bulk Electric System Facilities caused by a common disturbance (excluding successful automatic reclosing).",System Operations,Unknown,Unknown
December,12/27/2021,04:11:00,01/01/2022,02:41:00,California:,WECC,"Loss of electric service to more than 50,000 customers for 1 hour or more",Severe Weather,381,115830
December,12/27/2021,21:01:00,12/30/2021,09:11:00,California: Humboldt County;,WECC,Electrical System Separation (Islanding) where part or parts of a power grid remain(s) operational in an otherwise blacked out area or within the partial failure of an integrated electrical system,System Operations,120,65994
December,12/29/2021,11:00:00,12/29/2021,12:00:00,Nevada: Clark County;,WECC,Complete loss of monitoring or control capability at its staffed Bulk Electric System control center for 30 continuous minutes or more.,System Operations,0,0
December,12/30/2021,18:51:00,Unknown,Unknown,"Missouri: Adair County, Putnam County;",SERC,Damage or destruction of its Facility that results from actual or suspected intentional human action.,Vandalism,0,0
