Year,1976,Unnamed: 2,Unnamed: 3,Unnamed: 4
,,,,
Sum of Population,,,Indicator Name,
Country Name,Country Code,Indicator Code,"Population, total",Grand Total
Afghanistan,AFG,SP.POP.TOTL,13059851,13059851
Africa Eastern and Southern,AFE,SP.POP.TOTL,204802976,204802976
Africa Western and Central,AFW,SP.POP.TOTL,142337272,142337272
Albania,ALB,SP.POP.TOTL,2458526,2458526
Algeria,DZA,SP.POP.TOTL,16409170,16409170
American Samoa,ASM,SP.POP.TOTL,29959,29959
Andorra,AND,SP.POP.TOTL,29436,29436
Angola,AGO,SP.POP.TOTL,7074664,7074664
Antigua and Barbuda,ATG,SP.POP.TOTL,63762,63762
Arab World,ARB,SP.POP.TOTL,144014135,144014135
Argentina,ARG,SP.POP.TOTL,26282283,26282283
Armenia,ARM,SP.POP.TOTL,2818165,2818165
Aruba,ABW,SP.POP.TOTL,58368,58368
Australia,AUS,SP.POP.TOTL,14033000,14033000
Austria,AUT,SP.POP.TOTL,7565525,7565525
Azerbaijan,AZE,SP.POP.TOTL,5781000,5781000
"Bahamas, The",BHS,SP.POP.TOTL,214501,214501
Bahrain,BHR,SP.POP.TOTL,297863,297863
Bangladesh,BGD,SP.POP.TOTL,79855318,79855318
Barbados,BRB,SP.POP.TOTL,251442,251442
Belarus,BLR,SP.POP.TOTL,9411000,9411000
Belgium,BEL,SP.POP.TOTL,9818227,9818227
Belize,BLZ,SP.POP.TOTL,133099,133099
Benin,BEN,SP.POP.TOTL,3532196,3532196
Bermuda,BMU,SP.POP.TOTL,53210,53210
Bhutan,BTN,SP.POP.TOTL,378490,378490
Bolivia,BOL,SP.POP.TOTL,5256496,5256496
Bosnia and Herzegovina,BIH,SP.POP.TOTL,4004552,4004552
Botswana,BWA,SP.POP.TOTL,758508,758508
Brazil,BRA,SP.POP.TOTL,110213349,110213349
British Virgin Islands,VGB,SP.POP.TOTL,10709,10709
Brunei Darussalam,BRN,SP.POP.TOTL,163607,163607
Bulgaria,BGR,SP.POP.TOTL,8758599,8758599
Burkina Faso,BFA,SP.POP.TOTL,6280635,6280635
Burundi,BDI,SP.POP.TOTL,3882626,3882626
Cabo Verde,CPV,SP.POP.TOTL,309455,309455
Cambodia,KHM,SP.POP.TOTL,6134991,6134991
Cameroon,CMR,SP.POP.TOTL,7597962,7597962
Canada,CAN,SP.POP.TOTL,23449808,23449808
Caribbean small states,CSS,SP.POP.TOTL,2230099,2230099
Cayman Islands,CYM,SP.POP.TOTL,14454,14454
Central African Republic,CAF,SP.POP.TOTL,2348566,2348566
Central Europe and the Baltics,CEB,SP.POP.TOTL,103776068,103776068
Chad,TCD,SP.POP.TOTL,4251297,4251297
Channel Islands,CHI,SP.POP.TOTL,129391,129391
Chile,CHL,SP.POP.TOTL,10838251,10838251
China,CHN,SP.POP.TOTL,930685000,930685000
Colombia,COL,SP.POP.TOTL,23858810,23858810
Comoros,COM,SP.POP.TOTL,297538,297538
"Congo, Dem. Rep.",COD,SP.POP.TOTL,23624031,23624031
"Congo, Rep.",COG,SP.POP.TOTL,1667225,1667225
Costa Rica,CRI,SP.POP.TOTL,2147774,2147774
Cote d'Ivoire,CIV,SP.POP.TOTL,7057958,7057958
Croatia,HRV,SP.POP.TOTL,4535934,4535934
Cuba,CUB,SP.POP.TOTL,9571242,9571242
Curacao,CUW,SP.POP.TOTL,149399,149399
Cyprus,CYP,SP.POP.TOTL,662032,662032
Czechia,CZE,SP.POP.TOTL,10125939,10125939
Denmark,DNK,SP.POP.TOTL,5072596,5072596
Djibouti,DJI,SP.POP.TOTL,230737,230737
Dominica,DMA,SP.POP.TOTL,72017,72017
Dominican Republic,DOM,SP.POP.TOTL,5180404,5180404
Early-demographic dividend,EAR,SP.POP.TOTL,1442753987,1442753987
East Asia & Pacific,EAS,SP.POP.TOTL,1463746788,1463746788
East Asia & Pacific (excluding high income),EAP,SP.POP.TOTL,1273922384,1273922384
East Asia & Pacific (IDA & IBRD countries),TEA,SP.POP.TOTL,1256698596,1256698596
Ecuador,ECU,SP.POP.TOTL,7320912,7320912
"Egypt, Arab Rep.",EGY,SP.POP.TOTL,39795557,39795557
El Salvador,SLV,SP.POP.TOTL,4210310,4210310
Equatorial Guinea,GNQ,SP.POP.TOTL,281031,281031
Eritrea,ERI,SP.POP.TOTL,1443807,1443807
Estonia,EST,SP.POP.TOTL,1439576,1439576
Eswatini,SWZ,SP.POP.TOTL,523330,523330
Ethiopia,ETH,SP.POP.TOTL,32534418,32534418
Euro area,EMU,SP.POP.TOTL,301804324,301804324
Europe & Central Asia,ECS,SP.POP.TOTL,773619713,773619713
Europe & Central Asia (excluding high income),ECA,SP.POP.TOTL,171119860,171119860
Europe & Central Asia (IDA & IBRD countries),TEC,SP.POP.TOTL,375469327,375469327
European Union,EUU,SP.POP.TOTL,400490355,400490355
Faroe Islands,FRO,SP.POP.TOTL,41020,41020
Fiji,FJI,SP.POP.TOTL,585534,585534
Finland,FIN,SP.POP.TOTL,4725664,4725664
Fragile and conflict affected situations,FCS,SP.POP.TOTL,352018011,352018011
France,FRA,SP.POP.TOTL,54232383,54232383
French Polynesia,PYF,SP.POP.TOTL,138114,138114
Gabon,GAB,SP.POP.TOTL,677628,677628
"Gambia, The",GMB,SP.POP.TOTL,625667,625667
Georgia,GEO,SP.POP.TOTL,4342400,4342400
Germany,DEU,SP.POP.TOTL,78336950,78336950
Ghana,GHA,SP.POP.TOTL,10594913,10594913
Gibraltar,GIB,SP.POP.TOTL,28134,28134
Greece,GRC,SP.POP.TOTL,9188150,9188150
Greenland,GRL,SP.POP.TOTL,49700,49700
Grenada,GRD,SP.POP.TOTL,97632,97632
Guam,GUM,SP.POP.TOTL,101166,101166
Guatemala,GTM,SP.POP.TOTL,6262404,6262404
Guinea,GIN,SP.POP.TOTL,4727022,4727022
Guinea-Bissau,GNB,SP.POP.TOTL,694191,694191
Guyana,GUY,SP.POP.TOTL,752253,752253
Haiti,HTI,SP.POP.TOTL,5198357,5198357
Heavily indebted poor countries (HIPC),HPC,SP.POP.TOTL,249034009,249034009
High income,HIC,SP.POP.TOTL,1066980637,1066980637
Honduras,HND,SP.POP.TOTL,3294457,3294457
"Hong Kong SAR, China",HKG,SP.POP.TOTL,4518000,4518000
Hungary,HUN,SP.POP.TOTL,10598677,10598677
IBRD only,IBD,SP.POP.TOTL,2664387118,2664387118
Iceland,ISL,SP.POP.TOTL,220154,220154
IDA & IBRD total,IBT,SP.POP.TOTL,3264075702,3264075702
IDA blend,IDB,SP.POP.TOTL,186194723,186194723
IDA only,IDX,SP.POP.TOTL,413493861,413493861
IDA total,IDA,SP.POP.TOTL,599688584,599688584
India,IND,SP.POP.TOTL,625861883,625861883
Indonesia,IDN,SP.POP.TOTL,135173655,135173655
"Iran, Islamic Rep.",IRN,SP.POP.TOTL,34837271,34837271
Iraq,IRQ,SP.POP.TOTL,11927651,11927651
Ireland,IRL,SP.POP.TOTL,3238050,3238050
Isle of Man,IMN,SP.POP.TOTL,60750,60750
Israel,ISR,SP.POP.TOTL,3533000,3533000
Italy,ITA,SP.POP.TOTL,55718260,55718260
Jamaica,JAM,SP.POP.TOTL,2045578,2045578
Japan,JPN,SP.POP.TOTL,112775000,112775000
Jordan,JOR,SP.POP.TOTL,1958177,1958177
Kazakhstan,KAZ,SP.POP.TOTL,13998738,13998738
Kenya,KEN,SP.POP.TOTL,13957623,13957623
Kiribati,KIR,SP.POP.TOTL,60661,60661
"Korea, Dem. People's Rep.",PRK,SP.POP.TOTL,17243450,17243450
"Korea, Rep.",KOR,SP.POP.TOTL,35848523,35848523
Kosovo,XKX,SP.POP.TOTL,1434880,1434880
Kuwait,KWT,SP.POP.TOTL,1178711,1178711
Kyrgyz Republic,KGZ,SP.POP.TOTL,3358700,3358700
Lao PDR,LAO,SP.POP.TOTL,3064876,3064876
Late-demographic dividend,LTE,SP.POP.TOTL,1502269051,1502269051
Latin America & Caribbean,LCN,SP.POP.TOTL,328673285,328673285
Latin America & Caribbean (excluding high income),LAC,SP.POP.TOTL,293772043,293772043
Latin America & the Caribbean (IDA & IBRD countries),TLA,SP.POP.TOTL,315490913,315490913
Latvia,LVA,SP.POP.TOTL,2470989,2470989
Least developed countries: UN classification,LDC,SP.POP.TOTL,365558134,365558134
Lebanon,LBN,SP.POP.TOTL,2726469,2726469
Lesotho,LSO,SP.POP.TOTL,1253214,1253214
Liberia,LBR,SP.POP.TOTL,1717060,1717060
Libya,LBY,SP.POP.TOTL,2721237,2721237
Liechtenstein,LIE,SP.POP.TOTL,24058,24058
Lithuania,LTU,SP.POP.TOTL,3328664,3328664
Low & middle income,LMY,SP.POP.TOTL,3055170649,3055170649
Low income,LIC,SP.POP.TOTL,204927699,204927699
Lower middle income,LMC,SP.POP.TOTL,1205181575,1205181575
Luxembourg,LUX,SP.POP.TOTL,360731,360731
"Macao SAR, China",MAC,SP.POP.TOTL,235600,235600
Madagascar,MDG,SP.POP.TOTL,7976831,7976831
Malawi,MWI,SP.POP.TOTL,5443384,5443384
Malaysia,MYS,SP.POP.TOTL,11750097,11750097
Maldives,MDV,SP.POP.TOTL,147525,147525
Mali,MLI,SP.POP.TOTL,6960979,6960979
Malta,MLT,SP.POP.TOTL,305774,305774
Marshall Islands,MHL,SP.POP.TOTL,27021,27021
Mauritania,MRT,SP.POP.TOTL,1315336,1315336
Mauritius,MUS,SP.POP.TOTL,906507,906507
Mexico,MEX,SP.POP.TOTL,60645512,60645512
"Micronesia, Fed. Sts.",FSM,SP.POP.TOTL,69049,69049
Middle East & North Africa,MEA,SP.POP.TOTL,162141778,162141778
Middle East & North Africa (excluding high income),MNA,SP.POP.TOTL,150378878,150378878
Middle East & North Africa (IDA & IBRD countries),TMN,SP.POP.TOTL,150378878,150378878
Middle income,MIC,SP.POP.TOTL,2850242950,2850242950
Moldova,MDA,SP.POP.TOTL,2596491,2596491
Monaco,MCO,SP.POP.TOTL,25895,25895
Mongolia,MNG,SP.POP.TOTL,1531945,1531945
Montenegro,MNE,SP.POP.TOTL,552562,552562
Morocco,MAR,SP.POP.TOTL,17574182,17574182
Mozambique,MOZ,SP.POP.TOTL,9867209,9867209
Myanmar,MMR,SP.POP.TOTL,30758811,30758811
Namibia,NAM,SP.POP.TOTL,906566,906566
Nauru,NRU,SP.POP.TOTL,7064,7064
Nepal,NPL,SP.POP.TOTL,14177649,14177649
Netherlands,NLD,SP.POP.TOTL,13774037,13774037
New Caledonia,NCL,SP.POP.TOTL,142091,142091
New Zealand,NZL,SP.POP.TOTL,3110500,3110500
Nicaragua,NIC,SP.POP.TOTL,2903851,2903851
Niger,NER,SP.POP.TOTL,5464962,5464962
Nigeria,NGA,SP.POP.TOTL,65258009,65258009
North America,NAC,SP.POP.TOTL,241538018,241538018
North Macedonia,MKD,SP.POP.TOTL,1825830,1825830
Northern Mariana Islands,MNP,SP.POP.TOTL,15438,15438
Norway,NOR,SP.POP.TOTL,4026152,4026152
OECD members,OED,SP.POP.TOTL,981612322,981612322
Oman,OMN,SP.POP.TOTL,814701,814701
Other small states,OSS,SP.POP.TOTL,7211306,7211306
Pacific island small states,PSS,SP.POP.TOTL,1331351,1331351
Pakistan,PAK,SP.POP.TOTL,71620254,71620254
Palau,PLW,SP.POP.TOTL,12598,12598
Panama,PAN,SP.POP.TOTL,1776935,1776935
Papua New Guinea,PNG,SP.POP.TOTL,2877327,2877327
Paraguay,PRY,SP.POP.TOTL,2758836,2758836
Peru,PER,SP.POP.TOTL,15716809,15716809
Philippines,PHL,SP.POP.TOTL,43201488,43201488
Poland,POL,SP.POP.TOTL,34356300,34356300
Portugal,PRT,SP.POP.TOTL,9355810,9355810
Post-demographic dividend,PST,SP.POP.TOTL,885244462,885244462
Pre-demographic dividend,PRE,SP.POP.TOTL,286692896,286692896
Puerto Rico,PRI,SP.POP.TOTL,3043854,3043854
Qatar,QAT,SP.POP.TOTL,209052,209052
Romania,ROU,SP.POP.TOTL,21551634,21551634
Russian Federation,RUS,SP.POP.TOTL,135147000,135147000
Rwanda,RWA,SP.POP.TOTL,4745954,4745954
Samoa,WSM,SP.POP.TOTL,157113,157113
San Marino,SMR,SP.POP.TOTL,19110,19110
Sao Tome and Principe,STP,SP.POP.TOTL,88922,88922
Saudi Arabia,SAU,SP.POP.TOTL,4807933,4807933
Senegal,SEN,SP.POP.TOTL,5308564,5308564
Serbia,SRB,SP.POP.TOTL,7418973,7418973
Seychelles,SYC,SP.POP.TOTL,60504,60504
Sierra Leone,SLE,SP.POP.TOTL,3028820,3028820
Singapore,SGP,SP.POP.TOTL,2293300,2293300
Sint Maarten (Dutch part),SXM,SP.POP.TOTL,9716,9716
Slovak Republic,SVK,SP.POP.TOTL,4789507,4789507
Slovenia,SVN,SP.POP.TOTL,1820249,1820249
Small states,SST,SP.POP.TOTL,10772756,10772756
Solomon Islands,SLB,SP.POP.TOTL,207194,207194
Somalia,SOM,SP.POP.TOTL,4365812,4365812
South Africa,ZAF,SP.POP.TOTL,26395450,26395450
South Asia,SAS,SP.POP.TOTL,818897740,818897740
South Asia (IDA & IBRD),TSA,SP.POP.TOTL,818897740,818897740
South Sudan,SSD,SP.POP.TOTL,3921910,3921910
Spain,ESP,SP.POP.TOTL,36137812,36137812
Sri Lanka,LKA,SP.POP.TOTL,13796770,13796770
St. Kitts and Nevis,KNA,SP.POP.TOTL,43482,43482
St. Lucia,LCA,SP.POP.TOTL,112425,112425
St. Martin (French part),MAF,SP.POP.TOTL,7303,7303
St. Vincent and the Grenadines,VCT,SP.POP.TOTL,101197,101197
Sub-Saharan Africa,SSF,SP.POP.TOTL,347140248,347140248
Sub-Saharan Africa (excluding high income),SSA,SP.POP.TOTL,347079744,347079744
Sub-Saharan Africa (IDA & IBRD countries),TSS,SP.POP.TOTL,347140248,347140248
Sudan,SDN,SP.POP.TOTL,14569716,14569716
Suriname,SUR,SP.POP.TOTL,388289,388289
Sweden,SWE,SP.POP.TOTL,8222286,8222286
Switzerland,CHE,SP.POP.TOTL,6302504,6302504
Syrian Arab Republic,SYR,SP.POP.TOTL,7817320,7817320
Tajikistan,TJK,SP.POP.TOTL,3540076,3540076
Tanzania,TZA,SP.POP.TOTL,16736211,16736211
Thailand,THA,SP.POP.TOTL,41896504,41896504
Timor-Leste,TLS,SP.POP.TOTL,607620,607620
Togo,TGO,SP.POP.TOTL,2637796,2637796
Tonga,TON,SP.POP.TOTL,95325,95325
Trinidad and Tobago,TTO,SP.POP.TOTL,1066311,1066311
Tunisia,TUN,SP.POP.TOTL,5996994,5996994
Turkiye,TUR,SP.POP.TOTL,41899984,41899984
Turkmenistan,TKM,SP.POP.TOTL,2558521,2558521
Turks and Caicos Islands,TCA,SP.POP.TOTL,6660,6660
Tuvalu,TUV,SP.POP.TOTL,6404,6404
Uganda,UGA,SP.POP.TOTL,12037294,12037294
Ukraine,UKR,SP.POP.TOTL,49120842,49120842
United Arab Emirates,ARE,SP.POP.TOTL,615866,615866
United Kingdom,GBR,SP.POP.TOTL,56211968,56211968
United States,USA,SP.POP.TOTL,218035000,218035000
Upper middle income,UMC,SP.POP.TOTL,1645061375,1645061375
Uruguay,URY,SP.POP.TOTL,2891392,2891392
Uzbekistan,UZB,SP.POP.TOTL,13998620,13998620
Vanuatu,VUT,SP.POP.TOTL,103388,103388
"Venezuela, RB",VEN,SP.POP.TOTL,13606284,13606284
Viet Nam,VNM,SP.POP.TOTL,47684931,47684931
Virgin Islands (U.S.),VIR,SP.POP.TOTL,96166,96166
World,WLD,SP.POP.TOTL,4135757570,4135757570
"Yemen, Rep.",YEM,SP.POP.TOTL,8384113,8384113
Zambia,ZMB,SP.POP.TOTL,5143842,5143842
Zimbabwe,ZWE,SP.POP.TOTL,6287105,6287105
Grand Total,,,42430579264,42430579264
