"```csv"
"pl_lot_unit","plt","ltt","clss","classDescription","levyCodeDescription","location_Number","location_Street","location_Suffix","location_ZIP","ownerName","ownerCity","","","",""
"008-0194-8LAW","8","194","2","2 -5 family","RE Tax","7","Mc cann Place","","2906","epn housing partners","Seattle","","","",""
"018-0008-0530","18","8","24","Commercial condo","RE Tax","20","Bridge","ST","0","Moshe Gabai","Providence","","","",""
"053-0152-8LAW","53","152","2","2 -5 Family","RE Tax","348","Thurbers","AVE","0","EPN Housing Partners","Seattle","","","",""
"058-0283-0000","58","283","7","Industrial","RE Tax","289","Bailey blvd","","2905","BRG Providence 2 LLC","Great Neck","","","",""
"053-0153-8LAW","53","153","2","2 -5 family","RE Tax","344","Thurbers","Ave","2905","EPN Housing Partners","Seattle","","","",""
"048-0525-8LAW","48","525","2","2 -5 family","RE Tax","30","Mystic","ST","2905","EPN Housing Partners","Seattle","","","",""
"053-0665-0000","53","665","13","Residential vacant land","RE Tax","17","Husted","CT","2905","EPN Housing Partners","Seattle","","","",""
"058-0791-0000","58","791","15","Other vacant Land","RE Tax","220","Toronto","AVE","2905","BRG Providence 2 LLC","Great Neck","","","",""
"005-0166-8LAW","5","166","2","2 -5 Family","RE Tax","88","Grand View","ST","2906","EPN Housing Partners","Seattle","","","",""
"046-0272-8LAW","46","272","3","Apartment Building","RE Tax","261","Rhodes","ST","2905","EPN Housing Partners","Seattle","","","",""
"008-0186-8LAW","8","186","2","2 -5 family","RE Tax","80","Pleasant","ST","2906","EPN Housing Partners","Seattle","","","",""
"005-0115-8LAW","5","115","1","Single family","RE Tax","45","Padelford","ST","2906","EPN Housing Partners","Seattle","","","",""
"070-0119-0000","70","119","2","2 - 5 Family","RE Tax","9","Veto","ST","2904","Towanda Realty LLC","North Providence","","","",""
"101-0666-0000","101","666","7","Industrial","RE Tax","22","Baker","ST","2905","BRG Providence 3 LLC","Great Neckl","","","",""
"053-0656-8LAW","53","656","2","2 -5 Family","RE Tax","5","Weiss","CT","2905","EPN Housing Partners","Seattle","","","",""
"058-0211-0000","58","211","15","Other vacant land","RE Tax","128","Baker","St","2905","BRG Providence 2 LLC","Great Neck","","","",""
"054-0368-8LAW","54","368","3","Apartment Building","RE Tax","1,061","Eddy","St","2905","EPN Housing Partners","Seattle","","","",""
"008-0014-8LAW","8","14","2","2 -5 family","RE Tax","22","Mc Cann","PL","0","EPN Housing Partners","Seattle","","","",""
"005-0137-0000","5","137","14","CI vacant Land","RE Tax","72","Graham","ST","2906","EPN Housing Partners","Seattle","","","",""
"053-0658-8LAW","53","658","2","2 -5 Family","RE Tax","13","Weiss","CT","2905","EPN Housing Partners","Seattle","","","",""
"053-0657-8LAW","53","657","2","2 -5 Family","RE Tax","9","Weiss","Ct","2905","EPN Housing Partners","Seattle","","","",""
"005-0396-8LAW","5","396","1","Single family","RE Tax","51","Royal","ST","2906","EPN Housing Partners","Seattle","","","",""
"008-0006-8LAW","8","6","2","2 -5 family","RE Tax","12","Pleasant","ST","2906","EPN Housing Partners","Seattle","","","",""
"114-0345-0000","114","345","1","Single Family","RE Tax","16","Maria","AVE","2909","Primo Depetrillo Sr For Life","WAKEFIELD","","","",""
"048-0709-8LAW","48","709","2","2 -5 family","RE Tax","48","Reynolds","Ave","2905","EPN Housing Partners","Seattle","","","",""
"008-0037-8LAW","8","37","2","2 -5 Family","RE Tax","9","Western","ST","2906","EPN Housing Partners","Seattle","","","",""
"008-0183-8LAW","8","183","1","Single Family","RE Tax","94","Pleasant","ST","2906","EPN Housing Partners","Seattle","","","",""
"028-0698-0000","28","698","4","Combination","RE Tax","328","Atwells","Ave","2909","Loretta Scivola","North Providence","","","",""
"023-0163-0000","23","163","13","Residential vacant land","RE Tax","394","Friendship","ST","2905","EPN Housing Partners","Seattle","","","",""
"053-0659-8LAW","53","659","2","2 -5 Family","RE Tax","17","Meni","Ct","2905","EPN Housing Partners","Seattle","","","",""
"048-0584-8LAW","48","584","2","2 -5 Family","RE Tax","26","Mystic","ST","2905","EPN Housing Partners","Seattle","","","",""
"005-0138-0000","5","138","14","Ci Vacant Land","RE Tax","74","Graham","ST","2906","EPN Housing Partners","Seattle","","","",""
"008-0200-8LAW","8","200","2","2 -5 family","RE Tax","11","Padelford","ST","2906","EPN Housing Partners","Seattle","","","",""
"008-0135-8LAW","8","135","2","2 -5 family","RE Tax","3","Western","ST","2906","EPN Housing Partners","Seattle","","","",""
"101-0315-0000","101","315","15","Other vacant land","RE Tax","123","Carolina","AVE","2905","BRG Providence 3 LLC","Great Neckl","","","",""
"005-0014-8LAW","5","14","2","2 -5 Family","RE Tax","44","York","ST","2906","EPN Housing Partners","Seattle","","","",""
"048-0528-8LAW","48","528","2","2 -5 family","RE Tax","97","Miner","St","2905","EPN Housing Partners","Seattle","","","",""
"045-0548-8LAW","45","548","2","2 -5 family","RE Tax","101","Comstock","AVE","2905","EPN Housing Partners","Seattle","","","",""
"007-0023-0000","7","23","1","Single Family","RE Tax","70","Sargent","AVE","2906","MMG Realty LLC","EAST GREENWICH","","","",""
"048-0585-0000","48","585","13","Residential vacant land","RE Tax","22","Mystic","St","2905","EPN Housing Partners","Seattle","","","",""
"053-0666-8LAW","53","666","2","2 -5 Family","RE Tax","13","Husted","CT","2905","EPN Housing Partners","Seattle","","","",""
"006-0342-0000","6","342","2","2 -5 Family","RE Tax","460","Morris","AVE","2906","MMG Realty LLC","EAST GREENWICH","","","",""
"008-0026-0000","8","26","13","Residential vacant land","RE Tax","19","Padelford","ST","2906","EPN Housing Partners","Seattle","","","",""
"005-0139-0000","5","139","14","CI Vacant Land","RE Tax","76","Graham","ST","2906","EPN Housing Partners","Seattle","","","",""
"053-0662-0000","53","662","13","Residential vacant land","RE Tax","8","Meni","CT","2905","EPN Housing Partners","Seattle","","","",""
"045-0730-8LAW","45","730","2","2 -5 family","RE Tax","289","Prairie","AVE","2905","EPN Housing Partners","Seattle","","","",""
"048-0527-8LAW","48","527","2","2 -5 family","RE Tax","101","Miner","St","2905","EPN Housing Partners","Seattle","","","",""
"005-0204-8LAW","5","204","2","2 -5 Family","RE Tax","50","Grand View","ST","2906","EPN Housing Partners","Seattle","","","",""
"048-0592-8LAW","48","592","2","2 -5 family","RE Tax","99","Harriet","St","2905","EPN Housing Partners","Seattle","","","",""
"023-0187-8LAW","23","187","3","Apartment Building","RE Tax","91","West Clifford","","2905","EPN Housing Partners","Seattle","","","",""
"048-0787-0000","48","787","13","Residential vacant land","RE Tax","27","Norwich","AVE","2905","EPN Housing Partners","Seattle","","","",""
"023-0162-0000","23","162","13","Residential vacant land","RE Tax","396","Friendship","ST","2905","EPN Housing Partners","Seattle","","","",""
"101-0605-0000","101","605","14","CI Vacant Land","RE Tax","117","Chapman","St","2905","BRG Providence 3 LLC","Great Neckl","","","",""
"053-0655-8LAW","53","655","2","2 -5 Family","RE Tax","352","Thurbers","AVE","2905","EPN Housing Partners","Seattle","","","",""
"023-0186-0000","23","186","13","Residential vacant land","RE Tax","87","West Clifford","","2905","EPN Housing Partners","Seattle","","","",""
"005-0490-8LAW","5","490","2","2 -5 Family","RE Tax","15","Wilkins","ST","2906","EPN Housing Partners","Seattle","","","",""
"054-0886-0000","54","886","6","Commercial II","RE Tax","158","Thurbers","AVE","2905","Richard E Fuller","Providence","","","",""
"005-0174-8LAW","5","174","2","2 -5 Family","RE Tax","112","Knowles","ST","2906","EPN Housing Partners","Seattle","","","",""
"101-0386-0000","101","386","7","Industrial","RE Tax","763","Allens","Ave","2905","BRG Providence 3 LLC","Great Neckl","","","",""
"048-0800-8LAW","48","800","2","2 -5 family","RE Tax","28","Norwich","Ave","2905","EPN Housing Partners","Seattle","","","",""
"053-0661-8LAW","53","661","2","2 -5 Family","RE Tax","9","Meni","CT","2905","EPN Housing Partners","Seattle","","","",""
"008-0197-8LAW","8","197","2","2 -5 Family","RE Tax","10","Padelford","ST","2906","EPN Housing Partners","Seattle","","","",""
"053-0020-0000","53","20","15","Other vacant Land","RE Tax","976","Broad","St","2905","EPN Housing Partners","Seattle","","","",""
"008-0027-8LAW","8","27","2","2 -5 Family","RE Tax","23","Padelford","ST","2906","EPN Housing Partners","Seattle","","","",""
"075-0278-023C","75","278","23","Residential condo","RE Tax","29","Concord","St","0","Helena O Cunningham","Providence","","","",""
"005-0136-0000","5","136","14","CI Vacant Land","RE Tax","70","Graham","ST","2906","EPN Housing Partners","Seattle","","","",""
"005-0070-8LAW","5","70","2","2 -5 Family","RE Tax","41","Abbott","ST","2906","EPN Housing Partners","Seattle","","","",""
"023-0586-8LAW","23","586","3","Apartment Building","RE Tax","104","Beacon","AVE","2905","EPN Housing Partners","Seattle","","","",""
"053-0660-8LAW","53","660","2","2 -5 Family","RE Tax","13","Meni","CT","2905","EPN Housing Partners","Seattle","","","",""
"054-0700-8LAW","54","700","3","Apartment Building","RE Tax","20","Nebraska","St","0","EPN Housing Partners","Seattle","","","",""
"005-0080-8LAW","5","80","2","2 -5 Family","RE Tax","16","Locust","ST","2906","EPN Housing Partners","Seattle","","","",""
"101-0780-0000","101","780","14","CI Vacant Land","RE Tax","85","Ellenfield","St","2905","BRG Providence 3 LLC","Great Neckl","","","",""
"008-0008-8LAW","8","8","2","2 -5 family","RE Tax","24","Pleasant","ST","2906","EPN Housing Partners","Seattle","","","",""
"058-0812-0000","58","812","15","Other vacant Land","RE Tax","85","Ellenfield","St","2905","BRG Providence 3 LLC","Great Neckl","","","",""
"101-0781-0000","101","781","14","CI Vacant Land","RE Tax","85","Ellenfield","St","2905","BRG Providence 3 LLC","Great Neckl","","","",""
"101-0763-0000","101","763","15","Other vacant Land","RE Tax","135","Ernest","St","2905","BRG Providence 3 LLC","Great Neckl","","","",""
"091-0526-0000","91","526","1","Single Family","RE Tax","69","Eleventh","St","2906","GEORGE T BALDWIN","JEFFERSON","","","",""
"017-0340-0000","17","340","2","2 -5 Family","RE Tax","305","Williams","St","2906","JARRETT HUDDLESTON","NEW YORK","","","",""
"053-0021-0000","53","21","15","Other vacant Land","RE Tax","972","Broad","St","2905","EPN Housing Partners","Seattle","","","",""
"005-0188-8LAW","5","188","2","2 -5 Family","RE Tax","19","Wilkins","ST","2906","EPN Housing Partners","Seattle","","","",""
"048-0428-8LAW","48","428","2","2 -5 family","RE Tax","506","Public","St","2905","EPN Housing Partners","Seattle","","","",""
"008-0191-0000","8","191","13","Residential vacant land","RE Tax","58","Pleasant","ST","2906","EPN Housing Partners","Seattle","","","",""
"049-0398-8LAW","49","398","2","2 -5 family","RE Tax","387","Potters","AVE","2907","EPN Housing Partners","Seattle","","","",""
"048-0603-8LAW","48","603","2","2 -5 family","RE Tax","380","Sayles","St","2905","EPN Housing Partners","Seattle","","","",""
"070-0674-0000","70","674","13","Residential vacant land","RE Tax","305","Admiral","ST","2901","Towanda Realty LLC","North Providence","","","",""
"008-0251-0000","8","251","13","Residential vacant land","RE Tax","11","Western","St","2906","EPN Housing Partners","Seattle","","","",""
"006-0569-8LAW","6","569","3","Apartment Building","RE Tax","229","Camp","ST","2906","EPN Housing Partners","Seattle","","","",""
"005-0130-8LAW","5","130","2","2 -5 Family","RE Tax","73","Graham","ST","2906","EPN Housing Partners","Seattle","","","",""
"000-0001-0005","0","1","80","State","RE Tax","","Bus Tunnel College Hill","","2906","RI Public Transit Authority","PROVIDENCE","","","",""
"006-0503-0000","6","503","2","2 -5 Family","RE Tax","18","Mayflower","St","2906","","0","","","",""
"009-0584-8LAW","9","584","80","State","RE Tax","649","Davis Blvd","","2906","","","","","","",""
"010-0679-0000","10","679","13","Residential vacant land","RE Tax","76","Bowen","St","2906","","","","","","",""
"060-0088-0000","60","88","2","2 -5 Family","RE Tax","73","Thackery","","2907","MICHAEL CIRILLO","CRANSTON","","","",""
"014-0102-0000","14","102","14","CI Vacant Land","RE Tax","99","Pitman","St","2906","","","","","","",""
"015-0213-0000","15","213","6","Commercial II","RE Tax","245","Waterman","St","2906","","","","","","",""
"016-0272-0000","16","272","79","School","RE Tax","75","John","St","0","","","","","","",""
"094-0464-0000","94","464","1","Single Family","RE Tax","142","Lynch","St","2909","","","","","","",""
"018-0172-0000","18","172","72","Church","RE Tax","82","Alves","Way","2903","Church Of Our Lady Of The Rosary","PROVIDENCE","","","",""
"020-0148-0000","20","148","6","Commercial II","RE Tax","107","Eddy","St","2903","","","","","","",""
"024-0193-0000","24","193","14","CI Vacant Land","RE Tax","6","Conduit","St","2905","","","","","","",""
"113-0012-0000","113","12","80","State","RE Tax","0","Ophelia","St","2909","United States of America","PROVIDENCE","","","",""
"024-0302-0000","24","302","79","School","RE Tax","274","Pine","St","2903","","","","","","",""
"028-0888-0000","28","888","15","Other vacant Land","RE Tax","22","Tell","St","2909","","","","","","",""
"030-0645-0000","30","645","78","Municipal","RE Tax","58","Cranston","St","2901","","","","","","",""
"034-0122-0000","34","122","13","Residential vacant land","RE Tax","58","Perrin","","2909","LILLIAN MARINUCCI","PROVIDENCE","","","",""
"034-0095-0000","34","95","13","Residential vacant land","RE Tax","61","Perrin","","2909","LILLIAN MARINUCCI","PROVIDENCE","","","",""
"043-0904-0000","43","904","71","Charitable","RE Tax","126","Linwood","Ave","2907","","","","","","",""
"043-0969-0000","43","969","13","Residential vacant land","RE Tax","27","Halton","St","2907","","","","","","",""
"045-0456-0000","45","456","82","Vote of City","RE Tax","21","Chester","Ave","2905","","","","","","",""
"025-0344-0000","25","344","6","Commercial II","RE Tax","317","Westminster","St","2901","","","","","","",""
"028-0657-0000","28","657","4","Combination","RE Tax","340","Broadway","St","2909","","","","","","",""
"047-0062-0000","47","62","15","Other vacant Land","RE Tax","153","Sherburne","St","2905","","","","","","",""
"045-0736-0000","45","736","13","Residential vacant land","RE Tax","21","St James","St","2905","","","","","","",""
"046-0615-WKWY","46","615","75","Hospital","RE Tax","","Abv Dudley","","2903","RI HOSPITAL","PROVIDENCE","","","",""
"047-0199-0000","47","199","14","CI Vacant Land","RE Tax","181","Sayles","St","2905","","","","","","",""
"046-0083-0000","46","83","75","Hospital","RE Tax","71","Willard","Ave","2905","","","","","","",""
"048-0978-0000","48","978","13","Residential vacant land","RE Tax","144","Potters","Ave","2905","","","","","","",""
"048-0776-0000","48","776","79","School","RE Tax","784","Broad","St","2905","","","","","","",""
"048-0792-0000","48","792","79","School","RE Tax","47","Norwich","Ave","2905","","","","","","",""
"048-0790-0000","48","790","79","School","RE Tax","39","Norwich","Ave","2905","","","","","","",""
"048-0836-0000","48","836","72","Church","RE Tax","844","Broad","St","2905","","","","","","",""
"048-1029-0000","48","1029","13","Residential vacant land","RE Tax","22","Baxter","St","2905","","","","","","",""
"049-0085-0000","49","85","15","Other vacant Land","RE Tax","698","Public","St","2907","","","","","","",""
"051-0312-0000","51","312","78","Municipal","RE Tax","0","Mashapaug","St","0","City of Providence","PROVIDENCE","","","",""
"053-0180-0000","53","180","2","2 -5 Family","RE Tax","38","Atlantic","Ave","2907","Arthur A Moreira","Rumford","","","",""
"051-0040-0000","51","40","12","Miscellaneous","RE Tax","56","Crescent","St","2905","","","","","","",""
"051-0146-0000","51","146","78","Municipal","RE Tax","0","Mashapaug","St","0","City of Providence","PROVIDENCE","","","",""
"051-0041-0000","51","41","1","Single Family","RE Tax","50","Crescent","St","2905","","","","","","",""
"050-0714-0000","50","714","7","Industrial","RE Tax","150","Niantic","Ave","2905","","","","","","",""
"053-0013-0000","53","13","2","2 -5 Family","RE Tax","24","Elma","St","2905","Jaime H Perez","Cranston","","","",""
"052-0387-0000","52","387","2","2 -5 Family","RE Tax","1,112","Lenox","Ave","2907","","0","","","",""
"073-0079-0000","73","79","14","CI Vacant Land","RE Tax","1,157","North Main","","2906","","","","","","",""
"054-0211-0000","54","211","15","Other Vacant Land","RE Tax","1,036","Eddy","St","2905","J And H Realty LLC","Providence","","","",""
"056-0259-LL01","56","259","78","Municipal","RE Tax","0","New York","Ave","2905","","","","","","",""
"056-0295-LL01","56","295","15","Other vacant Land","RE Tax","0","Harborside Blvd","","2905","","","","","","",""
"056-0262-LL01","56","262","78","Municipal","RE Tax","0","New York","Ave","2905","","","","","","",""
"056-0262-LB02","56","262","78","Municipal","RE Tax","","New York Ave","","2905","","","","","","",""
"056-0279-0000","56","279","7","Industrial","RE Tax","0","Harborside Blvd","","2905","","","","","","",""
"056-0295-LB01","56","295","7","Industrial","RE Tax","0","Harborside Blvd","","2905","","","","","","",""
"056-0277-0000","56","277","78","Municipal","RE Tax","0","Fields Point Dr","","2905","","","","","","",""
"056-0305-0000","56","305","78","Municipal","RE Tax","0","Harborside Blvd","","2905","","","","","","",""
"123-0272-0000","123","272","13","Residential vacant land","RE Tax","15","Durham","St","2904","","","","","","",""
"059-0408-0000","59","408","1","Single Family","RE Tax","35","Carr","St","2905","JOSE M BORGES","PROVIDENCE","","","",""
"061-0530-0000","61","530","6","Commercial II","RE Tax","34","Pontiac","Ave","2905","","","","","","",""
"061-0025-0000","61","25","84","Amtrak NRR","RE Tax","2","Burrows","St","2901","","","","","","",""
"062-0267-0000","62","267","2","2 -5 Family","RE Tax","8","Cutler","St","2909","","","","","","",""
"062-0349-0000","62","349","71","Charitable","RE Tax","44","Chaffee","St","2909","","","","","","",""
"062-0576-0000","62","576","71","Charitable","RE Tax","65","Putnam","St","2909","","","","","","",""
"064-0814-0000","64","814","15","Other vacant Land","RE Tax","27","Mongenais","St","2901","","","","","","",""
"064-0820-0000","64","820","14","CI Vacant Land","RE Tax","42","Mongenais","St","2901","","","","","","",""
"064-0818-0000","64","818","14","CI Vacant Land","RE Tax","35","Mongenais","St","2901","","","","","","",""
"065-0901-0000","65","901","71","Charitable","RE Tax","0","Partridge","St","0","John Risica","Providence","","","",""
"067-0529-0000","67","529","6","Commercial II","RE Tax","0","Selwyn","Way","2908","Selwyn Realty LLC","Providence","","","",""
"067-0522-0000","67","522","14","CI Vacant Land","RE Tax","395","Promenade","St","2908","","","","","","",""
"07"
