"```csv"
"School","Attendance Date","Academic Year","Currently Enrolled","Students Present","Students_Absent","Students Released"
"M183_02","April 01, 2009","SY: 2008-2009","583","563 Present","20 students","Released: 0"
"M183_02","April 02, 2009","SY: 2008-2009","583","559 Present","24 students","Released: 0"
"M183_02","April 03, 2009","SY: 2008-2009","584","557 Present","27 students","Released: 0"
"M183_02","April 06, 2009","SY: 2008-2009","584","545 Present","39 students","Released: 0"
"M183_02","April 07, 2009","SY: 2008-2009","584","548 Present","36 students","Released: 0"
"M183_02","April 08, 2009","SY: 2008-2009","584","527 Present","57 students","Released: 0"
"M183_02","April 20, 2009","SY: 2008-2009","584","551 Present","33 students","Released: 0"
"M183_02","April 21, 2009","SY: 2008-2009","584","558 Present","26 students","Released: 0"
"M183_02","April 22, 2009","SY: 2008-2009","584","565 Present","19 students","Released: 0"
"M183_02","April 23, 2009","SY: 2008-2009","584","551 Present","33 students","Released: 0"
"M183_02","April 24, 2009","SY: 2008-2009","584","564 Present","20 students","Released: 0"
"M183_02","April 27, 2009","SY: 2008-2009","584","559 Present","25 students","Released: 0"
"M183_02","April 28, 2009","SY: 2008-2009","584","565 Present","19 students","Released: 0"
"M183_02","April 29, 2009","SY: 2008-2009","584","554 Present","30 students","Released: 0"
"M183_02","April 30, 2009","SY: 2008-2009","584","559 Present","25 students","Released: 0"
"M183_02","May 01, 2009","SY: 2008-2009","584","544 Present","40 students","Released: 0"
"M183_02","May 04, 2009","SY: 2008-2009","584","552 Present","32 students","Released: 0"
"M183_02","May 05, 2009","SY: 2008-2009","585","563 Present","22 students","Released: 0"
"M183_02","May 06, 2009","SY: 2008-2009","583","564 Present","19 students","Released: 0"
"M183_02","May 07, 2009","SY: 2008-2009","583","563 Present","20 students","Released: 0"
"M183_02","May 08, 2009","SY: 2008-2009","583","559 Present","24 students","Released: 0"
"M183_02","May 11, 2009","SY: 2008-2009","583","541 Present","42 students","Released: 0"
"M183_02","May 12, 2009","SY: 2008-2009","583","562 Present","21 students","Released: 0"
"M183_02","May 13, 2009","SY: 2008-2009","583","559 Present","24 students","Released: 0"
"M183_02","May 14, 2009","SY: 2008-2009","583","561 Present","22 students","Released: 0"
"M183_02","May 15, 2009","SY: 2008-2009","583","552 Present","31 students","Released: 0"
"M183_02","May 18, 2009","SY: 2008-2009","583","512 Present","71 students","Released: 0"
"M183_02","May 19, 2009","SY: 2008-2009","583","499 Present","84 students","Released: 0"
"M183_02","May 20, 2009","SY: 2008-2009","583","504 Present","79 students","Released: 0"
"M183_02","May 21, 2009","SY: 2008-2009","583","499 Present","84 students","Released: 0"
"M183_02","May 22, 2009","SY: 2008-2009","583","461 Present","122 students","Released: 0"
"M183_02","May 26, 2009","SY: 2008-2009","583","494 Present","89 students","Released: 0"
"M183_02","May 27, 2009","SY: 2008-2009","583","523 Present","60 students","Released: 0"
"M183_02","May 28, 2009","SY: 2008-2009","583","540 Present","43 students","Released: 0"
"M183_02","May 29, 2009","SY: 2008-2009","582","530 Present","52 students","Released: 0"
"M183_02","June 01, 2009","SY: 2008-2009","582","558 Present","24 students","Released: 0"
"M183_02","June 02, 2009","SY: 2008-2009","582","566 Present","16 students","Released: 0"
"M183_02","June 03, 2009","SY: 2008-2009","581","564 Present","17 students","Released: 0"
"M183_02","June 05, 2009","SY: 2008-2009","581","551 Present","30 students","Released: 0"
"M183_02","June 08, 2009","SY: 2008-2009","581","555 Present","26 students","Released: 0"
"M183_02","June 09, 2009","SY: 2008-2009","583","513 Present","70 students","Released: 0"
"M183_02","June 10, 2009","SY: 2008-2009","583","564 Present","19 students","Released: 0"
"M183_02","June 11, 2009","SY: 2008-2009","583","565 Present","18 students","Released: 0"
"M183_02","June 12, 2009","SY: 2008-2009","583","564 Present","19 students","Released: 0"
"M183_02","June 15, 2009","SY: 2008-2009","583","508 Present","75 students","Released: 0"
"M183_02","June 16, 2009","SY: 2008-2009","583","557 Present","26 students","Released: 0"
"M183_02","June 17, 2009","SY: 2008-2009","582","550 Present","32 students","Released: 0"
"M183_02","June 18, 2009","SY: 2008-2009","582","535 Present","47 students","Released: 0"
"M183_02","June 19, 2009","SY: 2008-2009","582","542 Present","40 students","Released: 0"
"M183_02","June 22, 2009","SY: 2008-2009","582","526 Present","56 students","Released: 0"
"M183_02","June 23, 2009","SY: 2008-2009","582","519 Present","63 students","Released: 0"
"M183_02","June 24, 2009","SY: 2008-2009","582","534 Present","48 students","Released: 0"
"M183_02","June 25, 2009","SY: 2008-2009","580","525 Present","55 students","Released: 0"
"M183_02","June 26, 2009","SY: 2008-2009","577","519 Present","58 students","Released: 0"
"M198_02","September 05, 2006","SY: 2006-2007","512","466 Present","46 students","Released: 0"
"M198_02","September 06, 2006","SY: 2006-2007","512","475 Present","37 students","Released: 0"
"M198_02","September 07, 2006","SY: 2006-2007","518","485 Present","33 students","Released: 0"
"M198_02","September 08, 2006","SY: 2006-2007","521","490 Present","31 students","Released: 0"
"M198_02","September 11, 2006","SY: 2006-2007","521","490 Present","31 students","Released: 0"
"M198_02","September 12, 2006","SY: 2006-2007","525","502 Present","23 students","Released: 0"
"M198_02","September 13, 2006","SY: 2006-2007","525","507 Present","18 students","Released: 0"
"M198_02","September 14, 2006","SY: 2006-2007","526","497 Present","29 students","Released: 0"
"M198_02","September 15, 2006","SY: 2006-2007","527","499 Present","28 students","Released: 0"
"M198_02","September 18, 2006","SY: 2006-2007","526","501 Present","25 students","Released: 0"
"M198_02","September 19, 2006","SY: 2006-2007","523","499 Present","24 students","Released: 0"
"M198_02","September 20, 2006","SY: 2006-2007","523","509 Present","14 students","Released: 0"
"M198_02","September 21, 2006","SY: 2006-2007","523","509 Present","14 students","Released: 0"
"M198_02","September 22, 2006","SY: 2006-2007","523","501 Present","22 students","Released: 0"
"M198_02","September 25, 2006","SY: 2006-2007","523","488 Present","35 students","Released: 0"
"M198_02","September 26, 2006","SY: 2006-2007","523","496 Present","27 students","Released: 0"
"M198_02","September 27, 2006","SY: 2006-2007","523","449 Present","21 students","Released: 53"
"M198_02","September 28, 2006","SY: 2006-2007","524","503 Present","21 students","Released: 0"
"M198_02","September 29, 2006","SY: 2006-2007","523","485 Present","38 students","Released: 0"
"M198_02","October 03, 2006","SY: 2006-2007","523","492 Present","31 students","Released: 0"
"M198_02","October 04, 2006","SY: 2006-2007","524","499 Present","25 students","Released: 0"
"M198_02","October 05, 2006","SY: 2006-2007","525","499 Present","26 students","Released: 0"
"M198_02","October 06, 2006","SY: 2006-2007","525","491 Present","34 students","Released: 0"
"M198_02","October 10, 2006","SY: 2006-2007","526","494 Present","32 students","Released: 0"
"M198_02","October 11, 2006","SY: 2006-2007","527","500 Present","27 students","Released: 0"
"M198_02","October 12, 2006","SY: 2006-2007","527","511 Present","16 students","Released: 0"
"M198_02","October 13, 2006","SY: 2006-2007","527","497 Present","30 students","Released: 0"
"M198_02","October 16, 2006","SY: 2006-2007","528","487 Present","41 students","Released: 0"
"M198_02","October 17, 2006","SY: 2006-2007","527","482 Present","45 students","Released: 0"
"M198_02","October 18, 2006","SY: 2006-2007","527","500 Present","27 students","Released: 0"
"M198_02","October 19, 2006","SY: 2006-2007","527","497 Present","30 students","Released: 0"
"M198_02","October 20, 2006","SY: 2006-2007","527","483 Present","44 students","Released: 0"
"M198_02","October 23, 2006","SY: 2006-2007","527","459 Present","68 students","Released: 0"
"M198_02","October 24, 2006","SY: 2006-2007","527","490 Present","37 students","Released: 0"
"M198_02","October 25, 2006","SY: 2006-2007","527","500 Present","27 students","Released: 0"
"M198_02","October 26, 2006","SY: 2006-2007","527","488 Present","39 students","Released: 0"
"M198_02","October 27, 2006","SY: 2006-2007","527","495 Present","32 students","Released: 0"
"M198_02","October 30, 2006","SY: 2006-2007","528","488 Present","40 students","Released: 0"
"M198_02","October 31, 2006","SY: 2006-2007","528","498 Present","30 students","Released: 0"
"M198_02","November 01, 2006","SY: 2006-2007","527","497 Present","30 students","Released: 0"
"M198_02","November 02, 2006","SY: 2006-2007","527","484 Present","43 students","Released: 0"
"M198_02","November 03, 2006","SY: 2006-2007","527","478 Present","49 students","Released: 0"
"M198_02","November 06, 2006","SY: 2006-2007","529","482 Present","47 students","Released: 0"
"M198_02","November 08, 2006","SY: 2006-2007","529","482 Present","47 students","Released: 0"
"M198_02","November 09, 2006","SY: 2006-2007","529","497 Present","32 students","Released: 0"
"M198_02","November 10, 2006","SY: 2006-2007","529","484 Present","45 students","Released: 0"
"M198_02","November 13, 2006","SY: 2006-2007","530","426 Present","104 students","Released: 0"
"M198_02","November 14, 2006","SY: 2006-2007","530","499 Present","31 students","Released: 0"
"M198_02","November 15, 2006","SY: 2006-2007","529","503 Present","26 students","Released: 0"
"M198_02","November 16, 2006","SY: 2006-2007","529","503 Present","26 students","Released: 0"
"M198_02","November 17, 2006","SY: 2006-2007","528","488 Present","40 students","Released: 0"
"M198_02","November 20, 2006","SY: 2006-2007","528","484 Present","44 students","Released: 0"
"M198_02","November 21, 2006","SY: 2006-2007","528","487 Present","41 students","Released: 0"
"M198_02","November 22, 2006","SY: 2006-2007","528","457 Present","71 students","Released: 0"
"M198_02","November 27, 2006","SY: 2006-2007","528","487 Present","41 students","Released: 0"
"M198_02","November 28, 2006","SY: 2006-2007","528","496 Present","32 students","Released: 0"
"M198_02","November 29, 2006","SY: 2006-2007","527","500 Present","27 students","Released: 0"
"M198_02","November 30, 2006","SY: 2006-2007","527","498 Present","29 students","Released: 0"
"M198_02","December 01, 2006","SY: 2006-2007","527","479 Present","48 students","Released: 0"
"M198_02","December 04, 2006","SY: 2006-2007","526","482 Present","44 students","Released: 0"
"M198_02","December 05, 2006","SY: 2006-2007","523","443 Present","29 students","Released: 51"
"M198_02","December 06, 2006","SY: 2006-2007","523","489 Present","34 students","Released: 0"
"M198_02","December 07, 2006","SY: 2006-2007","524","499 Present","25 students","Released: 0"
"M198_02","December 08, 2006","SY: 2006-2007","524","467 Present","57 students","Released: 0"
"M198_02","December 11, 2006","SY: 2006-2007","525","491 Present","34 students","Released: 0"
"M198_02","December 12, 2006","SY: 2006-2007","525","496 Present","29 students","Released: 0"
"M198_02","December 13, 2006","SY: 2006-2007","525","494 Present","31 students","Released: 0"
"M198_02","December 14, 2006","SY: 2006-2007","525","499 Present","26 students","Released: 0"
"M198_02","December 15, 2006","SY: 2006-2007","525","483 Present","42 students","Released: 0"
"M198_02","December 18, 2006","SY: 2006-2007","523","485 Present","38 students","Released: 0"
"M198_02","December 19, 2006","SY: 2006-2007","522","475 Present","47 students","Released: 0"
"M198_02","December 20, 2006","SY: 2006-2007","522","474 Present","48 students","Released: 0"
"M198_02","December 21, 2006","SY: 2006-2007","522","467 Present","55 students","Released: 0"
"M198_02","December 22, 2006","SY: 2006-2007","521","458 Present","63 students","Released: 0"
"M198_02","January 02, 2007","SY: 2006-2007","516","443 Present","73 students","Released: 0"
"M198_02","January 03, 2007","SY: 2006-2007","517","475 Present","42 students","Released: 0"
"M198_02","January 04, 2007","SY: 2006-2007","519","488 Present","31 students","Released: 0"
"M198_02","January 05, 2007","SY: 2006-2007","519","482 Present","37 students","Released: 0"
"M198_02","January 08, 2007","SY: 2006-2007","521","472 Present","49 students","Released: 0"
"M198_02","January 09, 2007","SY: 2006-2007","521","493 Present","28 students","Released: 0"
"M198_02","January 10, 2007","SY: 2006-2007","521","494 Present","27 students","Released: 0"
"M198_02","January 11, 2007","SY: 2006-2007","521","490 Present","31 students","Released: 0"
"M198_02","January 12, 2007","SY: 2006-2007","521","493 Present","28 students","Released: 0"
"M198_02","January 16, 2007","SY: 2006-2007","519","487 Present","32 students","Released: 0"
"M198_02","January 17, 2007","SY: 2006-2007","520","479 Present","41 students","Released: 0"
"M198_02","January 18, 2007","SY: 2006-2007","520","477 Present","43 students","Released: 0"
"M198_02","January 19, 2007","SY: 2006-2007","521","476 Present","45 students","Released: 0"
"M198_02","January 22, 2007","SY: 2006-2007","521","489 Present","32 students","Released: 0"
"M198_02","January 23, 2007","SY: 2006-2007","522","496 Present","26 students","Released: 0"
"M198_02","January 24, 2007","SY: 2006-2007","522","490 Present","32 students","Released: 0"
"M198_02","January 25, 2007","SY: 2006-2007","523","486 Present","37 students","Released: 0"
"M198_02","January 26, 2007","SY: 2006-2007","523","432 Present","91 students","Released: 0"
"M198_02","January 29, 2007","SY: 2006-2007","524","487 Present","37 students","Released: 0"
"M198_02","January 30, 2007","SY: 2006-2007","524","491 Present","33 students","Released: 0"
"M198_02","January 31, 2007","SY: 2006-2007","524","497 Present","27 students","Released: 0"
"M198_02","February 01, 2007","SY: 2006-2007","524","493 Present","31 students","Released: 0"
"M198_02","February 02, 2007","SY: 2006-2007","524","485 Present","39 students","Released: 0"
"M198_02","February 05, 2007","SY: 2006-2007","526","458 Present","68 students","Released: 0"
"M198_02","February 06, 2007","SY: 2006-2007","526","476 Present","50 students","Released: 0"
"M198_02","February 07, 2007","SY: 2006-2007","526","485 Present","41 students","Released: 0"
"M198_02","February 08, 2007","SY: 2006-2007","527","484 Present","43 students","Released: 0"
"M198_02","February 09, 2007","SY: 2006-2007","527","484 Present","43 students","Released: 0"
"M198_02","February 12, 2007","SY: 2006-2007","529","475 Present","54 students","Released: 0"
