Year,1964,Unnamed: 2,Unnamed: 3,Unnamed: 4
,,,,
Sum of Population,,,Indicator Name,
Country Name,Country Code,Indicator Code,"Population, total",Grand Total
Afghanistan,AFG,SP.POP.TOTL,9814318,9814318
Africa Eastern and Southern,AFE,SP.POP.TOTL,144904094,144904094
Africa Western and Central,AFW,SP.POP.TOTL,106388440,106388440
Albania,ALB,SP.POP.TOTL,1814135,1814135
Algeria,DZA,SP.POP.TOTL,12179813,12179813
American Samoa,ASM,SP.POP.TOTL,22673,22673
Andorra,AND,SP.POP.TOTL,12764,12764
Angola,AGO,SP.POP.TOTL,5464187,5464187
Antigua and Barbuda,ATG,SP.POP.TOTL,59020,59020
Arab World,ARB,SP.POP.TOTL,101729760,101729760
Argentina,ARG,SP.POP.TOTL,21769453,21769453
Armenia,ARM,SP.POP.TOTL,2120135,2120135
Aruba,ABW,SP.POP.TOTL,57619,57619
Australia,AUS,SP.POP.TOTL,11167000,11167000
Austria,AUT,SP.POP.TOTL,7223801,7223801
Azerbaijan,AZE,SP.POP.TOTL,4439250,4439250
"Bahamas, The",BHS,SP.POP.TOTL,141528,141528
Bahrain,BHR,SP.POP.TOTL,193816,193816
Bangladesh,BGD,SP.POP.TOTL,58178374,58178374
Barbados,BRB,SP.POP.TOTL,239958,239958
Belarus,BLR,SP.POP.TOTL,8524224,8524224
Belgium,BEL,SP.POP.TOTL,9378113,9378113
Belize,BLZ,SP.POP.TOTL,101603,101603
Benin,BEN,SP.POP.TOTL,2704003,2704003
Bermuda,BMU,SP.POP.TOTL,46410,46410
Bhutan,BTN,SP.POP.TOTL,252987,252987
Bolivia,BOL,SP.POP.TOTL,4022996,4022996
Bosnia and Herzegovina,BIH,SP.POP.TOTL,3513441,3513441
Botswana,BWA,SP.POP.TOTL,566266,566266
Brazil,BRA,SP.POP.TOTL,81488595,81488595
British Virgin Islands,VGB,SP.POP.TOTL,8168,8168
Brunei Darussalam,BRN,SP.POP.TOTL,105922,105922
Bulgaria,BGR,SP.POP.TOTL,8144340,8144340
Burkina Faso,BFA,SP.POP.TOTL,5071034,5071034
Burundi,BDI,SP.POP.TOTL,3055650,3055650
Cabo Verde,CPV,SP.POP.TOTL,237006,237006
Cambodia,KHM,SP.POP.TOTL,5946178,5946178
Cameroon,CMR,SP.POP.TOTL,5578257,5578257
Canada,CAN,SP.POP.TOTL,19325000,19325000
Caribbean small states,CSS,SP.POP.TOTL,1871841,1871841
Cayman Islands,CYM,SP.POP.TOTL,9166,9166
Central African Republic,CAF,SP.POP.TOTL,1839583,1839583
Central Europe and the Baltics,CEB,SP.POP.TOTL,94715795,94715795
Chad,TCD,SP.POP.TOTL,3307479,3307479
Channel Islands,CHI,SP.POP.TOTL,115561,115561
Chile,CHL,SP.POP.TOTL,8842525,8842525
China,CHN,SP.POP.TOTL,698355000,698355000
Colombia,COL,SP.POP.TOTL,17637411,17637411
Comoros,COM,SP.POP.TOTL,211644,211644
"Congo, Dem. Rep.",COD,SP.POP.TOTL,16955327,16955327
"Congo, Rep.",COG,SP.POP.TOTL,1174816,1174816
Costa Rica,CRI,SP.POP.TOTL,1533960,1533960
Cote d'Ivoire,CIV,SP.POP.TOTL,4273952,4273952
Croatia,HRV,SP.POP.TOTL,4252876,4252876
Cuba,CUB,SP.POP.TOTL,7866020,7866020
Curacao,CUW,SP.POP.TOTL,133148,133148
Cyprus,CYP,SP.POP.TOTL,612521,612521
Czechia,CZE,SP.POP.TOTL,9727804,9727804
Denmark,DNK,SP.POP.TOTL,4722072,4722072
Djibouti,DJI,SP.POP.TOTL,103198,103198
Dominica,DMA,SP.POP.TOTL,62587,62587
Dominican Republic,DOM,SP.POP.TOTL,3698559,3698559
Early-demographic dividend,EAR,SP.POP.TOTL,1074021283,1074021283
East Asia & Pacific,EAS,SP.POP.TOTL,1110651177,1110651177
East Asia & Pacific (excluding high income),EAP,SP.POP.TOTL,953783472,953783472
East Asia & Pacific (IDA & IBRD countries),TEA,SP.POP.TOTL,940909509,940909509
Ecuador,ECU,SP.POP.TOTL,5149918,5149918
"Egypt, Arab Rep.",EGY,SP.POP.TOTL,29858922,29858922
El Salvador,SLV,SP.POP.TOTL,3111883,3111883
Equatorial Guinea,GNQ,SP.POP.TOTL,291942,291942
Eritrea,ERI,SP.POP.TOTL,1071287,1071287
Estonia,EST,SP.POP.TOTL,1277086,1277086
Eswatini,SWZ,SP.POP.TOTL,378656,378656
Ethiopia,ETH,SP.POP.TOTL,23666548,23666548
Euro area,EMU,SP.POP.TOTL,279621056,279621056
Europe & Central Asia,ECS,SP.POP.TOTL,699058435,699058435
Europe & Central Asia (excluding high income),ECA,SP.POP.TOTL,139973968,139973968
Europe & Central Asia (IDA & IBRD countries),TEC,SP.POP.TOTL,327774760,327774760
European Union,EUU,SP.POP.TOTL,370055037,370055037
Faroe Islands,FRO,SP.POP.TOTL,35847,35847
Fiji,FJI,SP.POP.TOTL,458324,458324
Finland,FIN,SP.POP.TOTL,4548543,4548543
Fragile and conflict affected situations,FCS,SP.POP.TOTL,267809728,267809728
France,FRA,SP.POP.TOTL,49401492,49401492
French Polynesia,PYF,SP.POP.TOTL,92823,92823
Gabon,GAB,SP.POP.TOTL,538657,538657
"Gambia, The",GMB,SP.POP.TOTL,443687,443687
Georgia,GEO,SP.POP.TOTL,3870300,3870300
Germany,DEU,SP.POP.TOTL,75318337,75318337
Ghana,GHA,SP.POP.TOTL,7695739,7695739
Gibraltar,GIB,SP.POP.TOTL,23315,23315
Greece,GRC,SP.POP.TOTL,8510429,8510429
Greenland,GRL,SP.POP.TOTL,37600,37600
Grenada,GRD,SP.POP.TOTL,97760,97760
Guam,GUM,SP.POP.TOTL,77008,77008
Guatemala,GTM,SP.POP.TOTL,4571109,4571109
Guinea,GIN,SP.POP.TOTL,3819722,3819722
Guinea-Bissau,GNB,SP.POP.TOTL,588543,588543
Guyana,GUY,SP.POP.TOTL,621764,621764
Haiti,HTI,SP.POP.TOTL,4146244,4146244
Heavily indebted poor countries (HIPC),HPC,SP.POP.TOTL,180537667,180537667
High income,HIC,SP.POP.TOTL,951943891,951943891
Honduras,HND,SP.POP.TOTL,2309855,2309855
"Hong Kong SAR, China",HKG,SP.POP.TOTL,3504600,3504600
Hungary,HUN,SP.POP.TOTL,10119835,10119835
IBRD only,IBD,SP.POP.TOTL,2043309631,2043309631
Iceland,ISL,SP.POP.TOTL,188983,188983
IDA & IBRD total,IBT,SP.POP.TOTL,2481068241,2481068241
IDA blend,IDB,SP.POP.TOTL,133934455,133934455
IDA only,IDX,SP.POP.TOTL,303824155,303824155
IDA total,IDA,SP.POP.TOTL,437758610,437758610
India,IND,SP.POP.TOTL,479229598,479229598
Indonesia,IDN,SP.POP.TOTL,98833749,98833749
"Iran, Islamic Rep.",IRN,SP.POP.TOTL,24262859,24262859
Iraq,IRQ,SP.POP.TOTL,7929566,7929566
Ireland,IRL,SP.POP.TOTL,2866550,2866550
Isle of Man,IMN,SP.POP.TOTL,49625,49625
Israel,ISR,SP.POP.TOTL,2475000,2475000
Italy,ITA,SP.POP.TOTL,51675350,51675350
Jamaica,JAM,SP.POP.TOTL,1745568,1745568
Japan,JPN,SP.POP.TOTL,96903000,96903000
Jordan,JOR,SP.POP.TOTL,1035640,1035640
Kazakhstan,KAZ,SP.POP.TOTL,10690309,10690309
Kenya,KEN,SP.POP.TOTL,8973535,8973535
Kiribati,KIR,SP.POP.TOTL,52088,52088
"Korea, Dem. People's Rep.",PRK,SP.POP.TOTL,12889770,12889770
"Korea, Rep.",KOR,SP.POP.TOTL,27984155,27984155
Kosovo,XKX,SP.POP.TOTL,1090270,1090270
Kuwait,KWT,SP.POP.TOTL,473115,473115
Kyrgyz Republic,KGZ,SP.POP.TOTL,2495300,2495300
Lao PDR,LAO,SP.POP.TOTL,2322826,2322826
Late-demographic dividend,LTE,SP.POP.TOTL,1162405292,1162405292
Latin America & Caribbean,LCN,SP.POP.TOTL,244080552,244080552
Latin America & Caribbean (excluding high income),LAC,SP.POP.TOTL,217092138,217092138
Latin America & the Caribbean (IDA & IBRD countries),TLA,SP.POP.TOTL,233255631,233255631
Latvia,LVA,SP.POP.TOTL,2240623,2240623
Least developed countries: UN classification,LDC,SP.POP.TOTL,270194662,270194662
Lebanon,LBN,SP.POP.TOTL,2030543,2030543
Lesotho,LSO,SP.POP.TOTL,829437,829437
Liberia,LBR,SP.POP.TOTL,1258745,1258745
Libya,LBY,SP.POP.TOTL,1753691,1753691
Liechtenstein,LIE,SP.POP.TOTL,18755,18755
Lithuania,LTU,SP.POP.TOTL,2935200,2935200
Low & middle income,LMY,SP.POP.TOTL,2289931597,2289931597
Low income,LIC,SP.POP.TOTL,149870082,149870082
Lower middle income,LMC,SP.POP.TOTL,904528786,904528786
Luxembourg,LUX,SP.POP.TOTL,327750,327750
"Macao SAR, China",MAC,SP.POP.TOTL,225655,225655
Madagascar,MDG,SP.POP.TOTL,5669863,5669863
Malawi,MWI,SP.POP.TOTL,3997305,3997305
Malaysia,MYS,SP.POP.TOTL,8828406,8828406
Maldives,MDV,SP.POP.TOTL,100662,100662
Mali,MLI,SP.POP.TOTL,5730125,5730125
Malta,MLT,SP.POP.TOTL,321250,321250
Marshall Islands,MHL,SP.POP.TOTL,16852,16852
Mauritania,MRT,SP.POP.TOTL,918955,918955
Mauritius,MUS,SP.POP.TOTL,736381,736381
Mexico,MEX,SP.POP.TOTL,41772049,41772049
"Micronesia, Fed. Sts.",FSM,SP.POP.TOTL,49181,49181
Middle East & North Africa,MEA,SP.POP.TOTL,114934365,114934365
Middle East & North Africa (excluding high income),MNA,SP.POP.TOTL,107860080,107860080
Middle East & North Africa (IDA & IBRD countries),TMN,SP.POP.TOTL,107860080,107860080
Middle income,MIC,SP.POP.TOTL,2140061515,2140061515
Moldova,MDA,SP.POP.TOTL,2228000,2228000
Monaco,MCO,SP.POP.TOTL,22686,22686
Mongolia,MNG,SP.POP.TOTL,1100234,1100234
Montenegro,MNE,SP.POP.TOTL,521753,521753
Morocco,MAR,SP.POP.TOTL,12898886,12898886
Mozambique,MOZ,SP.POP.TOTL,7255061,7255061
Myanmar,MMR,SP.POP.TOTL,23737315,23737315
Namibia,NAM,SP.POP.TOTL,644530,644530
Nauru,NRU,SP.POP.TOTL,5515,5515
Nepal,NPL,SP.POP.TOTL,10946392,10946392
Netherlands,NLD,SP.POP.TOTL,12127120,12127120
New Caledonia,NCL,SP.POP.TOTL,90602,90602
New Zealand,NZL,SP.POP.TOTL,2585400,2585400
Nicaragua,NIC,SP.POP.TOTL,2010176,2010176
Niger,NER,SP.POP.TOTL,3935814,3935814
Nigeria,NGA,SP.POP.TOTL,49012016,49012016
North America,NAC,SP.POP.TOTL,211260410,211260410
North Macedonia,MKD,SP.POP.TOTL,1510900,1510900
Northern Mariana Islands,MNP,SP.POP.TOTL,9925,9925
Norway,NOR,SP.POP.TOTL,3694339,3694339
OECD members,OED,SP.POP.TOTL,855135046,855135046
Oman,OMN,SP.POP.TOTL,572577,572577
Other small states,OSS,SP.POP.TOTL,5874688,5874688
Pacific island small states,PSS,SP.POP.TOTL,1022081,1022081
Pakistan,PAK,SP.POP.TOTL,50799999,50799999
Palau,PLW,SP.POP.TOTL,10292,10292
Panama,PAN,SP.POP.TOTL,1270065,1270065
Papua New Guinea,PNG,SP.POP.TOTL,2188325,2188325
Paraguay,PRY,SP.POP.TOTL,2073119,2073119
Peru,PER,SP.POP.TOTL,11427978,11427978
Philippines,PHL,SP.POP.TOTL,31643032,31643032
Poland,POL,SP.POP.TOTL,31139450,31139450
Portugal,PRT,SP.POP.TOTL,9035365,9035365
Post-demographic dividend,PST,SP.POP.TOTL,792735136,792735136
Pre-demographic dividend,PRE,SP.POP.TOTL,207958469,207958469
Puerto Rico,PRI,SP.POP.TOTL,2554066,2554066
Qatar,QAT,SP.POP.TOTL,56867,56867
Romania,ROU,SP.POP.TOTL,18919126,18919126
Russian Federation,RUS,SP.POP.TOTL,125345000,125345000
Rwanda,RWA,SP.POP.TOTL,3334834,3334834
Samoa,WSM,SP.POP.TOTL,124894,124894
San Marino,SMR,SP.POP.TOTL,16977,16977
Sao Tome and Principe,STP,SP.POP.TOTL,70865,70865
Saudi Arabia,SAU,SP.POP.TOTL,2821968,2821968
Senegal,SEN,SP.POP.TOTL,3740535,3740535
Serbia,SRB,SP.POP.TOTL,6832855,6832855
Seychelles,SYC,SP.POP.TOTL,46322,46322
Sierra Leone,SLE,SP.POP.TOTL,2424390,2424390
Singapore,SGP,SP.POP.TOTL,1841600,1841600
Sint Maarten (Dutch part),SXM,SP.POP.TOTL,3922,3922
Slovak Republic,SVK,SP.POP.TOTL,4327341,4327341
Slovenia,SVN,SP.POP.TOTL,1632114,1632114
Small states,SST,SP.POP.TOTL,8768610,8768610
Solomon Islands,SLB,SP.POP.TOTL,153085,153085
Somalia,SOM,SP.POP.TOTL,3192796,3192796
South Africa,ZAF,SP.POP.TOTL,18511361,18511361
South Asia,SAS,SP.POP.TOTL,619975727,619975727
South Asia (IDA & IBRD),TSA,SP.POP.TOTL,619975727,619975727
South Sudan,SSD,SP.POP.TOTL,3129918,3129918
Spain,ESP,SP.POP.TOTL,31609195,31609195
Sri Lanka,LKA,SP.POP.TOTL,10653397,10653397
St. Kitts and Nevis,KNA,SP.POP.TOTL,52326,52326
St. Lucia,LCA,SP.POP.TOTL,96505,96505
St. Martin (French part),MAF,SP.POP.TOTL,4827,4827
St. Vincent and the Grenadines,VCT,SP.POP.TOTL,89749,89749
Sub-Saharan Africa,SSF,SP.POP.TOTL,251292534,251292534
Sub-Saharan Africa (excluding high income),SSA,SP.POP.TOTL,251246212,251246212
Sub-Saharan Africa (IDA & IBRD countries),TSS,SP.POP.TOTL,251292534,251292534
Sudan,SDN,SP.POP.TOTL,9531109,9531109
Suriname,SUR,SP.POP.TOTL,309041,309041
Sweden,SWE,SP.POP.TOTL,7661354,7661354
Switzerland,CHE,SP.POP.TOTL,5789228,5789228
Syrian Arab Republic,SYR,SP.POP.TOTL,5269087,5269087
Tajikistan,TJK,SP.POP.TOTL,2411260,2411260
Tanzania,TZA,SP.POP.TOTL,11127826,11127826
Thailand,THA,SP.POP.TOTL,30232141,30232141
Timor-Leste,TLS,SP.POP.TOTL,498659,498659
Togo,TGO,SP.POP.TOTL,1803440,1803440
Tonga,TON,SP.POP.TOTL,73879,73879
Trinidad and Tobago,TTO,SP.POP.TOTL,912963,912963
Tunisia,TUN,SP.POP.TOTL,4489869,4489869
Turkiye,TUR,SP.POP.TOTL,31543072,31543072
Turkmenistan,TKM,SP.POP.TOTL,1859997,1859997
Turks and Caicos Islands,TCA,SP.POP.TOTL,5657,5657
Tuvalu,TUV,SP.POP.TOTL,5752,5752
Uganda,UGA,SP.POP.TOTL,8586363,8586363
Ukraine,UKR,SP.POP.TOTL,44951156,44951156
United Arab Emirates,ARE,SP.POP.TOTL,159692,159692
United Kingdom,GBR,SP.POP.TOTL,54000000,54000000
United States,USA,SP.POP.TOTL,191889000,191889000
Upper middle income,UMC,SP.POP.TOTL,1235532729,1235532729
Uruguay,URY,SP.POP.TOTL,2653180,2653180
Uzbekistan,UZB,SP.POP.TOTL,9557611,9557611
Vanuatu,VUT,SP.POP.TOTL,72219,72219
"Venezuela, RB",VEN,SP.POP.TOTL,9377712,9377712
Viet Nam,VNM,SP.POP.TOTL,36201563,36201563
Virgin Islands (U.S.),VIR,SP.POP.TOTL,40800,40800
World,WLD,SP.POP.TOTL,3251253200,3251253200
"Yemen, Rep.",YEM,SP.POP.TOTL,6048006,6048006
Zambia,ZMB,SP.POP.TOTL,3577017,3577017
Zimbabwe,ZWE,SP.POP.TOTL,4320006,4320006
Grand Total,,,32890054553,32890054553
