"```csv"
"Year","Yr1964","Unnamed: 2","Unnamed: 3","Unnamed: 4","Sum of Population","Country_Name","Country_Code","Indicator_Code","Population_total","Grand_Total"
"1964","1964","","","","","","","","",""
"Year","1964","","","","Sum Population","Country Name","Country Code","Indicator Code","Population total","Grand Total"
"Year","1964","","","","Sum of Pop","countryName","countryCode","indicatorCode","Population, total","grandTotal"
"Year","1964","","","","sum_of_Population","country","code","indicator","population","grand total"
"1964","1964","","","","Sum of Population","Country Name","Country Code","Indicator Code","Population, total","Grand Total"
"Year","1964","","","","","Country Name","Country Code","Indicator Code","Population, total","Grand Total"
"1964","1964","","","","","Afghanistan","AFG","SP.POP.TOTL","9814.32K","9814.32K"
"1964","1964","","","","","Africa Eastern and Southern","AFE","SP.POP.TOTL","144904.1K","144904.1K"
"Year","1964","","","","","Africa Western and Central","AFW","SP.POP.TOTL","106388.44K","106388.44K"
"Year","1964","","","","","Albania","ALB","SP.POP.TOTL","1814.14K","1814.14K"
"Year","1964","","","","","Algeria","DZA","SP.POP.TOTL","12179.81K","12179.81K"
"Year","1964","","","","","American Samoa","ASM","SP.POP.TOTL","22.67K","22.67K"
"Year","1964","","","","","Andorra","AND","SP.POP.TOTL","12.76K","12.76K"
"Year","1964","","","","","Angola","AGO","SP.POP.TOTL","5464.19K","5464.19K"
"Year","1964","","","","","Antigua and Barbuda","ATG","SP.POP.TOTL","59.02K","59.02K"
"Year","1964","","","","","Arab World","ARB","SP.POP.TOTL","101729.8K","101729.8K"
"Year","1964","","","","","Argentina","ARG","SP.POP.TOTL","21769.45K","21769.45K"
"Year","1964","","","","","Armenia","ARM","SP.POP.TOTL","2120.14K","2120.14K"
"Year","1964","","","","","Aruba","ABW","SP.POP.TOTL","57.62K","57.62K"
"Year","1964","","","","","Australia","AUS","SP.POP.TOTL","11167K","11167K"
"Year","1964","","","","","Austria","AUT","SP.POP.TOTL","7223.80K","7223.80K"
"Year","1964","","","","","Azerbaijan","AZE","SP.POP.TOTL","4439.25K","4439.25K"
"Year","1964","","","","","Bahamas, The","BHS","SP.POP.TOTL","141.53K","141.53K"
"Year","1964","","","","","Bahrain","BHR","SP.POP.TOTL","193.82K","193.82K"
"Year","1964","","","","","Bangladesh","BGD","SP.POP.TOTL","58178.37K","58178.37K"
"Year","1964","","","","","Barbados","BRB","SP.POP.TOTL","239.96K","239.96K"
"Year","1964","","","","","Belarus","BLR","SP.POP.TOTL","8524.22K","8524.22K"
"Year","1964","","","","","Belgium","BEL","SP.POP.TOTL","9378.11K","9378.11K"
"Year","1964","","","","","Belize","BLZ","SP.POP.TOTL","101.60K","101.60K"
"Year","1964","","","","","Benin","BEN","SP.POP.TOTL","2704.00K","2704.00K"
"Year","1964","","","","","Bermuda","BMU","SP.POP.TOTL","46.41K","46.41K"
"Year","1964","","","","","Bhutan","BTN","SP.POP.TOTL","252.99K","252.99K"
"Year","1964","","","","","Bolivia","BOL","SP.POP.TOTL","4023.00K","4023.00K"
"Year","1964","","","","","Bosnia and Herzegovina","BIH","SP.POP.TOTL","3513.44K","3513.44K"
"Year","1964","","","","","Botswana","BWA","SP.POP.TOTL","566.27K","566.27K"
"Year","1964","","","","","Brazil","BRA","SP.POP.TOTL","81488.6K","81488.6K"
"Year","1964","","","","","British Virgin Islands","VGB","SP.POP.TOTL","8.17K","8.17K"
"Year","1964","","","","","Brunei Darussalam","BRN","SP.POP.TOTL","105.92K","105.92K"
"Year","1964","","","","","Bulgaria","BGR","SP.POP.TOTL","8144.34K","8144.34K"
"Year","1964","","","","","Burkina Faso","BFA","SP.POP.TOTL","5071.03K","5071.03K"
"Year","1964","","","","","Burundi","BDI","SP.POP.TOTL","3055.65K","3055.65K"
"Year","1964","","","","","Cabo Verde","CPV","SP.POP.TOTL","237.01K","237.01K"
"Year","1964","","","","","Cambodia","KHM","SP.POP.TOTL","5946.18K","5946.18K"
"Year","1964","","","","","Cameroon","CMR","SP.POP.TOTL","5578.26K","5578.26K"
"Year","1964","","","","","Canada","CAN","SP.POP.TOTL","19325K","19325K"
"Year","1964","","","","","Caribbean small states","CSS","SP.POP.TOTL","1871.84K","1871.84K"
"Year","1964","","","","","Cayman Islands","CYM","SP.POP.TOTL","9.17K","9.17K"
"Year","1964","","","","","Central African Republic","CAF","SP.POP.TOTL","1839.58K","1839.58K"
"Year","1964","","","","","Central Europe and the Baltics","CEB","SP.POP.TOTL","94715.8K","94715.8K"
"Year","1964","","","","","Chad","TCD","SP.POP.TOTL","3307.48K","3307.48K"
"Year","1964","","","","","Channel Islands","CHI","SP.POP.TOTL","115.56K","115.56K"
"Year","1964","","","","","Chile","CHL","SP.POP.TOTL","8842.53K","8842.53K"
"Year","1964","","","","","China","CHN","SP.POP.TOTL","698355K","698355K"
"Year","1964","","","","","Colombia","COL","SP.POP.TOTL","17637.41K","17637.41K"
"Year","1964","","","","","Comoros","COM","SP.POP.TOTL","211.64K","211.64K"
"Year","1964","","","","","Congo, Dem. Rep.","COD","SP.POP.TOTL","16955.33K","16955.33K"
"Year","1964","","","","","Congo, Rep.","COG","SP.POP.TOTL","1174.82K","1174.82K"
"Year","1964","","","","","Costa Rica","CRI","SP.POP.TOTL","1533.96K","1533.96K"
"Year","1964","","","","","Cote d'Ivoire","CIV","SP.POP.TOTL","4273.95K","4273.95K"
"Year","1964","","","","","Croatia","HRV","SP.POP.TOTL","4252.88K","4252.88K"
"Year","1964","","","","","Cuba","CUB","SP.POP.TOTL","7866.02K","7866.02K"
"Year","1964","","","","","Curacao","CUW","SP.POP.TOTL","133.15K","133.15K"
"Year","1964","","","","","Cyprus","CYP","SP.POP.TOTL","612.52K","612.52K"
"Year","1964","","","","","Czechia","CZE","SP.POP.TOTL","9727.80K","9727.80K"
"Year","1964","","","","","Denmark","DNK","SP.POP.TOTL","4722.07K","4722.07K"
"Year","1964","","","","","Djibouti","DJI","SP.POP.TOTL","103.20K","103.20K"
"Year","1964","","","","","Dominica","DMA","SP.POP.TOTL","62.59K","62.59K"
"Year","1964","","","","","Dominican Republic","DOM","SP.POP.TOTL","3698.56K","3698.56K"
"Year","1964","","","","","Early-demographic dividend","EAR","SP.POP.TOTL","1074021K","1074021K"
"Year","1964","","","","","East Asia & Pacific","EAS","SP.POP.TOTL","1110651K","1110651K"
"Year","1964","","","","","East Asia & Pacific (excluding high income)","EAP","SP.POP.TOTL","953783K","953783K"
"Year","1964","","","","","East Asia & Pacific (IDA & IBRD countries)","TEA","SP.POP.TOTL","940910K","940910K"
"Year","1964","","","","","Ecuador","ECU","SP.POP.TOTL","5149.92K","5149.92K"
"Year","1964","","","","","Egypt, Arab Rep.","EGY","SP.POP.TOTL","29858.92K","29858.92K"
"Year","1964","","","","","El Salvador","SLV","SP.POP.TOTL","3111.88K","3111.88K"
"Year","1964","","","","","Equatorial Guinea","GNQ","SP.POP.TOTL","291.94K","291.94K"
"Year","1964","","","","","Eritrea","ERI","SP.POP.TOTL","1071.29K","1071.29K"
"Year","1964","","","","","Estonia","EST","SP.POP.TOTL","1277.09K","1277.09K"
"Year","1964","","","","","Eswatini","SWZ","SP.POP.TOTL","378.66K","378.66K"
"Year","1964","","","","","Ethiopia","ETH","SP.POP.TOTL","23666.55K","23666.55K"
"Year","1964","","","","","Euro area","EMU","SP.POP.TOTL","279621.1K","279621.1K"
"Year","1964","","","","","Europe & Central Asia","ECS","SP.POP.TOTL","699058K","699058K"
"Year","1964","","","","","Europe & Central Asia (excluding high income)","ECA","SP.POP.TOTL","139974K","139974K"
"Year","1964","","","","","Europe & Central Asia (IDA & IBRD countries)","TEC","SP.POP.TOTL","327775K","327775K"
"Year","1964","","","","","European Union","EUU","SP.POP.TOTL","370055K","370055K"
"Year","1964","","","","","Faroe Islands","FRO","SP.POP.TOTL","35.85K","35.85K"
"Year","1964","","","","","Fiji","FJI","SP.POP.TOTL","458.32K","458.32K"
"Year","1964","","","","","Finland","FIN","SP.POP.TOTL","4548.54K","4548.54K"
"Year","1964","","","","","Fragile and conflict affected situations","FCS","SP.POP.TOTL","267810K","267810K"
"Year","1964","","","","","France","FRA","SP.POP.TOTL","49401.5K","49401.5K"
"Year","1964","","","","","French Polynesia","PYF","SP.POP.TOTL","92.82K","92.82K"
"Year","1964","","","","","Gabon","GAB","SP.POP.TOTL","538.66K","538.66K"
"Year","1964","","","","","Gambia, The","GMB","SP.POP.TOTL","443.69K","443.69K"
"Year","1964","","","","","Georgia","GEO","SP.POP.TOTL","3870.30K","3870.30K"
"Year","1964","","","","","Germany","DEU","SP.POP.TOTL","75318.34K","75318.34K"
"Year","1964","","","","","Ghana","GHA","SP.POP.TOTL","7695.74K","7695.74K"
"Year","1964","","","","","Gibraltar","GIB","SP.POP.TOTL","23.32K","23.32K"
"Year","1964","","","","","Greece","GRC","SP.POP.TOTL","8510.43K","8510.43K"
"Year","1964","","","","","Greenland","GRL","SP.POP.TOTL","37.60K","37.60K"
"Year","1964","","","","","Grenada","GRD","SP.POP.TOTL","97.76K","97.76K"
"Year","1964","","","","","Guam","GUM","SP.POP.TOTL","77.01K","77.01K"
"Year","1964","","","","","Guatemala","GTM","SP.POP.TOTL","4571.11K","4571.11K"
"Year","1964","","","","","Guinea","GIN","SP.POP.TOTL","3819.72K","3819.72K"
"Year","1964","","","","","Guinea-Bissau","GNB","SP.POP.TOTL","588.54K","588.54K"
"Year","1964","","","","","Guyana","GUY","SP.POP.TOTL","621.76K","621.76K"
"Year","1964","","","","","Haiti","HTI","SP.POP.TOTL","4146.24K","4146.24K"
"Year","1964","","","","","Heavily indebted poor countries (HIPC)","HPC","SP.POP.TOTL","180538K","180538K"
"Year","1964","","","","","High income","HIC","SP.POP.TOTL","951944K","951944K"
"Year","1964","","","","","Honduras","HND","SP.POP.TOTL","2309.86K","2309.86K"
"Year","1964","","","","","Hong Kong SAR, China","HKG","SP.POP.TOTL","3504.60K","3504.60K"
"Year","1964","","","","","Hungary","HUN","SP.POP.TOTL","10119.84K","10119.84K"
"Year","1964","","","","","IBRD only","IBD","SP.POP.TOTL","2043310K","2043310K"
"Year","1964","","","","","Iceland","ISL","SP.POP.TOTL","188.98K","188.98K"
"Year","1964","","","","","IDA & IBRD total","IBT","SP.POP.TOTL","2481068K","2481068K"
"Year","1964","","","","","IDA blend","IDB","SP.POP.TOTL","133934K","133934K"
"Year","1964","","","","","IDA only","IDX","SP.POP.TOTL","303824K","303824K"
"Year","1964","","","","","IDA total","IDA","SP.POP.TOTL","437759K","437759K"
"Year","1964","","","","","India","IND","SP.POP.TOTL","479230K","479230K"
"Year","1964","","","","","Indonesia","IDN","SP.POP.TOTL","98833.7K","98833.7K"
"Year","1964","","","","","Iran, Islamic Rep.","IRN","SP.POP.TOTL","24262.86K","24262.86K"
"Year","1964","","","","","Iraq","IRQ","SP.POP.TOTL","7929.57K","7929.57K"
"Year","1964","","","","","Ireland","IRL","SP.POP.TOTL","2866.55K","2866.55K"
"Year","1964","","","","","Isle of Man","IMN","SP.POP.TOTL","49.63K","49.63K"
"Year","1964","","","","","Israel","ISR","SP.POP.TOTL","2475K","2475K"
"Year","1964","","","","","Italy","ITA","SP.POP.TOTL","51675.35K","51675.35K"
"Year","1964","","","","","Jamaica","JAM","SP.POP.TOTL","1745.57K","1745.57K"
"Year","1964","","","","","Japan","JPN","SP.POP.TOTL","96903K","96903K"
"Year","1964","","","","","Jordan","JOR","SP.POP.TOTL","1035.64K","1035.64K"
"Year","1964","","","","","Kazakhstan","KAZ","SP.POP.TOTL","10690.31K","10690.31K"
"Year","1964","","","","","Kenya","KEN","SP.POP.TOTL","8973.54K","8973.54K"
"Year","1964","","","","","Kiribati","KIR","SP.POP.TOTL","52.09K","52.09K"
"Year","1964","","","","","Korea, Dem. People's Rep.","PRK","SP.POP.TOTL","12889.77K","12889.77K"
"Year","1964","","","","","Korea, Rep.","KOR","SP.POP.TOTL","27984.16K","27984.16K"
"Year","1964","","","","","Kosovo","XKX","SP.POP.TOTL","1090.27K","1090.27K"
"Year","1964","","","","","Kuwait","KWT","SP.POP.TOTL","473.12K","473.12K"
"Year","1964","","","","","Kyrgyz Republic","KGZ","SP.POP.TOTL","2495.30K","2495.30K"
"Year","1964","","","","","Lao PDR","LAO","SP.POP.TOTL","2322.83K","2322.83K"
"Year","1964","","","","","Late-demographic dividend","LTE","SP.POP.TOTL","1162405K","1162405K"
"Year","1964","","","","","Latin America & Caribbean","LCN","SP.POP.TOTL","244081K","244081K"
"Year","1964","","","","","Latin America & Caribbean (excluding high income)","LAC","SP.POP.TOTL","217092K","217092K"
"Year","1964","","","","","Latin America & the Caribbean (IDA & IBRD countries)","TLA","SP.POP.TOTL","233256K","233256K"
"Year","1964","","","","","Latvia","LVA","SP.POP.TOTL","2240.62K","2240.62K"
"Year","1964","","","","","Least developed countries: UN classification","LDC","SP.POP.TOTL","270195K","270195K"
"Year","1964","","","","","Lebanon","LBN","SP.POP.TOTL","2030.54K","2030.54K"
"Year","1964","","","","","Lesotho","LSO","SP.POP.TOTL","829.44K","829.44K"
"Year","1964","","","","","Liberia","LBR","SP.POP.TOTL","1258.74K","1258.74K"
"Year","1964","","","","","Libya","LBY","SP.POP.TOTL","1753.69K","1753.69K"
"Year","1964","","","","","Liechtenstein","LIE","SP.POP.TOTL","18.76K","18.76K"
"Year","1964","","","","","Lithuania","LTU","SP.POP.TOTL","2935.20K","2935.20K"
"Year","1964","","","","","Low & middle income","LMY","SP.POP.TOTL","2289932K","2289932K"
"Year","1964","","","","","Low income","LIC","SP.POP.TOTL","149870K","149870K"
"Year","1964","","","","","Lower middle income","LMC","SP.POP.TOTL","904529K","904529K"
"Year","1964","","","","","Luxembourg","LUX","SP.POP.TOTL","327.75K","327.75K"
"Year","1964","","","","","Macao SAR, China","MAC","SP.POP.TOTL","225.65K","225.65K"
"Year","1964","","","","","Madagascar","MDG","SP.POP.TOTL","5669.86K","5669.86K"
"Year","1964","","","","","Malawi","MWI","SP.POP.TOTL","3997.30K","3997.30K"
"Year","1964","","","","","Malaysia","MYS","SP.POP.TOTL","8828.41K","8828.41K"
"Year","1964","","","","","Maldives","MDV","SP.POP.TOTL","100.66K","100.66K"
"Year","1964","","","","","Mali","MLI","SP.POP.TOTL","5730.12K","5730.12K"
"Year","1964","","","","","Malta","MLT","SP.POP.TOTL","321.25K","321.25K"
"Year","1964","","","","","Marshall Islands","MHL","SP.POP.TOTL","16.85K","16.85K"
"Year","1964","","","","","Mauritania","MRT","SP.POP.TOTL","918.96K","918.96K"
"Year","1964","","","","","Mauritius","MUS","SP.POP.TOTL","736.38K","736.38K"
"Year","1964","","","","","Mexico","MEX","SP.POP.TOTL","41772.05K","41772.05K"
"Year","1964","","","","","Micronesia, Fed. Sts.","FSM","SP.POP.TOTL","49.18K","49.18K"
"Year","1964","","","","","Middle East & North Africa","MEA","SP.POP.TOTL","114934K","114934K"
"Year","1964","","","","","Middle East & North Africa (excluding high income)","MNA","SP.POP.TOTL","107860K","107860K"
"Year","1964","","","","","Middle East & North Africa (IDA & IBRD countries)","TMN","SP.POP.TOTL","107860K","107860K"
"Year","1964","","","","","Middle income","MIC","SP.POP.TOTL","2140062K","2140062K"
"Year","1964","","","","","Moldova","MDA","SP.POP.TOTL","2228.00K","2228.00K"
"Year","1964","","","","","Monaco","MCO","SP.POP.TOTL","22.69K","22.69K"
"Year","1964","","","","","Mongolia","MNG","SP.POP.TOTL","1100.23K","1100.23K"
"Year","1964","","","","","Montenegro","MNE","SP.POP.TOTL","521.75K","521.75K"
"Year","1964","","","","","Morocco","MAR","SP.POP.TOTL","12898.89K","12898.89K"
"Year","1964","","","","","Mozambique","MOZ","SP.POP.TOTL","7255.06K","7255.06K"
"Year","1964","","","","","Myanmar","MMR","SP.POP.TOTL","23737.32K","23737.32K"
"Year","1964","","","","","Namibia","NAM","SP.POP.TOTL","644.53K","644.53K"
"Year","1964","","","","","Nauru","NRU","SP.POP.TOTL","5.52K","5.52K"
"Year","1964","","","","","Nepal","NPL","SP.POP.TOTL","10946.39K","10946.39K"
"Year","1964","","","","","Netherlands","NLD","SP.POP.TOTL","12127.12K","12127.12K"
"Year","1964","","","","","New Caledonia","NCL","SP.POP.TOTL","90.60K","90.60K"
"Year","1964","","","","","New Zealand","NZL","SP.POP.TOTL","2585.40K","2585.40K"
"Year","1964","","","","","Nicaragua","NIC","SP.POP.TOTL","2010.18K","2010.18K"
"Year","1964","","","","","Niger","NER","SP.POP.TOTL","3935.81K","3935.81K"
"Year","1964","","","","","Nigeria","NGA","SP.POP.TOTL","49012K","49012K"
"Year","1964","","","","","North America","NAC","SP.POP.TOTL","211260K","211260K"
"Year","1964","","","","","North Macedonia","MKD","SP.POP.TOTL","1510.90K","1510.90K"
"Year","1964","","","","","Northern Mariana Islands","MNP","SP.POP.TOTL","9.93K","9.93K"
"Year","1964","","","","","Norway","NOR","SP.POP.TOTL","3694.34K","3694.34K"
"Year","1964","","","","","OECD members","OED","SP.POP.TOTL","855135K","855135K"
"Year","1964","","","","","Oman","OMN","SP.POP.TOTL","572.58K","572.58K"
"Year","1964","","","","","Other small states","OSS","SP.POP.TOTL","5874.69K","5874.69K"
"Year","1964","","","","","Pacific island small states","PSS","SP.POP.TOTL","1022.08K","1022.08K"
"Year","1964","","","","","Pakistan","PAK","SP"
