"```csv"
"Fiscal_Yr","Agence","Category","Detail","Nom_Vendor","Total_Paiements"
"2001","conservation","communication service & supplies","TELECOMMUNICATION CHARGES","Pratt, John D","929.22"
"2001","CONSERVATION","Communication Service  Supplies","TELECOMMUNICATION CHARGES","PROCUREMENT CARD PAYMENT","862.51"
"2001","CONSERVATION","Communication Service & Supplies","TELECOMMUNICATION CHARGES","PROTECTED (PUBLIC SAFETY)","2533.17"
"2001","CONSERVATION","communication SERVICE & SUPPLIES","TELECOMMUNICATION CHARGES","Pryor, Benny L","857.92"
"2001","CONSERVATION","communication service and supplies","TELECOMMUNICATION CHARGES","PUBLIC WATER SUPPLY DIST #3-CH","12.14"
"2001","CONSERVATION","COMMUNICATION SERV. & SUPPL.","TELECOMMUNICATION CHARGES","PUBLIC WATER SUPPLY DISTRICT 3","12.00"
"2001","CONSERVATION","communication service & supplies","TELECOMMUNICATION CHARGES","Purcell, David J","308.82"
"2001","conservation","communication service & supplies","TELECOMMUNICATION CHARGES","PWSD #1 OF COLE COUNTY","20.07"
"2001","CONSERVATION","Communication Service & Supplies","TELECOMMUNICATION CHARGES","Quigley, Harry T","95.16"
"2001","CONSERVATION","communication service & supplies","TELECOMMUNICATION CHARGES","Raisch, Robyn K","297.96"
"2001","conservation","COMMUNICATION SERVICE & SUPPLIES","TELECOMMUNICATION CHARGES","Ream, Betty L","984.97"
"2001","CONSERVATION","COMMUNICATION SERVICE & SUPPLIES","TELECOMMUNICATION CHARGES","Reed, Mark","328.24"
"2001","Conservation","Communication Service & Supplies","TELECOMMUNICATION CHARGES","RELM COMMUNICATION","130.00"
"2001","CONSERVATION","communication service & supplies","TELECOMMUNICATION CHARGES","Rice, Scott","515.2"
"2001","CONSERVATION","Communication Service & Supplies","TELECOMMUNICATION CHARGES","Riggs, David A","232.83"
"2001","CONSERVATION","communication SERVICE & SUPPLIES","TELECOMMUNICATION CHARGES","Ripperger, Tim D","90.00"
"2001","CONSERVATION","Communication Service  Supplies","TELECOMMUNICATION CHARGES","Ritter, Dennis P","335.34"
"2001","CONSERVATION","Communication Service & Supplies","TELECOMMUNICATION CHARGES","Roberson, Terry R","430.5"
"2001","Conservation","COMMUNICATION SERVICE & SUPPLIES","TELECOMMUNICATION CHARGES","Ross, Donald K","428.28"
"2001","CONSERVATION","Communication Service & Supplies","TELECOMMUNICATION CHARGES","Rost, Russell L","416.94"
"2001","Conservation","COMMUNICATION SERV. & SUPPL.","TELECOMMUNICATION CHARGES","Ruzicka, Donald T","237.36"
"2001","CONSERVATION","Communication Service  Supplies","TELECOMMUNICATION CHARGES","Schwartz, James R","302.52"
"2001","CONSERVATION","Communication Service & Supplies","TELECOMMUNICATION CHARGES","Scott, Jeffrey L","888.5"
"2001","CONSERVATION","COMMUNICATION SERVICE & SUPPLIES","TELECOMMUNICATION CHARGES","Seibel, William E","183.11"
"2001","CONSERVATION","COMMUNICATION SERV. & SUPPL.","TELECOMMUNICATION CHARGES","Shifflett, Russell L","125.52"
"2001","CONSERVATION","COMMUNICATION SERVICE & SUPPLIES","TELECOMMUNICATION CHARGES","Skinner, Thomas H","653.82"
"2001","Conservation","COMMUNICATION SERVICE & SUPPLIES","TELECOMMUNICATION CHARGES","Smith, Gerald W","216.41"
"2001","CONSERVATION","Communication Service  Supplies","TELECOMMUNICATION CHARGES","Smith, Joseph W","392.14"
"2001","CONSERVATION","communication SERVICE & SUPPLIES","TELECOMMUNICATION CHARGES","Smith, Shannon R","337.22"
"2001","Conservation","COMMUNICATION SERVICE & SUPPLIES","TELECOMMUNICATION CHARGES","SOKKIA CORPORATION","230"
"2001","CONSERVATION","communication service & supplies","TELECOMMUNICATION CHARGES","SOUTHWESTERN BELL - DALLAS","434.02"
"2001","CONSERVATION","communication service & supplies","TELECOMMUNICATION CHARGES","SOUTHWESTERN BELL TELEPHONE","2912.58"
"2001","CONSERVATION","COMMUNICATION SERVICE & SUPPLIES","TELECOMMUNICATION CHARGES","SOUTHWESTERN BELL TELEPHONE","351.33"
"2001","CONSERVATION","COMMUNICATION SERV. & SUPPL.","TELECOMMUNICATION CHARGES","SOUTHWESTERN BELL TELEPHONE","833.89"
"2001","CONSERVATION","communication SERVICE & SUPPLIES","TELECOMMUNICATION CHARGES","SOUTHWESTERN BELL-DALLAS","12331.11"
"2001","CONSERVATION","Communication Service  Supplies","TELECOMMUNICATION CHARGES","SOUTHWESTERN BELL-DALLAS","1404.55"
"2001","Conservation","communication service & supplies","TELECOMMUNICATION CHARGES","SOUTHWESTERN BELL-DALLAS","14560.46"
"2001","CONSERVATION","COMMUNICATION SERVICE & SUPPLIES","TELECOMMUNICATION CHARGES","SOUTHWESTERN BELL-DALLAS","16414.19"
"2001","CONSERVATION","Communication Service & Supplies","TELECOMMUNICATION CHARGES","SOUTHWESTERN BELL-DALLAS","177.39"
"2001","CONSERVATION","COMMUNICATION SERVICE & SUPPLIES","TELECOMMUNICATION CHARGES","SOUTHWESTERN BELL-DALLAS","3508.32"
"2001","conservation","communication SERVICE & SUPPLIES","TELECOMMUNICATION CHARGES","SOUTHWESTERN BELL","128.49"
"2001","conservation","COMMUNICATION SERV. & SUPPL.","TELECOMMUNICATION CHARGES","SOUTHWESTERN BELL","252.82"
"2001","CONSERVATION","Communication Service  Supplies","TELECOMMUNICATION CHARGES","SOUTHWESTERN BELL","3386.2"
"2001","CONSERVATION","COMMUNICATION SERVICE & SUPPLIES","TELECOMMUNICATION CHARGES","Sperber, Richard W","264.35"
"2001","CONSERVATION","COMMUNICATION SERVICE & SUPPLIES","TELECOMMUNICATION CHARGES","SPRINT-CHARLOTTE","959.68"
"2001","CONSERVATION","communication service & supplies","TELECOMMUNICATION CHARGES","SPRINT-KANSAS CITY","7657.02"
"2001","conservation","COMMUNICATION SERVICE & SUPPLIES","TELECOMMUNICATION CHARGES","SPRINT","259.53"
"2001","CONSERVATION","Communication Service  Supplies","TELECOMMUNICATION CHARGES","SPRINT","386.68"
"2001","CONSERVATION","Communication Service & Supplies","TELECOMMUNICATION CHARGES","STEELVILLE TELEPHONE EXCHANGE","521.86"
"2001","CONSERVATION","COMMUNICATION SERVICE & SUPPLIES","TELECOMMUNICATION CHARGES","Stimson, William C","315.96"
"2001","CONSERVATION","communication SERVICE & SUPPLIES","TELECOMMUNICATION CHARGES","Stricklen, E A","389.34"
"2001","CONSERVATION","COMMUNICATION SERVICE & SUPPLIES","TELECOMMUNICATION CHARGES","Strother, Thomas M  III","258.48"
"2001","CONSERVATION","COMMUNICATION SERV. & SUPPL.","TELECOMMUNICATION CHARGES","Sulkowski, Jr Robert J","923.85"
"2001","CONSERVATION","COMMUNICATION SERVICE & SUPPLIES","TELECOMMUNICATION CHARGES","Suttmoeller, Michael J","217.44"
"2001","conservation","COMMUNICATION SERVICE & SUPPLIES","TELECOMMUNICATION CHARGES","Swem, Susan","530.64"
"2001","conservation","Communication Service & Supplies","TELECOMMUNICATION CHARGES","Szigety, Marty J","283.77"
"2001","CONSERVATION","COMMUNICATION SERVICE & SUPPLIES","TELECOMMUNICATION CHARGES","TANEY COUNTY WATER DIST #3","27.67"
"2001","CONSERVATION","Communication Service & Supplies","TELECOMMUNICATION CHARGES","TDS TELECOM","701.11"
"2001","CONSERVATION","Communication Service  Supplies","TELECOMMUNICATION CHARGES","Terhune, Michael G","222.48"
"2001","Conservation","COMMUNICATION SERVICE & SUPPLIES","TELECOMMUNICATION CHARGES","Theiss, Steven E","170.16"
"2001","CONSERVATION","communication SERVICE & SUPPLIES","TELECOMMUNICATION CHARGES","Tiller, Donald P","268.22"
"2001","Conservation","COMMUNICATION SERVICE & SUPPLIES","TELECOMMUNICATION CHARGES","TOWNER COMMUNICATIONS","165"
"2001","CONSERVATION","Communication Service & Supplies","TELECOMMUNICATION CHARGES","Twain, Mark Rural Telephone Co","46.98"
"2001","CONSERVATION","communication service & supplies","TELECOMMUNICATION CHARGES","Twyman, Dennis L","246.09"
"2001","CONSERVATION","Communication Service & Supplies","TELECOMMUNICATION CHARGES","Vader, Robert P","223.32"
"2001","conservation","communication SERVICE & SUPPLIES","TELECOMMUNICATION CHARGES","Vance, Richard A","238.56"
"2001","conservation","COMMUNICATION SERV. & SUPPL.","TELECOMMUNICATION CHARGES","Vanmatre, Gary D","934.44"
"2001","CONSERVATION","communication service & supplies","TELECOMMUNICATION CHARGES","Veatch, Paul W","279.42"
"2001","Conservation","COMMUNICATION SERVICE & SUPPLIES","TELECOMMUNICATION CHARGES","VERIZON MIDWEST","15597.29"
"2001","CONSERVATION","Communication Service  Supplies","TELECOMMUNICATION CHARGES","VERIZON WIRELESS","115.15"
"2001","CONSERVATION","communication SERVICE & SUPPLIES","TELECOMMUNICATION CHARGES","VERIZON","413.22"
"2001","Conservation","COMMUNICATION SERVICE & SUPPLIES","TELECOMMUNICATION CHARGES","Vinson, James R","207.79"
"2001","CONSERVATION","COMMUNICATION SERV. & SUPPL.","TELECOMMUNICATION CHARGES","Wade, Kimberly S","125.86"
"2001","CONSERVATION","communication service & supplies","TELECOMMUNICATION CHARGES","Walden, Darrell W","535.22"
"2001","CONSERVATION","COMMUNICATION SERV. & SUPPL.","TELECOMMUNICATION CHARGES","Walsh, Quentin H","87.72"
"2001","CONSERVATION","Communication Service & Supplies","TELECOMMUNICATION CHARGES","Walters, Vaughan B","215.88"
"2001","CONSERVATION","Communication Service & Supplies","TELECOMMUNICATION CHARGES","Ward, William B","419.43"
"2001","CONSERVATION","Communication Service & Supplies","TELECOMMUNICATION CHARGES","Wells, David F","354.57"
"2001","CONSERVATION","COMMUNICATION SERV. & SUPPL.","TELECOMMUNICATION CHARGES","West, Kenneth D","407.98"
"2001","CONSERVATION","Communication Service  Supplies","TELECOMMUNICATION CHARGES","Westhoff, Thomas A","58.32"
"2001","CONSERVATION","Communication Service  Supplies","TELECOMMUNICATION CHARGES","White, Robert","483.42"
"2001","CONSERVATION","Communication Service  Supplies","TELECOMMUNICATION CHARGES","Wideman, Robert B","254.7"
"2001","CONSERVATION","communication service & supplies","TELECOMMUNICATION CHARGES","Wilcoxon, Mark W","214.74"
"2001","CONSERVATION","Communication Service & Supplies","TELECOMMUNICATION CHARGES","Wolken, Matthew J","271.5"
"2001","CONSERVATION","communication service & supplies","TELECOMMUNICATION CHARGES","Wolken, Roger E","279.24"
"2001","CONSERVATION","communication SERVICE & SUPPLIES","TELECOMMUNICATION CHARGES","Wollard, Bryan K","289.32"
"2001","CONSERVATION","Communication Service & Supplies","TELECOMMUNICATION CHARGES","Wood, Ryan","878.07"
"2001","CONSERVATION","Communication Service & Supplies","TELECOMMUNICATION CHARGES","Wright, Todd W","237.72"
"2001","CONSERVATION","communication SERVICE & SUPPLIES","TELECOMMUNICATION CHARGES","Wunderlich, Paul H","223.2"
"2001","CONSERVATION","Communication Service & Supplies","TELECOMMUNICATION CHARGES","WYND COMMUNICATIONS","73.4"
"2001","CONSERVATION","Communication Service & Supplies","TELECOMMUNICATION CHARGES","Yeager, Douglas J","393.14"
"2001","CONSERVATION","communication service & supplies","TELECOMMUNICATION CHARGES","Young, Weldon A","360.78"
"2001","CONSERVATION","COMMUNICATION SERV. & SUPPL.","TELECOMMUNICATION CHARGES","Zap, Stephen J","377.46"
"2001","CONSERVATION","COMMUNICATION SERVICE & SUPPLIES","TELECOMMUNICATION CHARGES","Zielke, Kevin","336.63"
"2001","CONSERVATION","COMMUNICATION SERVICE & SUPPLIES","TELECOMMUNICATION SUPPLIES","A W ENTERPRISES INC","802.06"
"2001","CONSERVATION","COMMUNICATION SERV. & SUPPL.","TELECOMMUNICATION SUPPLIES","A-1 TELETRONICS","5438.05"
"2001","CONSERVATION","Communication Service & Supplies","TELECOMMUNICATION SUPPLIES","A1 TELETRONICS","2449.76"
"2001","CONSERVATION","communication service & supplies","TELECOMMUNICATION SUPPLIES","ACCU-TECH CORPORATION","1468.15"
"2001","CONSERVATION","COMMUNICATION SERV. & SUPPL.","TELECOMMUNICATION SUPPLIES","ADVANCED TELEMETRY SYSTEMS INC","1251"
"2001","CONSERVATION","COMMUNICATION SERVICE & SUPPLIES","TELECOMMUNICATION SUPPLIES","AF COMM SUPPLY","2693.6"
"2001","CONSERVATION","COMMUNICATION SERV. & SUPPL.","TELECOMMUNICATION SUPPLIES","ALLTEL SUPPLY-ATLANTA","459.6"
"2001","CONSERVATION","Communication Service & Supplies","TELECOMMUNICATION SUPPLIES","Anicom, Inc","193.14"
"2001","CONSERVATION","COMMUNICATION SERV. & SUPPL.","TELECOMMUNICATION SUPPLIES","ANIXTER","445.84"
"2001","CONSERVATION","communication SERVICE & SUPPLIES","TELECOMMUNICATION SUPPLIES","ASTRON CORP","123.74"
"2001","CONSERVATION","Communication Service & Supplies","TELECOMMUNICATION SUPPLIES","B & M ELECTRONICS","36.98"
"2001","CONSERVATION","communication service & supplies","TELECOMMUNICATION SUPPLIES","BAILEY'S T V INC","34.2"
"2001","CONSERVATION","communication SERVICE & SUPPLIES","TELECOMMUNICATION SUPPLIES","BAKER MACHINE & SALES INC","11.75"
"2001","CONSERVATION","Communication Service  Supplies","TELECOMMUNICATION SUPPLIES","BEN MEADOWS COMPANY","220.85"
"2001","CONSERVATION","COMMUNICATION SERV. & SUPPL.","TELECOMMUNICATION SUPPLIES","Berthold, Holly","42.92"
"2001","CONSERVATION","COMMUNICATION SERV. & SUPPL.","TELECOMMUNICATION SUPPLIES","BROOK-TEL MFG & SUPPLY CO INC","50.33"
"2001","CONSERVATION","communication service & supplies","TELECOMMUNICATION SUPPLIES","BUTLER SUPPLY-ST LOUIS","279"
"2001","CONSERVATION","COMMUNICATION SERVICE & SUPPLIES","TELECOMMUNICATION SUPPLIES","Cary, Roy","1200"
"2001","CONSERVATION","communication service & supplies","TELECOMMUNICATION SUPPLIES","CENTURION INTERNATIONAL INC","596.09"
"2001","CONSERVATION","COMMUNICATION SERV. & SUPPL.","TELECOMMUNICATION SUPPLIES","CHARITON VALLEY TRISTAR COMMUN","18"
"2001","CONSERVATION","communication service & supplies","TELECOMMUNICATION SUPPLIES","CLAS COMPUTERS","6.95"
"2001","CONSERVATION","Communication Service & Supplies","TELECOMMUNICATION SUPPLIES","COMATRIX","3495.91"
"2001","CONSERVATION","COMMUNICATION SERVICE & SUPPLIES","TELECOMMUNICATION SUPPLIES","COMM-OMNI INTERNATIONAL  INC","528"
"2001","CONSERVATION","COMMUNICATION SERVICE & SUPPLIES","TELECOMMUNICATION SUPPLIES","CONNECTIONS PLUS","84.99"
"2001","CONSERVATION","COMMUNICATION SERV. & SUPPL.","TELECOMMUNICATION SUPPLIES","CONVENIENCE CARD","49.99"
"2001","CONSERVATION","COMMUNICATION SERV. & SUPPL.","TELECOMMUNICATION SUPPLIES","CORVALLIS MICRO TECHNOLOGY","165"
"2001","CONSERVATION","COMMUNICATION SERVICE & SUPPLIES","TELECOMMUNICATION SUPPLIES","CPI Communications, Inc","90"
"2001","CONSERVATION","communication service & supplies","TELECOMMUNICATION SUPPLIES","DATA COMM INC","60"
"2001","CONSERVATION","COMMUNICATION SERVICE & SUPPLIES","TELECOMMUNICATION SUPPLIES","DESI TELEPHONE LABELS INC","324"
"2001","CONSERVATION","COMMUNICATION SERV. & SUPPL.","TELECOMMUNICATION SUPPLIES","DITEK","686.94"
"2001","CONSERVATION","communication service & supplies","TELECOMMUNICATION SUPPLIES","EMR CORP","1321.06"
"2001","CONSERVATION","Communication Service & Supplies","TELECOMMUNICATION SUPPLIES","FESSLER'S TV AND APPLIANCE","84.93"
"2001","CONSERVATION","COMMUNICATION SERV. & SUPPL.","TELECOMMUNICATION SUPPLIES","FISHER AUDIO VISUAL","9.95"
"2001","CONSERVATION","Communication Service & Supplies","TELECOMMUNICATION SUPPLIES","Flaspohler, Mark E","43.02"
"2001","CONSERVATION","communication SERVICE & SUPPLIES","TELECOMMUNICATION SUPPLIES","FLETCHER CHICAGO INC","115.45"
"2001","CONSERVATION","COMMUNICATION SERVICE & SUPPLIES","TELECOMMUNICATION SUPPLIES","French, Timothy A","16.2"
"2001","CONSERVATION","COMMUNICATION SERV. & SUPPL.","TELECOMMUNICATION SUPPLIES","GRAYBAR ELECTRIC CO INC","140.54"
"2001","CONSERVATION","Communication Service  Supplies","TELECOMMUNICATION SUPPLIES","GRAYBAR ELECTRIC CO INC","513.56"
"2001","CONSERVATION","Communication Service  Supplies","TELECOMMUNICATION SUPPLIES","GRAYBAR ELECTRIC","684.87"
"2001","CONSERVATION","COMMUNICATION SERV. & SUPPL.","TELECOMMUNICATION SUPPLIES","HOME INC","1494.44"
"2001","CONSERVATION","Communication Service & Supplies","TELECOMMUNICATION SUPPLIES","HRDQ","41.25"
"2001","CONSERVATION","Communication Service & Supplies","TELECOMMUNICATION SUPPLIES","HUTTON COMMUNICATIONS INC","103.1"
"2001","CONSERVATION","COMMUNICATION SERV. & SUPPL.","TELECOMMUNICATION SUPPLIES","HUTTON COMMUNICATIONS","461.58"
"2001","CONSERVATION","COMMUNICATION SERV. & SUPPL.","TELECOMMUNICATION SUPPLIES","IDA CORPORATION","456.51"
"2001","CONSERVATION","COMMUNICATION SERV. & SUPPL.","TELECOMMUNICATION SUPPLIES","IGO CORP","1753.94"
"2001","CONSERVATION","COMMUNICATION SERV. & SUPPL.","TELECOMMUNICATION SUPPLIES","INTEGRATED SOLUTIONS GROUP","205"
"2001","CONSERVATION","Communication Service  Supplies","TELECOMMUNICATION SUPPLIES","JERI'S SIGNS","19.95"
"2001","CONSERVATION","COMMUNICATION SERVICE & SUPPLIES","TELECOMMUNICATION SUPPLIES","JOHNSON COMMUNICATIONS SERVICE","2651"
"2001","CONSERVATION","communication SERVICE & SUPPLIES","TELECOMMUNICATION SUPPLIES","L & B ELECTRONICS","2240"
"2001","CONSERVATION","COMMUNICATION SERVICE & SUPPLIES","TELECOMMUNICATION SUPPLIES","Mays, Arleasha L","86.9"
"2001","CONSERVATION","communication SERVICE & SUPPLIES","TELECOMMUNICATION SUPPLIES","MCM ELECTRONICS","104.69"
"2001","CONSERVATION","COMMUNICATION SERVICE & SUPPLIES","TELECOMMUNICATION SUPPLIES","MCM ELECTRONICS","49.24"
"2001","CONSERVATION","COMMUNICATION SERV. & SUPPL.","TELECOMMUNICATION SUPPLIES","METRO ELECTRIC SUPPLY","40.58"
"2001","CONSERVATION","Communication Service & Supplies","TELECOMMUNICATION SUPPLIES","MIDIAN ELECTIONICS INC","69.95"
"2001","CONSERVATION","communication service & supplies","TELECOMMUNICATION SUPPLIES","MODERN SOUND","404"
"2001","CONSERVATION","communication SERV. & SUPPL.","TELECOMMUNICATION SUPPLIES","MOTOROLA PARTS INC","234.19"
"2001","CONSERVATION","communication service & supplies","TELECOMMUNICATION SUPPLIES","Motorola, Inc","272.5"
"2001","CONSERVATION","Communication Service  Supplies","TELECOMMUNICATION SUPPLIES","MUSICIAN'S FRIEND","70.91"
"2001","CONSERVATION","Communication Service & Supplies","TELECOMMUNICATION SUPPLIES","NEVCO MARKETING","5939.48"
"2001","CONSERVATION","communication SERVICE & SUPPLIES","TELECOMMUNICATION SUPPLIES","NEWARK ELECTRONICS","455.46"
"2001","CONSERVATION","Communication Service & Supplies","TELECOMMUNICATION SUPPLIES","ORR SAFETY CORPORATION","404.09"
"2001","CONSERVATION","communication service & supplies","TELECOMMUNICATION SUPPLIES","PAR Electronics, INC.","88"
"2001","CONSERVATION","communication SERV. & SUPPL.","TELECOMMUNICATION SUPPLIES","PCR","667.48"
"2001","CONSERVATION","Communication Service & Supplies","TELECOMMUNICATION SUPPLIES","PROCUREMENT CARD PAYMENT","8861.93"
"2001","CONSERVATION","communication service & supplies","TELECOMMUNICATION SUPPLIES","PROGRESSIVE TECHNOLOGIES INC","331"
"2001","CONSERVATION","COMMUNICATION SERVICE & SUPPLIES","TELECOMMUNICATION SUPPLIES","QUALA-TEL ENTERPRISES","1328.93"
"2001","CONSERVATION","Communication Service & Supplies","TELECOMMUNICATION SUPPLIES","RADIO COMM","30"
"2001","CONSERVATION","COMMUNICATION SERVICE & SUPPLIES","TELECOMMUNICATION SUPPLIES","RADIO SHACK - CHICAGO","60.79"
"2001","CONSERVATION","Communication Service & Supplies","TELECOMMUNICATION SUPPLIES","RADIO SHACK-CHICAGO","53.48"
"2001","CONSERVATION","COMMUNICATION SERVICE & SUPPLIES","TELECOMMUNICATION SUPPLIES","RADIO SHACK-CHICAGO","73.95"
"2001","CONSERVATION","COMMUNICATION SERV. & SUPPL.","TELECOMMUNICATION SUPPLIES","RADIO SHACK-COLUMBIA","33.96"
"2001","CONSERVATION","Communication Service  Supplies","TELECOMMUNICATION SUPPLIES","RADIO SHACK-WEST PLAINS","9.99"
"2001","CONSERVATION","communication service & supplies","TELECOMMUNICATION SUPPLIES","RADIO SHACK","107.13"
"2001","CONSERVATION","communication SERVICE & SUPPLIES","TELECOMMUNICATION SUPPLIES","RELM COMMUNICATION","1410.64"
"2001","CONSERVATION","COMMUNICATION SERV. & SUPPL.","TELECOMMUNICATION SUPPLIES","RELM COMMUNICATIONS INC","50.62"
"2001","CONSERVATION","communication service & supplies","TELECOMMUNICATION SUPPLIES","RICHARDSON ELECTRONICS LTD","174.47"
"2001","CONSERVATION","Communication Service  Supplies","TELECOMMUNICATION SUPPLIES","RMS COMMUNICATIONS INC","629.67"
"2001","CONSERVATION","COMMUNICATION SERV. & SUPPL.","TELECOMMUNICATION SUPPLIES","Rockers, Philip R","52.72"
"2001","CONSERVATION","Communication Service  Supplies","TELECOMMUNICATION SUPPLIES","SANTA FE DISTRIBUTING INC","3666.84"
"2001","CONSERVATION","communication service & supplies","TELECOMMUNICATION SUPPLIES","Schmiedeskamp, Connie","29.98"
"2001","CONSERVATION","COMMUNICATION SERV. & SUPPL.","TELECOMMUNICATION SUPPLIES","SECURICOR WIRELESS","13954.89"
"2001","CONSERVATION","communication service & supplies","TELECOMMUNICATION SUPPLIES","SECURICOR WIRELESS","164.68"
"2001","CONSERVATION","communication SERV. & SUPPL.","TELECOMMUNICATION SUPPLIES","SETCOM CORPORATION","194.26"
"2001","CONSERVATION","Communication Service  Supplies","TELECOMMUNICATION SUPPLIES","Shroyer, Joshua C","21.38"
"2001","CONSERVATION","COMMUNICATION SERVICE & SUPPLIES","TELECOMMUNICATION SUPPLIES","SOUTHWESTERN BELL-OVERLAND PRK","18"
"2001","CONSERVATION","communication service & supplies","TELECOMMUNICATION SUPPLIES","SQUARE ONE ELECTRONICS INC","2679.41"
"2001","CONSERVATION","COMMUNICATION SERV. & SUPPL.","TELECOMMUNICATION SUPPLIES","SUPPLY CACHE INC","445.86"
"2001","CONSERVATION","Communication Service & Supplies","TELECOMMUNICATION SUPPLIES","T & M APPLIANCE/ELECTRONICS","39.9"
"2001","CONSERVATION","Communication Service & Supplies","TELECOMMUNICATION SUPPLIES","TAI AUDIO, INC","3255.65"
"2001","CONSERVATION","COMMUNICATION SERV. & SUPPL.","TELECOMMUNICATION SUPPLIES","TEKK","962.22"
"2001","CONSERVATION","communication service & supplies","TELECOMMUNICATION SUPPLIES","TEN FOUR COMMUNICATIONS","13.97"
"2001","CONSERVATION","Communication Service & Supplies","TELECOMMUNICATION SUPPLIES","TESSCO INCORPORATED","2218.41"
"2001","CONSERVATION","communication SERVICE & SUPPLIES","TELECOMMUNICATION SUPPLIES","TESSCO","8313.39"
"2001","CONSERVATION","COMMUNICATION SERV. & SUPPL.","TELECOMMUNICATION SUPPLIES","TOWNER COMMUNICATIONS","2714"
"2001","CONSERVATION","COMMUNICATION SERVICE & SUPPLIES","TELECOMMUNICATION SUPPLIES","UNITED SIGNAL ALERT","7.5"
"2001","CONSERVATION","communication service & supplies","TELECOMMUNICATION SUPPLIES","VIDEO SERVICE OF AMERICA","172.1"
"2001","CONSERVATION","Communication Service  Supplies","TELECOMMUNICATION SUPPLIES","W & W MANUFACTURING CO","3773.43"
"2001","CONSERVATION","communication SERVICE & SUPPLIES","TELECOMMUNICATION SUPPLIES","WAL-MART-JEFFERSON CITY","42.84"
"2001","CONSERVATION","Communication Service  Supplies","TELECOMMUNICATION SUPPLIES","WESTLAKE-KANSAS CITY","22.49"
"2001","CONSERVATION","COMMUNICATION SERVICE & SUPPLIES","TELECOMMUNICATION SUPPLIES","WRIGHT LINE INC","297.38"
"2001","CONSERVATION","COMMUNICATION SERV. & SUPPL.","TELECOMMUNICATION SUPPLIES","YAESU U.S.A.","14.63"
"2001","CONSERVATION","communication service & supplies","WIRELESS HAND-HELD DEVICE CHARGES","ATLAS COMMUNICATIONS","1059"
"2001","CONSERVATION","Communication Service  Supplies","WIRELESS HAND-HELD DEVICE CHARGES","CUE PAGING CORPORATION","946.55"
"2001","CONSERVATION","Communication Service & Supplies","WIRELESS HAND-HELD DEVICE CHARGES","MIDWEST PAGING","810.42"
"2001","CONSERVATION","communication service & supplies","WIRELESS HAND-HELD DEVICE CHARGES","PAGE INC","167.64"
"2001","CONSERVATION","communication SERVICE & SUPPLIES","WIRELESS HAND-HELD DEVICE CHARGES","PITNEY BOWES-LOUISVILLE","150"
"2001","CONSERVATION","communication SERV. & SUPPL.","WIRELESS HAND-HELD DEVICE CHARGES","R C C INC DBA RADIO COMM CO","1936"
"2001","CONSERVATION","COMMUNICATION SERV. & SUPPL.","WIRELESS HAND-HELD DEVICE CHARGES","RADIO COMM","737.1"
"2001","CONSERVATION","Communication Service  Supplies","WIRELESS HAND-HELD DEVICE CHARGES","WYND COMMUNICATIONS","6.55"
"2001","CONSERVATION","COMPUTER EQUIPMENT","MAINFRAME EQUIPMENT","GE CAPITAL-ERLANGER","337"
"2001","CONSERVATION","COMPUTER EQUIPMENT","MAINFRAME EQUIPMENT","HUBER & ASSOCIATES INC","3986"
"2001","CONSERVATION","COMPUTER EQUIPMENT","MAINFRAME EQUIPMENT","MEMPHIS MACHINERY","50.67"
"2001","CONSERVATION","COMPUTER EQUIPMENT","MAINFRAME EQUIPMENT","SPRINT-JEFFERSON CITY BUS MRKT","17821.97"
"2001","CONSERVATION","COMPUTER EQUIPMENT","MAINFRAME EQUIPMENT","SPRINT-JEFFERSON CITY BUS MRKT","3919.11"
"2001","CONSERVATION","COMPUTER EQUIPMENT","MAINFRAME EQUIPMENT","STAPLES-KIRKSVILLE","153.89"
"2001","CONSERVATION","COMPUTER EQUIPMENT","NON MAINFRAME COMPUTER EQUIPMENT","COMPUTER CONNECTIONS","225"
"2001","CONSERVATION","COMPUTER EQUIPMENT","NON MAINFRAME COMPUTER EQUIPMENT","CORVALLIS MICRO TECHNOLOGY","120"
"2001","CONSERVATION","COMPUTER EQUIPMENT","NON MAINFRAME COMPUTER EQUIPMENT","ESRI-ST LOUIS","3121.61"
"2001","CONSERVATION","COMPUTER EQUIPMENT","NON MAINFRAME COMPUTER EQUIPMENT","GE CAPITAL IT SOLUTIONS","130906.92"
"2001","CONSERVATION","COMPUTER EQUIPMENT","NON MAINFRAME COMPUTER EQUIPMENT","GE CAPITAL-ERLANGER","502782.47"
"2001","CONSERVATION","COMPUTER EQUIPMENT","NON MAINFRAME COMPUTER EQUIPMENT","HUBER & ASSOCIATES INC","110"
"2001","CONSERVATION","COMPUTER EQUIPMENT","NON MAINFRAME COMPUTER EQUIPMENT","IBM CORP-JEFFERSON CITY","9161"
"2001","CONSERVATION","COMPUTER EQUIPMENT","NON MAINFRAME COMPUTER EQUIPMENT","INFINITE SYSTEMS SERVICE INC","23736.15"
"2001","CONSERVATION","COMPUTER EQUIPMENT","NON MAINFRAME COMPUTER EQUIPMENT","MICRO WAREHOUSE","1593.22"
"2001","CONSERVATION","COMPUTER EQUIPMENT","NON MAINFRAME COMPUTER EQUIPMENT","OZARK MOUNTAIN COMPUTER","26.95"
"2001","CONSERVATION","COMPUTER EQUIPMENT","NON MAINFRAME COMPUTER EQUIPMENT","PRINTRIGHT INC","99"
"2001","CONSERVATION","COMPUTER EQUIPMENT","NON MAINFRAME COMPUTER EQUIPMENT","PROCUREMENT CARD PAYMENT","153.89"
"2001","CONSERVATION","COMPUTER EQUIPMENT","NON MAINFRAME COMPUTER EQUIPMENT","SPRINT-JEFFERSON CITY BUS MRKT","14735.24"
"2001","CONSERVATION","COMPUTER EQUIPMENT","NON MAINFRAME COMPUTER EQUIPMENT","SPRINT-KANSAS CITY BUS MARKETS","534"
"2001","CONSERVATION","COMPUTER EQUIPMENT","NON MAINFRAME COMPUTER EQUIPMENT","SPRINT","38419.94"
"2001","CONSERVATION","COMPUTER EQUIPMENT","NON MAINFRAME COMPUTER EQUIPMENT","WORLD WIDE TECHNOLOGY, INC","1191651.3"
"2001","CONSERVATION","COMPUTER EQUIPMENT","NON-MAINFRAME COMPUTER SOFTWARE","Bonneau, Joseph L","131.65"
"2001","CONSERVATION","COMPUTER EQUIPMENT","NON-MAINFRAME COMPUTER SOFTWARE","CORVALLIS MICRO TECHNOLOGY","255"
"2001","CONSERVATION","COMPUTER EQUIPMENT","NON-MAINFRAME COMPUTER SOFTWARE","CRICKET S0FTWARE","52"
"2001","CONSERVATION","COMPUTER EQUIPMENT","NON-MAINFRAME COMPUTER SOFTWARE","DLT SOLUTIONS","934.65"
"2001","CONSERVATION","COMPUTER EQUIPMENT","NON-MAINFRAME COMPUTER SOFTWARE","ELEMENT K JOURNALS","98"
"2001","CONSERVATION","COMPUTER EQUIPMENT","NON-MAINFRAME COMPUTER SOFTWARE","ENSCRIPT","1000"
"2001","CONSERVATION","COMPUTER EQUIPMENT","NON-MAINFRAME COMPUTER SOFTWARE","ENVIRONMENTAL SYSTEMS RESEARCH","1011.79"
"2001","CONSERVATION","COMPUTER EQUIPMENT","NON-MAINFRAME COMPUTER SOFTWARE","ESRI","62745.81"
"2001","CONSERVATION","COMPUTER EQUIPMENT","NON-MAINFRAME COMPUTER SOFTWARE","EXECUTIVE INFORMATION SYSTEMS","10588"
"2001","CONSERVATION","COMPUTER EQUIPMENT","NON-MAINFRAME COMPUTER SOFTWARE","FEDERAL DATA CORP","18085"
"2001","CONSERVATION","COMPUTER EQUIPMENT","NON-MAINFRAME COMPUTER SOFTWARE","GE CAPITAL IT SOLUTIONS","39.95"
"2001","CONSERVATION","COMPUTER EQUIPMENT","NON-MAINFRAME COMPUTER SOFTWARE","GE CAPITAL-ERLANGER","54770.84"
"2001","CONSERVATION","COMPUTER EQUIPMENT","NON-MAINFRAME COMPUTER SOFTWARE","GERKE & ASSOCIATES INC","2768.47"
"2001","CONSERVATION","COMPUTER EQUIPMENT","NON-MAINFRAME COMPUTER SOFTWARE","GLOBAL COMPUTER SUPPLIES","17.65"
"2001","CONSERVATION","COMPUTER EQUIPMENT","NON-MAINFRAME COMPUTER SOFTWARE","GRAPHX. COM","607.5"
"2001","CONSERVATION","COMPUTER EQUIPMENT","NON-MAINFRAME COMPUTER SOFTWARE","GTCO CORPORATION","1634"
"2001","CONSERVATION","COMPUTER EQUIPMENT","NON-MAINFRAME COMPUTER SOFTWARE","Hastings Books, Music & Video","42"
