"```csv"
"DeptId","DeptName","Group_Name","LastModified"
"1","ENGINEERING","Research & Development","30-Apr-2008"
"2","Tooling Design","R&D","20080430"
"3","Sales","Sales and Marketing","April 30th, 2008"
"4","Marketing","Sales & Marketing","4/30/2008"
"5","Purchasing","Inventory","2008-04-30 00:00:00"
"6","R & D","Research and Development","2008-04-30T00:00:00"
"7","Production","Manufacturing","2008/04/30"
"8","Production Control","Manufacturing","30.04.2008"
"9","Human Resources","Executive General and Admin","2008-04-30"
"10","Finance","Exec, General, and Admin","2008-04-30"
"11","Information Systems","Executive, General & Admin","2008-04-30"
"12","Document Control","Quality","2008-04-30"
"13","Quality Assurance","QA","2008-04-30"
"14","Facilities & Maintenance","Exec General & Admin","2008-04-30"
"15","Shipping/Receiving","Inventory Mgmt","2008-04-30"
"16","Executive","Executive General and Administration","2008-04-30"
"```"
