"```csv"
"dataYear","year1970","unnamed2","unnamed3","unnamed4","indicatorName"
"","","","","",""
"Country","iso_code","Indicator","Total Population","Grand Total","Indicator Description"
"Afghanistan","AFG","SP.POP.TOTL","11290128","11290128","Total Population"
"Africa, Eastern and Southern","AFE","SP.POP.TOTL","171984985","171984985","Total Population"
"Africa, Western and Central","AFW","SP.POP.TOTL","122086536","122086536","Total Population"
"Albania","ALB","SP.POP.TOTL","2135479","2135479","Total Population"
"Algeria","DZA","SP.POP.TOTL","13783719","13783719","Total Population"
"American Samoa","ASM","SP.POP.TOTL","27026","27026","Total Population"
"Andorra","AND","SP.POP.TOTL","19977","19977","Total Population"
"Angola","AGO","SP.POP.TOTL","5852788","5852788","Total Population"
"Antigua & Barbuda","ATG","SP.POP.TOTL","64528","64528","Total Population"
"Arab World","ARB","SP.POP.TOTL","120469263","120469263","Total Population"
"Argentina","ARG","SP.POP.TOTL","23878327","23878327","Total Population"
"Armenia","ARM","SP.POP.TOTL","2475633","2475633","Total Population"
"Aruba","ABW","SP.POP.TOTL","58950","58950","Total Population"
"Australia","AUS","SP.POP.TOTL","12507000","12507000","Total Population"
"Austria","AUT","SP.POP.TOTL","7467086","7467086","Total Population"
"Azerbaijan","AZE","SP.POP.TOTL","5172050","5172050","Total Population"
"Bahamas","BHS","SP.POP.TOTL","184982","184982","Total Population"
"Bahrain","BHR","SP.POP.TOTL","224809","224809","Total Population"
"Bangladesh","BGD","SP.POP.TOTL","69058894","69058894","Total Population"
"Barbados","BRB","SP.POP.TOTL","249387","249387","Total Population"
"Belarus","BLR","SP.POP.TOTL","9040000","9040000","Total Population"
"Belgium","BEL","SP.POP.TOTL","9655549","9655549","Total Population"
"Belize","BLZ","SP.POP.TOTL","120736","120736","Total Population"
"Benin","BEN","SP.POP.TOTL","3065057","3065057","Total Population"
"Bermuda","BMU","SP.POP.TOTL","52124","52124","Total Population"
"Bhutan","BTN","SP.POP.TOTL","308528","308528","Total Population"
"Bolivia","BOL","SP.POP.TOTL","4590010","4590010","Total Population"
"Bosnia & Herzegovina","BIH","SP.POP.TOTL","3773247","3773247","Total Population"
"Botswana","BWA","SP.POP.TOTL","590334","590334","Total Population"
"Brazil","BRA","SP.POP.TOTL","95375651","95375651","Total Population"
"British Virgin Is.","VGB","SP.POP.TOTL","9933","9933","Total Population"
"Brunei","BRN","SP.POP.TOTL","135138","135138","Total Population"
"Bulgaria","BGR","SP.POP.TOTL","8489574","8489574","Total Population"
"Burkina Faso","BFA","SP.POP.TOTL","5610304","5610304","Total Population"
"Burundi","BDI","SP.POP.TOTL","3530432","3530432","Total Population"
"Cabo Verde","CPV","SP.POP.TOTL","287885","287885","Total Population"
"Cambodia","KHM","SP.POP.TOTL","6639182","6639182","Total Population"
"Cameroon","CMR","SP.POP.TOTL","6449793","6449793","Total Population"
"Canada","CAN","SP.POP.TOTL","21324000","21324000","Total Population"
"Caribbean","CSS","SP.POP.TOTL","2112837","2112837","Total Population"
"Cayman Is.","CYM","SP.POP.TOTL","10517","10517","Total Population"
"Central African Rep.","CAF","SP.POP.TOTL","2097505","2097505","Total Population"
"Central Europe","CEB","SP.POP.TOTL","99134548","99134548","Total Population"
"Chad","TCD","SP.POP.TOTL","3727828","3727828","Total Population"
"Channel Islands","CHI","SP.POP.TOTL","123288","123288","Total Population"
"Chile","CHL","SP.POP.TOTL","9845344","9845344","Total Population"
"China","CHN","SP.POP.TOTL","818315000","818315000","Total Population"
"Colombia","COL","SP.POP.TOTL","20811782","20811782","Total Population"
"Comoros","COM","SP.POP.TOTL","244185","244185","Total Population"
"Congo, Dem. Rep.","COD","SP.POP.TOTL","20137436","20137436","Total Population"
"Congo, Rep.","COG","SP.POP.TOTL","1397638","1397638","Total Population"
"Costa Rica","CRI","SP.POP.TOTL","1838949","1838949","Total Population"
"Cote d'Ivoire","CIV","SP.POP.TOTL","5411567","5411567","Total Population"
"Croatia","HRV","SP.POP.TOTL","4412252","4412252","Total Population"
"Cuba","CUB","SP.POP.TOTL","8824382","8824382","Total Population"
"Curacao","CUW","SP.POP.TOTL","144739","144739","Total Population"
"Cyprus","CYP","SP.POP.TOTL","647446","647446","Total Population"
"Czechia","CZE","SP.POP.TOTL","9858071","9858071","Total Population"
"Denmark","DNK","SP.POP.TOTL","4928757","4928757","Total Population"
"Djibouti","DJI","SP.POP.TOTL","145175","145175","Total Population"
"Dominica","DMA","SP.POP.TOTL","68908","68908","Total Population"
"Dominican Rep.","DOM","SP.POP.TOTL","4399290","4399290","Total Population"
"Early-demographic dividend","EAR","SP.POP.TOTL","1245960808","1245960808","Total Population"
"East Asia & Pacific","EAS","SP.POP.TOTL","1288720409","1288720409","Total Population"
"East Asia (excl. high income)","EAP","SP.POP.TOTL","1116395242","1116395242","Total Population"
"East Asia (IDA & IBRD)","TEA","SP.POP.TOTL","1101240545","1101240545","Total Population"
"Ecuador","ECU","SP.POP.TOTL","6155387","6155387","Total Population"
"Egypt","EGY","SP.POP.TOTL","34623990","34623990","Total Population"
"El Salvador","SLV","SP.POP.TOTL","3668796","3668796","Total Population"
"Equatorial Guinea","GNQ","SP.POP.TOTL","320803","320803","Total Population"
"Eritrea","ERI","SP.POP.TOTL","1243453","1243453","Total Population"
"Estonia","EST","SP.POP.TOTL","1360076","1360076","Total Population"
"Eswatini","SWZ","SP.POP.TOTL","441216","441216","Total Population"
"Ethiopia","ETH","SP.POP.TOTL","27829128","27829128","Total Population"
"Euro Area","EMU","SP.POP.TOTL","291834356","291834356","Total Population"
"Europe & Central Asia","ECS","SP.POP.TOTL","738724073","738724073","Total Population"
"Europe (excl. high income)","ECA","SP.POP.TOTL","155918823","155918823","Total Population"
"Europe (IDA & IBRD)","TEC","SP.POP.TOTL","352139347","352139347","Total Population"
"European Union","EUU","SP.POP.TOTL","386406167","386406167","Total Population"
"Faroe Islands","FRO","SP.POP.TOTL","38269","38269","Total Population"
"Fiji","FJI","SP.POP.TOTL","531188","531188","Total Population"
"Finland","FIN","SP.POP.TOTL","4606307","4606307","Total Population"
"Fragile States","FCS","SP.POP.TOTL","306107595","306107595","Total Population"
"France","FRA","SP.POP.TOTL","52007169","52007169","Total Population"
"French Polynesia","PYF","SP.POP.TOTL","114010","114010","Total Population"
"Gabon","GAB","SP.POP.TOTL","595846","595846","Total Population"
"Gambia","GMB","SP.POP.TOTL","524105","524105","Total Population"
"Georgia","GEO","SP.POP.TOTL","4119900","4119900","Total Population"
"Germany","DEU","SP.POP.TOTL","78169289","78169289","Total Population"
"Ghana","GHA","SP.POP.TOTL","8925813","8925813","Total Population"
"Gibraltar","GIB","SP.POP.TOTL","26634","26634","Total Population"
"Greece","GRC","SP.POP.TOTL","8792806","8792806","Total Population"
"Greenland","GRL","SP.POP.TOTL","46400","46400","Total Population"
"Grenada","GRD","SP.POP.TOTL","98414","98414","Total Population"
"Guam","GUM","SP.POP.TOTL","88365","88365","Total Population"
"Guatemala","GTM","SP.POP.TOTL","5396966","5396966","Total Population"
"Guinea","GIN","SP.POP.TOTL","4277535","4277535","Total Population"
"Guinea-Bissau","GNB","SP.POP.TOTL","584403","584403","Total Population"
"Guyana","GUY","SP.POP.TOTL","702705","702705","Total Population"
"Haiti","HTI","SP.POP.TOTL","4635124","4635124","Total Population"
"HIPC","HPC","SP.POP.TOTL","211549510","211549510","Total Population"
"High Income","HIC","SP.POP.TOTL","1009961393","1009961393","Total Population"
"Honduras","HND","SP.POP.TOTL","2750715","2750715","Total Population"
"Hong Kong","HKG","SP.POP.TOTL","3959000","3959000","Total Population"
"Hungary","HUN","SP.POP.TOTL","10337910","10337910","Total Population"
"IBRD only","IBD","SP.POP.TOTL","2346056161","2346056161","Total Population"
"Iceland","ISL","SP.POP.TOTL","204438","204438","Total Population"
"IDA & IBRD total","IBT","SP.POP.TOTL","2859123476","2859123476","Total Population"
"IDA blend","IDB","SP.POP.TOTL","157440950","157440950","Total Population"
"IDA only","IDX","SP.POP.TOTL","355626365","355626365","Total Population"
"IDA total","IDA","SP.POP.TOTL","513067315","513067315","Total Population"
"India","IND","SP.POP.TOTL","545864268","545864268","Total Population"
"Indonesia","IDN","SP.POP.TOTL","115657495","115657495","Total Population"
"Iran","IRN","SP.POP.TOTL","29145100","29145100","Total Population"
"Iraq","IRQ","SP.POP.TOTL","9735611","9735611","Total Population"
"Ireland","IRL","SP.POP.TOTL","2957250","2957250","Total Population"
"Isle of Man","IMN","SP.POP.TOTL","55300","55300","Total Population"
"Israel","ISR","SP.POP.TOTL","2974000","2974000","Total Population"
"Italy","ITA","SP.POP.TOTL","53821850","53821850","Total Population"
"Jamaica","JAM","SP.POP.TOTL","1878196","1878196","Total Population"
"Japan","JPN","SP.POP.TOTL","103403000","103403000","Total Population"
"Jordan","JOR","SP.POP.TOTL","1565163","1565163","Total Population"
"Kazakhstan","KAZ","SP.POP.TOTL","12419057","12419057","Total Population"
"Kenya","KEN","SP.POP.TOTL","11368791","11368791","Total Population"
"Kiribati","KIR","SP.POP.TOTL","57510","57510","Total Population"
"Korea, Dem. People's Rep.","PRK","SP.POP.TOTL","15172775","15172775","Total Population"
"Korea, Rep.","KOR","SP.POP.TOTL","32240827","32240827","Total Population"
"Kosovo","XKX","SP.POP.TOTL","1249555","1249555","Total Population"
"Kuwait","KWT","SP.POP.TOTL","809114","809114","Total Population"
"Kyrgyz Republic","KGZ","SP.POP.TOTL","2959900","2959900","Total Population"
"Lao PDR","LAO","SP.POP.TOTL","2669702","2669702","Total Population"
"Late-demographic dividend","LTE","SP.POP.TOTL","1334963829","1334963829","Total Population"
"Latin America & Caribbean","LCN","SP.POP.TOTL","284995920","284995920","Total Population"
"Latin America (excl. high income)","LAC","SP.POP.TOTL","254197487","254197487","Total Population"
"Latin America (IDA & IBRD)","TLA","SP.POP.TOTL","272962813","272962813","Total Population"
"Latvia","LVA","SP.POP.TOTL","2359164","2359164","Total Population"
"Least Developed","LDC","SP.POP.TOTL","315102512","315102512","Total Population"
"Lebanon","LBN","SP.POP.TOTL","2386114","2386114","Total Population"
"Lesotho","LSO","SP.POP.TOTL","1019273","1019273","Total Population"
"Liberia","LBR","SP.POP.TOTL","1466676","1466676","Total Population"
"Libya","LBY","SP.POP.TOTL","2082589","2082589","Total Population"
"Liechtenstein","LIE","SP.POP.TOTL","21140","21140","Total Population"
"Lithuania","LTU","SP.POP.TOTL","3139689","3139689","Total Population"
"Low & Middle Income","LMY","SP.POP.TOTL","2659238723","2659238723","Total Population"
"Low Income","LIC","SP.POP.TOTL","175246425","175246425","Total Population"
"Lower Middle Income","LMC","SP.POP.TOTL","1043648387","1043648387","Total Population"
"Luxembourg","LUX","SP.POP.TOTL","339171","339171","Total Population"
"Macao","MAC","SP.POP.TOTL","257396","257396","Total Population"
"Madagascar","MDG","SP.POP.TOTL","6672003","6672003","Total Population"
"Malawi","MWI","SP.POP.TOTL","4633944","4633944","Total Population"
"Malaysia","MYS","SP.POP.TOTL","10178802","10178802","Total Population"
"Maldives","MDV","SP.POP.TOTL","123219","123219","Total Population"
"Mali","MLI","SP.POP.TOTL","6276472","6276472","Total Population"
"Malta","MLT","SP.POP.TOTL","302650","302650","Total Population"
"Marshall Islands","MHL","SP.POP.TOTL","22530","22530","Total Population"
"Mauritania","MRT","SP.POP.TOTL","1099806","1099806","Total Population"
"Mauritius","MUS","SP.POP.TOTL","826000","826000","Total Population"
"Mexico","MEX","SP.POP.TOTL","50814953","50814953","Total Population"
"Micronesia","FSM","SP.POP.TOTL","58922","58922","Total Population"
"Middle East & North Africa","MEA","SP.POP.TOTL","136112803","136112803","Total Population"
"Middle East (excl. high income)","MNA","SP.POP.TOTL","127174194","127174194","Total Population"
"Middle East (IDA & IBRD)","TMN","SP.POP.TOTL","127174194","127174194","Total Population"
"Middle Income","MIC","SP.POP.TOTL","2483992298","2483992298","Total Population"
"Moldova","MDA","SP.POP.TOTL","2437590","2437590","Total Population"
"Monaco","MCO","SP.POP.TOTL","24229","24229","Total Population"
"Mongolia","MNG","SP.POP.TOTL","1295272","1295272","Total Population"
"Montenegro","MNE","SP.POP.TOTL","512407","512407","Total Population"
"Morocco","MAR","SP.POP.TOTL","15129449","15129449","Total Population"
"Mozambique","MOZ","SP.POP.TOTL","8250506","8250506","Total Population"
"Myanmar","MMR","SP.POP.TOTL","27193016","27193016","Total Population"
"Namibia","NAM","SP.POP.TOTL","757868","757868","Total Population"
"Nauru","NRU","SP.POP.TOTL","6710","6710","Total Population"
"Nepal","NPL","SP.POP.TOTL","12436190","12436190","Total Population"
"Netherlands","NLD","SP.POP.TOTL","13038526","13038526","Total Population"
"New Caledonia","NCL","SP.POP.TOTL","109338","109338","Total Population"
"New Zealand","NZL","SP.POP.TOTL","2810700","2810700","Total Population"
"Nicaragua","NIC","SP.POP.TOTL","2423065","2423065","Total Population"
"Niger","NER","SP.POP.TOTL","4650275","4650275","Total Population"
"Nigeria","NGA","SP.POP.TOTL","55893838","55893838","Total Population"
"North America","NAC","SP.POP.TOTL","226428124","226428124","Total Population"
"North Macedonia","MKD","SP.POP.TOTL","1664208","1664208","Total Population"
"Northern Mariana Is.","MNP","SP.POP.TOTL","10170","10170","Total Population"
"Norway","NOR","SP.POP.TOTL","3875763","3875763","Total Population"
"OECD members","OED","SP.POP.TOTL","918489195","918489195","Total Population"
"Oman","OMN","SP.POP.TOTL","662680","662680","Total Population"
"Small States","OSS","SP.POP.TOTL","6465635","6465635","Total Population"
"Pacific Islands","PSS","SP.POP.TOTL","1181537","1181537","Total Population"
"Pakistan","PAK","SP.POP.TOTL","60166719","60166719","Total Population"
"Palau","PLW","SP.POP.TOTL","11368","11368","Total Population"
"Panama","PAN","SP.POP.TOTL","1513070","1513070","Total Population"
"Papua New Guinea","PNG","SP.POP.TOTL","2505628","2505628","Total Population"
"Paraguay","PRY","SP.POP.TOTL","2388028","2388028","Total Population"
"Peru","PER","SP.POP.TOTL","13501237","13501237","Total Population"
"Philippines","PHL","SP.POP.TOTL","37622204","37622204","Total Population"
"Poland","POL","SP.POP.TOTL","32664300","32664300","Total Population"
"Portugal","PRT","SP.POP.TOTL","8680431","8680431","Total Population"
"Post-demographic dividend","PST","SP.POP.TOTL","840190480","840190480","Total Population"
"Pre-demographic dividend","PRE","SP.POP.TOTL","242769169","242769169","Total Population"
"Puerto Rico","PRI","SP.POP.TOTL","2718000","2718000","Total Population"
"Qatar","QAT","SP.POP.TOTL","116350","116350","Total Population"
"Romania","ROU","SP.POP.TOTL","20250398","20250398","Total Population"
"Russian Federation","RUS","SP.POP.TOTL","130404000","130404000","Total Population"
"Rwanda","RWA","SP.POP.TOTL","3980669","3980669","Total Population"
"Samoa","WSM","SP.POP.TOTL","140400","140400","Total Population"
"San Marino","SMR","SP.POP.TOTL","18168","18168","Total Population"
"Sao Tome & Principe","STP","SP.POP.TOTL","77626","77626","Total Population"
"Saudi Arabia","SAU","SP.POP.TOTL","3562470","3562470","Total Population"
"Senegal","SEN","SP.POP.TOTL","4466328","4466328","Total Population"
"Serbia","SRB","SP.POP.TOTL","7164993","7164993","Total Population"
"Seychelles","SYC","SP.POP.TOTL","53600","53600","Total Population"
"Sierra Leone","SLE","SP.POP.TOTL","2712286","2712286","Total Population"
"Singapore","SGP","SP.POP.TOTL","2074507","2074507","Total Population"
"Sint Maarten","SXM","SP.POP.TOTL","6414","6414","Total Population"
"Slovak Republic","SVK","SP.POP.TOTL","4538223","4538223","Total Population"
"Slovenia","SVN","SP.POP.TOTL","1724891","1724891","Total Population"
"Small States","SST","SP.POP.TOTL","9760009","9760009","Total Population"
"Solomon Islands","SLB","SP.POP.TOTL","176579","176579","Total Population"
"Somalia","SOM","SP.POP.TOTL","3738448","3738448","Total Population"
"South Africa","ZAF","SP.POP.TOTL","22279984","22279984","Total Population"
"South Asia","SAS","SP.POP.TOTL","711535056","711535056","Total Population"
"South Asia (IDA & IBRD)","TSA","SP.POP.TOTL","711535056","711535056","Total Population"
"South Sudan","SSD","SP.POP.TOTL","3409614","3409614","Total Population"
"Spain","ESP","SP.POP.TOTL","33814531","33814531","Total Population"
"Sri Lanka","LKA","SP.POP.TOTL","12287110","12287110","Total Population"
"St. Kitts & Nevis","KNA","SP.POP.TOTL","44606","44606","Total Population"
"St. Lucia","LCA","SP.POP.TOTL","103165","103165","Total Population"
"St. Martin","MAF","SP.POP.TOTL","6047","6047","Total Population"
"St. Vincent","VCT","SP.POP.TOTL","95964","95964","Total Population"
"Sub-Saharan Africa","SSF","SP.POP.TOTL","294071521","294071521","Total Population"
"Sub-Saharan Africa (excl. high income)","SSA","SP.POP.TOTL","294017921","294017921","Total Population"
"Sub-Saharan Africa (IDA & IBRD)","TSS","SP.POP.TOTL","294071521","294071521","Total Population"
"Sudan","SDN","SP.POP.TOTL","11695771","11695771","Total Population"
"Suriname","SUR","SP.POP.TOTL","379442","379442","Total Population"
"Sweden","SWE","SP.POP.TOTL","8042801","8042801","Total Population"
"Switzerland","CHE","SP.POP.TOTL","6180877","6180877","Total Population"
"Syrian Arab Rep.","SYR","SP.POP.TOTL","638"
