Year,1970,Unnamed: 2,Unnamed: 3,Unnamed: 4
,,,,
Sum of Population,,,Indicator Name,
Country Name,Country Code,Indicator Code,"Population, total",Grand Total
Afghanistan,AFG,SP.POP.TOTL,11290128,11290128
Africa Eastern and Southern,AFE,SP.POP.TOTL,171984985,171984985
Africa Western and Central,AFW,SP.POP.TOTL,122086536,122086536
Albania,ALB,SP.POP.TOTL,2135479,2135479
Algeria,DZA,SP.POP.TOTL,13783719,13783719
American Samoa,ASM,SP.POP.TOTL,27026,27026
Andorra,AND,SP.POP.TOTL,19977,19977
Angola,AGO,SP.POP.TOTL,5852788,5852788
Antigua and Barbuda,ATG,SP.POP.TOTL,64528,64528
Arab World,ARB,SP.POP.TOTL,120469263,120469263
Argentina,ARG,SP.POP.TOTL,23878327,23878327
Armenia,ARM,SP.POP.TOTL,2475633,2475633
Aruba,ABW,SP.POP.TOTL,58950,58950
Australia,AUS,SP.POP.TOTL,12507000,12507000
Austria,AUT,SP.POP.TOTL,7467086,7467086
Azerbaijan,AZE,SP.POP.TOTL,5172050,5172050
"Bahamas, The",BHS,SP.POP.TOTL,184982,184982
Bahrain,BHR,SP.POP.TOTL,224809,224809
Bangladesh,BGD,SP.POP.TOTL,69058894,69058894
Barbados,BRB,SP.POP.TOTL,249387,249387
Belarus,BLR,SP.POP.TOTL,9040000,9040000
Belgium,BEL,SP.POP.TOTL,9655549,9655549
Belize,BLZ,SP.POP.TOTL,120736,120736
Benin,BEN,SP.POP.TOTL,3065057,3065057
Bermuda,BMU,SP.POP.TOTL,52124,52124
Bhutan,BTN,SP.POP.TOTL,308528,308528
Bolivia,BOL,SP.POP.TOTL,4590010,4590010
Bosnia and Herzegovina,BIH,SP.POP.TOTL,3773247,3773247
Botswana,BWA,SP.POP.TOTL,590334,590334
Brazil,BRA,SP.POP.TOTL,95375651,95375651
British Virgin Islands,VGB,SP.POP.TOTL,9933,9933
Brunei Darussalam,BRN,SP.POP.TOTL,135138,135138
Bulgaria,BGR,SP.POP.TOTL,8489574,8489574
Burkina Faso,BFA,SP.POP.TOTL,5610304,5610304
Burundi,BDI,SP.POP.TOTL,3530432,3530432
Cabo Verde,CPV,SP.POP.TOTL,287885,287885
Cambodia,KHM,SP.POP.TOTL,6639182,6639182
Cameroon,CMR,SP.POP.TOTL,6449793,6449793
Canada,CAN,SP.POP.TOTL,21324000,21324000
Caribbean small states,CSS,SP.POP.TOTL,2112837,2112837
Cayman Islands,CYM,SP.POP.TOTL,10517,10517
Central African Republic,CAF,SP.POP.TOTL,2097505,2097505
Central Europe and the Baltics,CEB,SP.POP.TOTL,99134548,99134548
Chad,TCD,SP.POP.TOTL,3727828,3727828
Channel Islands,CHI,SP.POP.TOTL,123288,123288
Chile,CHL,SP.POP.TOTL,9845344,9845344
China,CHN,SP.POP.TOTL,818315000,818315000
Colombia,COL,SP.POP.TOTL,20811782,20811782
Comoros,COM,SP.POP.TOTL,244185,244185
"Congo, Dem. Rep.",COD,SP.POP.TOTL,20137436,20137436
"Congo, Rep.",COG,SP.POP.TOTL,1397638,1397638
Costa Rica,CRI,SP.POP.TOTL,1838949,1838949
Cote d'Ivoire,CIV,SP.POP.TOTL,5411567,5411567
Croatia,HRV,SP.POP.TOTL,4412252,4412252
Cuba,CUB,SP.POP.TOTL,8824382,8824382
Curacao,CUW,SP.POP.TOTL,144739,144739
Cyprus,CYP,SP.POP.TOTL,647446,647446
Czechia,CZE,SP.POP.TOTL,9858071,9858071
Denmark,DNK,SP.POP.TOTL,4928757,4928757
Djibouti,DJI,SP.POP.TOTL,145175,145175
Dominica,DMA,SP.POP.TOTL,68908,68908
Dominican Republic,DOM,SP.POP.TOTL,4399290,4399290
Early-demographic dividend,EAR,SP.POP.TOTL,1245960808,1245960808
East Asia & Pacific,EAS,SP.POP.TOTL,1288720409,1288720409
East Asia & Pacific (excluding high income),EAP,SP.POP.TOTL,1116395242,1116395242
East Asia & Pacific (IDA & IBRD countries),TEA,SP.POP.TOTL,1101240545,1101240545
Ecuador,ECU,SP.POP.TOTL,6155387,6155387
"Egypt, Arab Rep.",EGY,SP.POP.TOTL,34623990,34623990
El Salvador,SLV,SP.POP.TOTL,3668796,3668796
Equatorial Guinea,GNQ,SP.POP.TOTL,320803,320803
Eritrea,ERI,SP.POP.TOTL,1243453,1243453
Estonia,EST,SP.POP.TOTL,1360076,1360076
Eswatini,SWZ,SP.POP.TOTL,441216,441216
Ethiopia,ETH,SP.POP.TOTL,27829128,27829128
Euro area,EMU,SP.POP.TOTL,291834356,291834356
Europe & Central Asia,ECS,SP.POP.TOTL,738724073,738724073
Europe & Central Asia (excluding high income),ECA,SP.POP.TOTL,155918823,155918823
Europe & Central Asia (IDA & IBRD countries),TEC,SP.POP.TOTL,352139347,352139347
European Union,EUU,SP.POP.TOTL,386406167,386406167
Faroe Islands,FRO,SP.POP.TOTL,38269,38269
Fiji,FJI,SP.POP.TOTL,531188,531188
Finland,FIN,SP.POP.TOTL,4606307,4606307
Fragile and conflict affected situations,FCS,SP.POP.TOTL,306107595,306107595
France,FRA,SP.POP.TOTL,52007169,52007169
French Polynesia,PYF,SP.POP.TOTL,114010,114010
Gabon,GAB,SP.POP.TOTL,595846,595846
"Gambia, The",GMB,SP.POP.TOTL,524105,524105
Georgia,GEO,SP.POP.TOTL,4119900,4119900
Germany,DEU,SP.POP.TOTL,78169289,78169289
Ghana,GHA,SP.POP.TOTL,8925813,8925813
Gibraltar,GIB,SP.POP.TOTL,26634,26634
Greece,GRC,SP.POP.TOTL,8792806,8792806
Greenland,GRL,SP.POP.TOTL,46400,46400
Grenada,GRD,SP.POP.TOTL,98414,98414
Guam,GUM,SP.POP.TOTL,88365,88365
Guatemala,GTM,SP.POP.TOTL,5396966,5396966
Guinea,GIN,SP.POP.TOTL,4277535,4277535
Guinea-Bissau,GNB,SP.POP.TOTL,584403,584403
Guyana,GUY,SP.POP.TOTL,702705,702705
Haiti,HTI,SP.POP.TOTL,4635124,4635124
Heavily indebted poor countries (HIPC),HPC,SP.POP.TOTL,211549510,211549510
High income,HIC,SP.POP.TOTL,1009961393,1009961393
Honduras,HND,SP.POP.TOTL,2750715,2750715
"Hong Kong SAR, China",HKG,SP.POP.TOTL,3959000,3959000
Hungary,HUN,SP.POP.TOTL,10337910,10337910
IBRD only,IBD,SP.POP.TOTL,2346056161,2346056161
Iceland,ISL,SP.POP.TOTL,204438,204438
IDA & IBRD total,IBT,SP.POP.TOTL,2859123476,2859123476
IDA blend,IDB,SP.POP.TOTL,157440950,157440950
IDA only,IDX,SP.POP.TOTL,355626365,355626365
IDA total,IDA,SP.POP.TOTL,513067315,513067315
India,IND,SP.POP.TOTL,545864268,545864268
Indonesia,IDN,SP.POP.TOTL,115657495,115657495
"Iran, Islamic Rep.",IRN,SP.POP.TOTL,29145100,29145100
Iraq,IRQ,SP.POP.TOTL,9735611,9735611
Ireland,IRL,SP.POP.TOTL,2957250,2957250
Isle of Man,IMN,SP.POP.TOTL,55300,55300
Israel,ISR,SP.POP.TOTL,2974000,2974000
Italy,ITA,SP.POP.TOTL,53821850,53821850
Jamaica,JAM,SP.POP.TOTL,1878196,1878196
Japan,JPN,SP.POP.TOTL,103403000,103403000
Jordan,JOR,SP.POP.TOTL,1565163,1565163
Kazakhstan,KAZ,SP.POP.TOTL,12419057,12419057
Kenya,KEN,SP.POP.TOTL,11368791,11368791
Kiribati,KIR,SP.POP.TOTL,57510,57510
"Korea, Dem. People's Rep.",PRK,SP.POP.TOTL,15172775,15172775
"Korea, Rep.",KOR,SP.POP.TOTL,32240827,32240827
Kosovo,XKX,SP.POP.TOTL,1249555,1249555
Kuwait,KWT,SP.POP.TOTL,809114,809114
Kyrgyz Republic,KGZ,SP.POP.TOTL,2959900,2959900
Lao PDR,LAO,SP.POP.TOTL,2669702,2669702
Late-demographic dividend,LTE,SP.POP.TOTL,1334963829,1334963829
Latin America & Caribbean,LCN,SP.POP.TOTL,284995920,284995920
Latin America & Caribbean (excluding high income),LAC,SP.POP.TOTL,254197487,254197487
Latin America & the Caribbean (IDA & IBRD countries),TLA,SP.POP.TOTL,272962813,272962813
Latvia,LVA,SP.POP.TOTL,2359164,2359164
Least developed countries: UN classification,LDC,SP.POP.TOTL,315102512,315102512
Lebanon,LBN,SP.POP.TOTL,2386114,2386114
Lesotho,LSO,SP.POP.TOTL,1019273,1019273
Liberia,LBR,SP.POP.TOTL,1466676,1466676
Libya,LBY,SP.POP.TOTL,2082589,2082589
Liechtenstein,LIE,SP.POP.TOTL,21140,21140
Lithuania,LTU,SP.POP.TOTL,3139689,3139689
Low & middle income,LMY,SP.POP.TOTL,2659238723,2659238723
Low income,LIC,SP.POP.TOTL,175246425,175246425
Lower middle income,LMC,SP.POP.TOTL,1043648387,1043648387
Luxembourg,LUX,SP.POP.TOTL,339171,339171
"Macao SAR, China",MAC,SP.POP.TOTL,257396,257396
Madagascar,MDG,SP.POP.TOTL,6672003,6672003
Malawi,MWI,SP.POP.TOTL,4633944,4633944
Malaysia,MYS,SP.POP.TOTL,10178802,10178802
Maldives,MDV,SP.POP.TOTL,123219,123219
Mali,MLI,SP.POP.TOTL,6276472,6276472
Malta,MLT,SP.POP.TOTL,302650,302650
Marshall Islands,MHL,SP.POP.TOTL,22530,22530
Mauritania,MRT,SP.POP.TOTL,1099806,1099806
Mauritius,MUS,SP.POP.TOTL,826000,826000
Mexico,MEX,SP.POP.TOTL,50814953,50814953
"Micronesia, Fed. Sts.",FSM,SP.POP.TOTL,58922,58922
Middle East & North Africa,MEA,SP.POP.TOTL,136112803,136112803
Middle East & North Africa (excluding high income),MNA,SP.POP.TOTL,127174194,127174194
Middle East & North Africa (IDA & IBRD countries),TMN,SP.POP.TOTL,127174194,127174194
Middle income,MIC,SP.POP.TOTL,2483992298,2483992298
Moldova,MDA,SP.POP.TOTL,2437590,2437590
Monaco,MCO,SP.POP.TOTL,24229,24229
Mongolia,MNG,SP.POP.TOTL,1295272,1295272
Montenegro,MNE,SP.POP.TOTL,512407,512407
Morocco,MAR,SP.POP.TOTL,15129449,15129449
Mozambique,MOZ,SP.POP.TOTL,8250506,8250506
Myanmar,MMR,SP.POP.TOTL,27193016,27193016
Namibia,NAM,SP.POP.TOTL,757868,757868
Nauru,NRU,SP.POP.TOTL,6710,6710
Nepal,NPL,SP.POP.TOTL,12436190,12436190
Netherlands,NLD,SP.POP.TOTL,13038526,13038526
New Caledonia,NCL,SP.POP.TOTL,109338,109338
New Zealand,NZL,SP.POP.TOTL,2810700,2810700
Nicaragua,NIC,SP.POP.TOTL,2423065,2423065
Niger,NER,SP.POP.TOTL,4650275,4650275
Nigeria,NGA,SP.POP.TOTL,55893838,55893838
North America,NAC,SP.POP.TOTL,226428124,226428124
North Macedonia,MKD,SP.POP.TOTL,1664208,1664208
Northern Mariana Islands,MNP,SP.POP.TOTL,10170,10170
Norway,NOR,SP.POP.TOTL,3875763,3875763
OECD members,OED,SP.POP.TOTL,918489195,918489195
Oman,OMN,SP.POP.TOTL,662680,662680
Other small states,OSS,SP.POP.TOTL,6465635,6465635
Pacific island small states,PSS,SP.POP.TOTL,1181537,1181537
Pakistan,PAK,SP.POP.TOTL,60166719,60166719
Palau,PLW,SP.POP.TOTL,11368,11368
Panama,PAN,SP.POP.TOTL,1513070,1513070
Papua New Guinea,PNG,SP.POP.TOTL,2505628,2505628
Paraguay,PRY,SP.POP.TOTL,2388028,2388028
Peru,PER,SP.POP.TOTL,13501237,13501237
Philippines,PHL,SP.POP.TOTL,37622204,37622204
Poland,POL,SP.POP.TOTL,32664300,32664300
Portugal,PRT,SP.POP.TOTL,8680431,8680431
Post-demographic dividend,PST,SP.POP.TOTL,840190480,840190480
Pre-demographic dividend,PRE,SP.POP.TOTL,242769169,242769169
Puerto Rico,PRI,SP.POP.TOTL,2718000,2718000
Qatar,QAT,SP.POP.TOTL,116350,116350
Romania,ROU,SP.POP.TOTL,20250398,20250398
Russian Federation,RUS,SP.POP.TOTL,130404000,130404000
Rwanda,RWA,SP.POP.TOTL,3980669,3980669
Samoa,WSM,SP.POP.TOTL,140400,140400
San Marino,SMR,SP.POP.TOTL,18168,18168
Sao Tome and Principe,STP,SP.POP.TOTL,77626,77626
Saudi Arabia,SAU,SP.POP.TOTL,3562470,3562470
Senegal,SEN,SP.POP.TOTL,4466328,4466328
Serbia,SRB,SP.POP.TOTL,7164993,7164993
Seychelles,SYC,SP.POP.TOTL,53600,53600
Sierra Leone,SLE,SP.POP.TOTL,2712286,2712286
Singapore,SGP,SP.POP.TOTL,2074507,2074507
Sint Maarten (Dutch part),SXM,SP.POP.TOTL,6414,6414
Slovak Republic,SVK,SP.POP.TOTL,4538223,4538223
Slovenia,SVN,SP.POP.TOTL,1724891,1724891
Small states,SST,SP.POP.TOTL,9760009,9760009
Solomon Islands,SLB,SP.POP.TOTL,176579,176579
Somalia,SOM,SP.POP.TOTL,3738448,3738448
South Africa,ZAF,SP.POP.TOTL,22279984,22279984
South Asia,SAS,SP.POP.TOTL,711535056,711535056
South Asia (IDA & IBRD),TSA,SP.POP.TOTL,711535056,711535056
South Sudan,SSD,SP.POP.TOTL,3409614,3409614
Spain,ESP,SP.POP.TOTL,33814531,33814531
Sri Lanka,LKA,SP.POP.TOTL,12287110,12287110
St. Kitts and Nevis,KNA,SP.POP.TOTL,44606,44606
St. Lucia,LCA,SP.POP.TOTL,103165,103165
St. Martin (French part),MAF,SP.POP.TOTL,6047,6047
St. Vincent and the Grenadines,VCT,SP.POP.TOTL,95964,95964
Sub-Saharan Africa,SSF,SP.POP.TOTL,294071521,294071521
Sub-Saharan Africa (excluding high income),SSA,SP.POP.TOTL,294017921,294017921
Sub-Saharan Africa (IDA & IBRD countries),TSS,SP.POP.TOTL,294071521,294071521
Sudan,SDN,SP.POP.TOTL,11695771,11695771
Suriname,SUR,SP.POP.TOTL,379442,379442
Sweden,SWE,SP.POP.TOTL,8042801,8042801
Switzerland,CHE,SP.POP.TOTL,6180877,6180877
Syrian Arab Republic,SYR,SP.POP.TOTL,6380609,6380609
Tajikistan,TJK,SP.POP.TOTL,2936779,2936779
Tanzania,TZA,SP.POP.TOTL,13492677,13492677
Thailand,THA,SP.POP.TOTL,35954408,35954408
Timor-Leste,TLS,SP.POP.TOTL,553069,553069
Togo,TGO,SP.POP.TOTL,2244773,2244773
Tonga,TON,SP.POP.TOTL,84401,84401
Trinidad and Tobago,TTO,SP.POP.TOTL,991471,991471
Tunisia,TUN,SP.POP.TOTL,5131396,5131396
Turkiye,TUR,SP.POP.TOTL,36638465,36638465
Turkmenistan,TKM,SP.POP.TOTL,2195616,2195616
Turks and Caicos Islands,TCA,SP.POP.TOTL,5667,5667
Tuvalu,TUV,SP.POP.TOTL,5663,5663
Uganda,UGA,SP.POP.TOTL,10321603,10321603
Ukraine,UKR,SP.POP.TOTL,47261306,47261306
United Arab Emirates,ARE,SP.POP.TOTL,286536,286536
United Kingdom,GBR,SP.POP.TOTL,55663250,55663250
United States,USA,SP.POP.TOTL,205052000,205052000
Upper middle income,UMC,SP.POP.TOTL,1440343911,1440343911
Uruguay,URY,SP.POP.TOTL,2790807,2790807
Uzbekistan,UZB,SP.POP.TOTL,11762638,11762638
Vanuatu,VUT,SP.POP.TOTL,86266,86266
"Venezuela, RB",VEN,SP.POP.TOTL,11387790,11387790
Viet Nam,VNM,SP.POP.TOTL,41475230,41475230
Virgin Islands (U.S.),VIR,SP.POP.TOTL,63476,63476
World,WLD,SP.POP.TOTL,3680587906,3680587906
"Yemen, Rep.",YEM,SP.POP.TOTL,7065279,7065279
Zambia,ZMB,SP.POP.TOTL,4321718,4321718
Zimbabwe,ZWE,SP.POP.TOTL,5215918,5215918
Grand Total,,,37504334624,37504334624
