"```csv"
"city_ID","cityName","country_ID","total_Sales","number_of_Purchases","unnamed_5","unnamed_6","unnamed_7"
"City-1","london","Country-1","33.2","2","","",""
"City-2","MANCHESTER","Country-1","38.6","2","","",""
"City-3","New York City","Country-2","54.4","2","","",""
"City-4","LA","Country-2","4.5","0","","",""
"City-5","Chicago, Illinois","Country-2","7.4","1","","",""
"City-6","Mumbai","Country-3","34.5","2","Don�t load this sheet","",""
"City-7","Delhi","Country-3","","0","","",""
"City-8","Rio","Country-4","14.0","1","","",""
"City-9","Cape Town","Country-6","16.2","1","","",""
"City-10","BeiJing","Country-5","35.6","2","","",""
"```"
