"```csv"
"DataYear","Year_1985","MissingColumn","Indicator","TotalPopulationData","Aggregated_Total"
"","","","",""
"SummaryOfPopulation","","","IndicatorType",""
"RegionName","RegionCode","IndicatorCode","Population Grand Total","Grand_Total"
"Product-AProduct-fProduct-gProduct-hProduct-aProduct-nProduct-iProduct-sProduct-tProduct-aProduct-n","AFG","SP.POP.TOTL","11426852","11426852"
"Product-AFProduct-rProduct-iProduct-cProduct-a EProduct-aProduct-sProduct-tProduct-eProduct-rProduct-n aProduct-nProduct-d SProduct-oProduct-uProduct-tProduct-hProduct-eProduct-rProduct-n","AFE","SP.POP.TOTL","269450407","269450407"
"Product-AFProduct-rProduct-iProduct-cProduct-a WProduct-eProduct-sProduct-tProduct-eProduct-rProduct-n aProduct-nProduct-d CProduct-eProduct-nProduct-tProduct-rProduct-aProduct-l","AFW","SP.POP.TOTL","182811038","182811038"
"Product-AlProduct-bProduct-aProduct-nProduct-iProduct-a","ALB","SP.POP.TOTL","2964762","2964762"
"Product-AlProduct-gProduct-eProduct-rProduct-iProduct-a","DZA","SP.POP.TOTL","22008544","22008544"
"Product-APProduct-mProduct-eProduct-rProduct-iProduct-cProduct-aProduct-n SPProduct-aProduct-mProduct-oProduct-a","ASM","SP.POP.TOTL","39103","39103"
"Product-AnProduct-dProduct-oProduct-rProduct-rProduct-a","AND","SP.POP.TOTL","43825","43825"
"Product-AnProduct-gProduct-oProduct-lProduct-a","AGO","SP.POP.TOTL","9779120","9779120"
"Product-AnProduct-tProduct-iProduct-gProduct-uProduct-a aProduct-nProduct-d BProduct-aProduct-rProduct-bProduct-uProduct-dProduct-a","ATG","SP.POP.TOTL","64591","64591"
"Product-ArProduct-aProduct-b WProduct-oProduct-rProduct-lProduct-d","ARB","SP.POP.TOTL","192563243","192563243"
"Product-ArProduct-gProduct-eProduct-nProduct-tProduct-iProduct-nProduct-a","ARG","SP.POP.TOTL","30336441","30336441"
"Product-ArProduct-mProduct-eProduct-nProduct-iProduct-a","ARM","SP.POP.TOTL","3260432","3260432"
"Product-ArProduct-uProduct-bProduct-a","ABW","SP.POP.TOTL","61728","61728"
"Product-AuProduct-sProduct-tProduct-rProduct-aProduct-lProduct-iProduct-a","AUS","SP.POP.TOTL","15788312","15788312"
"Product-AuProduct-sProduct-tProduct-rProduct-iProduct-a","AUT","SP.POP.TOTL","7564985","7564985"
"Product-AzProduct-eProduct-rProduct-bProduct-aProduct-iProduct-jProduct-aProduct-n","AZE","SP.POP.TOTL","6670150","6670150"
"Product-BProduct-aProduct-hProduct-aProduct-mProduct-aProduct-s, TProduct-hProduct-e","BHS","SP.POP.TOTL","253154","253154"
"Product-BaProduct-hProduct-rProduct-aProduct-iProduct-n","BHR","SP.POP.TOTL","430358","430358"
"Product-BaProduct-nProduct-gProduct-lProduct-aProduct-dProduct-eProduct-sProduct-h","BGD","SP.POP.TOTL","100253825","100253825"
"Product-BaProduct-rProduct-bProduct-aProduct-dProduct-oProduct-s","BRB","SP.POP.TOTL","255820","255820"
"Product-BeProduct-lProduct-aProduct-rProduct-uProduct-s","BLR","SP.POP.TOTL","9975000","9975000"
"Product-BeProduct-lProduct-gProduct-iProduct-uProduct-m","BEL","SP.POP.TOTL","9858308","9858308"
"Product-BeProduct-lProduct-iProduct-zProduct-e","BLZ","SP.POP.TOTL","163796","163796"
"Product-BeProduct-nProduct-iProduct-n","BEN","SP.POP.TOTL","4538012","4538012"
"Product-BeProduct-rProduct-mProduct-uProduct-dProduct-a","BMU","SP.POP.TOTL","55547","55547"
"Product-BhProduct-uProduct-tProduct-aProduct-n","BTN","SP.POP.TOTL","508392","508392"
"Product-BoProduct-lProduct-iProduct-vProduct-iProduct-a","BOL","SP.POP.TOTL","6416185","6416185"
"Product-BoProduct-sProduct-nProduct-iProduct-a aProduct-nProduct-d HProduct-eProduct-rProduct-zProduct-eProduct-gProduct-oProduct-vProduct-iProduct-nProduct-a","BIH","SP.POP.TOTL","4330364","4330364"
"Product-BoProduct-tProduct-sProduct-wProduct-aProduct-nProduct-a","BWA","SP.POP.TOTL","1121945","1121945"
"Product-BrProduct-aProduct-zProduct-iProduct-l","BRA","SP.POP.TOTL","135515595","135515595"
"Product-BrProduct-iProduct-tProduct-iProduct-sProduct-h VProduct-iProduct-rProduct-gProduct-iProduct-n IProduct-sProduct-lProduct-aProduct-nProduct-dProduct-s","VGB","SP.POP.TOTL","13269","13269"
"Product-BrProduct-uProduct-nProduct-eProduct-i DProduct-aProduct-rProduct-uProduct-sProduct-sProduct-aProduct-lProduct-aProduct-m","BRN","SP.POP.TOTL","218919","218919"
"Product-BuProduct-lProduct-gProduct-aProduct-rProduct-iProduct-a","BGR","SP.POP.TOTL","8960547","8960547"
"Product-BuProduct-rProduct-kProduct-iProduct-nProduct-a FPProduct-aProduct-sProduct-o","BFA","SP.POP.TOTL","7999935","7999935"
"Product-BuProduct-rProduct-uProduct-nProduct-dProduct-i","BDI","SP.POP.TOTL","5034042","5034042"
"Product-CaProduct-bProduct-o VProduct-eProduct-rProduct-dProduct-e","CPV","SP.POP.TOTL","347365","347365"
"Product-CaProduct-mProduct-bProduct-oProduct-dProduct-iProduct-a","KHM","SP.POP.TOTL","6043783","6043783"
"Product-CaProduct-mProduct-eProduct-rProduct-oProduct-oProduct-n","CMR","SP.POP.TOTL","9761730","9761730"
"Product-CaProduct-nProduct-aProduct-dProduct-a","CAN","SP.POP.TOTL","25842116","25842116"
"Product-CaProduct-rProduct-iProduct-bProduct-bProduct-eProduct-aProduct-n sProduct-mProduct-aProduct-lProduct-l SPProduct-tProduct-aProduct-tProduct-eProduct-s","CSS","SP.POP.TOTL","2343204","2343204"
"Product-CaProduct-yProduct-mProduct-aProduct-n IProduct-sProduct-lProduct-aProduct-nProduct-dProduct-s","CYM","SP.POP.TOTL","21324","21324"
"Product-CeProduct-nProduct-tProduct-rProduct-aProduct-l AfProduct-rProduct-iProduct-cProduct-aProduct-n RProduct-eProduct-pProduct-uProduct-bProduct-lProduct-iProduct-c","CAF","SP.POP.TOTL","2600932","2600932"
"Product-CeProduct-nProduct-tProduct-rProduct-aProduct-l EProduct-uProduct-rProduct-oProduct-pProduct-e aProduct-nProduct-d tProduct-hProduct-e BProduct-aProduct-lProduct-tProduct-iProduct-cProduct-s","CEB","SP.POP.TOTL","109338285","109338285"
"Product-ChProduct-aProduct-d","TCD","SP.POP.TOTL","5096269","5096269"
"Product-ChProduct-aProduct-nProduct-nProduct-eProduct-l IProduct-sProduct-lProduct-aProduct-nProduct-dProduct-s","CHI","SP.POP.TOTL","136075","136075"
"Product-ChProduct-iProduct-lProduct-e","CHL","SP.POP.TOTL","12395274","12395274"
"Product-ChProduct-iProduct-nProduct-a","CHN","SP.POP.TOTL","1051040000","1051040000"
"Product-CoProduct-lProduct-oProduct-mProduct-bProduct-iProduct-a","COL","SP.POP.TOTL","29268470","29268470"
"Product-CoProduct-mProduct-oProduct-rProduct-oProduct-s","COM","SP.POP.TOTL","388352","388352"
"Product-CoProduct-nProduct-gProduct-o, DProduct-eProduct-m. RProduct-eProduct-p.","COD","SP.POP.TOTL","31264816","31264816"
"Product-CoProduct-nProduct-gProduct-o, RProduct-eProduct-p.","COG","SP.POP.TOTL","2059311","2059311"
"Product-CoProduct-sProduct-tProduct-a RProduct-iProduct-cProduct-a","CRI","SP.POP.TOTL","2741894","2741894"
"Product-CoProduct-tProduct-e d'Product-IVProduct-oProduct-iProduct-rProduct-e","CIV","SP.POP.TOTL","10040483","10040483"
"Product-CrProduct-oProduct-aProduct-tProduct-iProduct-a","HRV","SP.POP.TOTL","4701417","4701417"
"Product-CuProduct-bProduct-a","CUB","SP.POP.TOTL","10157228","10157228"
"Product-CuProduct-rProduct-aProduct-cProduct-aProduct-o","CUW","SP.POP.TOTL","152711","152711"
"Product-CyProduct-pProduct-rProduct-uProduct-s","CYP","SP.POP.TOTL","731277","731277"
"Product-CzProduct-eProduct-cProduct-hProduct-iProduct-a","CZE","SP.POP.TOTL","10337118","10337118"
"Product-DeProduct-nProduct-mProduct-aProduct-rProduct-k","DNK","SP.POP.TOTL","5113691","5113691"
"Product-DjProduct-iProduct-bProduct-oProduct-uProduct-tProduct-i","DJI","SP.POP.TOTL","402687","402687"
"Product-DoProduct-mProduct-iProduct-nProduct-iProduct-cProduct-a","DMA","SP.POP.TOTL","71744","71744"
"Product-DoProduct-mProduct-iProduct-nProduct-iProduct-cProduct-aProduct-n RProduct-eProduct-pProduct-uProduct-bProduct-lProduct-iProduct-c","DOM","SP.POP.TOTL","6430404","6430404"
"Product-EProduct-aProduct-rProduct-lProduct-y-dProduct-eProduct-mProduct-oProduct-gProduct-rProduct-aProduct-pProduct-hProduct-iProduct-c dProduct-iProduct-vProduct-iProduct-dProduct-eProduct-nProduct-d","EAR","SP.POP.TOTL","1810019176","1810019176"
"Product-EProduct-aProduct-sProduct-t APProduct-sProduct-iProduct-a PPProduct-aProduct-cProduct-iProduct-fProduct-iProduct-c","EAS","SP.POP.TOTL","1680467328","1680467328"
"Product-EProduct-aProduct-sProduct-t APProduct-sProduct-iProduct-a PPProduct-aProduct-cProduct-iProduct-fProduct-iProduct-c (Product-eProduct-xProduct-cProduct-lProduct-uProduct-dProduct-iProduct-nProduct-g hProduct-iProduct-gProduct-h iProduct-nProduct-cProduct-oProduct-mProduct-e)","EAP","SP.POP.TOTL","1471340337","1471340337"
"Product-EProduct-aProduct-sProduct-t APProduct-sProduct-iProduct-a PPProduct-aProduct-cProduct-iProduct-fProduct-iProduct-c (Product-IPProduct-DProduct-A aProduct-nProduct-d IProduct-BProduct-RProduct-D cProduct-oProduct-uProduct-nProduct-tProduct-rProduct-iProduct-eProduct-s)","TEA","SP.POP.TOTL","1451742188","1451742188"
"Product-EqProduct-uProduct-aProduct-dProduct-oProduct-r","ECU","SP.POP.TOTL","9311154","9311154"
"Product-EgProduct-yProduct-pProduct-t, ArProduct-aProduct-b RProduct-eProduct-p.","EGY","SP.POP.TOTL","50734968","50734968"
"Product-El SProduct-aProduct-lProduct-vProduct-aProduct-dProduct-oProduct-r","SLV","SP.POP.TOTL","4894706","4894706"
"Product-EqProduct-uProduct-aProduct-tProduct-oProduct-rProduct-iProduct-aProduct-l GuProduct-iProduct-nProduct-eProduct-a","GNQ","SP.POP.TOTL","385547","385547"
"Product-ErProduct-iProduct-tProduct-rProduct-eProduct-a","ERI","SP.POP.TOTL","1807816","1807816"
"Product-EsProduct-tProduct-oProduct-nProduct-iProduct-a","EST","SP.POP.TOTL","1528781","1528781"
"Product-EsProduct-wProduct-aProduct-tProduct-iProduct-nProduct-i","SWZ","SP.POP.TOTL","706196","706196"
"Product-EtProduct-hProduct-iProduct-oProduct-pProduct-iProduct-a","ETH","SP.POP.TOTL","39842136","39842136"
"Product-EuProduct-rProduct-o aProduct-rProduct-eProduct-a","EMU","SP.POP.TOTL","310617659","310617659"
"Product-EuProduct-rProduct-oProduct-pProduct-e & CProduct-eProduct-nProduct-tProduct-rProduct-aProduct-l APProduct-sProduct-iProduct-a","ECS","SP.POP.TOTL","819874109","819874109"
"Product-EuProduct-rProduct-oProduct-pProduct-e & CProduct-eProduct-nProduct-tProduct-rProduct-aProduct-l APProduct-sProduct-iProduct-a (Product-eProduct-xProduct-cProduct-lProduct-uProduct-dProduct-iProduct-nProduct-g hProduct-iProduct-gProduct-h iProduct-nProduct-cProduct-oProduct-mProduct-e)","ECA","SP.POP.TOTL","194525195","194525195"
"Product-EuProduct-rProduct-oProduct-pProduct-e & CProduct-eProduct-nProduct-tProduct-rProduct-aProduct-l APProduct-sProduct-iProduct-a (Product-IPProduct-DProduct-A aProduct-nProduct-d IProduct-BProduct-RProduct-D cProduct-oProduct-uProduct-nProduct-tProduct-rProduct-iProduct-eProduct-s)","TEC","SP.POP.TOTL","411980043","411980043"
"Product-EuProduct-rProduct-oProduct-pProduct-eProduct-aProduct-n UProduct-nProduct-iProduct-oProduct-n","EUU","SP.POP.TOTL","413962998","413962998"
"Product-FaProduct-rProduct-oProduct-e IProduct-sProduct-lProduct-aProduct-nProduct-dProduct-s","FRO","SP.POP.TOTL","45707","45707"
"Product-FiProduct-jProduct-i","FJI","SP.POP.TOTL","723761","723761"
"Product-FiProduct-nProduct-lProduct-aProduct-nProduct-d","FIN","SP.POP.TOTL","4902206","4902206"
"Product-FrProduct-aProduct-gProduct-iProduct-lProduct-e aProduct-nProduct-d cProduct-oProduct-nProduct-fProduct-lProduct-iProduct-cProduct-t aProduct-fProduct-fProduct-eProduct-cProduct-tProduct-eProduct-d sProduct-iProduct-tProduct-uProduct-aProduct-tProduct-iProduct-oProduct-nProduct-s","FCS","SP.POP.TOTL","434067883","434067883"
"Product-FrProduct-aProduct-nProduct-cProduct-e","FRA","SP.POP.TOTL","56665619","56665619"
"Product-FrProduct-eProduct-nProduct-cProduct-h PProduct-oProduct-lProduct-yProduct-nProduct-eProduct-sProduct-iProduct-a","PYF","SP.POP.TOTL","180988","180988"
"Product-GaProduct-bProduct-oProduct-n","GAB","SP.POP.TOTL","856726","856726"
"Product-GaProduct-mProduct-bProduct-iProduct-a, TProduct-hProduct-e","GMB","SP.POP.TOTL","858874","858874"
"Product-GeProduct-oProduct-rProduct-gProduct-iProduct-a","GEO","SP.POP.TOTL","4662900","4662900"
"Product-GeProduct-rProduct-mProduct-aProduct-nProduct-y","DEU","SP.POP.TOTL","77684873","77684873"
"Product-GhProduct-aProduct-nProduct-a","GHA","SP.POP.TOTL","13661229","13661229"
"Product-GiProduct-bProduct-rProduct-aProduct-lProduct-tProduct-aProduct-r","GIB","SP.POP.TOTL","28512","28512"
"Product-GrProduct-eProduct-eProduct-cProduct-e","GRC","SP.POP.TOTL","9934300","9934300"
"Product-GrProduct-eProduct-eProduct-nProduct-lProduct-aProduct-nProduct-d","GRL","SP.POP.TOTL","53200","53200"
"Product-GrProduct-eProduct-nProduct-aProduct-dProduct-a","GRD","SP.POP.TOTL","96111","96111"
"Product-GuProduct-aProduct-m","GUM","SP.POP.TOTL","124117","124117"
"Product-GuProduct-aProduct-tProduct-eProduct-mProduct-aProduct-lProduct-a","GTM","SP.POP.TOTL","7849693","7849693"
"Product-GuProduct-iProduct-nProduct-eProduct-a","GIN","SP.POP.TOTL","5610373","5610373"
"Product-GuProduct-iProduct-nProduct-eProduct-a-BProduct-iProduct-sProduct-sProduct-aProduct-u","GNB","SP.POP.TOTL","897697","897697"
"Product-GuProduct-yProduct-aProduct-nProduct-a","GUY","SP.POP.TOTL","771477","771477"
"Product-HaProduct-iProduct-tProduct-i","HTI","SP.POP.TOTL","6190862","6190862"
"Product-HeProduct-aProduct-vProduct-iProduct-lProduct-y iProduct-nProduct-dProduct-eProduct-bProduct-tProduct-eProduct-d pProduct-oProduct-oProduct-r cProduct-oProduct-uProduct-nProduct-tProduct-rProduct-iProduct-eProduct-s (Product-HIPProduct-C)","HPC","SP.POP.TOTL","315429759","315429759"
"Product-HiProduct-gProduct-h iProduct-nProduct-cProduct-oProduct-mProduct-e","HIC","SP.POP.TOTL","1140437181","1140437181"
"Product-HoProduct-nProduct-dProduct-uProduct-rProduct-aProduct-s","HND","SP.POP.TOTL","4323342","4323342"
"Product-HoProduct-nProduct-g KOProduct-nProduct-g SAR, CProduct-hProduct-iProduct-nProduct-a","HKG","SP.POP.TOTL","5456200","5456200"
"Product-HuProduct-nProduct-gProduct-aProduct-rProduct-y","HUN","SP.POP.TOTL","10648713","10648713"
"Product-IBRProduct-D oProduct-nProduct-lProduct-y","IBD","SP.POP.TOTL","3152581662","3152581662"
"Product-IcProduct-eProduct-lProduct-aProduct-nProduct-d","ISL","SP.POP.TOTL","241405","241405"
"Product-IPProduct-DProduct-A & IProduct-BProduct-RProduct-D tProduct-oProduct-tProduct-aProduct-l","IBT","SP.POP.TOTL","3918002286","3918002286"
"Product-IPProduct-DProduct-A bProduct-lProduct-eProduct-nProduct-d","IDB","SP.POP.TOTL","247621430","247621430"
"Product-IPProduct-DProduct-A oProduct-nProduct-lProduct-y","IDX","SP.POP.TOTL","517799194","517799194"
"Product-IPProduct-DProduct-A tProduct-oProduct-tProduct-aProduct-l","IDA","SP.POP.TOTL","765420624","765420624"
"Product-InProduct-dProduct-iProduct-a","IND","SP.POP.TOTL","772647793","772647793"
"Product-InProduct-dProduct-oProduct-nProduct-eProduct-sProduct-iProduct-a","IDN","SP.POP.TOTL","166776185","166776185"
"Product-IrProduct-aProduct-n, IProduct-sProduct-lProduct-aProduct-mProduct-iProduct-c RProduct-eProduct-p.","IRN","SP.POP.TOTL","49582289","49582289"
"Product-IrProduct-aProduct-q","IRQ","SP.POP.TOTL","15683430","15683430"
"Product-IrProduct-eProduct-lProduct-aProduct-nProduct-d","IRL","SP.POP.TOTL","3538082","3538082"
"Product-IsProduct-lProduct-e oProduct-f MProduct-aProduct-n","IMN","SP.POP.TOTL","64401","64401"
"Product-IsProduct-rProduct-aProduct-eProduct-l","ISR","SP.POP.TOTL","4233000","4233000"
"Product-ItProduct-aProduct-lProduct-y","ITA","SP.POP.TOTL","56593071","56593071"
"Product-JaProduct-mProduct-aProduct-iProduct-cProduct-a","JAM","SP.POP.TOTL","2290656","2290656"
"Product-JaProduct-pProduct-aProduct-n","JPN","SP.POP.TOTL","120837000","120837000"
"Product-JoProduct-rProduct-dProduct-aProduct-n","JOR","SP.POP.TOTL","2778810","2778810"
"Product-KaProduct-zProduct-aProduct-kProduct-hProduct-sProduct-tProduct-aProduct-n","KAZ","SP.POP.TOTL","16031090","16031090"
"Product-KeProduct-nProduct-yProduct-a","KEN","SP.POP.TOTL","19201768","19201768"
"Product-KiProduct-rProduct-iProduct-bProduct-aProduct-tProduct-i","KIR","SP.POP.TOTL","66496","66496"
"Product-KoProduct-rProduct-eProduct-a, DProduct-eProduct-m. PProduct-eProduct-oProduct-pProduct-lProduct-e's RProduct-eProduct-p.","PRK","SP.POP.TOTL","19620388","19620388"
"Product-KoProduct-rProduct-eProduct-a, RProduct-eProduct-p.","KOR","SP.POP.TOTL","40805744","40805744"
"Product-KoProduct-sProduct-oProduct-vProduct-o","XKX","SP.POP.TOTL","1796018","1796018"
"Product-KuProduct-wProduct-aProduct-iProduct-t","KWT","SP.POP.TOTL","1894242","1894242"
"Product-KyProduct-rProduct-gProduct-yProduct-z RProduct-eProduct-pProduct-uProduct-bProduct-lProduct-iProduct-c","KGZ","SP.POP.TOTL","3990300","3990300"
"Product-LaProduct-o PProduct-DProduct-R","LAO","SP.POP.TOTL","3739985","3739985"
"Product-LaProduct-tProduct-e-dProduct-eProduct-mProduct-oProduct-gProduct-rProduct-aProduct-pProduct-hProduct-iProduct-c dProduct-iProduct-vProduct-iProduct-dProduct-eProduct-nProduct-d","LTE","SP.POP.TOTL","1712585483","1712585483"
"Product-LaProduct-tProduct-iProduct-n APProduct-mProduct-eProduct-rProduct-iProduct-cProduct-a & CProduct-aProduct-rProduct-iProduct-bProduct-bProduct-eProduct-aProduct-n","LCN","SP.POP.TOTL","400012327","400012327"
"Product-LaProduct-tProduct-iProduct-n APProduct-mProduct-eProduct-rProduct-iProduct-cProduct-a & CProduct-aProduct-rProduct-iProduct-bProduct-bProduct-eProduct-aProduct-n (Product-eProduct-xProduct-cProduct-lProduct-uProduct-dProduct-iProduct-nProduct-g hProduct-iProduct-gProduct-h iProduct-nProduct-cProduct-oProduct-mProduct-e)","LAC","SP.POP.TOTL","358591686","358591686"
"Product-LaProduct-tProduct-iProduct-n APProduct-mProduct-eProduct-rProduct-iProduct-cProduct-a & tProduct-hProduct-e CProduct-aProduct-rProduct-iProduct-bProduct-bProduct-eProduct-aProduct-n (Product-IPProduct-DProduct-A aProduct-nProduct-d IProduct-BProduct-RProduct-D cProduct-oProduct-uProduct-nProduct-tProduct-rProduct-iProduct-eProduct-s)","TLA","SP.POP.TOTL","385830246","385830246"
"Product-LaProduct-tProduct-vProduct-iProduct-a","LVA","SP.POP.TOTL","2578873","2578873"
"Product-LeProduct-aProduct-sProduct-t dProduct-eProduct-vProduct-eProduct-lProduct-oProduct-pProduct-eProduct-d cProduct-oProduct-uProduct-nProduct-tProduct-rProduct-iProduct-eProduct-s: UN cProduct-lProduct-aProduct-sProduct-sProduct-iProduct-fProduct-iProduct-cProduct-aProduct-tProduct-iProduct-oProduct-n","LDC","SP.POP.TOTL","457866946","457866946"
"Product-LeProduct-bProduct-aProduct-nProduct-oProduct-n","LBN","SP.POP.TOTL","3217376","3217376"
"Product-LeProduct-sProduct-oProduct-tProduct-hProduct-o","LSO","SP.POP.TOTL","1624379","1624379"
"Product-LiProduct-bProduct-eProduct-rProduct-iProduct-a","LBR","SP.POP.TOTL","2240539","2240539"
"Product-LiProduct-bProduct-yProduct-a","LBY","SP.POP.TOTL","3898745","3898745"
"Product-LiProduct-eProduct-cProduct-hProduct-tProduct-eProduct-nProduct-sProduct-tProduct-eProduct-iProduct-n","LIE","SP.POP.TOTL","26878","26878"
"Product"
