OE-417 Electric Emergency and Disturbance Report - Calendar Year 2020,Unnamed: 1,Unnamed: 2,Unnamed: 3,Unnamed: 4,Unnamed: 5,Unnamed: 6,Unnamed: 7,Unnamed: 8,Unnamed: 9,Unnamed: 10
Month,Date Event Began,Time Event Began,Date of Restoration,Time of Restoration,Area Affected,NERC Region,Alert Criteria,Event Type,Demand Loss (MW),Number of Customers Affected
January,01/09/2020,23:07:00,01/09/2020,23:19:00,Arkansas: Yell County;,SPP RE,"Unexpected Transmission loss within its area, contrary to design, of three or more Bulk Electric System Facilities caused by a common disturbance (excluding successful automatic reclosing).",Severe Weather/Transmission Interruption,0,0
January,01/09/2020,20:45:00,01/10/2020,21:23:00,Washington: King County;,WECC,Cyber event that could potentially impact electric power system adequacy or reliability.,Suspicious Activity,0,0
January,01/09/2020,07:40:00,01/09/2020,08:48:00,Minnesota: North Dakota: Wisconsin:,MRO,Complete loss of monitoring or control capability at its staffed Bulk Electric System control center for 30 continuous minutes or more.,System Operations,0,0
January,01/09/2020,23:07:00,01/09/2020,23:18:00,Arkansas:,SPP RE,Electrical System Separation (Islanding) where part or parts of power grid remain(s) operational in an otherwise blacked out area or within the partial failure of an integrated electrical system.,System Operations,Unknown,Unknown
January,01/10/2020,14:53:00,Unknown,Unknown,Tennessee: Hamilton County;,SERC,"Physical threat to its Facility excluding weather or natural disaster related threats, which has the potential to degrade the normal operation of the Facility. Or suspicious device or activity at its Facility.",Suspicious Activity,Unknown,Unknown
January,01/11/2020,02:25:00,01/11/2020,07:56:00,Arkansas: Cross County;,SPP RE,"Unexpected Transmission loss within its area, contrary to design, of three or more Bulk Electric System Facilities caused by a common disturbance (excluding successful automatic reclosing).",Severe Weather/Transmission Interruption,22,7541
January,01/11/2020,23:02:00,01/12/2020,02:01:00,North Carolina: South Carolina:,SERC,"Loss of electric service to more than 50,000 customers for 1 hour or more.",Severe Weather,Unknown,66475
January,01/11/2020,03:30:00,01/11/2020,17:30:00,Arkansas: Texas:,SPP RE,"Loss of electric service to more than 50,000 customers for 1 hour or more.",Severe Weather,Unknown,68138
January,01/11/2020,13:20:00,Unknown,Unknown,Tennessee:,SERC,Electrical System Separation (Islanding) where part or parts of power grid remain(s) operational in an otherwise blacked out area or within the partial failure of an integrated electrical system.,Severe Weather,4,Unknown
January,01/11/2020,12:50:00,01/12/2020,13:33:00,Alabama: Georgia: Mississippi:,SERC,"Loss of electric service to more than 50,000 customers for 1 hour or more.",Severe Weather,219,30715
January,01/12/2020,11:15:00,01/12/2020,11:18:00,Texas: Brazos County;,TRE,"Physical threat to its Facility excluding weather or natural disaster related threats, which has the potential to degrade the normal operation of the Facility. Or suspicious device or activity at its Facility.",Suspicious Activity,0,0
January,01/14/2020,00:00:00,01/14/2020,01:00:00,Florida: Alachua County;,FRCC,"Physical threat to its Facility excluding weather or natural disaster related threats, which has the potential to degrade the normal operation of the Facility. Or suspicious device or activity at its Facility.",Suspicious Activity,0,0
January,01/16/2020,11:06:00,01/16/2020,11:36:00,Texas: Harris County;,TRE,Unplanned evacuation from its Bulk Electric System control center facility for 30 continuous minutes or more.,System Operations,0,0
January,01/17/2020,05:28:00,01/17/2020,10:13:00,California: Humboldt County;,WECC,Electrical System Separation (Islanding) where part or parts of power grid remain(s) operational in an otherwise blacked out area or within the partial failure of an integrated electrical system.,Severe Weather/Transmission Interruption,87,67864
January,01/20/2020,06:30:00,01/20/2020,06:31:00,California: Los Angeles County;,WECC,Physical attack that could potentially impact electric power system adequacy or reliability; or vandalism which targets components of any security systems.,Vandalism,0,0
January,01/22/2020,02:57:00,01/22/2020,03:17:00,Nevada: Humboldt County;,WECC,Damage or destruction of its Facility that results from actual or suspected intentional human action.,Actual Physical Attack,7,3120
January,01/23/2020,23:30:00,01/24/2020,00:39:00,Florida: Manatee County;,FRCC,"Physical threat to its Facility excluding weather or natural disaster related threats, which has the potential to degrade the normal operation of the Facility. Or suspicious device or activity at its Facility.",Vandalism,0,0
January,01/24/2020,04:34:00,Unknown,Unknown,California:,WECC,Fuel supply emergencies that could impact electric power system adequacy or reliability.,Fuel Supply Deficiency,0,0
January,01/27/2020,14:10:00,01/27/2020,18:58:00,North Dakota: South Dakota: Montana:,MRO,Complete loss of monitoring or control capability at its staffed Bulk Electric System control center for 30 continuous minutes or more.,System Operations,540,130000
January,01/30/2020,03:01:00,01/30/2020,04:36:00,North Dakota: Burleigh County;,MRO,"Unexpected Transmission loss within its area, contrary to design, of three or more Bulk Electric System Facilities caused by a common disturbance (excluding successful automatic reclosing).",Transmission Interruption,75,0
January,01/31/2020,09:50:00,02/03/2020,10:00:00,California:,WECC,Cyber event that could potentially impact electric power system adequacy or reliability.,Suspicious Activity,0,0
February,02/06/2020,14:29:00,02/07/2020,12:44:00,North Carolina:,SERC,"Loss of electric service to more than 50,000 customers for 1 hour or more.",Severe Weather/Distribution Interruption,Unknown,284256
February,02/06/2020,13:30:00,02/07/2020,20:08:00,North Carolina: South Carolina:,SERC,"Loss of electric service to more than 50,000 customers for 1 hour or more.",Severe Weather/Transmission Interruption,Unknown,89500
February,02/07/2020,16:25:00,02/08/2020,12:00:00,Connecticut: Maine: Massachusetts: New Hampshire: Rhode Island: Vermont:,NPCC,"Loss of electric service to more than 50,000 customers for 1 hour or more.",Severe Weather,Unknown,123359
February,02/07/2020,14:42:00,02/10/2020,09:25:00,New York:,NPCC,"Loss of electric service to more than 50,000 customers for 1 hour or more.",Severe Weather,Unknown,7500
February,02/07/2020,11:00:00,Unknown,Unknown,Pennsylvania:,RF,"Loss of electric service to more than 50,000 customers for 1 hour or more.",Severe Weather/Distribution Interruption,Unknown,52000
February,02/07/2020,08:48:00,Unknown,Unknown,Virginia: North Carolina:,SERC,"Loss of electric service to more than 50,000 customers for 1 hour or more.",Severe Weather,Unknown,87000
February,02/08/2020,13:56:00,02/08/2020,15:04:00,California:,WECC,Damage or destruction of its Facility that results from actual or suspected intentional human action.,Vandalism,0,0
February,02/09/2020,09:30:00,02/09/2020,21:40:00,"California: Alameda County, Contra Costa County, El Dorado County, Nevada County, Placer County, Sierra County, Santa Clara County, Napa County, Marin County, Santa Cruz County;",WECC,"Loss of electric service to more than 50,000 customers for 1 hour or more.",Severe Weather,500,145000
February,02/11/2020,02:53:00,02/11/2020,13:30:00,Texas: Sterling County;,TRE,Cyber event that could potentially impact electric power system adequacy or reliability.,System Operations,0,0
February,02/11/2020,07:13:00,02/11/2020,16:00:00,Oregon: Clackamas County;,WECC,"Unexpected Transmission loss within its area, contrary to design, of three or more Bulk Electric System Facilities caused by a common disturbance (excluding successful automatic reclosing).",Transmission Interruption,Unknown,0
February,02/12/2020,07:36:00,02/12/2020,08:53:00,Maine:,NPCC,Complete loss of monitoring or control capability at its staffed Bulk Electric System control center for 30 continuous minutes or more.,System Operations,0,0
February,02/13/2020,08:01:00,02/13/2020,14:38:00,Oregon:,WECC,Damage or destruction of its Facility that results from actual or suspected intentional human action.,Vandalism,0,0
February,02/17/2020,09:47:00,02/17/2020,15:31:00,Alabama: Chambers County;,SERC,Damage or destruction of its Facility that results from actual or suspected intentional human action.,Vandalism,97,Unknown
February,02/17/2020,13:18:00,02/20/2020,09:51:00,Michigan: Eaton County;,RF,Physical attack that could potentially impact electric power system adequacy or reliability; or vandalism which targets components of any security systems.,Vandalism,0,0
February,02/17/2020,04:00:00,Unknown,Unknown,Northern and Central California;,WECC,"Loss of electric service to more than 50,000 customers for 1 hour or more.",Severe Weather,91,70000
February,02/18/2020,13:00:00,02/18/2020,14:00:00,California: Kern County;,WECC,Physical attack that could potentially impact electric power system adequacy or reliability; or vandalism which targets components of any security systems.,Vandalism,0,0
February,02/25/2020,11:45:00,02/25/2020,13:00:00,California: Los Angeles County;,WECC,Damage or destruction of its Facility that results from actual or suspected intentional human action.,Vandalism,0,0
February,02/26/2020,16:30:00,02/26/2020,17:02:00,Oklahoma:,SPP RE,Complete loss of monitoring or control capability at its staffed Bulk Electric System control center for 30 continuous minutes or more.,System Operations,0,0
February,02/26/2020,17:00:00,02/26/2020,18:05:00,Maine:,NPCC,Complete loss of monitoring or control capability at its staffed Bulk Electric System control center for 30 continuous minutes or more.,System Operations,0,0
February,02/26/2020,11:29:00,02/26/2020,12:14:00,South Dakota: Wyoming: Colorado:,MRO,Complete loss of monitoring or control capability at its staffed Bulk Electric System control center for 30 continuous minutes or more.,System Operations,0,0
February,02/29/2020,01:45:00,02/29/2020,02:30:00,"Nevada: Clark County, Washoe County;",WECC,Complete loss of monitoring or control capability at its staffed Bulk Electric System control center for 30 continuous minutes or more.,System Operations,0,0
March,03/01/2020,11:27:00,03/01/2020,21:47:00,Mississippi: Rankin County;,SERC,"Unexpected Transmission loss within its area, contrary to design, of three or more Bulk Electric System Facilities caused by a common disturbance (excluding successful automatic reclosing).",Transmission Interruption,19,3136
March,03/01/2020,22:15:00,Unknown,Unknown,New York:,NPCC,Damage or destruction of its Facility that results from actual or suspected intentional human action.,Vandalism,0,0
March,03/01/2020,08:00:00,Unknown,Unknown,Western NY,NPCC,Fuel supply emergencies that could impact electric power system adequacy or reliability.,Fuel Supply Deficiency,675,Unknown
March,03/02/2020,01:43:00,03/02/2020,02:43:00,"Nevada: Clark County, Washoe County;",WECC,Complete loss of monitoring or control capability at its staffed Bulk Electric System control center for 30 continuous minutes or more.,System Operations,0,0
March,03/03/2020,14:30:00,03/03/2020,14:31:00,Alabama:,SERC,Damage or destruction of its Facility that results from actual or suspected intentional human action.,Vandalism,0,0
March,03/08/2020,22:10:00,03/09/2020,01:02:00,Texas: Llano County;,TRE,"Physical threat to its Facility excluding weather or natural disaster related threats, which has the potential to degrade the normal operation of the Facility. Or suspicious device or activity at its Facility.",Suspicious Activity,0,0
March,03/12/2020,01:03:00,03/12/2020,03:00:00,Pennsylvania:,RF,"Unexpected Transmission loss within its area, contrary to design, of three or more Bulk Electric System Facilities caused by a common disturbance (excluding successful automatic reclosing).",Transmission Interruption,40,15864
March,03/16/2020,12:01:00,03/16/2020,13:10:00,California:,WECC,"Loss of electric service to more than 50,000 customers for 1 hour or more.",Severe Weather,165,110800
March,03/16/2020,08:00:00,03/16/2020,08:01:00,California: Los Angeles County;,WECC,Physical attack that could potentially impact electric power system adequacy or reliability; or vandalism which targets components of any security systems.,Vandalism,0,0
March,03/16/2020,08:00:00,03/16/2020,08:01:00,California: Los Angeles County;,WECC,Physical attack that could potentially impact electric power system adequacy or reliability; or vandalism which targets components of any security systems.,Vandalism,0,0
March,03/17/2020,10:30:00,03/17/2020,11:41:00,Michigan: Washtenaw County;,RF,Complete loss of monitoring or control capability at its staffed Bulk Electric System control center for 30 continuous minutes or more.,System Operations,6062,0
March,03/18/2020,07:09:00,Unknown,Unknown,Utah:,WECC,"Loss of electric service to more than 50,000 customers for 1 hour or more.",Natural Disaster,237,73000
March,03/19/2020,17:05:00,03/19/2020,17:43:00,Minnesota: St. Louis County;,MRO,Complete loss of monitoring or control capability at its staffed Bulk Electric System control center for 30 continuous minutes or more.,System Operations,0,0
March,03/20/2020,22:20:00,03/20/2020,23:30:00,Connecticut: Massachusetts: Rhode Island: Maine: New Hampshire: Vermont:,NPCC,Complete loss of monitoring or control capability at its staffed Bulk Electric System control center for 30 continuous minutes or more.,System Operations,0,0
March,03/20/2020,23:38:00,03/20/2020,23:59:00,Maine:,NPCC,Complete loss of monitoring or control capability at its staffed Bulk Electric System control center for 30 continuous minutes or more.,System Operations,0,0
March,03/20/2020,23:45:00,03/21/2020,00:30:00,Connecticut: Massachusetts:,NPCC,Unplanned evacuation from its Bulk Electric System control center facility for 30 continuous minutes or more.,System Operations,0,0
March,03/23/2020,00:15:00,03/25/2020,17:11:00,Wisconsin: Columbia County;,MRO,Damage or destruction of its Facility that results from actual or suspected intentional human action.,Vandalism,0,0
March,03/23/2020,14:15:00,03/23/2020,16:37:00,Virginia:,SERC,Physical attack that could potentially impact electric power system adequacy or reliability; or vandalism which targets components of any security systems.,Sabotage,Unknown,1018
March,03/24/2020,12:45:00,03/24/2020,14:00:00,California: Nevada County;,WECC,"Physical threat to its Facility excluding weather or natural disaster related threats, which has the potential to degrade the normal operation of the Facility. Or suspicious device or activity at its Facility.",Suspicious Activity,0,0
March,03/24/2020,02:55:00,03/24/2020,06:50:00,Connecticut: Massachusetts: Maine: New Hampshire: Rhode Island: Vermont:,NPCC,"Loss of electric service to more than 50,000 customers for 1 hour or more.",Severe Weather,Unknown,51026
March,03/25/2020,10:31:00,Unknown,Unknown,Nevada: Clark County;,WECC,Damage or destruction of its Facility that results from actual or suspected intentional human action.,Vandalism,0,0
March,03/26/2020,21:29:00,03/26/2020,21:47:00,Ohio:,RF,"Unexpected Transmission loss within its area, contrary to design, of three or more Bulk Electric System Facilities caused by a common disturbance (excluding successful automatic reclosing).",Transmission Interruption,19,11964
March,03/27/2020,13:06:00,03/27/2020,13:58:00,"Delaware: Kent County, New Castle County, Sussex County; Maryland: Cecil County, Harford County, Talbot County, Kent County, Queen Anne&#39;s County, Dorchester County, Wicomico County, Worcester County, Somerset County;",RF,Complete loss of monitoring or control capability at its staffed Bulk Electric System control center for 30 continuous minutes or more.,System Operations,0,0
March,03/27/2020,13:06:00,03/27/2020,13:58:00,"New Jersey: Atlantic County, Cape May County, Cumberland County, Gloucester County, Salem County;",RF,Complete loss of monitoring or control capability at its staffed Bulk Electric System control center for 30 continuous minutes or more.,System Operations,0,0
March,03/29/2020,20:27:00,03/29/2020,23:04:00,Mississippi: Panola County;,SERC,"Unexpected Transmission loss within its area, contrary to design, of three or more Bulk Electric System Facilities caused by a common disturbance (excluding successful automatic reclosing).",Transmission Interruption,4,1558
March,03/31/2020,11:45:00,03/31/2020,20:00:00,Alabama: Georgia:,SERC,"Loss of electric service to more than 50,000 customers for 1 hour or more.",Severe Weather,412,57744
April,04/01/2020,21:43:00,04/01/2020,22:18:00,Illinois: Williamson County;,SERC,Complete loss of monitoring or control capability at its staffed Bulk Electric System control center for 30 continuous minutes or more.,System Operations,0,0
April,04/02/2020,18:41:00,04/02/2020,19:23:00,Texas: Travis County;,TRE,Complete loss of monitoring or control capability at its staffed Bulk Electric System control center for 30 continuous minutes or more.,System Operations,0,0
April,04/02/2020,13:37:00,04/02/2020,14:43:00,Nebraska: York County;,MRO,"Unexpected Transmission loss within its area, contrary to design, of three or more Bulk Electric System Facilities caused by a common disturbance (excluding successful automatic reclosing).",Transmission Interruption,5,Unknown
April,04/02/2020,20:45:00,Unknown,Unknown,Washington: Wallula,WECC,Physical attack that could potentially impact electric power system adequacy or reliability; or vandalism which targets components of any security systems.,Vandalism,Unknown,Unknown
April,04/03/2020,09:13:00,Unknown,Unknown,Nevada: Clark County;,WECC,Damage or destruction of its Facility that results from actual or suspected intentional human action.,Vandalism,0,0
April,04/05/2020,02:30:00,04/05/2020,03:01:00,Texas: Cameron County;,TRE,"Physical threat to its Facility excluding weather or natural disaster related threats, which has the potential to degrade the normal operation of the Facility. Or suspicious device or activity at its Facility.",Suspicious Activity,0,0
April,04/05/2020,15:46:00,04/05/2020,17:35:00,California: Stanislaus County;,WECC,Electrical System Separation (Islanding) where part or parts of power grid remain(s) operational in an otherwise blacked out area or within the partial failure of an integrated electrical system.,Severe Weather,7,6814
April,04/07/2020,23:39:00,04/07/2020,23:46:00,Washington:,WECC,"Unexpected Transmission loss within its area, contrary to design, of three or more Bulk Electric System Facilities caused by a common disturbance (excluding successful automatic reclosing).",Transmission Interruption,0,0
April,04/08/2020,21:57:00,04/09/2020,08:59:00,Ohio: Kentucky:,RF,"Loss of electric service to more than 50,000 customers for 1 hour or more.",Severe Weather,Unknown,78314
April,04/08/2020,22:03:00,04/09/2020,07:36:00,Indiana:,RF,"Loss of electric service to more than 50,000 customers for 1 hour or more.",Severe Weather,Unknown,93000
April,04/08/2020,01:21:00,04/08/2020,03:56:00,Ohio:,WECC,"Loss of electric service to more than 50,000 customers for 1 hour or more.",Severe Weather,Unknown,82509
April,04/09/2020,19:25:00,04/10/2020,03:30:00,Texas: Harris County;,TRE,"Loss of electric service to more than 50,000 customers for 1 hour or more.",Severe Weather,Unknown,95000
April,04/09/2020,19:40:00,04/11/2020,22:00:00,Maine:,NPCC,"Loss of electric service to more than 50,000 customers for 1 hour or more.",Severe Weather,Unknown,340000
April,04/09/2020,07:34:00,04/09/2020,17:40:00,Wisconsin: Dane County;,RF,Unplanned evacuation from its Bulk Electric System control center facility for 30 continuous minutes or more.,System Operations,0,0
April,04/10/2020,10:00:00,04/10/2020,16:19:00,Maine:,NPCC,Complete loss of monitoring or control capability at its staffed Bulk Electric System control center for 30 continuous minutes or more.,System Operations,0,0
April,04/10/2020,16:00:00,Unknown,Unknown,Nevada: White Pine County;,WECC,Damage or destruction of its Facility that results from actual or suspected intentional human action.,Vandalism,0,0
April,04/11/2020,11:24:00,04/11/2020,11:42:00,Wyoming:,WECC,"Unexpected Transmission loss within its area, contrary to design, of three or more Bulk Electric System Facilities caused by a common disturbance (excluding successful automatic reclosing).",Transmission Interruption,0,0
April,04/11/2020,17:40:00,04/11/2020,17:51:00,Utah: Salt Lake City,WECC,Physical attack that could potentially impact electric power system adequacy or reliability; or vandalism which targets components of any security systems.,Suspicious Activity,Unknown,Unknown
April,04/12/2020,20:45:00,Unknown,Unknown,Arkansas:,SPP RE,"Loss of electric service to more than 50,000 customers for 1 hour or more.",Severe Weather,Unknown,95318
April,04/12/2020,13:00:00,04/12/2020,19:27:00,"Louisiana: Acadia Parish, Iberville Parish, Jefferson Davis Parish, Concordia Parish, Winn Parish, Catahoula Parish, Terrebonne Parish, St. Mary Parish;",SERC,Complete loss of monitoring or control capability at its staffed Bulk Electric System control center for 30 continuous minutes or more.,Severe Weather,122,37991
April,04/12/2020,20:30:00,04/14/2020,09:00:00,Arkansas:,SPP RE,"Loss of electric service to more than 50,000 customers for 1 hour or more.",Severe Weather,Unknown,51000
April,04/12/2020,21:28:00,04/15/2020,12:00:00,Virginia: West Virginia:,RF,"Loss of electric service to more than 50,000 customers for 1 hour or more.",Severe Weather,Unknown,104000
April,04/12/2020,17:00:00,04/14/2020,01:25:00,Mississippi: Alabama: Georgia:,SERC,"Loss of electric service to more than 50,000 customers for 1 hour or more.",Severe Weather,448,62828
April,04/12/2020,18:13:00,04/13/2020,15:23:00,Texas:,TRE,"Loss of electric service to more than 50,000 customers for 1 hour or more.",Severe Weather,Unknown,63289
April,04/13/2020,03:30:00,04/14/2020,18:18:00,North Carolina: South Carolina:,SERC,"Loss of electric service to more than 50,000 customers for 1 hour or more.",Severe Weather,Unknown,216400
April,04/13/2020,00:45:00,04/13/2020,03:00:00,Tennessee: Hamilton County;,SERC,"Loss of electric service to more than 50,000 customers for 1 hour or more.",Severe Weather,Unknown,120000
April,04/13/2020,08:08:00,Unknown,Unknown,South Carolina:,SERC,"Loss of electric service to more than 50,000 customers for 1 hour or more.",Severe Weather,Unknown,72233
April,04/13/2020,10:25:00,04/13/2020,18:55:00,North Carolina:,SERC,"Loss of electric service to more than 50,000 customers for 1 hour or more.",Severe Weather,Unknown,95000
April,04/13/2020,13:05:00,04/14/2020,16:00:00,Connecticut: Maine: Massachusetts: New Hampshire: Rhode Island: Vermont:,NPCC,"Loss of electric service to more than 50,000 customers for 1 hour or more.",Severe Weather,Unknown,68476
April,04/13/2020,07:31:00,04/13/2020,14:00:00,North Carolina: South Carolina:,SERC,"Loss of electric service to more than 50,000 customers for 1 hour or more.",Severe Weather,Unknown,Unknown
April,04/16/2020,11:30:00,04/16/2020,15:45:00,Georgia:,SERC,Damage or destruction of its Facility that results from actual or suspected intentional human action.,Vandalism,0,0
April,04/18/2020,19:38:00,Unknown,Unknown,Nevada: Washoe County;,WECC,Damage or destruction of its Facility that results from actual or suspected intentional human action.,Vandalism,0,0
April,04/19/2020,01:14:00,04/20/2020,11:42:00,North Dakota: Burleigh County;,MRO,"Physical threat to its Facility excluding weather or natural disaster related threats, which has the potential to degrade the normal operation of the Facility. Or suspicious device or activity at its Facility.",Suspicious Activity,0,0
April,04/20/2020,12:42:00,04/20/2020,13:27:00,South Dakota: Deuel County;,MRO,Damage or destruction of its Facility that results from actual or suspected intentional human action.,Vandalism,0,0
April,04/20/2020,00:59:00,04/20/2020,08:40:00,Alabama: Mississippi: Georgia: Florida:,SERC,"Loss of electric service to more than 50,000 customers for 1 hour or more.",Severe Weather,552,77341
April,04/23/2020,04:30:00,04/23/2020,07:00:00,Mississippi: Arkansas: Louisiana:,SERC,"Loss of electric service to more than 50,000 customers for 1 hour or more.",Severe Weather,Unknown,55184
April,04/23/2020,08:00:00,04/23/2020,23:40:00,Alabama: Georgia: Mississippi: Florida:,SERC,"Loss of electric service to more than 50,000 customers for 1 hour or more.",Severe Weather,375,52163
April,04/24/2020,22:00:00,Unknown,Unknown,Nevada: White Pine County;,WECC,Damage or destruction of its Facility that results from actual or suspected intentional human action.,Vandalism,0,0
April,04/24/2020,21:00:00,04/24/2020,21:33:00,"California: Placer County, Nevada County;",WECC,Electrical System Separation (Islanding) where part or parts of power grid remain(s) operational in an otherwise blacked out area or within the partial failure of an integrated electrical system.,System Operations,5,945
April,04/25/2020,21:25:00,04/25/2020,21:56:00,Oregon: Multnomah County;,WECC,Damage or destruction of its Facility that results from actual or suspected intentional human action.,Vandalism,0,0
April,04/26/2020,01:38:00,Unknown,Unknown,Florida:,FRCC,"Loss of electric service to more than 50,000 customers for 1 hour or more.",Severe Weather,Unknown,49999
April,04/28/2020,20:01:00,04/28/2020,23:21:00,Texas: Jefferson County;,TRE,"Unexpected Transmission loss within its area, contrary to design, of three or more Bulk Electric System Facilities caused by a common disturbance (excluding successful automatic reclosing).",Transmission Interruption,14,1
April,04/29/2020,06:00:00,04/29/2020,12:31:00,Louisiana:,SERC,"Loss of electric service to more than 50,000 customers for 1 hour or more.",Severe Weather,Unknown,77933
April,04/29/2020,05:55:00,04/29/2020,19:00:00,Texas: Harris County;,TRE,"Loss of electric service to more than 50,000 customers for 1 hour or more.",Severe Weather,Unknown,146660
April,04/30/2020,15:00:00,Unknown,Unknown,"Pennsylvania: Bucks County, Chester County, Delaware County, Montgomery County, Philadelphia County, York County;",RF,"Loss of electric service to more than 50,000 customers for 1 hour or more.",Severe Weather,Unknown,78007
May,05/04/2020,11:59:00,05/07/2020,20:00:00,Tennessee: Davidson County;,SERC,"Loss of electric service to more than 50,000 customers for 1 hour or more.",Severe Weather,500,130000
May,05/08/2020,13:45:00,05/08/2020,13:46:00,Nevada: Nye County;,WECC,Damage or destruction of its Facility that results from actual or suspected intentional human action.,Vandalism,0,0
May,05/13/2020,23:16:00,05/14/2020,13:52:00,Indiana: Hendricks County;,RF,Unplanned evacuation from its Bulk Electric System control center facility for 30 continuous minutes or more.,System Operations,0,0
May,05/13/2020,05:12:00,05/13/2020,14:07:00,Washington:,WECC,"Unexpected Transmission loss within its area, contrary to design, of three or more Bulk Electric System Facilities caused by a common disturbance (excluding successful automatic reclosing).",Transmission Interruption,0,0
May,05/14/2020,11:23:00,05/14/2020,11:25:00,Oregon: Jackson County;,WECC,Physical attack that could potentially impact electric power system adequacy or reliability; or vandalism which targets components of any security systems.,Vandalism,0,0
May,05/15/2020,17:55:00,05/17/2020,18:00:00,New York: Saratoga County;,NPCC,"Loss of electric service to more than 50,000 customers for 1 hour or more.",Severe Weather,Unknown,52
May,05/16/2020,00:00:00,05/16/2020,00:30:00,Texas: Cameron County;,TRE,"Physical threat to its Facility excluding weather or natural disaster related threats, which has the potential to degrade the normal operation of the Facility. Or suspicious device or activity at its Facility.",Suspicious Activity,0,0
May,05/18/2020,23:51:00,05/19/2020,04:37:00,South Carolina:,SERC,Complete loss of monitoring or control capability at its staffed Bulk Electric System control center for 30 continuous minutes or more.,System Operations,0,0
May,05/18/2020,09:27:00,05/18/2020,10:15:00,Oregon: Clackamas County;,WECC,Unplanned evacuation from its Bulk Electric System control center facility for 30 continuous minutes or more.,System Operations,0,0
May,05/19/2020,20:04:00,05/19/2020,22:00:00,Alabama: Jefferson County;,SERC,Damage or destruction of its Facility that results from actual or suspected intentional human action.,Vandalism,8,6000
May,05/19/2020,08:17:00,05/19/2020,08:18:00,Idaho: Bonneville County;,WECC,Damage or destruction of its Facility that results from actual or suspected intentional human action.,Vandalism,0,0
May,05/19/2020,13:45:00,05/19/2020,13:46:00,Arkansas:,SPP RE,"Physical threat to its Facility excluding weather or natural disaster related threats, which has the potential to degrade the normal operation of the Facility. Or suspicious device or activity at its Facility.",Suspicious Activity,0,0
May,05/20/2020,11:41:00,Unknown,Unknown,Nevada: Clark County;,WECC,Damage or destruction of its Facility that results from actual or suspected intentional human action.,Vandalism,0,0
May,05/22/2020,16:35:00,05/23/2020,15:29:00,North Carolina: South Carolina:,SERC,"Loss of electric service to more than 50,000 customers for 1 hour or more.",Severe Weather,Unknown,108190
May,05/24/2020,16:45:00,Unknown,Unknown,Central Oklahoma,SPP RE,"Loss of electric service to more than 50,000 customers for 1 hour or more.",Severe Weather,Unknown,54000
May,05/25/2020,10:58:00,05/25/2020,13:00:00,Texas: Kerr County;,TRE,"Unexpected Transmission loss within its area, contrary to design, of three or more Bulk Electric System Facilities caused by a common disturbance (excluding successful automatic reclosing).",Transmission Interruption,8,3745
May,05/27/2020,17:15:00,05/29/2020,06:30:00,Texas: Harris County;,TRE,"Loss of electric service to more than 50,000 customers for 1 hour or more.",Severe Weather,Unknown,382000
May,05/27/2020,17:20:00,Unknown,Unknown,Texas:,TRE,"Loss of electric service to more than 50,000 customers for 1 hour or more.",Severe Weather,Unknown,273269
May,05/29/2020,17:01:00,05/29/2020,18:57:00,Pennsylvania: Warren County;,RF,"Unexpected Transmission loss within its area, contrary to design, of three or more Bulk Electric System Facilities caused by a common disturbance (excluding successful automatic reclosing).",Transmission Interruption,0,0
May,05/29/2020,17:30:00,05/31/2020,18:00:00,Minnesota: Hennepin County;,MRO,"Physical threat to its Bulk Electric System control center, excluding weather or natural disaster related threats, which has the potential to degrade the normal operation of the control center. Or suspicious device or activity at its Bulk Electric System control center.",System Operations,0,0
May,05/29/2020,21:37:00,05/30/2020,04:29:00,Ohio: Franklin County;,RF,Damage or destruction of its Facility that results from actual or suspected intentional human action.,Vandalism,0,0
May,05/30/2020,22:20:00,05/30/2020,23:00:00,Texas: Bexar County;,TRE,Unplanned evacuation from its Bulk Electric System control center facility for 30 continuous minutes or more.,System Operations,0,0
May,05/31/2020,21:30:00,06/01/2020,01:00:00,Alabama: Jefferson County;,SERC,Damage or destruction of its Facility that results from actual or suspected intentional human action.,Vandalism,0,0
May,05/31/2020,00:15:00,Unknown,Unknown,Pennsylvania:,RF,"Physical threat to its Bulk Electric System control center, excluding weather or natural disaster related threats, which has the potential to degrade the normal operation of the control center. Or suspicious device or activity at its Bulk Electric System control center.",Vandalism,0,0
June,06/02/2020,14:36:00,06/02/2020,14:37:00,"Idaho: Blaine County, Jerome County, Minidoka County, Power County;",WECC,Damage or destruction of its Facility that results from actual or suspected intentional human action.,Vandalism,Unknown,0
June,06/03/2020,13:00:00,06/06/2020,16:30:00,New Jersey:,RF,"Loss of electric service to more than 50,000 customers for 1 hour or more.",Severe Weather,80,87000
June,06/03/2020,12:30:00,06/03/2020,18:00:00,"Pennsylvania: Bucks County, Chester County, Delaware County, Montgomery County, Philadelphia County, York County;",RF,"Loss of electric service to more than 50,000 customers for 1 hour or more.",Severe Weather,Unknown,708000
June,06/03/2020,16:57:00,06/03/2020,17:29:00,North Dakota: Minnesota:,MRO,Complete loss of monitoring or control capability at its staffed Bulk Electric System control center for 30 continuous minutes or more.,System Operations,0,0
June,06/03/2020,13:36:00,06/03/2020,16:30:00,New Jersey:,RF,"Loss of electric service to more than 50,000 customers for 1 hour or more.",Severe Weather,Unknown,78079
June,06/09/2020,11:21:00,06/09/2020,12:01:00,Washington:,WECC,"Unexpected Transmission loss within its area, contrary to design, of three or more Bulk Electric System Facilities caused by a common disturbance (excluding successful automatic reclosing).",Transmission Interruption,0,0
June,06/10/2020,19:30:00,Unknown,Unknown,"Michigan: Oakland County, Macomb County, Wayne County, Sanilac County, Tuscola County, Huron County, Lapeer County, Livingston County, Monroe County;",RF,"Loss of electric service to more than 50,000 customers for 1 hour or more.",Severe Weather,Unknown,237000
June,06/10/2020,12:22:00,06/10/2020,17:00:00,"Michigan: Gratiot County, Lake County, Missaukee County, Benzie County, Leelanau County, Manistee County, Wexford County, Montcalm County, Kent County, Ottawa County, Van Buren County, St. Joseph County, Arenac County, Saginaw County, Calhoun County, Branch County;",RF,"Loss of electric service to more than 50,000 customers for 1 hour or more.",Severe Weather,Unknown,270000
June,06/10/2020,17:24:00,06/11/2020,18:00:00,Ohio: Indiana: Kentucky: West Virginia:,RF,"Loss of electric service to more than 50,000 customers for 1 hour or more.",Severe Weather,Unknown,85822
June,06/12/2020,08:21:00,06/12/2020,08:22:00,Michigan: Houghton County;,RF,Physical attack that could potentially impact electric power system adequacy or reliability; or vandalism which targets components of any security systems.,Vandalism,0,0
June,06/18/2020,12:11:00,06/22/2020,08:11:00,Colorado: El Paso County;,WECC,"Physical threat to its Facility excluding weather or natural disaster related threats, which has the potential to degrade the normal operation of the Facility. Or suspicious device or activity at its Facility.",Actual Physical Attack,0,0
June,06/18/2020,20:32:00,06/18/2020,20:35:00,Kentucky: Gallatin County;,SERC,Damage or destruction of its Facility that results from actual or suspected intentional human action.,Actual Physical Attack,0,0
June,06/21/2020,01:16:00,06/21/2020,18:45:00,Delaware: New Castle County;,RF,Damage or destruction of its Facility that results from actual or suspected intentional human action.,Vandalism,0,0
June,06/22/2020,11:44:00,06/22/2020,12:42:00,"Pennsylvania: Allegheny County, Beaver County;",RF,Complete loss of monitoring or control capability at its staffed Bulk Electric System control center for 30 continuous minutes or more.,System Operations,0,0
June,06/25/2020,09:40:00,06/25/2020,11:00:00,Kentucky: Madison County;,SERC,"Physical threat to its Facility excluding weather or natural disaster related threats, which has the potential to degrade the normal operation of the Facility. Or suspicious device or activity at its Facility.",Suspicious Activity,Unknown,0
June,06/26/2020,16:20:00,06/29/2020,15:00:00,North Dakota: Mountrail County;,MRO,Damage or destruction of its Facility that results from actual or suspected intentional human action.,Vandalism,0,0
June,06/26/2020,12:47:00,06/26/2020,13:53:00,Texas: Travis County;,TRE,Complete loss of monitoring or control capability at its staffed Bulk Electric System control center for 30 continuous minutes or more.,System Operations,0,0
June,06/27/2020,16:00:00,06/28/2020,02:27:00,Alabama: Georgia:,SERC,"Loss of electric service to more than 50,000 customers for 1 hour or more.",Severe Weather,33480,78109
June,06/29/2020,14:32:00,06/29/2020,16:35:00,Arkansas: Garland County;,SPP RE,"Unexpected Transmission loss within its area, contrary to design, of three or more Bulk Electric System Facilities caused by a common disturbance (excluding successful automatic reclosing).",Transmission Interruption,0,0
June,06/30/2020,10:28:00,06/30/2020,10:29:00,Oregon:,WECC,"Physical threat to its Facility excluding weather or natural disaster related threats, which has the potential to degrade the normal operation of the Facility. Or suspicious device or activity at its Facility.",Vandalism,0,0
July,07/01/2020,19:26:00,07/01/2020,19:44:00,Pennsylvania:,RF,"Unexpected Transmission loss within its area, contrary to design, of three or more Bulk Electric System Facilities caused by a common disturbance (excluding successful automatic reclosing).",Transmission Interruption,32,2013
July,07/02/2020,20:30:00,Unknown,Unknown,California: Butte County;,WECC,Fuel supply emergencies that could impact electric power system adequacy or reliability.,Fuel Supply Deficiency,0,0
July,07/06/2020,12:26:00,Unknown,Unknown,New York: Kings County;,NPCC,"Physical threat to its Facility excluding weather or natural disaster related threats, which has the potential to degrade the normal operation of the Facility. Or suspicious device or activity at its Facility.",Suspicious Activity,0,0
July,07/06/2020,18:45:00,07/06/2020,19:42:00,District of Columbia: Maryland:,RF,Complete loss of monitoring or control capability at its staffed Bulk Electric System control center for 30 continuous minutes or more.,System Operations,0,0
July,07/07/2020,11:38:00,07/07/2020,18:24:00,California: Los Angeles County;,WECC,"Unexpected Transmission loss within its area, contrary to design, of three or more Bulk Electric System Facilities caused by a common disturbance (excluding successful automatic reclosing).",Transmission Interruption,0,0
July,07/07/2020,13:09:00,07/08/2020,08:17:00,Colorado:,WECC,"Unexpected Transmission loss within its area, contrary to design, of three or more Bulk Electric System Facilities caused by a common disturbance (excluding successful automatic reclosing).",Transmission Interruption,0,0
July,07/07/2020,19:17:00,07/07/2020,23:49:00,West Virginia: Wyoming County;,RF,"Unexpected Transmission loss within its area, contrary to design, of three or more Bulk Electric System Facilities caused by a common disturbance (excluding successful automatic reclosing).",Severe Weather/Transmission Interruption,Unknown,Unknown
July,07/08/2020,22:04:00,Unknown,Unknown,Texas:,TRE,"Physical threat to its Facility excluding weather or natural disaster related threats, which has the potential to degrade the normal operation of the Facility. Or suspicious device or activity at its Facility.",Actual Physical Attack,0,0
July,07/08/2020,18:45:00,Unknown,Unknown,California:,WECC,Fuel supply emergencies that could impact electric power system adequacy or reliability.,Fuel Supply Deficiency,0,0
July,07/09/2020,15:09:00,Unknown,Unknown,Washington: Thurston County;,WECC,"Physical threat to its Facility excluding weather or natural disaster related threats, which has the potential to degrade the normal operation of the Facility. Or suspicious device or activity at its Facility.",Suspicious Activity,0,0
July,07/11/2020,23:30:00,07/12/2020,06:30:00,Oklahoma: Arkansas:,SPP RE,"Loss of electric service to more than 50,000 customers for 1 hour or more.",Severe Weather,Unknown,68000
July,07/11/2020,21:30:00,Unknown,Unknown,Oklahoma:,SPP RE,"Loss of electric service to more than 50,000 customers for 1 hour or more.",Severe Weather,Unknown,94700
July,07/11/2020,04:55:00,Unknown,Unknown,California:,WECC,Fuel supply emergencies that could impact electric power system adequacy or reliability.,Fuel Supply Deficiency,0,0
July,07/12/2020,04:30:00,07/13/2020,05:00:00,"Texas: Collin County, Dallas County, Denton County, Rockwall County, Tarrant County;",TRE,"Loss of electric service to more than 50,000 customers for 1 hour or more.",Severe Weather,Unknown,48000
July,07/12/2020,14:08:00,07/12/2020,20:44:00,Nevada: Washoe County;,WECC,Damage or destruction of its Facility that results from actual or suspected intentional human action.,Actual Physical Attack,36,10000
July,07/13/2020,16:30:00,07/13/2020,16:31:00,Kentucky: Madison County;,SERC,"Physical threat to its Facility excluding weather or natural disaster related threats, which has the potential to degrade the normal operation of the Facility. Or suspicious device or activity at its Facility.",Suspicious Activity,0,0
July,07/14/2020,14:16:00,07/14/2020,14:53:00,California:,WECC,Complete loss of monitoring or control capability at its staffed Bulk Electric System control center for 30 continuous minutes or more.,System Operations,0,0
July,07/15/2020,11:00:00,07/15/2020,11:20:00,Kentucky: Madison County;,SERC,"Physical threat to its Facility excluding weather or natural disaster related threats, which has the potential to degrade the normal operation of the Facility. Or suspicious device or activity at its Facility.",Suspicious Activity,Unknown,0
July,07/16/2020,08:49:00,07/16/2020,11:06:00,North Dakota: Minnesota:,MRO,Complete loss of monitoring or control capability at its staffed Bulk Electric System control center for 30 continuous minutes or more.,System Operations,475,0
July,07/17/2020,23:00:00,07/17/2020,23:30:00,Oklahoma:,SPP RE,Damage or destruction of its Facility that results from actual or suspected intentional human action.,Vandalism,0,0
July,07/17/2020,19:24:00,Unknown,Unknown,New York:,NPCC,"Physical threat to its Facility excluding weather or natural disaster related threats, which has the potential to degrade the normal operation of the Facility. Or suspicious device or activity at its Facility.",Suspicious Activity,0,0
July,07/19/2020,14:30:00,07/21/2020,18:48:00,Michigan:,RF,"Loss of electric service to more than 50,000 customers for 1 hour or more.",Severe Weather,Unknown,158500
July,07/19/2020,10:30:00,Unknown,Unknown,New York: Niagara County,NPCC,Fuel supply emergencies that could impact electric power system adequacy or reliability.,Fuel Supply Deficiency,675,
July,07/20/2020,00:57:00,07/20/2020,02:34:00,Texas: Travis County;,TRE,Damage or destruction of its Facility that results from actual or suspected intentional human action.,Suspicious Activity,21,14096
July,07/21/2020,11:53:00,07/21/2020,13:00:00,Washington: Pierce County;,WECC,Damage or destruction of its Facility that results from actual or suspected intentional human action.,Vandalism,19,11000
July,07/22/2020,11:30:00,07/22/2020,14:19:00,West Virginia: Tucker County;,RF,"Unexpected Transmission loss within its area, contrary to design, of three or more Bulk Electric System Facilities caused by a common disturbance (excluding successful automatic reclosing).",Transmission Interruption,0,0
July,07/24/2020,08:25:00,Unknown,Unknown,New York: Bronx County;,NPCC,"Physical threat to its Facility excluding weather or natural disaster related threats, which has the potential to degrade the normal operation of the Facility. Or suspicious device or activity at its Facility.",Suspicious Activity,0,0
July,07/25/2020,21:00:00,07/26/2020,16:00:00,"Texas: Hidalgo County, Cameron County, Starr County, Kenedy County, Willacy County, Brooks County, Jim Hogg County;",TRE,"Loss of electric service to more than 50,000 customers for 1 hour or more.",Severe Weather,125,84000
July,07/25/2020,19:58:00,07/27/2020,19:00:00,"Texas: Nueces County, Kleberg County, Cameron County, Willacy County, Hidalgo County, Starr County, Kenedy County;",TRE,"Loss of electric service to more than 50,000 customers for 1 hour or more.",Severe Weather,Unknown,201208
July,07/28/2020,15:00:00,07/28/2020,23:00:00,Michigan: Jackson County;,RF,Unplanned evacuation from its Bulk Electric System control center facility for 30 continuous minutes or more.,System Operations,0,0
July,07/30/2020,17:54:00,07/30/2020,20:18:00,Nebraska: Scotts Bluff County;,MRO,"Unexpected Transmission loss within its area, contrary to design, of three or more Bulk Electric System Facilities caused by a common disturbance (excluding successful automatic reclosing).",Transmission Interruption,0,0
August,08/01/2020,11:14:00,08/10/2020,21:26:00,"Texas: Cameron County, Willacy County, Hidalgo County, Starr County;",TRE,Public appeal to reduce the use of electricity for purposes of maintaining the continuity of the Bulk Electric System.,Severe Weather,Unknown,Unknown
August,08/01/2020,08:16:00,08/01/2020,09:15:00,California: San Diego County;,WECC,Complete loss of monitoring or control capability at its staffed Bulk Electric System control center for 30 continuous minutes or more.,System Operations,0,0
August,08/01/2020,00:00:00,08/01/2020,00:01:00,"Texas: Cameron County, Hidalgo County, Starr County, Willacy County;",TRE,"Damage or destruction of a Facility within its Reliability Coordinator Area, Balancing Authority Area or Transmission Operator Area that results in action(s) to avoid a Bulk Electric System Emergency.",Severe Weather,Unknown,Unknown
August,08/02/2020,19:43:00,08/02/2020,22:27:00,Illinois: Rock Island County;,SERC,"Unexpected Transmission loss within its area, contrary to design, of three or more Bulk Electric System Facilities caused by a common disturbance (excluding successful automatic reclosing).",Transmission Interruption,0,0
August,08/03/2020,08:00:00,08/03/2020,13:00:00,Texas: Ector County;,TRE,Damage or destruction of its Facility that results from actual or suspected intentional human action.,Vandalism,0,0
August,08/03/2020,23:15:00,08/06/2020,07:00:00,North Carolina: South Carolina:,SERC,"Loss of electric service to more than 50,000 customers for 1 hour or more.",Severe Weather,Unknown,340000
August,08/03/2020,23:02:00,Unknown,Unknown,North Carolina:,SERC,Complete loss of off-site power (LOOP) affecting a nuclear generating station per the Nuclear Plant Interface Requirements.,Severe Weather,Unknown,Unknown
August,08/04/2020,12:00:00,08/07/2020,06:00:00,"New York: Rockland County, Orange County, Sullivan County; New Jersey: Bergen County, Passaic County, Sussex County;",NPCC,"Loss of electric service to more than 50,000 customers for 1 hour or more.",Severe Weather,Unknown,160000
August,08/04/2020,13:00:00,08/04/2020,23:59:00,"New York: Nassau County, Suffolk County, Queens County;",NPCC,"Loss of electric service to more than 50,000 customers for 1 hour or more.",Severe Weather,3907,420000
August,08/04/2020,11:20:00,08/07/2020,10:55:00,New Jersey:,RF,"Loss of electric service to more than 50,000 customers for 1 hour or more.",Severe Weather,60,75000
August,08/04/2020,09:00:00,08/05/2020,18:00:00,Delaware:,RF,"Loss of electric service to more than 50,000 customers for 1 hour or more.",Severe Weather,Unknown,100000
August,08/04/2020,14:00:00,08/08/2020,12:00:00,"New York: Dutchess County, Orange County, Ulster County;",NPCC,"Loss of electric service to more than 50,000 customers for 1 hour or more.",Severe Weather,Unknown,116818
August,08/04/2020,04:41:00,08/05/2020,16:26:00,Virginia:,SERC,"Loss of electric service to more than 50,000 customers for 1 hour or more.",Severe Weather,Unknown,508000
August,08/04/2020,12:18:00,08/08/2020,17:31:00,New Jersey:,RF,"Loss of electric service to more than 50,000 customers for 1 hour or more.",Severe Weather,Unknown,788000
August,08/04/2020,14:35:00,08/10/2020,11:00:00,New York: Broome County;,NPCC,"Loss of electric service to more than 50,000 customers for 1 hour or more.",Severe Weather,Unknown,76120
August,08/04/2020,15:15:00,08/07/2020,10:27:00,Connecticut: Massachusetts: New Hampshire: Maine: Rhode Island: Vermont:,NPCC,"Loss of electric service to more than 50,000 customers for 1 hour or more.",Severe Weather,2000,1188247
August,08/04/2020,13:31:00,Unknown,Unknown,"New York: Bronx County, Richmond County, Queens County, Kings County, Westchester County, New York County;",NPCC,"Loss of electric service to more than 50,000 customers for 1 hour or more.",Severe Weather,Unknown,271119
August,08/04/2020,06:01:00,08/06/2020,15:30:00,"North Carolina: Brunswick County, Columbus County, Pender County, Duplin County, Onslow County, Jones County, Craven County, Jones County, Beaufort County, Bertie County, Chowan County, Gates County, Perquimans County;",SERC,"Loss of electric service to more than 50,000 customers for 1 hour or more.",Severe Weather,311,125987
August,08/04/2020,12:00:00,Unknown,Unknown,"Pennsylvania: Bucks County, Chester County, Delaware County, Montgomery County, Philadelphia County, York County;",RF,"Loss of electric service to more than 50,000 customers for 1 hour or more.",Severe Weather,Unknown,137103
August,08/04/2020,10:30:00,Unknown,Unknown,New Jersey:,RF,"Loss of electric service to more than 50,000 customers for 1 hour or more.",Severe Weather,Unknown,70000
August,08/04/2020,14:35:00,Unknown,Unknown,New York:,NPCC,"Loss of electric service to more than 50,000 customers for 1 hour or more.",Severe Weather,Unknown,76120
August,08/05/2020,17:58:00,08/05/2020,20:53:00,Texas: Orange County;,TRE,"Unexpected Transmission loss within its area, contrary to design, of three or more Bulk Electric System Facilities caused by a common disturbance (excluding successful automatic reclosing).",Transmission Interruption,89,19785
August,08/07/2020,05:13:00,Unknown,Unknown,"New York: Queens County, New York County;",NPCC,Uncontrolled loss of 300 Megawatts or more of firm system loads for 15 minutes or more from a single incident.,Severe Weather,500,187068
August,08/10/2020,11:00:00,08/10/2020,16:00:00,"Iowa: Webster County, Greene County, Dallas County, Hamilton County, Boone County, Polk County, Hardin County, Story County, Jasper County, Grundy County, Marshall County, Tama County, Poweshiek County, Benton County, Iowa County, Linn County, Johnson County, Jones County, Cedar County, Muscatine County, Jackson County, Clinton County, Scott County;",MRO,"Uncontrolled loss of 200 Megawatts or more of firm system loads for 15 minutes or more from a single incident for entities with previous year's peak demand less than or equal to 3,000 Megawatts.",Severe Weather,550,Unknown
August,08/10/2020,16:00:00,08/13/2020,15:00:00,Illinois: Missouri:,SERC,"Loss of electric service to more than 50,000 customers for 1 hour or more.",Severe Weather,Unknown,135000
August,08/10/2020,12:49:00,Unknown,Unknown,Iowa:,MRO,Complete loss of off-site power (LOOP) affecting a nuclear generating station per the Nuclear Plant Interface Requirements.,Severe Weather,Unknown,Unknown
August,08/10/2020,22:39:00,08/13/2020,15:48:00,Indiana:,RF,"Loss of electric service to more than 50,000 customers for 1 hour or more.",Severe Weather,Unknown,95300
August,08/10/2020,14:30:00,Unknown,Unknown,"Illinois: Cook County, Will County, DuPage County, Lake County, Kane County, Grundy County, LaSalle County, DeKalb County, McHenry County, Lee County;",SERC,"Loss of electric service to more than 50,000 customers for 1 hour or more.",Severe Weather,Unknown,856000
August,08/10/2020,22:25:00,08/10/2020,23:02:00,New York: Onondaga County;,NPCC,Complete loss of monitoring or control capability at its staffed Bulk Electric System control center for 30 continuous minutes or more.,System Operations,0,0
August,08/10/2020,12:38:00,Unknown,Unknown,Iowa:,MRO,Uncontrolled loss of 300 Megawatts or more of firm system loads for 15 minutes or more from a single incident.,Severe Weather,1400,250000
August,08/10/2020,10:00:00,Unknown,Unknown,"Iowa: Dallas County, Polk County, Warren County, Madison County, Johnson County, Scott County; Illinois: Rock Island County, Henry County, Mercer County;",MRO,"Loss of electric service to more than 50,000 customers for 1 hour or more.",Severe Weather,950,300000
August,08/13/2020,13:51:00,08/13/2020,16:27:00,Texas: El Paso County;,TRE,Firm load shedding of 100 Megawatts or more implemented under emergency operational policy.,System Operations,218,57060
August,08/14/2020,18:36:00,08/14/2020,20:42:00,California:,WECC,Firm load shedding of 100 Megawatts or more implemented under emergency operational policy.,System Operations,560,220000
August,08/14/2020,16:39:00,08/14/2020,17:42:00,Louisiana: St. Charles Parish;,SERC,"Unexpected Transmission loss within its area, contrary to design, of three or more Bulk Electric System Facilities caused by a common disturbance (excluding successful automatic reclosing).",Transmission Interruption,101,12671
August,08/14/2020,17:15:00,08/15/2020,21:00:00,California:,WECC,Firm load shedding of 100 Megawatts or more implemented under emergency operational policy.,Severe Weather,1120,Unknown
August,08/14/2020,18:45:00,08/14/2020,21:12:00,"California: Kern County, Kings County, Los Angeles County, Orange County, Riverside County, San Bernardino County, Santa Barbara County, Tulare County, Ventura County;",WECC,Firm load shedding of 100 Megawatts or more implemented under emergency operational policy.,System Operations,1419,132000
August,08/14/2020,20:00:00,08/16/2020,17:00:00,"Minnesota: Anoka County, Hennepin County, Ramsey County, Washington County;",MRO,"Loss of electric service to more than 50,000 customers for 1 hour or more.",Severe Weather,Unknown,60000
August,08/15/2020,18:25:00,08/15/2020,19:44:00,California:,WECC,Firm load shedding of 100 Megawatts or more implemented under emergency operational policy.,System Operations,459,220000
August,08/15/2020,14:53:00,08/15/2020,20:00:00,California:,WECC,Firm load shedding of 100 Megawatts or more implemented under emergency operational policy.,Severe Weather,795,Unknown
August,08/15/2020,15:00:00,08/15/2020,19:45:00,"California: Inyo County, Kern County, Los Angeles County, Orange County, Riverside County, San Bernardino County, Tulare County, Ventura County;",WECC,Firm load shedding of 100 Megawatts or more implemented under emergency operational policy.,System Operations,200,70000
August,08/15/2020,17:00:00,Unknown,Unknown,Washington: Snohomish County;,WECC,Physical attack that could potentially impact electric power system adequacy or reliability; or vandalism which targets components of any security systems.,Vandalism,0,8
August,08/15/2020,17:41:00,08/15/2020,18:48:00,Connecticut: New Haven County[13];,NPCC,"Physical threat to its Facility excluding weather or natural disaster related threats, which has the potential to degrade the normal operation of the Facility. Or suspicious device or activity at its Facility.",Suspicious Activity,0,0
August,08/16/2020,20:00:00,08/18/2020,21:00:00,"Texas: Collin County, Dallas County, Denton County, Tarrant County, Ellis County, Kaufman County, Johnson County, Anderson County, Angelina County, Grayson County, Smith County, Wichita County;",TRE,"Loss of electric service to more than 50,000 customers for 1 hour or more.",Severe Weather,Unknown,300000
August,08/16/2020,03:44:00,08/17/2020,14:18:00,California:,WECC,"Loss of electric service to more than 50,000 customers for 1 hour or more.",Severe Weather,409,124266
August,08/16/2020,17:30:00,08/16/2020,19:10:00,California:,WECC,Public appeal to reduce the use of electricity for purposes of maintaining the continuity of the Bulk Electric System.,Severe Weather,712,Unknown
August,08/17/2020,08:21:00,08/17/2020,09:01:00,California: Yuba County;,WECC,Electrical System Separation (Islanding) where part or parts of power grid remain(s) operational in an otherwise blacked out area or within the partial failure of an integrated electrical system.,Severe Weather,2,2
August,08/17/2020,15:05:00,08/17/2020,21:24:00,California:,WECC,Public appeal to reduce the use of electricity for purposes of maintaining the continuity of the Bulk Electric System.,Severe Weather,829,Unknown
August,08/18/2020,19:00:00,08/18/2020,19:30:00,California: Kings County;,WECC,"Physical threat to its Bulk Electric System control center, excluding weather or natural disaster related threats, which has the potential to degrade the normal operation of the control center. Or suspicious device or activity at its Bulk Electric System control center.",Potential Physical Attack,0,0
August,08/18/2020,14:00:00,08/18/2020,21:00:00,Nevada:,WECC,Public appeal to reduce the use of electricity for purposes of maintaining the continuity of the Bulk Electric System.,Severe Weather,7800,1400000
August,08/18/2020,21:55:00,08/18/2020,22:10:00,California: Imperial County;,WECC,Unplanned evacuation from its Bulk Electric System control center facility for 30 continuous minutes or more.,System Operations,0,0
August,08/18/2020,13:30:00,08/18/2020,20:30:00,California:,WECC,Public appeal to reduce the use of electricity for purposes of maintaining the continuity of the Bulk Electric System.,Severe Weather,917,Unknown
August,08/18/2020,14:44:00,08/18/2020,15:14:00,"Texas: Culberson County, Reeves County;",TRE,"Unexpected Transmission loss within its area, contrary to design, of three or more Bulk Electric System Facilities caused by a common disturbance (excluding successful automatic reclosing).",Transmission Interruption,205,238
August,08/18/2020,14:30:00,Unknown,Unknown,Arizona:,WECC,Public appeal to reduce the use of electricity for purposes of maintaining the continuity of the Bulk Electric System.,Severe Weather,0,Unknown
August,08/19/2020,01:27:00,08/19/2020,03:03:00,Ohio: Trumbull County;,RF,"Unexpected Transmission loss within its area, contrary to design, of three or more Bulk Electric System Facilities caused by a common disturbance (excluding successful automatic reclosing).",Transmission Interruption,22,16107
August,08/19/2020,14:00:00,08/19/2020,21:00:00,Arizona: Maricopa County;,WECC,Public appeal to reduce the use of electricity for purposes of maintaining the continuity of the Bulk Electric System.,Severe Weather,1200,0
August,08/19/2020,14:00:00,08/19/2020,21:00:00,Nevada:,WECC,Public appeal to reduce the use of electricity for purposes of maintaining the continuity of the Bulk Electric System.,Severe Weather,7500,1400000
August,08/19/2020,12:00:00,08/19/2020,21:00:00,California:,WECC,Public appeal to reduce the use of electricity for purposes of maintaining the continuity of the Bulk Electric System.,Severe Weather,Unknown,Unknown
August,08/20/2020,00:03:00,08/20/2020,14:05:00,Maine:,NPCC,Complete loss of monitoring or control capability at its staffed Bulk Electric System control center for 30 continuous minutes or more.,System Operations,0,0
August,08/20/2020,09:17:00,08/20/2020,13:42:00,Mississippi: Jasper County;,SERC,Damage or destruction of its Facility that results from actual or suspected intentional human action.,Vandalism,0,0
August,08/20/2020,15:29:00,08/20/2020,15:39:00,Nebraska: Custer County;,MRO,"Unexpected Transmission loss within its area, contrary to design, of three or more Bulk Electric System Facilities caused by a common disturbance (excluding successful automatic reclosing).",Transmission Interruption,60,Unknown
August,08/23/2020,22:12:00,08/23/2020,22:15:00,West Virginia: Putnam County;,RF,Damage or destruction of its Facility that results from actual or suspected intentional human action.,Suspicious Activity,0,0
August,08/23/2020,10:30:00,Unknown,Unknown,"Texas panhandle, SE NM",TRE,Public appeal to reduce the use of electricity for purposes of maintaining the continuity of the Bulk Electric System.,Severe Weather,Unknown,Unknown
August,08/24/2020,23:00:00,08/24/2020,23:59:00,Texas: Denton County;,TRE,"Physical threat to its Facility excluding weather or natural disaster related threats, which has the potential to degrade the normal operation of the Facility. Or suspicious device or activity at its Facility.",Potential Physical Attack,0,0
August,08/25/2020,02:43:00,08/25/2020,07:43:00,Colorado: Jefferson County;,WECC,"Physical threat to its Bulk Electric System control center, excluding weather or natural disaster related threats, which has the potential to degrade the normal operation of the control center. Or suspicious device or activity at its Bulk Electric System control center.",Vandalism,0,0
August,08/27/2020,05:00:00,09/03/2020,12:00:00,Louisiana:,SERC,"Loss of electric service to more than 50,000 customers for 1 hour or more.",Severe Weather,200,50000
August,08/27/2020,07:00:00,08/30/2020,19:00:00,Louisiana: Rapides Parish;,SERC,Complete operational failure or shut-down of the transmission and/or distribution of electrical system.,Severe Weather,48,Unknown
August,08/27/2020,12:44:00,08/27/2020,23:00:00,Texas:,TRE,Public appeal to reduce the use of electricity for purposes of maintaining the continuity of the Bulk Electric System.,Severe Weather,Unknown,Unknown
August,08/27/2020,12:06:00,08/27/2020,22:49:00,Texas:,TRE,Firm load shedding of 100 Megawatts or more implemented under emergency operational policy.,Severe Weather,581,Unknown
August,08/27/2020,07:40:00,08/31/2020,07:40:00,Louisiana: Texas:,SERC,"Loss of electric service to more than 50,000 customers for 1 hour or more.",Severe Weather,Unknown,130000
August,08/27/2020,01:15:00,Unknown,Unknown,Texas: Louisiana:,TRE,"Loss of electric service to more than 50,000 customers for 1 hour or more.",Severe Weather,Unknown,615992
August,08/27/2020,07:40:00,08/31/2020,03:33:00,Louisiana: Texas:,SERC,"Loss of electric service to more than 50,000 customers for 1 hour or more.",Severe Weather,Unknown,47927
August,08/27/2020,12:02:00,08/27/2020,22:54:00,Texas:,TRE,Firm load shedding of 100 Megawatts or more implemented under emergency operational policy.,Severe Weather,573,Unknown
August,08/27/2020,12:29:00,08/27/2020,12:59:00,"Nebraska: Douglas County, Burt County, Washington County, Dodge County, Colfax County, Saunders County, Sarpy County, Cass County, Otoe County, Johnson County, Nemaha County, Pawnee County, Richardson County;",MRO,Complete loss of monitoring or control capability at its staffed Bulk Electric System control center for 30 continuous minutes or more.,System Operations,0,0
August,08/27/2020,17:11:00,08/28/2020,10:00:00,Connecticut: Massachusetts: New Hampshire: Maine: Rhode Island: Vermont:,NPCC,"Loss of electric service to more than 50,000 customers for 1 hour or more.",Severe Weather,100,60687
August,08/27/2020,13:24:00,Unknown,Unknown,"Texas: Montgomery County, Liberty County;",TRE,Firm load shedding of 100 Megawatts or more implemented under emergency operational policy.,Severe Weather,208,Unknown
August,08/27/2020,12:06:00,Unknown,Unknown,Texas:,TRE,Firm load shedding of 100 Megawatts or more implemented under emergency operational policy.,Severe Weather,350,Unknown
August,08/27/2020,06:00:00,08/27/2020,06:05:00,West Virginia: Putnam County;,RF,"Physical threat to its Facility excluding weather or natural disaster related threats, which has the potential to degrade the normal operation of the Facility. Or suspicious device or activity at its Facility.",Suspicious Activity,2900,Unknown
August,08/27/2020,03:14:00,Unknown,Unknown,"Louisiana: Calcasieu Parish, Beauregard Parish, Iberia Parish, Acadia Parish, Evangeline Parish, Rapides Parish, St. Landry Parish, Vernon Parish;",SERC,"Loss of electric service to more than 50,000 customers for 1 hour or more.",Severe Weather,Unknown,Unknown
August,08/28/2020,16:27:00,08/28/2020,19:26:00,Washington: Oregon:,WECC,"Total generation loss, within one minute of: greater than or equal to 2,000 Megawatts in the Eastern or Western Interconnection or greater than or equal to 1,400 Megawatts in the ERCOT Interconnection.",Severe Weather,0,0
August,08/28/2020,00:25:00,08/28/2020,01:00:00,Maine:,NPCC,Complete loss of monitoring or control capability at its staffed Bulk Electric System control center for 30 continuous minutes or more.,System Operations,0,0
August,08/29/2020,03:35:00,08/29/2020,05:45:00,Texas:,TRE,Complete loss of monitoring or control capability at its staffed Bulk Electric System control center for 30 continuous minutes or more.,Severe Weather,Unknown,Unknown
August,08/31/2020,09:00:00,08/31/2020,15:53:00,Washington:,WECC,Damage or destruction of its Facility that results from actual or suspected intentional human action.,Vandalism,0,0
September,09/01/2020,13:04:00,09/01/2020,13:05:00,California: Los Angeles County;,WECC,"Physical threat to its Facility excluding weather or natural disaster related threats, which has the potential to degrade the normal operation of the Facility. Or suspicious device or activity at its Facility.",Suspicious Activity,0,0
September,09/03/2020,13:46:00,09/03/2020,22:47:00,Washington:,WECC,"Unexpected Transmission loss within its area, contrary to design, of three or more Bulk Electric System Facilities caused by a common disturbance (excluding successful automatic reclosing).",Transmission Interruption,Unknown,Unknown
September,09/04/2020,01:07:00,09/04/2020,01:37:00,Florida: Pinellas County;,FRCC,Unplanned evacuation from its Bulk Electric System control center facility for 30 continuous minutes or more.,System Operations,0,0
September,09/05/2020,17:20:00,09/05/2020,20:37:00,California:,WECC,Public appeal to reduce the use of electricity for purposes of maintaining the continuity of the Bulk Electric System.,Severe Weather,986,Unknown
September,09/05/2020,17:25:00,09/05/2020,20:55:00,California: Imperial County;,WECC,Firm load shedding of 100 Megawatts or more implemented under emergency operational policy.,Severe Weather,100,20000
September,09/06/2020,16:00:00,09/06/2020,21:00:00,Nevada:,WECC,Public appeal to reduce the use of electricity for purposes of maintaining the continuity of the Bulk Electric System.,Severe Weather,8180,1400000
September,09/06/2020,16:30:00,09/06/2020,21:05:00,California:,WECC,Public appeal to reduce the use of electricity for purposes of maintaining the continuity of the Bulk Electric System.,System Operations,1071,Unknown
September,09/06/2020,17:36:00,09/06/2020,19:27:00,Washington: Oregon: California:,WECC,"Total generation loss, within one minute of: greater than or equal to 2,000 Megawatts in the Eastern or Western Interconnection or greater than or equal to 1,400 Megawatts in the ERCOT Interconnection.",System Operations,0,0
September,09/06/2020,17:00:00,09/07/2020,03:00:00,California: Los Angeles County;,WECC,"Loss of electric service to more than 50,000 customers for 1 hour or more.",Severe Weather,Unknown,72000
September,09/07/2020,22:40:00,09/09/2020,17:24:00,California:,WECC,"Loss of electric service to more than 50,000 customers for 1 hour or more.",Transmission Interruption,610,172000
September,09/07/2020,18:00:00,09/08/2020,18:00:00,"Washington: Kitsap County, King County, Pierce County;",WECC,"Loss of electric service to more than 50,000 customers for 1 hour or more.",Severe Weather,Unknown,71500
September,09/07/2020,09:13:00,09/08/2020,06:00:00,Washington:,WECC,Complete operational failure or shut-down of the transmission and/or distribution of electrical system.,Natural Disaster,80,21000
September,09/07/2020,19:05:00,09/08/2020,22:00:00,"Oregon: Multnomah County, Washington County, Clackamas County, Marion County, Yamhill County, Polk County;",WECC,"Loss of electric service to more than 50,000 customers for 1 hour or more.",Severe Weather,2859,103000
September,09/08/2020,09:50:00,09/08/2020,10:56:00,Michigan: Ingham County;,RF,Complete loss of monitoring or control capability at its staffed Bulk Electric System control center for 30 continuous minutes or more.,System Operations,265,0
September,09/09/2020,22:16:00,09/11/2020,08:17:00,Minnesota: Sherburne County;,MRO,"Physical threat to its Facility excluding weather or natural disaster related threats, which has the potential to degrade the normal operation of the Facility. Or suspicious device or activity at its Facility.",Suspicious Activity,0,0
September,09/09/2020,11:22:00,09/09/2020,13:04:00,Idaho:,WECC,"Unexpected Transmission loss within its area, contrary to design, of three or more Bulk Electric System Facilities caused by a common disturbance (excluding successful automatic reclosing).",Natural Disaster,0,0
September,09/15/2020,22:00:00,09/20/2020,15:00:00,Alabama: Florida: Georgia: Mississippi:,SERC,"Loss of electric service to more than 50,000 customers for 1 hour or more.",Severe Weather/Transmission Interruption,236,34096
September,09/15/2020,15:04:00,09/15/2020,15:37:00,North Dakota: South Dakota: Montana:,MRO,Complete loss of monitoring or control capability at its staffed Bulk Electric System control center for 30 continuous minutes or more.,System Operations,0,0
September,09/16/2020,07:00:00,09/18/2020,06:00:00,Florida: Escambia County;,FRCC,Unplanned evacuation from its Bulk Electric System control center facility for 30 continuous minutes or more.,System Operations,0,0
September,09/16/2020,03:00:00,09/21/2020,08:00:00,Alabama: Baldwin County;,SERC,"Loss of electric service to more than 50,000 customers for 1 hour or more.",Severe Weather,0,77600
September,09/16/2020,02:09:00,09/16/2020,02:20:00,Maine: Oxford County;,NPCC,Damage or destruction of its Facility that results from actual or suspected intentional human action.,Vandalism,0,0
September,09/20/2020,20:01:00,09/21/2020,15:44:00,Oklahoma: Canadian County;,SPP RE,Damage or destruction of its Facility that results from actual or suspected intentional human action.,Actual Physical Attack,0,Unknown
September,09/22/2020,10:02:00,09/22/2020,12:58:00,California:,WECC,Electrical System Separation (Islanding) where part or parts of power grid remain(s) operational in an otherwise blacked out area or within the partial failure of an integrated electrical system.,System Operations,8,4350
September,09/23/2020,12:00:00,09/23/2020,13:00:00,New Jersey:,RF,Damage or destruction of its Facility that results from actual or suspected intentional human action.,Vandalism,0,0
September,09/26/2020,05:17:00,09/26/2020,05:41:00,Nevada: Clark County;,WECC,"Physical threat to its Facility excluding weather or natural disaster related threats, which has the potential to degrade the normal operation of the Facility. Or suspicious device or activity at its Facility.",Actual Physical Attack,26,13000
September,09/27/2020,18:27:00,09/28/2020,15:17:00,California:,WECC,"Loss of electric service to more than 50,000 customers for 1 hour or more.",Natural Disaster,337,102267
September,09/30/2020,05:55:00,09/30/2020,23:30:00,Connecticut: Maine: Rhode Island: Massachusetts: New Hampshire: Vermont:,NPCC,"Loss of electric service to more than 50,000 customers for 1 hour or more.",Severe Weather,Unknown,155000
October,10/02/2020,19:30:00,10/04/2020,06:30:00,Virginia: Hanover County;,SERC,"Physical threat to its Facility excluding weather or natural disaster related threats, which has the potential to degrade the normal operation of the Facility. Or suspicious device or activity at its Facility.",Suspicious Activity,0,0
October,10/07/2020,13:45:00,10/07/2020,13:59:00,Louisiana: Orleans Parish;,SERC,"Unexpected Transmission loss within its area, contrary to design, of three or more Bulk Electric System Facilities caused by a common disturbance (excluding successful automatic reclosing).",Transmission Interruption,183,39089
October,10/07/2020,16:00:00,Unknown,Unknown,New York: Onondaga County;,NPCC,"Loss of electric service to more than 50,000 customers for 1 hour or more.",Severe Weather,Unknown,7500
October,10/07/2020,18:50:00,10/09/2020,15:00:00,Connecticut: Massachusetts: Maine: New Hampshire: Rhode Island: Vermont:,NPCC,"Loss of electric service to more than 50,000 customers for 1 hour or more.",Severe Weather,Unknown,186600
October,10/09/2020,10:44:00,10/09/2020,22:25:00,Colorado:,WECC,"Unexpected Transmission loss within its area, contrary to design, of three or more Bulk Electric System Facilities caused by a common disturbance (excluding successful automatic reclosing).",Transmission Interruption,0,0
October,10/09/2020,20:00:00,10/15/2020,07:00:00,Louisiana:,SERC,"Loss of electric service to more than 50,000 customers for 1 hour or more.",Severe Weather,200,50000
October,10/09/2020,19:50:00,10/11/2020,15:09:00,"Louisiana: Acadia Parish, Beauregard Parish, Calcasieu Parish, Evangeline Parish, Iberia Parish, Rapides Parish, Vernon Parish, Avoyelles Parish, Grant Parish, Natchitoches Parish, St. Landry Parish, St. Mary Parish, St. Tammany Parish;",SERC,"Loss of electric service to more than 50,000 customers for 1 hour or more.",Severe Weather,Unknown,132200
October,10/09/2020,17:30:00,10/10/2020,18:00:00,Louisiana: Texas: Arkansas: Mississippi:,SERC,"Loss of electric service to more than 50,000 customers for 1 hour or more.",Severe Weather,Unknown,477966
October,10/09/2020,20:00:00,10/10/2020,06:00:00,Louisiana: Lafayette Parish;,SERC,"Loss of electric service to more than 50,000 customers for 1 hour or more.",Severe Weather,Unknown,50000
October,10/10/2020,23:10:00,10/10/2020,23:15:00,Washington: Oregon:,WECC,"Unexpected Transmission loss within its area, contrary to design, of three or more Bulk Electric System Facilities caused by a common disturbance (excluding successful automatic reclosing).",Transmission Interruption,0,0
October,10/10/2020,08:05:00,10/10/2020,12:00:00,Oregon: Clackamas County;,WECC,Unplanned evacuation from its Bulk Electric System control center facility for 30 continuous minutes or more.,System Operations,0,0
October,10/10/2020,02:22:00,10/10/2020,05:00:00,Louisiana: Lafayette Parish;,SERC,Complete loss of monitoring or control capability at its staffed Bulk Electric System control center for 30 continuous minutes or more.,Severe Weather,Unknown,Unknown
October,10/12/2020,04:06:00,10/12/2020,04:07:00,Florida: Polk County;,FRCC,"Unexpected Transmission loss within its area, contrary to design, of three or more Bulk Electric System Facilities caused by a common disturbance (excluding successful automatic reclosing).",Transmission Interruption,0,0
October,10/13/2020,13:14:00,10/14/2020,14:00:00,"Washington: Whatcom County, King County, Pierce County, Thurston County, Kittitas County, Kitsap County;",WECC,"Loss of electric service to more than 50,000 customers for 1 hour or more.",Severe Weather,Unknown,76000
October,10/14/2020,18:26:00,10/15/2020,13:11:00,Texas: Pecos County;,TRE,"Unexpected Transmission loss within its area, contrary to design, of three or more Bulk Electric System Facilities caused by a common disturbance (excluding successful automatic reclosing).",Transmission Interruption,18,Unknown
October,10/15/2020,23:43:00,Unknown,Unknown,Washington: Walla Walla County;,WECC,Damage or destruction of its Facility that results from actual or suspected intentional human action.,Vandalism,0,0
October,10/15/2020,16:50:00,Unknown,Unknown,Michigan:,RF,Unplanned evacuation from its Bulk Electric System control center facility for 30 continuous minutes or more.,System Operations,0,0
October,10/16/2020,14:00:00,10/16/2020,16:00:00,Kentucky:,SERC,Damage or destruction of its Facility that results from actual or suspected intentional human action.,Vandalism,62,0
October,10/20/2020,18:48:00,10/20/2020,18:49:00,Illinois: Massac County;,SERC,"Unexpected Transmission loss within its area, contrary to design, of three or more Bulk Electric System Facilities caused by a common disturbance (excluding successful automatic reclosing).",Transmission Interruption,0,0
October,10/22/2020,08:00:00,10/22/2020,08:01:00,Idaho:,WECC,"Physical threat to its Facility excluding weather or natural disaster related threats, which has the potential to degrade the normal operation of the Facility. Or suspicious device or activity at its Facility.",Suspicious Activity,0,0
October,10/22/2020,22:48:00,10/22/2020,23:34:00,Florida: Pinellas County;,FRCC,Unplanned evacuation from its Bulk Electric System control center facility for 30 continuous minutes or more.,System Operations,0,0
October,10/23/2020,15:42:00,10/23/2020,23:11:00,Ohio:,RF,"Unexpected Transmission loss within its area, contrary to design, of three or more Bulk Electric System Facilities caused by a common disturbance (excluding successful automatic reclosing).",Transmission Interruption,Unknown,Unknown
October,10/23/2020,15:46:00,10/23/2020,23:03:00,Texas: Harris County;,TRE,"Loss of electric service to more than 50,000 customers for 1 hour or more.",Severe Weather,Unknown,55506
October,10/24/2020,20:13:00,10/24/2020,22:52:00,Minnesota: Hennepin County;,MRO,"Unexpected Transmission loss within its area, contrary to design, of three or more Bulk Electric System Facilities caused by a common disturbance (excluding successful automatic reclosing).",Transmission Interruption,1,4
October,10/25/2020,14:32:00,10/27/2020,18:00:00,California:,WECC,"Loss of electric service to more than 50,000 customers for 1 hour or more.",Severe Weather,1218,370000
October,10/25/2020,03:25:00,10/25/2020,03:45:00,Wisconsin: Milwaukee County; Michigan:,MRO,Damage or destruction of its Facility that results from actual or suspected intentional human action.,Suspicious Activity,0,0
October,10/26/2020,13:00:00,11/07/2020,19:00:00,"Oklahoma: Oklahoma County, Canadian County, Logan County, Cleveland County, Pottawatomie County;",SPP RE,"Loss of electric service to more than 50,000 customers for 1 hour or more.",Severe Weather,Unknown,447000
October,10/26/2020,11:24:00,10/27/2020,16:43:00,"California: Los Angeles County, Riverside County, San Bernardino County, Orange County, Kern County, Ventura County;",WECC,"Loss of electric service to more than 50,000 customers for 1 hour or more.",Severe Weather,Unknown,136833
October,10/26/2020,09:28:00,10/26/2020,12:20:00,Colorado:,WECC,"Unexpected Transmission loss within its area, contrary to design, of three or more Bulk Electric System Facilities caused by a common disturbance (excluding successful automatic reclosing).",Transmission Interruption,75,13000
October,10/26/2020,10:00:00,10/26/2020,10:15:00,Kentucky:,SERC,Damage or destruction of its Facility that results from actual or suspected intentional human action.,Vandalism,64,0
October,10/27/2020,17:50:00,Unknown,Unknown,Oklahoma:,SPP RE,"Loss of electric service to more than 50,000 customers for 1 hour or more.",Severe Weather,Unknown,235000
October,10/28/2020,21:37:00,11/02/2020,19:30:00,Alabama: Florida: Mississippi: Georgia:,SERC,"Loss of electric service to more than 50,000 customers for 1 hour or more.",Severe Weather,253,35478
October,10/28/2020,18:00:00,10/29/2020,01:15:00,Louisiana:,SERC,"Loss of electric service to more than 50,000 customers for 1 hour or more.",Severe Weather,Unknown,481268
October,10/28/2020,11:53:00,10/28/2020,15:26:00,Texas:,TRE,"Unexpected Transmission loss within its area, contrary to design, of three or more Bulk Electric System Facilities caused by a common disturbance (excluding successful automatic reclosing).",Transmission Interruption,Unknown,Unknown
October,10/28/2020,10:28:00,10/28/2020,10:29:00,Texas:,TRE,Electrical System Separation (Islanding) where part or parts of power grid remain(s) operational in an otherwise blacked out area or within the partial failure of an integrated electrical system.,Severe Weather,Unknown,Unknown
October,10/28/2020,17:12:00,10/29/2020,16:30:00,"Louisiana: St. Tammany Parish, St. Mary Parish;",SERC,"Loss of electric service to more than 50,000 customers for 1 hour or more.",Severe Weather,Unknown,72707
October,10/29/2020,08:15:00,10/31/2020,18:45:00,North Carolina: South Carolina:,SERC,"Loss of electric service to more than 50,000 customers for 1 hour or more.",Severe Weather,Unknown,461580
October,10/29/2020,11:58:00,10/29/2020,13:10:00,Maine:,NPCC,Complete loss of monitoring or control capability at its staffed Bulk Electric System control center for 30 continuous minutes or more.,System Operations,0,0
October,10/29/2020,02:00:00,10/31/2020,09:00:00,"Alabama: Baldwin County, Butler County, Clarke County, Conecuh County, Escambia County, Lee County, Lowndes County, Macon County, Montgomery County, Pike County, Russell County, Tallapoosa County, Talladega County, Washington County, Monroe County; Florida: Escambia County, Okaloosa County, Walton County, Santa Rosa County;",SERC,"Loss of electric service to more than 50,000 customers for 1 hour or more.",Severe Weather,0,90000
November,11/01/2020,18:00:00,11/01/2020,18:09:00,Ohio:,RF,"Loss of electric service to more than 50,000 customers for 1 hour or more.",Severe Weather,Unknown,85677
November,11/01/2020,12:31:00,11/01/2020,12:35:00,California: Placer County;,WECC,"Physical threat to its Facility excluding weather or natural disaster related threats, which has the potential to degrade the normal operation of the Facility. Or suspicious device or activity at its Facility.",Suspicious Activity,0,0
November,11/02/2020,11:12:00,11/02/2020,11:21:00,Florida:,FRCC,"Physical threat to its Facility excluding weather or natural disaster related threats, which has the potential to degrade the normal operation of the Facility. Or suspicious device or activity at its Facility.",Suspicious Activity,0,0
November,11/07/2020,17:40:00,11/07/2020,22:10:00,Colorado:,WECC,"Unexpected Transmission loss within its area, contrary to design, of three or more Bulk Electric System Facilities caused by a common disturbance (excluding successful automatic reclosing).",Transmission Interruption,0,0
November,11/09/2020,12:00:00,11/10/2020,09:45:00,New Hampshire: Coos County;,NPCC,Damage or destruction of its Facility that results from actual or suspected intentional human action.,Vandalism,0,0
November,11/10/2020,10:42:00,11/10/2020,12:45:00,Arizona: Maricopa County;,WECC,Complete loss of monitoring or control capability at its staffed Bulk Electric System control center for 30 continuous minutes or more.,System Operations,0,0
November,11/13/2020,00:20:00,11/13/2020,08:00:00,Washington: Snohomish County;,WECC,Cyber event that could potentially impact electric power system adequacy or reliability.,System Operations,0,0
November,11/14/2020,07:40:00,Unknown,Unknown,California: San Bernardino County;,WECC,Fuel supply emergencies that could impact electric power system adequacy or reliability.,Fuel Supply Deficiency,0,0
November,11/15/2020,15:08:00,11/15/2020,22:30:00,Ohio:,RF,"Loss of electric service to more than 50,000 customers for 1 hour or more.",Severe Weather,Unknown,123361
November,11/15/2020,14:52:00,11/16/2020,05:59:00,Ohio:,RF,"Loss of electric service to more than 50,000 customers for 1 hour or more.",Severe Weather,Unknown,96809
November,11/15/2020,12:30:00,11/18/2020,09:44:00,"Michigan: Huron County, Livingston County, Macomb County, Monroe County, Wayne County, Washtenaw County, Tuscola County, St. Clair County, Lapeer County, Oakland County;",RF,"Loss of electric service to more than 50,000 customers for 1 hour or more.",Severe Weather,Unknown,150000
November,11/15/2020,15:37:00,11/17/2020,12:15:00,"Michigan: Iosco County, Oscoda County, Ogemaw County, Livingston County, Ionia County, Barry County;",RF,"Loss of electric service to more than 50,000 customers for 1 hour or more.",Severe Weather,Unknown,57327
November,11/15/2020,23:05:00,11/16/2020,05:00:00,Connecticut: Massachusetts: Maine: New Hampshire: Rhode Island: Vermont:,NPCC,"Loss of electric service to more than 50,000 customers for 1 hour or more.",Severe Weather,Unknown,62408
November,11/15/2020,11:30:00,11/16/2020,03:25:00,Ohio: West Virginia: Virginia: Indiana:,RF,"Loss of electric service to more than 50,000 customers for 1 hour or more.",Severe Weather,Unknown,75000
November,11/18/2020,08:30:00,11/18/2020,10:50:00,Missouri: Jackson County;,SERC,Complete loss of monitoring or control capability at its staffed Bulk Electric System control center for 30 continuous minutes or more.,System Operations,0,0
November,11/18/2020,10:20:00,11/18/2020,11:18:00,Maine:,NPCC,Complete loss of monitoring or control capability at its staffed Bulk Electric System control center for 30 continuous minutes or more.,System Operations,0,0
November,11/20/2020,09:10:00,11/20/2020,09:22:00,Texas: Kentucky: Arizona: New Mexico: Oregon: Washington:,TRE,Cyber event that causes interruptions of electrical system operations.,System Operations,0,Unknown
November,11/21/2020,11:59:00,11/21/2020,12:59:00,Nevada: Clark County;,WECC,"Physical threat to its Facility excluding weather or natural disaster related threats, which has the potential to degrade the normal operation of the Facility. Or suspicious device or activity at its Facility.",Actual Physical Attack,21,577
November,11/23/2020,05:50:00,11/23/2020,07:27:00,Wisconsin: Dane County;,MRO,Complete loss of monitoring or control capability at its staffed Bulk Electric System control center for 30 continuous minutes or more.,System Operations,0,0
November,11/30/2020,14:33:00,11/30/2020,17:20:00,Texas: El Paso County;,TRE,"Unexpected Transmission loss within its area, contrary to design, of three or more Bulk Electric System Facilities caused by a common disturbance (excluding successful automatic reclosing).",Transmission Interruption,0,0
November,11/30/2020,16:24:00,12/01/2020,14:25:00,Massachusetts: Maine: Connecticut: Rhode Island: Vermont: New Hampshire:,NPCC,"Loss of electric service to more than 50,000 customers for 1 hour or more.",Severe Weather,Unknown,116000
December,12/01/2020,12:32:00,12/01/2020,22:50:00,Ohio:,RF,"Loss of electric service to more than 50,000 customers for 1 hour or more.",Severe Weather,Unknown,170190
December,12/03/2020,09:01:00,12/03/2020,09:03:00,Colorado:,WECC,"Unexpected Transmission loss within its area, contrary to design, of three or more Bulk Electric System Facilities caused by a common disturbance (excluding successful automatic reclosing).",Transmission Interruption,89,0
December,12/03/2020,00:44:00,12/05/2020,11:03:00,California: San Diego County;,WECC,"Loss of electric service to more than 50,000 customers for 1 hour or more.",Severe Weather,93,73000
December,12/03/2020,10:57:00,12/04/2020,15:02:00,"California: Kern County, Los Angeles County, Orange County, Riverside County, San Bernardino County, San Diego County, Tulare County, Ventura County;",WECC,"Loss of electric service to more than 50,000 customers for 1 hour or more.",Severe Weather,132,51686
December,12/05/2020,16:40:00,Unknown,Unknown,Connecticut: Massachusetts: Maine: New Hampshire: Rhode Island: Vermont:,NPCC,"Loss of electric service to more than 50,000 customers for 1 hour or more.",Severe Weather,Unknown,271231
December,12/06/2020,09:45:00,12/06/2020,17:00:00,Pennsylvania:,RF,Unplanned evacuation from its Bulk Electric System control center facility for 30 continuous minutes or more.,System Operations,0,0
December,12/07/2020,18:10:00,12/08/2020,21:09:00,"California: Kern County, Los Angeles County, Orange County, Riverside County, San Bernardino County, Ventura County, Tulare County;",WECC,"Loss of electric service to more than 50,000 customers for 1 hour or more.",Severe Weather,286,76234
December,12/08/2020,09:43:00,12/08/2020,10:33:00,Michigan: Wayne County;,RF,Complete loss of monitoring or control capability at its staffed Bulk Electric System control center for 30 continuous minutes or more.,System Operations,0,0
December,12/09/2020,13:20:00,12/09/2020,14:30:00,Missouri: Kansas:,MRO,Complete loss of monitoring or control capability at its staffed Bulk Electric System control center for 30 continuous minutes or more.,System Operations,0,0
December,12/10/2020,16:30:00,12/12/2020,05:00:00,Washington: King County;,WECC,Unplanned evacuation from its Bulk Electric System control center facility for 30 continuous minutes or more.,System Operations,0,0
December,12/11/2020,22:51:00,12/11/2020,23:57:00,Texas: Harris County;,TRE,Complete loss of monitoring or control capability at its staffed Bulk Electric System control center for 30 continuous minutes or more.,System Operations,0,0
December,12/13/2020,06:47:00,12/13/2020,07:36:00,California:,WECC,"Uncontrolled loss of 200 Megawatts or more of firm system loads for 15 minutes or more from a single incident for entities with previous year's peak demand less than or equal to 3,000 Megawatts.",System Operations,298,159239
December,12/14/2020,11:00:00,Unknown,Unknown,Idaho: Oregon:,WECC,Cyber event that could potentially impact electric power system adequacy or reliability.,Cyber Event,0,0
December,12/14/2020,17:01:00,12/14/2020,17:34:00,California:,WECC,Complete loss of monitoring or control capability at its staffed Bulk Electric System control center for 30 continuous minutes or more.,System Operations,0,0
December,12/14/2020,01:30:00,Unknown,Unknown,New Jersey: Pennsylvania: Maryland: Illinois: Delaware: District of Columbia:,RF,Cyber event that could potentially impact electric power system adequacy or reliability.,Cyber Event,0,0
December,12/16/2020,23:20:00,12/17/2020,07:20:00,Oklahoma:,MRO,"Unexpected Transmission loss within its area, contrary to design, of three or more Bulk Electric System Facilities caused by a common disturbance (excluding successful automatic reclosing).",Transmission Interruption,Unknown,Unknown
December,12/17/2020,08:07:00,12/17/2020,08:32:00,California:,WECC,Electrical System Separation (Islanding) where part or parts of power grid remain(s) operational in an otherwise blacked out area or within the partial failure of an integrated electrical system.,Severe Weather,35,17000
December,12/17/2020,16:19:00,12/17/2020,16:57:00,Michigan: Wayne County;,RF,Complete loss of monitoring or control capability at its staffed Bulk Electric System control center for 30 continuous minutes or more.,System Operations,0,0
December,12/18/2020,06:34:00,12/18/2020,09:51:00,Oregon: Clackamas County;,WECC,"Physical threat to its Facility excluding weather or natural disaster related threats, which has the potential to degrade the normal operation of the Facility. Or suspicious device or activity at its Facility.",Suspicious Activity,0,0
December,12/20/2020,05:06:00,12/20/2020,05:22:00,California: Los Angeles County;,WECC,Cyber event that could potentially impact electric power system adequacy or reliability.,Cyber Event,0,0
December,12/22/2020,02:20:00,12/22/2020,02:21:00,Washington: Pierce County;,WECC,"Physical threat to its Facility excluding weather or natural disaster related threats, which has the potential to degrade the normal operation of the Facility. Or suspicious device or activity at its Facility.",Vandalism,0,2000
December,12/24/2020,23:40:00,Unknown,Unknown,"Pennsylvania: Bucks County, Chester County, Delaware County, Montgomery County, Philadelphia County, York County;",RF,"Loss of electric service to more than 50,000 customers for 1 hour or more.",Severe Weather/Distribution Interruption,Unknown,68114
December,12/25/2020,03:51:00,12/25/2020,03:52:00,California:,WECC,Damage or destruction of its Facility that results from actual or suspected intentional human action.,Vandalism,0,0
December,12/25/2020,18:51:00,12/25/2020,19:24:00,Ohio: Kentucky:,RF,"Physical threat to its Facility excluding weather or natural disaster related threats, which has the potential to degrade the normal operation of the Facility. Or suspicious device or activity at its Facility.",Suspicious Activity,0,0
December,12/25/2020,07:55:00,12/25/2020,16:45:00,Connecticut: Maine: New Hampshire: Massachusetts: Rhode Island: Vermont:,NPCC,"Loss of electric service to more than 50,000 customers for 1 hour or more.",Severe Weather,Unknown,19000
December,12/28/2020,17:31:00,12/29/2020,13:31:00,Virginia:,SERC,Damage or destruction of its Facility that results from actual or suspected intentional human action.,Vandalism,0,0
