"```csv"
"EventMonth","EventStartDate","IncidentTime","RestorationDate","FixTime","ImpactedArea","ReliabilityRegion","NotificationCriteria","IncidentCategory","DemandLoss_MW","AffectedCustomersCount"
"January","2020-01-09","23:07","2020-01-09","23:19","Arkansas: Yell.County","SPP","Unexpected Transmission loss within its area, contrary to design, of three or more Bulk Electric System Facilities caused by a common disturbance (excluding successful automatic reclosing).","Weather & Transmission","0.00","0"
"January","2020-01-09","8:45 PM","2020-01-10","9:23 PM","Washington: King.County","WECC","Cyber event that could potentially impact electric power system adequacy or reliability.","Cyber Incident","0.0","0"
"January","2020-01-09","07:40","2020-01-09","08:48","Minnesota: North Dakota: Wisconsin","MRO","Complete loss of monitoring or control capability at its staffed Bulk Electric System control center for 30 continuous minutes or more.","System Ops","0.0","0"
"January","2020-01-09","11:07 PM","2020-01-09","11:18 PM","Arkansas","SPP","Electrical System Separation (Islanding) where part or parts of power grid remain(s) operational in an otherwise blacked out area or within the partial failure of an integrated electrical system.","System Ops","Unknown","Unknown"
"January","2020-01-10","02:53 PM","Unknown","Unknown","Tennessee: Hamilton.County","SERC","Physical threat to its Facility excluding weather or natural disaster related threats, which has the potential to degrade the normal operation of the Facility. Or suspicious device or activity at its Facility.","Physical Security","Unknown","Unknown"
"January","2020-01-11","02:25","2020-01-11","07:56","Arkansas: Cross.County","SPP","Unexpected Transmission loss within its area, contrary to design, of three or more Bulk Electric System Facilities caused by a common disturbance (excluding successful automatic reclosing).","Weather & Transmission","22.00","7541"
"January","2020-01-11","11:02 PM","2020-01-12","02:01","North Carolina: South Carolina","SERC","Loss of electric service to more than 50,000 customers for 1 hour or more.","Extreme Weather","Unknown","66475"
"January","2020-01-11","03:30","2020-01-11","05:30 PM","Arkansas: Texas","SPP","Loss of electric service to more than 50,000 customers for 1 hour or more.","Extreme Weather","Unknown","68138"
"January","2020-01-11","01:20 PM","Unknown","Unknown","Tennessee","SERC","Electrical System Separation (Islanding) where part or parts of power grid remain(s) operational in an otherwise blacked out area or within the partial failure of an integrated electrical system.","Extreme Weather","4.00","Unknown"
"January","2020-01-11","12:50","2020-01-12","01:33 PM","Alabama: Georgia: Mississippi","SERC","Loss of electric service to more than 50,000 customers for 1 hour or more.","Extreme Weather","219.00","30715"
"January","2020-01-12","11:15","2020-01-12","11:18","Texas: Brazos.County","TRE","Physical threat to its Facility excluding weather or natural disaster related threats, which has the potential to degrade the normal operation of the Facility. Or suspicious device or activity at its Facility.","Physical Security","0.00","0"
"January","2020-01-14","12:00 AM","2020-01-14","01:00","Florida: Alachua.County","FRCC","Physical threat to its Facility excluding weather or natural disaster related threats, which has the potential to degrade the normal operation of the Facility. Or suspicious device or activity at its Facility.","Physical Security","0.00","0"
"January","2020-01-16","11:06","2020-01-16","11:36","Texas: Harris.County","TRE","Unplanned evacuation from its Bulk Electric System control center facility for 30 continuous minutes or more.","System Ops","0.00","0"
"January","2020-01-17","05:28","2020-01-17","10:13","California: Humboldt.County","WECC","Electrical System Separation (Islanding) where part or parts of power grid remain(s) operational in an otherwise blacked out area or within the partial failure of an integrated electrical system.","Weather & Transmission","87.00","67864"
"January","2020-01-20","06:30","2020-01-20","06:31","California: Los Angeles.County","WECC","Physical attack that could potentially impact electric power system adequacy or reliability; or vandalism which targets components of any security systems.","Vandalism","0.00","0"
"January","2020-01-22","02:57","2020-01-22","03:17","Nevada: Humboldt.County","WECC","Damage or destruction of its Facility that results from actual or suspected intentional human action.","Physical Attack","7.00","3120"
"January","2020-01-23","11:30 PM","2020-01-24","12:39 AM","Florida: Manatee.County","FRCC","Physical threat to its Facility excluding weather or natural disaster related threats, which has the potential to degrade the normal operation of the Facility. Or suspicious device or activity at its Facility.","Vandalism","0.00","0"
"January","2020-01-24","04:34","Unknown","Unknown","California","WECC","Fuel supply emergencies that could impact electric power system adequacy or reliability.","Fuel Shortage","0.00","0"
"January","2020-01-27","02:10 PM","2020-01-27","06:58 PM","North Dakota: South Dakota: Montana","MRO","Complete loss of monitoring or control capability at its staffed Bulk Electric System control center for 30 continuous minutes or more.","System Ops","540.00","130000"
"January","2020-01-30","03:01","2020-01-30","04:36","North Dakota: Burleigh.County","MRO","Unexpected Transmission loss within its area, contrary to design, of three or more Bulk Electric System Facilities caused by a common disturbance (excluding successful automatic reclosing).","Transmission Interruption","75.00","0"
"January","2020-01-31","09:50","2020-02-03","10:00","California","WECC","Cyber event that could potentially impact electric power system adequacy or reliability.","Cyber Incident","0.00","0"
"February","2020-02-06","02:29 PM","2020-02-07","12:44","North Carolina","SERC","Loss of electric service to more than 50,000 customers for 1 hour or more.","Extreme Weather","Unknown","284256"
"February","2020-02-06","01:30 PM","2020-02-07","08:08 PM","North Carolina: South Carolina","SERC","Loss of electric service to more than 50,000 customers for 1 hour or more.","Weather & Transmission","Unknown","89500"
"February","2020-02-07","04:25 PM","2020-02-08","12:00","Connecticut: Maine: Massachusetts: New Hampshire: Rhode Island: Vermont","NPCC","Loss of electric service to more than 50,000 customers for 1 hour or more.","Extreme Weather","Unknown","123359"
"February","2020-02-07","02:42 PM","2020-02-10","09:25","New York","NPCC","Loss of electric service to more than 50,000 customers for 1 hour or more.","Extreme Weather","Unknown","7500"
"February","2020-02-07","11:00","Unknown","Unknown","Pennsylvania","RF","Loss of electric service to more than 50,000 customers for 1 hour or more.","Extreme Weather","Unknown","52000"
"February","2020-02-07","08:48","Unknown","Unknown","Virginia: North Carolina","SERC","Loss of electric service to more than 50,000 customers for 1 hour or more.","Extreme Weather","Unknown","87000"
"February","2020-02-08","01:56 PM","2020-02-08","03:04","California","WECC","Damage or destruction of its Facility that results from actual or suspected intentional human action.","Vandalism","0.00","0"
"February","2020-02-09","09:30","2020-02-09","09:40 PM","California: Alameda.County, Contra Costa.County, El Dorado.County, Nevada.County, Placer.County, Sierra.County, Santa Clara.County, Napa.County, Marin.County, Santa Cruz.County","WECC","Loss of electric service to more than 50,000 customers for 1 hour or more.","Extreme Weather","500.00","145000"
"February","2020-02-11","02:53","2020-02-11","01:30 PM","Texas: Sterling.County","TRE","Cyber event that could potentially impact electric power system adequacy or reliability.","System Ops","0.00","0"
"February","2020-02-11","07:13","2020-02-11","04:00 PM","Oregon: Clackamas.County","WECC","Unexpected Transmission loss within its area, contrary to design, of three or more Bulk Electric System Facilities caused by a common disturbance (excluding successful automatic reclosing).","Transmission Interruption","Unknown","0"
"February","2020-02-12","07:36","2020-02-12","08:53","Maine","NPCC","Complete loss of monitoring or control capability at its staffed Bulk Electric System control center for 30 continuous minutes or more.","System Ops","0.00","0"
"February","2020-02-13","08:01","2020-02-13","02:38 PM","Oregon","WECC","Damage or destruction of its Facility that results from actual or suspected intentional human action.","Vandalism","0.00","0"
"February","2020-02-17","09:47","2020-02-17","03:31 PM","Alabama: Chambers.County","SERC","Damage or destruction of its Facility that results from actual or suspected intentional human action.","Vandalism","97.00","Unknown"
"February","2020-02-17","01:18 PM","2020-02-20","09:51","Michigan: Eaton.County","RF","Physical attack that could potentially impact electric power system adequacy or reliability; or vandalism which targets components of any security systems.","Vandalism","0.00","0"
"February","2020-02-17","04:00","Unknown","Unknown","Northern and Central California","WECC","Loss of electric service to more than 50,000 customers for 1 hour or more.","Extreme Weather","91.00","70000"
"February","2020-02-18","01:00 PM","2020-02-18","02:00","California: Kern.County","WECC","Physical attack that could potentially impact electric power system adequacy or reliability; or vandalism which targets components of any security systems.","Vandalism","0.00","0"
"February","2020-02-25","11:45","2020-02-25","01:00 PM","California: Los Angeles.County","WECC","Damage or destruction of its Facility that results from actual or suspected intentional human action.","Vandalism","0.00","0"
"February","2020-02-26","04:30 PM","2020-02-26","05:02","Oklahoma","SPP","Complete loss of monitoring or control capability at its staffed Bulk Electric System control center for 30 continuous minutes or more.","System Ops","0.00","0"
"February","2020-02-26","05:00 PM","2020-02-26","06:05","Maine","NPCC","Complete loss of monitoring or control capability at its staffed Bulk Electric System control center for 30 continuous minutes or more.","System Ops","0.00","0"
"February","2020-02-26","11:29","2020-02-26","12:14","South Dakota: Wyoming: Colorado","MRO","Complete loss of monitoring or control capability at its staffed Bulk Electric System control center for 30 continuous minutes or more.","System Ops","0.00","0"
"February","2020-02-29","01:45","2020-02-29","02:30","Nevada: Clark.County, Washoe.County","WECC","Complete loss of monitoring or control capability at its staffed Bulk Electric System control center for 30 continuous minutes or more.","System Ops","0.00","0"
"March","2020-03-01","11:27","2020-03-01","09:47 PM","Mississippi: Rankin.County","SERC","Unexpected Transmission loss within its area, contrary to design, of three or more Bulk Electric System Facilities caused by a common disturbance (excluding successful automatic reclosing).","Transmission Interruption","19.00","3136"
"March","2020-03-01","10:15 PM","Unknown","Unknown","New York","NPCC","Damage or destruction of its Facility that results from actual or suspected intentional human action.","Vandalism","0.00","0"
"March","2020-03-01","08:00","Unknown","Unknown","Western NY","NPCC","Fuel supply emergencies that could impact electric power system adequacy or reliability.","Fuel Shortage","675.00","Unknown"
"March","2020-03-02","01:43","2020-03-02","02:43","Nevada: Clark.County, Washoe.County","WECC","Complete loss of monitoring or control capability at its staffed Bulk Electric System control center for 30 continuous minutes or more.","System Ops","0.00","0"
"March","2020-03-03","02:30 PM","2020-03-03","02:31","Alabama","SERC","Damage or destruction of its Facility that results from actual or suspected intentional human action.","Vandalism","0.00","0"
"March","2020-03-08","10:10 PM","2020-03-09","01:02","Texas: Llano.County","TRE","Physical threat to its Facility excluding weather or natural disaster related threats, which has the potential to degrade the normal operation of the Facility. Or suspicious device or activity at its Facility.","Physical Security","0.00","0"
"March","2020-03-12","01:03","2020-03-12","03:00","Pennsylvania","RF","Unexpected Transmission loss within its area, contrary to design, of three or more Bulk Electric System Facilities caused by a common disturbance (excluding successful automatic reclosing).","Transmission Interruption","40.00","15864"
"March","2020-03-16","12:01","2020-03-16","01:10 PM","California","WECC","Loss of electric service to more than 50,000 customers for 1 hour or more.","Extreme Weather","165.00","110800"
"March","2020-03-16","08:00","2020-03-16","08:01","California: Los Angeles.County","WECC","Physical attack that could potentially impact electric power system adequacy or reliability; or vandalism which targets components of any security systems.","Vandalism","0.00","0"
"March","2020-03-16","08:00","2020-03-16","08:01","California: Los Angeles.County","WECC","Physical attack that could potentially impact electric power system adequacy or reliability; or vandalism which targets components of any security systems.","Vandalism","0.00","0"
"March","2020-03-17","10:30","2020-03-17","11:41","Michigan: Washtenaw.County","RF","Complete loss of monitoring or control capability at its staffed Bulk Electric System control center for 30 continuous minutes or more.","System Ops","6062.00","0"
"March","2020-03-18","07:09","Unknown","Unknown","Utah","WECC","Loss of electric service to more than 50,000 customers for 1 hour or more.","Natural Disaster","237.00","73000"
"March","2020-03-19","05:05 PM","2020-03-19","05:43","Minnesota: St..Louis.County","MRO","Complete loss of monitoring or control capability at its staffed Bulk Electric System control center for 30 continuous minutes or more.","System Ops","0.00","0"
"March","2020-03-20","10:20 PM","2020-03-20","11:30","Connecticut: Massachusetts: Rhode Island: Maine: New Hampshire: Vermont","NPCC","Complete loss of monitoring or control capability at its staffed Bulk Electric System control center for 30 continuous minutes or more.","System Ops","0.00","0"
"March","2020-03-20","11:38 PM","2020-03-20","11:59","Maine","NPCC","Complete loss of monitoring or control capability at its staffed Bulk Electric System control center for 30 continuous minutes or more.","System Ops","0.00","0"
"March","2020-03-20","11:45 PM","2020-03-21","12:30 AM","Connecticut: Massachusetts","NPCC","Unplanned evacuation from its Bulk Electric System control center facility for 30 continuous minutes or more.","System Ops","0.00","0"
"March","2020-03-23","12:15 AM","2020-03-25","05:11 PM","Wisconsin: Columbia.County","MRO","Damage or destruction of its Facility that results from actual or suspected intentional human action.","Vandalism","0.00","0"
"March","2020-03-23","02:15 PM","2020-03-23","04:37","Virginia","SERC","Physical attack that could potentially impact electric power system adequacy or reliability; or vandalism which targets components of any security systems.","Sabotage","Unknown","1018"
"March","2020-03-24","12:45","2020-03-24","02:00 PM","California: Nevada.County","WECC","Physical threat to its Facility excluding weather or natural disaster related threats, which has the potential to degrade the normal operation of the Facility. Or suspicious device or activity at its Facility.","Physical Security","0.00","0"
"March","2020-03-24","02:55","2020-03-24","06:50","Connecticut: Massachusetts: Maine: New Hampshire: Rhode Island: Vermont","NPCC","Loss of electric service to more than 50,000 customers for 1 hour or more.","Extreme Weather","Unknown","51026"
"March","2020-03-25","10:31","Unknown","Unknown","Nevada: Clark.County","WECC","Damage or destruction of its Facility that results from actual or suspected intentional human action.","Vandalism","0.00","0"
"March","2020-03-26","09:29 PM","2020-03-26","09:47","Ohio","RF","Unexpected Transmission loss within its area, contrary to design, of three or more Bulk Electric System Facilities caused by a common disturbance (excluding successful automatic reclosing).","Transmission Interruption","19.00","11964"
"March","2020-03-27","01:06 PM","2020-03-27","01:58","Delaware: Kent.County, New Castle.County, Sussex.County; Maryland: Cecil.County, Harford.County, Talbot.County, Kent.County, Queen Anne&#39;s.County, Dorchester.County, Wicomico.County, Worcester.County, Somerset.County","RF","Complete loss of monitoring or control capability at its staffed Bulk Electric System control center for 30 continuous minutes or more.","System Ops","0.00","0"
"March","2020-03-27","01:06 PM","2020-03-27","01:58","New Jersey: Atlantic.County, Cape May.County, Cumberland.County, Gloucester.County, Salem.County","RF","Complete loss of monitoring or control capability at its staffed Bulk Electric System control center for 30 continuous minutes or more.","System Ops","0.00","0"
"March","2020-03-29","08:27 PM","2020-03-29","11:04","Mississippi: Panola.County","SERC","Unexpected Transmission loss within its area, contrary to design, of three or more Bulk Electric System Facilities caused by a common disturbance (excluding successful automatic reclosing).","Transmission Interruption","4.00","1558"
"March","2020-03-31","11:45","2020-03-31","08:00 PM","Alabama: Georgia","SERC","Loss of electric service to more than 50,000 customers for 1 hour or more.","Extreme Weather","412.00","57744"
"April","2020-04-01","09:43 PM","2020-04-01","10:18","Illinois: Williamson.County","SERC","Complete loss of monitoring or control capability at its staffed Bulk Electric System control center for 30 continuous minutes or more.","System Ops","0.00","0"
"April","2020-04-02","06:41 PM","2020-04-02","07:23","Texas: Travis.County","TRE","Complete loss of monitoring or control capability at its staffed Bulk Electric System control center for 30 continuous minutes or more.","System Ops","0.00","0"
"April","2020-04-02","01:37 PM","2020-04-02","02:43","Nebraska: York.County","MRO","Unexpected Transmission loss within its area, contrary to design, of three or more Bulk Electric System Facilities caused by a common disturbance (excluding successful automatic reclosing).","Transmission Interruption","5.00","Unknown"
"April","2020-04-02","08:45 PM","Unknown","Unknown","Washington: Wallula","WECC","Physical attack that could potentially impact electric power system adequacy or reliability; or vandalism which targets components of any security systems.","Vandalism","Unknown","Unknown"
"April","2020-04-03","09:13","Unknown","Unknown","Nevada: Clark.County","WECC","Damage or destruction of its Facility that results from actual or suspected intentional human action.","Vandalism","0.00","0"
"April","2020-04-05","02:30","2020-04-05","03:01","Texas: Cameron.County","TRE","Physical threat to its Facility excluding weather or natural disaster related threats, which has the potential to degrade the normal operation of the Facility. Or suspicious device or activity at its Facility.","Physical Security","0.00","0"
"April","2020-04-05","03:46 PM","2020-04-05","05:35","California: Stanislaus.County","WECC","Electrical System Separation (Islanding) where part or parts of power grid remain(s) operational in an otherwise blacked out area or within the partial failure of an integrated electrical system.","Extreme Weather","7.00","6814"
"April","2020-04-07","11:39 PM","2020-04-07","11:46","Washington","WECC","Unexpected Transmission loss within its area, contrary to design, of three or more Bulk Electric System Facilities caused by a common disturbance (excluding successful automatic reclosing).","Transmission Interruption","0.00","0"
"April","2020-04-08","09:57 PM","2020-04-09","08:59","Ohio: Kentucky","RF","Loss of electric service to more than 50,000 customers for 1 hour or more.","Extreme Weather","Unknown","78314"
"April","2020-04-08","10:03 PM","2020-04-09","07:36","Indiana","RF","Loss of electric service to more than 50,000 customers for 1 hour or more.","Extreme Weather","Unknown","93000"
"April","2020-04-08","01:21","2020-04-08","03:56","Ohio","WECC","Loss of electric service to more than 50,000 customers for 1 hour or more.","Extreme Weather","Unknown","82509"
"April","2020-04-09","07:25 PM","2020-04-10","03:30","Texas: Harris.County","TRE","Loss of electric service to more than 50,000 customers for 1 hour or more.","Extreme Weather","Unknown","95000"
"April","2020-04-09","07:40 PM","2020-04-11","10:00 PM","Maine","NPCC","Loss of electric service to more than 50,000 customers for 1 hour or more.","Extreme Weather","Unknown","340000"
"April","2020-04-09","07:34","2020-04-09","05:40 PM","Wisconsin: Dane.County","RF","Unplanned evacuation from its Bulk Electric System control center facility for 30 continuous minutes or more.","System Ops","0.00","0"
"April","2020-04-10","10:00","2020-04-10","04:19 PM","Maine","NPCC","Complete loss of monitoring or control capability at its staffed Bulk Electric System control center for 30 continuous minutes or more.","System Ops","0.00","0"
"April","2020-04-10","04:00 PM","Unknown","Unknown","Nevada: White Pine.County","WECC","Damage or destruction of its Facility that results from actual or suspected intentional human action.","Vandalism","0.00","0"
"April","2020-04-11","11:24","2020-04-11","11:42","Wyoming","WECC","Unexpected Transmission loss within its area, contrary to design, of three or more Bulk Electric System Facilities caused by a common disturbance (excluding successful automatic reclosing).","Transmission Interruption","0.00","0"
"April","2020-04-11","05:40 PM","2020-04-11","05:51","Utah: Salt Lake City","WECC","Physical attack that could potentially impact electric power system adequacy or reliability; or vandalism which targets components of any security systems.","Physical Security","Unknown","Unknown"
"April","2020-04-12","08:45 PM","Unknown","Unknown","Arkansas","SPP","Loss of electric service to more than 50,000 customers for 1 hour or more.","Extreme Weather","Unknown","95318"
"April","2020-04-12","01:00 PM","2020-04-12","07:27 PM","Louisiana: Acadia.Parish, Iberville.Parish, Jefferson Davis.Parish, Concordia.Parish, Winn.Parish, Catahoula.Parish, Terrebonne.Parish, St..Mary.Parish","SERC","Complete loss of monitoring or control capability at its staffed Bulk Electric System control center for 30 continuous minutes or more.","Extreme Weather","122.00","37991"
"April","2020-04-12","08:30 PM","2020-04-14","09:00","Arkansas","SPP","Loss of electric service to more than 50,000 customers for 1 hour or more.","Extreme Weather","Unknown","51000"
"April","2020-04-12","09:28 PM","2020-04-15","12:00","Virginia: West Virginia","RF","Loss of electric service to more than 50,000 customers for 1 hour or more.","Extreme Weather","Unknown","104000"
"April","2020-04-12","05:00 PM","2020-04-14","01:25","Mississippi: Alabama: Georgia","SERC","Loss of electric service to more than 50,000 customers for 1 hour or more.","Extreme Weather","448.00","62828"
"April","2020-04-12","06:13 PM","2020-04-13","03:23 PM","Texas","TRE","Loss of electric service to more than 50,000 customers for 1 hour or more.","Extreme Weather","Unknown","63289"
"April","2020-04-13","03:30","2020-04-14","06:18 PM","North Carolina: South Carolina","SERC","Loss of electric service to more than 50,000 customers for 1 hour or more.","Extreme Weather","Unknown","216400"
"April","2020-04-13","12:45 AM","2020-04-13","03:00","Tennessee: Hamilton.County","SERC","Loss of electric service to more than 50,000 customers for 1 hour or more.","Extreme Weather","Unknown","120000"
"April","2020-04-13","08:08","Unknown","Unknown","South Carolina","SERC","Loss of electric service to more than 50,000 customers for 1 hour or more.","Extreme Weather","Unknown","72233"
"April","2020-04-13","10:25","2020-04-13","06:55 PM","North Carolina","SERC","Loss of electric service to more than 50,000 customers for 1 hour or more.","Extreme Weather","Unknown","95000"
"April","2020-04-13","01:05 PM","2020-04-14","04:00 PM","Connecticut: Maine: Massachusetts: New Hampshire: Rhode Island: Vermont","NPCC","Loss of electric service to more than 50,000 customers for 1 hour or more.","Extreme Weather","Unknown","68476"
"April","2020-04-13","07:31","2020-04-13","02:00 PM","North Carolina: South Carolina","SERC","Loss of electric service to more than 50,000 customers for 1 hour or more.","Extreme Weather","Unknown","Unknown"
"April","2020-04-16","11:30","2020-04-16","03:"
