"```csv"
"Month","EventStartDate","EventStartTime","RestorationDate","RestorationTime","AreaImpacted","NercRegion","AlarmCriteria","TypeOfEvent","DemandLoss_MW","CustomersAffected"
"January","January 5, 2017","4:56 PM","January 5, 2017","4:57 PM","Florida: Martin County","FRCC","Physical attack that could potentially impact electric power system adequacy or reliability; or vandalism which targets components of any security systems","Suspected Physical Attack","0","0"
"January","January 8, 2017","9:07 AM","January 13, 2017","2:30 PM","California","WECC","Loss of electric service to more than 50,000 customers for 1 hour or more","Severe Weather","Unknown","106000"
"January","January 8, 2017","11:59 PM","Unknown","Unknown","California","WECC","Fuel supply emergencies that could impact electric power system adequacy or reliability","Fuel Supply Deficiency","0","0"
"January","January 10, 2017","7:30 PM","January 13, 2017","2:30 PM","California","WECC","Loss of electric service to more than 50,000 customers for 1 hour or more","Severe Weather","Unknown","87000"
"January","January 15, 2017","6:35 AM","January 15, 2017","7:44 AM","California: Los Angeles County","WECC","Loss of electric service to more than 50,000 customers for 1 hour or more","Transmission Disruption","176","126000"
"January","January 15, 2017","9:27 AM","January 17, 2017","1:58 AM","Oklahoma: Harper County","SPP","Electrical System Separation (Islanding) where part or parts of a power grid remain(s) operational in an otherwise blacked out area or within the partial failure of an integrated electrical system","Severe Weather","1","788"
"January","January 18, 2017","6:05 PM","January 19, 2017","12:05 AM","California","WECC","Loss of electric service to more than 50,000 customers for 1 hour or more","Severe Weather","Unknown","75000"
"January","January 22, 2017","4:15 AM","January 24, 2017","2:00 PM","California","WECC","Loss of electric service to more than 50,000 customers for 1 hour or more","Severe Weather","97","64000"
"January","January 22, 2017","6:00 AM","Unknown","Unknown","California","WECC","Fuel supply emergencies that could impact electric power system adequacy or reliability","Fuel Supply Deficiency","0","0"
"January","January 22, 2017","4:00 PM","January 23, 2017","3:26 AM","Alabama: Georgia: Mississippi: Florida","SERC","Loss of electric service to more than 50,000 customers for 1 hour or more","Severe Weather","100","29965"
"February","February 2, 2017","1:04 AM","February 2, 2017","5:00 AM","New Mexico: Bernalillo County, Santa Fe County","WECC","Uncontrolled loss of 300 Megawatts or more of firm system loads for more than 15 minutes from a single incident","Transmission Interruption","396","149223"
"February","February 2, 2017","1:11 AM","Unknown","Unknown","New Mexico: Bernalillo County","WECC","Uncontrolled loss of 300 Megawatts or more of firm system loads for more than 15 minutes from a single incident","Transmission Interruption","400","Unknown"
"February","February 6, 2017","1:00 AM","February 6, 2017","7:30 PM","Washington: Skagit County, King County, Kitsap County","WECC","Loss of electric service to more than 50,000 customers for 1 hour or more","Severe Weather","Unknown","103000"
"February","February 9, 2017","4:05 PM","February 10, 2017","5:15 AM","Connecticut: Massachusetts: Rhode Island","NPCC","Loss of electric service to more than 50,000 customers for 1 hour or more","Severe Weather","Unknown","11525"
"February","February 11, 2017","3:46 PM","February 11, 2017","3:50 PM","Utah","WECC","Physical attack that could potentially impact electric power system adequacy or reliability; or vandalism which targets components of any security systems","Actual Physical Attack","0","0"
"February","February 13, 2017","1:00 PM","February 15, 2017","1:35 PM","North Carolina: Union County","SERC","Physical attack that could potentially impact electric power system adequacy or reliability; or vandalism which targets components of any security systems","Vandalism","0","0"
"February","February 17, 2017","1:00 PM","February 17, 2017","1:15 PM","Nevada: Clark County","WECC","Physical attack that could potentially impact electric power system adequacy or reliability; or vandalism which targets components of any security systems","Vandalism","0","0"
"February","February 17, 2017","3:00 PM","February 20, 2017","11:00 AM","California: Los Angeles County","WECC","Loss of electric service to more than 50,000 customers for 1 hour or more","Severe Weather","Unknown","111591"
"February","February 17, 2017","8:09 AM","February 22, 2017","7:30 PM","California","WECC","Loss of electric service to more than 50,000 customers for 1 hour or more","Severe Weather","254","169250"
"February","February 17, 2017","4:32 AM","February 17, 2017","5:02 AM","Missouri: Arkansas: Oklahoma: Texas","SPP","Cyber event that could potentially impact electric power system adequacy or reliability","System Operations","0","0"
"March","March 1, 2017","11:49 AM","March 2, 2017","9:30 PM","Kentucky: West Virginia","RFC","Loss of electric service to more than 50,000 customers for 1 hour or more","Severe Weather","Unknown","98575"
"March","March 1, 2017","8:30 AM","March 1, 2017","2:00 PM","Tennessee: Kentucky","SERC","Loss of electric service to more than 50,000 customers for 1 hour or more","Severe Weather","Unknown","58000"
"March","March 2, 2017","12:20 PM","March 2, 2017","11:45 PM","Connecticut: Maine: Massachusetts: New Hampshire: Rhode Island: Vermont","NPCC","Loss of electric service to more than 50,000 customers for 1 hour or more","Severe Weather","Unknown","54316"
"March","March 6, 2017","8:00 PM","March 7, 2017","1:00 AM","Missouri: Jackson County, Platte County, Cass County, Lafayette County, Chariton County, Carroll County, Clay County, Johnson County","SERC","Loss of electric service to more than 50,000 customers for 1 hour or more","Severe Weather","Unknown","97734"
"March","March 8, 2017","11:30 AM","March 8, 2017","7:52 PM","Ohio","RFC","Loss of electric service to more than 50,000 customers for 1 hour or more","Severe Weather","Unknown","71012"
"March","March 8, 2017","12:00 PM","March 11, 2017","11:31 AM","Michigan","RFC","Loss of electric service to more than 50,000 customers for 1 hour or more","Severe Weather","Unknown","800000"
"March","March 8, 2017","9:30 AM","March 11, 2017","5:00 AM","Michigan: Jackson County, Calhoun County, Ingham County, Hillsdale County, Washtenaw County, Kent County, Ottawa County, Midland County, Saginaw County","RFC","Loss of electric service to more than 50,000 customers for 1 hour or more","Severe Weather","Unknown","343000"
"March","March 8, 2017","1:30 PM","March 8, 2017","4:30 PM","New York","NPCC","Loss of electric service to more than 50,000 customers for 1 hour or more","Severe Weather/Transmission Interruption","Unknown","106869"
"March","March 8, 2017","3:33 PM","Unknown","Unknown","New York","NPCC","Loss of electric service to more than 50,000 customers for 1 hour or more","Severe Weather","Unknown","50000"
"March","March 12, 2017","9:56 AM","March 12, 2017","11:20 AM","California: Imperial County","WECC","Physical attack that could potentially impact electric power system adequacy or reliability; or vandalism which targets components of any security systems","Vandalism","0","1"
"March","March 14, 2017","12:32 PM","Unknown","Unknown","Connecticut: Massachusetts: Rhode Island: New Hampshire: Maine: Vermont","NPCC","Loss of electric service to more than 50,000 customers for 1 hour or more","Severe Weather","Unknown","69647"
"March","March 21, 2017","8:00 PM","March 22, 2017","9:15 AM","Georgia","SERC","Loss of electric service to more than 50,000 customers for 1 hour or more","Severe Weather","857","257000"
"March","March 24, 2017","6:29 AM","March 24, 2017","7:13 AM","Oregon: Clatsop County","WECC","Physical attack that could potentially impact electric power system adequacy or reliability; or vandalism which targets components of any security systems","Sabotage","0","0"
"March","March 28, 2017","4:07 PM","March 28, 2017","4:08 PM","Oregon: Josephine County","WECC","Physical attack that could potentially impact electric power system adequacy or reliability; or vandalism which targets components of any security systems","Suspicious Activity","0","0"
"March","March 29, 2017","3:30 AM","March 31, 2017","6:00 AM","Texas","TRE","Loss of electric service to more than 50,000 customers for 1 hour or more","Severe Weather","Unknown","175000"
"March","March 31, 2017","7:15 PM","March 31, 2017","9:07 PM","Mississippi: DeSoto County","SERC","Physical attack that could potentially impact electric power system adequacy or reliability; or vandalism which targets components of any security systems","Vandalism","0","0"
"April","April 3, 2017","11:00 AM","April 3, 2017","8:00 PM","Alabama, Georgia","SERC","Loss of electric service to more than 50,000 customers for 1 hour or more","Severe Weather","290","86330"
"April","April 6, 2017","7:00 PM","Unknown","Unknown","California","WECC","Loss of electric service to more than 50,000 customers for 1 hour or more","Severe Weather","Unknown","100000"
"April","April 7, 2017","4:16 AM","Unknown","Unknown","California: Fresno County,WECC","WECC","Fuel supply emergencies that could impact electric power system adequacy or reliability","Fuel Supply Deficiency","0","0"
"April","April 7, 2017","8:15 AM","April 8, 2017","12:14 AM","Oregon: Multnomah County, Washington County, Marion County, Clackamas County","WECC","Loss of electric service to more than 50,000 customers for 1 hour or more","Severe Weather","Unknown","153867"
"April","April 7, 2017","4:33 AM","April 7, 2017","8:20 AM","Oregon","WECC","Loss of electric service to more than 50,000 customers for 1 hour or more","Severe Weather","100","64852"
"April","April 13, 2017","7:50 AM","April 13, 2017","8:07 AM","Washington: Pierce County,WECC","WECC","Physical attack that causes major interruptions or impacts to critical infrastructure facilities or to operations","Sabotage","53","10000"
"April","April 17, 2017","9:25 AM","April 17, 2017","9:26 AM","Utah: Emery County,WECC","WECC","Physical attack that could potentially impact electric power system adequacy or reliability; or vandalism which targets components of any security systems","Sabotage","0","0"
"April","April 20, 2017","4:00 PM","April 20, 2017","6:00 PM","Wyoming: Converse County,WECC","WECC","Physical attack that could potentially impact electric power system adequacy or reliability; or vandalism which targets components of any security systems","Vandalism","0","0"
"April","April 21, 2017","10:34 AM","April 21, 2017","3:55 PM","Kentucky: Bullitt County,SERC","SERC","Physical attack that could potentially impact electric power system adequacy or reliability; or vandalism which targets components of any security systems","Vandalism","0","0"
"April","April 21, 2017","9:06 AM","April 21, 2017","5:45 PM","California: San Francisco, City and County of[10]","WECC","Loss of electric service to more than 50,000 customers for 1 hour or more","System Operations","130","88000"
"April","April 23, 2017","11:55 PM","April 23, 2017","11:56 PM","Oregon: Multnomah County,WECC","WECC","Physical attack that could potentially impact electric power system adequacy or reliability; or vandalism which targets components of any security systems","Vandalism","0","0"
"April","April 24, 2017","5:32 AM","April 24, 2017","6:33 AM","North Carolina: Mecklenburg County,SERC","SERC","Loss of electric service to more than 50,000 customers for 1 hour or more","Severe Weather","240","74698"
"April","April 30, 2017","1:00 AM","April 30, 2017","5:45 PM","Arkansas, Louisiana, Mississippi","SERC","Loss of electric service to more than 50,000 customers for 1 hour or more","Severe Weather","Unknown","145174"
"May","May 1, 2017","11:14 PM","May 1, 2017","11:34 PM","Ohio","RFC","Loss of electric service to more than 50,000 customers for 1 hour or more","Severe Weather","Unknown","92390"
"May","May 3, 2017","7:05 PM","May 3, 2017","9:00 PM","California","WECC","Load shedding of 100 Megawatts or more implemented under emergency operational policy","Generation Inadequacy","878","Unknown"
"May","May 3, 2017","6:58 PM","May 3, 2017","9:15 PM","California","WECC","Load shedding of 100 Megawatts or more implemented under emergency operational policy","Generation Inadequacy","572","0"
"May","May 3, 2017","11:00 PM","Unknown","Unknown","Pennsylvania: Philadelphia County, Montgomery County","RFC","Physical attack that could potentially impact electric power system adequacy or reliability; or vandalism which targets components of any security systems","Vandalism","0","0"
"May","May 4, 2017","5:00 AM","May 4, 2017","10:00 PM","Alabama: Georgia","SERC","Loss of electric service to more than 50,000 customers for 1 hour or more","Severe Weather","200","60377"
"May","May 7, 2017","11:30 PM","May 8, 2017","5:00 AM","Kentucky: Daviess County","SERC","Public appeal to reduce the use of electricity for purposes of maintaining the continuity of the electric power system","Generation Inadequacy","80","0"
"May","May 7, 2017","5:15 AM","Unknown","Unknown","California: Fresno County","WECC","Fuel supply emergencies that could impact electric power system adequacy or reliability","Fuel Supply Deficiency","0","0"
"May","May 11, 2017","11:05 AM","May 11, 2017","1:05 PM","Washington: Yakima County","WECC","Physical attack that could potentially impact electric power system adequacy or reliability; or vandalism which targets components of any security systems","Vandalism","0","0"
"May","May 19, 2017","5:30 AM","Unknown","Unknown","Missouri: St. Louis County","SERC","Loss of electric service to more than 50,000 customers for 1 hour or more","Severe Weather","Unknown","70696"
"May","May 21, 2017","4:44 PM","May 21, 2017","5:43 PM","Idaho: Lincoln County, Jerome County","WECC","Physical attack that could potentially impact electric power system adequacy or reliability; or vandalism which targets components of any security systems","Vandalism","21","9598"
"May","May 23, 2017","5:02 AM","May 23, 2017","8:40 AM","Tennessee: Davidson County","SERC","Physical attack that could potentially impact electric power system adequacy or reliability; or vandalism which targets components of any security systems","Vandalism","10","4700"
"May","May 27, 2017","11:00 PM","Unknown","Unknown","Tennessee: Shelby County, Putnam County, Knox County, Davidson County, Hamilton County; Alabama: Madison County","SERC","Loss of electric service to more than 50,000 customers for 1 hour or more","Severe Weather","Unknown","116000"
"May","May 27, 2017","11:10 PM","Unknown","Unknown","Tennessee: Shelby County","SERC","Loss of electric service to more than 50,000 customers for 1 hour or more","Severe Weather","391","188000"
"May","May 28, 2017","7:30 PM","May 29, 2017","10:00 PM","Louisiana: Texas","SERC","Loss of electric service to more than 50,000 customers for 1 hour or more","Severe Weather","Unknown","103000"
"May","May 28, 2017","4:27 PM","May 28, 2017","4:28 PM","Nevada: Clark County","WECC","Physical attack that could potentially impact electric power system adequacy or reliability; or vandalism which targets components of any security systems","Vandalism","0","0"
"May","May 28, 2017","7:30 PM","May 29, 2017","10:00 PM","Texas: Louisiana","TRE","Loss of electric service to more than 50,000 customers for 1 hour or more","Severe Weather","Unknown","103000"
"June","June 7, 2017","1:12 PM","June 7, 2017","1:13 PM","Washington: Yakima County","WECC","Physical attack that could potentially impact electric power system adequacy or reliability; or vandalism which targets components of any security systems","Vandalism","0","0"
"June","June 11, 2017","1:25 PM","June 11, 2017","7:15 PM","Wisconsin","MRO","Loss of electric service to more than 50,000 customers for 1 hour or more","Severe Weather","Unknown","53610"
"June","June 11, 2017","2:39 PM","June 11, 2017","5:55 PM","Michigan","RFC","Electrical System Separation (Islanding) where part or parts of a power grid remain(s) operational in an otherwise blacked out area or within the partial failure of an integrated electrical system","Transmission Interruption","63","Unknown"
"June","June 11, 2017","7:00 AM","June 11, 2017","11:22 AM","Minnesota","MRO","Loss of electric service to more than 50,000 customers for 1 hour or more","Severe Weather","Unknown","70000"
"June","June 15, 2017","5:00 PM","June 15, 2017","10:00 PM","Alabama, Georgia","SERC","Loss of electric service to more than 50,000 customers for 1 hour or more","Severe Weather","275","82713"
"June","June 16, 2017","8:00 PM","June 17, 2017","6:00 AM","Arkansas","SERC","Loss of electric service to more than 50,000 customers for 1 hour or more","Severe Weather","Unknown","76000"
"June","June 16, 2017","8:00 PM","Unknown","Unknown","Nebraska: Cass County, Douglas County, Sarpy County","MRO","Loss of electric service to more than 50,000 customers for 1 hour or more","Severe Weather","Unknown","76000"
"June","June 17, 2017","9:00 PM","June 18, 2017","7:00 AM","Kansas, Missouri: Jackson County, Platte County, Clay County, Cass County","MRO","Loss of electric service to more than 50,000 customers for 1 hour or more","Severe Weather","Unknown","84737"
"June","June 21, 2017","12:00 AM","June 21, 2017","1:00 AM","Oregon: Baker County","WECC","Physical attack that could potentially impact electric power system adequacy or reliability; or vandalism which targets components of any security systems","Physical Attack","0","0"
"June","June 22, 2017","6:00 PM","June 25, 2017","12:45 PM","Michigan: Wayne County, Monroe County","RFC","Loss of electric service to more than 50,000 customers for 1 hour or more","Severe Weather","Unknown","118631"
"June","June 29, 2017","4:00 AM","Unknown","Unknown","Louisiana: Orleans Parish","SERC","Physical attack that could potentially impact electric power system adequacy or reliability; or vandalism which targets components of any security systems","Vandalism","130","6467"
"June","June 30, 2017","7:45 AM","June 30, 2017","7:46 AM","Idaho: Ada County","WECC","Physical attack that could potentially impact electric power system adequacy or reliability; or vandalism which targets components of any security systems","Vandalism","0","0"
"July","July 6, 2017","12:00 AM","Unknown","Unknown","Idaho: Jerome County","WECC","Physical attack that could potentially impact electric power system adequacy or reliability; or vandalism which targets components of any security systems","Vandalism","0","0"
"July","July 7, 2017","3:30 AM","July 8, 2017","7:30 PM","Michigan: Kent County, Ottawa County, Muskegon County, Barry County, Oceana County, Eaton County","RFC","Loss of electric service to more than 50,000 customers for 1 hour or more","Severe Weather","Unknown","160000"
"July","July 8, 2017","6:52 PM","July 9, 2017","8:00 AM","California: Los Angeles County","WECC","Uncontrolled loss of 300 Megawatts or more of firm system loads for more than 15 minutes from a single incident","Transmission Interruption","645","176867"
"July","July 11, 2017","10:00 AM","July 11, 2017","12:00 PM","Minnesota","MRO","Physical attack that could potentially impact electric power system adequacy or reliability; or vandalism which targets components of any security systems","Vandalism","0","0"
"July","July 12, 2017","12:25 PM","July 15, 2017","9:00 AM","Tennessee","SERC","Physical attack that could potentially impact electric power system adequacy or reliability; or vandalism which targets components of any security systems","Vandalism","0","0"
"July","July 12, 2017","12:25 PM","Unknown","Unknown","Tennessee: Shelby County","SERC","Physical attack that could potentially impact electric power system adequacy or reliability; or vandalism which targets components of any security systems","Vandalism","Unknown","Unknown"
"July","July 18, 2017","4:03 AM","Unknown","Unknown","Missouri","SERC","Physical attack that could potentially impact electric power system adequacy or reliability; or vandalism which targets components of any security systems","Actual Physical Attack","Unknown","700"
"July","July 18, 2017","4:23 PM","July 18, 2017","6:39 PM","Nevada","WECC","Uncontrolled loss of 300 Megawatts or more of firm system loads for more than 15 minutes from a single incident","Severe Weather","0","0"
"July","July 20, 2017","1:00 AM","July 20, 2017","9:46 AM","Utah: Beaver County","WECC","Physical attack that could potentially impact electric power system adequacy or reliability; or vandalism which targets components of any security systems","Vandalism","0","0"
"July","July 22, 2017","10:00 PM","July 23, 2017","12:00 PM","Missouri: Clay County, Jackson County, Lafayette County, Platte County; Kansas: Johnson County, Miami County, Wyandotte County","SERC","Loss of electric service to more than 50,000 customers for 1 hour or more","Severe Weather","Unknown","112540"
"July","July 22, 2017","10:00 PM","Unknown","Unknown","Missouri","SERC","Loss of electric service to more than 50,000 customers for 1 hour or more","Severe Weather","Unknown","131000"
"July","July 22, 2017","10:00 PM","Unknown","Unknown","Missouri","SERC","Loss of electric service to more than 50,000 customers for 1 hour or more","Severe Weather","Unknown","115000"
"July","July 23, 2017","4:00 AM","Unknown","Unknown","Missouri: Illinois","SERC","Loss of electric service to more than 50,000 customers for 1 hour or more","Severe Weather","Unknown","82000"
"July","July 27, 2017","6:00 AM","July 27, 2017","11:29 AM","California: Butte County","WECC","Fuel supply emergencies that could impact electric power system adequacy or reliability","Fuel Supply Deficiency","0","0"
"August","August 5, 2017","1:20 PM","August 5, 2017","2:20 PM","California: Humboldt County","WECC","Physical attack that could potentially impact electric power system adequacy or reliability; or vandalism which targets components of any security systems","Vandalism","0","0"
"August","August 21, 2017","11:41 PM","August 22, 2017","12:21 AM","California: Plumas County","WECC","Electrical System Separation (Islanding) where part or parts of a power grid remain(s) operational in an otherwise blacked out area or within the partial failure of an integrated electrical system","System Operations","1","2"
"August","August 25, 2017","6:30 PM","September 5, 2017","5:00 PM","Texas","TRE","Loss of electric service to more than 50,000 customers for 1 hour or more","Severe Weather","Unknown","330000"
"August","August 25, 2017","6:17 PM","September 2, 2017","5:00 PM","Texas: Matagorda County, Nueces County, Aransas County, Refugio County, San Patricio County, Calhoun County, Victoria County, Jackson County, Live Oak County, Jim Wells County, Bee County, Lavaca County","TRE","Loss of electric service to more than 50,000 customers for 1 hour or more","Severe Weather","Unknown","220400"
"August","August 26, 2017","6:26 AM","September 8, 2017","12:00 AM","Texas","TRE","Loss of electric service to more than 50,000 customers for 1 hour or more","Severe Weather","Unknown","1076868"
"August","August 26, 2017","12:39 AM","August 26, 2017","12:52 AM","Texas","TRE","Electrical System Separation (Islanding) where part or parts of a power grid remain(s) operational in an otherwise blacked out area or within the partial failure of an integrated electrical system","Severe Weather","Unknown","Unknown"
"August","August 27, 2017","5:10 AM","September 8, 2017","12:00 AM","Texas: Harris County","TRE","Loss of electric service to more than 50,000 customers for 1 hour or more","Severe Weather","Unknown","1076868"
"August","August 30, 2017","2:15 AM","Unknown","Unknown","Texas","TRE","Loss of electric service to more than 50,000 customers for 1 hour or more","Severe Weather","Unknown","78500"
"August","August 31, 2017","2:49 PM","August 31, 2017","5:14 PM","California: Los Angeles County","WECC","Load shedding of 100 Megawatts or more implemented under emergency operational policy","Severe Weather","100","0"
"September","September 1, 2017","3:41 PM","September 1, 2017","8:30 PM","California","WECC","Load shedding of 100 Megawatts or more implemented under emergency operational policy","Severe Weather","337","0"
"September","September 9, 2017","12:00 AM","Unknown","Unknown","Florida: Hillsborough County, Pasco County, Polk County","FRCC","Loss of electric service to more than 50,000 customers for 1 hour or more","Severe Weather","1275","425000"
"September","September 9, 2017","12:30 PM","Unknown","Unknown","Florida","FRCC","Loss of electric service to more than 50,000 customers for 1 hour or more","Severe Weather","Unknown","3500000"
"September","September 10, 2017","8:37 PM","Unknown","Unknown","Florida","FRCC","Loss of electric service to more than 50,000 customers for 1 hour or more","Severe Weather","Unknown","452555"
"September","September 10, 2017","6:35 PM","September 13, 2017","5:00 PM","Florida: Alachua County, Bay County, Brevard County, Citrus County, Columbia County, Dixie County, Flagler County, Franklin County, Gilchrist County, Gulf County, Hamilton County, Hardee County, Hernando County, Highlands County, Jefferson County, Lafayette County, Lake County, Leon County, Levy County, Madison"
