"```csv"
"surveyYear","recordDate","questionId","surveyQuestion","respondentCount","verySatisfiedPercent","satisfiedPercent","neutralPercent","dissatisfiedPercent","veryDissatisfiedPercent","combinedSatisfiedPercent","recordId"
"Year2017","Oct 31 2017","Q7-13","Overall quality of customer service","882","22.2%","47.6%","25.0%","3.2%","2.1%","69.8%","1"
"Year2016","Oct 31 2016","Q26","Overall quality of customer service","1202","22.4%","47.8%","23.4%","4.4%","2.1%","70.2%","2"
"Year2015","Oct 31 2015","No Survey","Survey Not Conducted","99999","100000%","100000%","100000%","100000%","100000%","100000%","3"
"Year2014","Oct 31 2014","Q10b","How easy was the City to contact","493","36.0%","46.1%","8.3%","7.4%","2.3%","82.0%","4"
"Year2014","Oct 31 2014","Q10c","The way you were treated","493","44.2%","40.3%","8.8%","4.7%","2.1%","84.4%","5"
"Year2014","Oct 31 2014","Q10d","The accuracy of the information you were given","493","36.8%","40.6%","14.1%","6.5%","2.1%","77.3%","6"
"Year2014","Oct 31 2014","Q10e","How quickly staff responded to your request","493","38.1%","37.6%","13.1%","7.7%","3.5%","75.7%","7"
"Year2014","Oct 31 2014","Q10f","How well your issue was handled","493","38.0%","34.6%","12.5%","9.0%","6.0%","72.5%","8"
"Year2013","Oct 31 2013","Q14b","How easy was the City to contact","428","37.7%","44.3%","8.1%","7.6%","2.4%","82.0%","9"
"Year2013","Oct 31 2013","Q14c","The way you were treated","428","44.5%","40.1%","8.2%","4.1%","3.1%","84.6%","10"
"Year2013","Oct 31 2013","Q14d","The accuracy of the information you were given","428","39.6%","39.3%","13.2%","4.6%","3.4%","78.8%","11"
"Year2013","Oct 31 2013","Q14e","How quickly staff responded to your request","428","40.0%","37.8%","9.4%","6.3%","6.5%","77.8%","12"
"Year2013","Oct 31 2013","Q14f","How well your issue was handled","428","37.2%","37.2%","9.9%","8.5%","7.3%","74.4%","13"
"Year2012","Oct 31 2012","Q14b","How easy was the city to contact","403","36%","46%","8%","6%","4%","82%","14"
"Year2012","Oct 31 2012","Q14c","The way you were treated","403","44%","38%","11%","4%","3%","82%","15"
"Year2012","Oct 31 2012","Q14d","The accuracy of the information you were given","403","40%","37%","11%","8%","4%","77%","16"
"Year2012","Oct 31 2012","Q14e","How quickly responded to request","403","39%","38%","10%","7%","6%","77%","17"
"Year2012","Oct 31 2012","Q14f","How well issue was handled","403","40%","34%","11%","9%","7%","74%","18"
"Year2011","Oct 31 2011","Q14b","How easy was the contact","416","33.2%","44.3%","13.1%","7.8%","1.7%","77.5%","19"
"Year2011","Oct 31 2011","Q14c","The way you were treated","416","42.8%","38.7%","11.7%","4.6%","2.2%","81.5%","20"
"Year2011","Oct 31 2011","Q14d","Accuracy of information you were given","416","38.4%","38.1%","14.8%","5.3%","3.5%","76.4%","21"
"Year2011","Oct 31 2011","Q14e","How quickly staff responded to your request","416","36.5%","37.8%","13.3%","6.7%","5.7%","74.3%","22"
"Year2011","Oct 31 2011","Q14f","How well your issue was handled","416","37.1%","34.8%","12.7%","8.5%","7.0%","71.9%","23"
"Year2010","Oct 31 2010","Q14B","How easy was the city to contact","424","37.7%","43.0%","10.6%","6.8%","1.9%","80.7%","24"
"Year2010","Oct 31 2010","Q14C","The way you were treated","424","41.6%","40.1%","12.0%","3.9%","2.4%","81.7%","25"
"Year2010","Oct 31 2010","Q14D","Accuracy of information you were given","424","37.6%","39.1%","12.8%","6.6%","3.9%","76.7%","26"
"Year2010","Oct 31 2010","Q14E","How quickly staff responded to your request","424","39.5%","32.2%","16.1%","5.4%","6.8%","71.7%","27"
"Year2010","Oct 31 2010","Q14F","How well your issue was handled","424","36.3%","32.0%","16.0%","7.5%","8.2%","68.3%","28"
"```"
