"```csv"
"ReportingYear","Year1984","Unnamed2","Unnamed3","Unnamed4"
"","","","",""
"IndicatorSummary","","","IndicatorTitle",""
"CountryName","CountryISOCode","IndicatorCd","TotalPopulation","OverallTotal"
"Afghanistan","AFG","SP-POP-TOTL","11.2M","11190221"
"Africa Eastern and Southern","AFE","SP-POP-TOTL","261.5M","261458202"
"Africa Western and Central","AFW","SP-POP-TOTL","177.9M","177880746"
"Albania","ALB","SP-POP-TOTL","2.9M","2904429"
"Algeria","DZA","SP-POP-TOTL","21.3M","21271969"
"American Samoa","ASM","SP-POP-TOTL","37.7K","37667"
"Andorra","AND","SP-POP-TOTL","42.3K","42273"
"Angola","AGO","SP-POP-TOTL","9.4M","9425917"
"Antigua and Barbuda","ATG","SP-POP-TOTL","64.9K","64882"
"Arab World","ARB","SP-POP-TOTL","186.7M","186733957"
"Argentina","ARG","SP-POP-TOTL","29.9M","29863093"
"Armenia","ARM","SP-POP-TOTL","3.2M","3224547"
"Aruba","ABW","SP-POP-TOTL","62.9K","62901"
"Australia","AUS","SP-POP-TOTL","15.6M","15579391"
"Austria","AUT","SP-POP-TOTL","7.6M","7561434"
"Azerbaijan","AZE","SP-POP-TOTL","6.6M","6567850"
"Bahamas, The","BHS","SP-POP-TOTL","248.9K","248863"
"Bahrain","BHR","SP-POP-TOTL","415.2K","415154"
"Bangladesh","BGD","SP-POP-TOTL","97.8M","97814966"
"Barbados","BRB","SP-POP-TOTL","254.9K","254920"
"Belarus","BLR","SP-POP-TOTL","9.9M","9910000"
"Belgium","BEL","SP-POP-TOTL","9.9M","9855372"
"Belize","BLZ","SP-POP-TOTL","160.0K","160044"
"Benin","BEN","SP-POP-TOTL","4.4M","4405895"
"Bermuda","BMU","SP-POP-TOTL","55.2K","55169"
"Bhutan","BTN","SP-POP-TOTL","492.8K","492784"
"Bolivia","BOL","SP-POP-TOTL","6.3M","6281868"
"Bosnia and Herzegovina","BIH","SP-POP-TOTL","4.3M","4295536"
"Botswana","BWA","SP-POP-TOTL","1.1M","1083660"
"Brazil","BRA","SP-POP-TOTL","132.7M","132658864"
"British Virgin Islands","VGB","SP-POP-TOTL","12.8K","12820"
"Brunei Darussalam","BRN","SP-POP-TOTL","211.7K","211661"
"Bulgaria","BGR","SP-POP-TOTL","9.0M","8960679"
"Burkina Faso","BFA","SP-POP-TOTL","7.8M","7772256"
"Burundi","BDI","SP-POP-TOTL","4.9M","4926465"
"Cabo Verde","CPV","SP-POP-TOTL","342.5K","342505"
"Cambodia","KHM","SP-POP-TOTL","5.8M","5845117"
"Cameroon","CMR","SP-POP-TOTL","9.5M","9475078"
"Canada","CAN","SP-POP-TOTL","25.6M","25607053"
"Caribbean small states","CSS","SP-POP-TOTL","2.3M","2329434"
"Cayman Islands","CYM","SP-POP-TOTL","20.5K","20454"
"Central African Republic","CAF","SP-POP-TOTL","2.6M","2568610"
"Central Europe and the Baltics","CEB","SP-POP-TOTL","108.8M","108838073"
"Chad","TCD","SP-POP-TOTL","5.0M","5045145"
"Channel Islands","CHI","SP-POP-TOTL","134.7K","134727"
"Chile","CHL","SP-POP-TOTL","12.2M","12207733"
"China","CHN","SP-POP-TOTL","1.0B","1036825000"
"Colombia","COL","SP-POP-TOTL","28.6M","28642690"
"Comoros","COM","SP-POP-TOTL","377.6K","377637"
"Congo, Dem. Rep.","COD","SP-POP-TOTL","30.2M","30245081"
"Congo, Rep.","COG","SP-POP-TOTL","2.0M","1999528"
"Costa Rica","CRI","SP-POP-TOTL","2.7M","2667595"
"Cote d'Ivoire","CIV","SP-POP-TOTL","9.7M","9650516"
"Croatia","HRV","SP-POP-TOTL","4.7M","4680285"
"Cuba","CUB","SP-POP-TOTL","10.1M","10073299"
"Curacao","CUW","SP-POP-TOTL","151.9K","151940"
"Cyprus","CYP","SP-POP-TOTL","719.3K","719334"
"Czechia","CZE","SP-POP-TOTL","10.3M","10330213"
"Denmark","DNK","SP-POP-TOTL","5.2M","5111619"
"Djibouti","DJI","SP-POP-TOTL","384.1K","384053"
"Dominica","DMA","SP-POP-TOTL","72.1K","72056"
"Dominican Republic","DOM","SP-POP-TOTL","6.3M","6289040"
"Early-demographic dividend","EAR","SP-POP-TOTL","1.8B","1765269111"
"East Asia & Pacific","EAS","SP-POP-TOTL","1.7B","1655262815"
"East Asia & Pacific (excluding high income)","EAP","SP-POP-TOTL","1.5B","1447871073"
"East Asia & Pacific (IDA & IBRD countries)","TEA","SP-POP-TOTL","1.5B","1428557744"
"Ecuador","ECU","SP-POP-TOTL","9.1M","9074782"
"Egypt, Arab Rep.","EGY","SP-POP-TOTL","49.3M","49247334"
"El Salvador","SLV","SP-POP-TOTL","4.8M","4798003"
"Equatorial Guinea","GNQ","SP-POP-TOTL","364.9K","364899"
"Eritrea","ERI","SP-POP-TOTL","1.8M","1771730"
"Estonia","EST","SP-POP-TOTL","1.6M","1518617"
"Eswatini","SWZ","SP-POP-TOTL","680.8K","680783"
"Ethiopia","ETH","SP-POP-TOTL","38.8M","38735722"
"Euro area","EMU","SP-POP-TOTL","310.0M","310046458"
"Europe & Central Asia","ECS","SP-POP-TOTL","814.9M","814856984"
"Europe & Central Asia (excluding high income)","ECA","SP-POP-TOTL","191.8M","191755370"
"Europe & Central Asia (IDA & IBRD countries)","TEC","SP-POP-TOTL","407.7M","407686015"
"European Union","EUU","SP-POP-TOTL","413.0M","412998350"
"Faroe Islands","FRO","SP-POP-TOTL","45.1K","45141"
"Fiji","FJI","SP-POP-TOTL","706.7K","706716"
"Finland","FIN","SP-POP-TOTL","4.9M","4881803"
"Fragile and conflict affected situations","FCS","SP-POP-TOTL","423.9M","423879999"
"France","FRA","SP-POP-TOTL","56.4M","56383085"
"French Polynesia","PYF","SP-POP-TOTL","176.5K","176469"
"Gabon","GAB","SP-POP-TOTL","833.5K","833501"
"Gambia, The","GMB","SP-POP-TOTL","825.6K","825631"
"Georgia","GEO","SP-POP-TOTL","4.6M","4622200"
"Germany","DEU","SP-POP-TOTL","77.9M","77858685"
"Ghana","GHA","SP-POP-TOTL","13.4M","13370590"
"Gibraltar","GIB","SP-POP-TOTL","28.6K","28643"
"Greece","GRC","SP-POP-TOTL","9.9M","9895801"
"Greenland","GRL","SP-POP-TOTL","52.7K","52700"
"Grenada","GRD","SP-POP-TOTL","95.5K","95498"
"Guam","GUM","SP-POP-TOTL","121.3K","121302"
"Guatemala","GTM","SP-POP-TOTL","7.7M","7630682"
"Guinea","GIN","SP-POP-TOTL","5.5M","5480096"
"Guinea-Bissau","GNB","SP-POP-TOTL","883.5K","883519"
"Guyana","GUY","SP-POP-TOTL","774.1K","774111"
"Haiti","HTI","SP-POP-TOTL","6.1M","6069230"
"Heavily indebted poor countries (HIPC)","HPC","SP-POP-TOTL","307.0M","306943902"
"High income","HIC","SP-POP-TOTL","1.2B","1133021942"
"Honduras","HND","SP-POP-TOTL","4.2M","4199850"
"Hong Kong SAR, China","HKG","SP-POP-TOTL","5.4M","5397900"
"Hungary","HUN","SP-POP-TOTL","10.7M","10668095"
"IBRD only","IBD","SP-POP-TOTL","3.2B","3094477559"
"Iceland","ISL","SP-POP-TOTL","239.5K","239511"
"IDA & IBRD total","IBT","SP-POP-TOTL","4.0B","3839296592"
"IDA blend","IDB","SP-POP-TOTL","240.3M","240217749"
"IDA only","IDX","SP-POP-TOTL","504.7M","504601284"
"IDA total","IDA","SP-POP-TOTL","744.9M","744819033"
"India","IND","SP-POP-TOTL","754.9M","754875449"
"Indonesia","IDN","SP-POP-TOTL","163.3M","163251124"
"Iran, Islamic Rep.","IRN","SP-POP-TOTL","47.8M","47793998"
"Iraq","IRQ","SP-POP-TOTL","15.4M","15310733"
"Ireland","IRL","SP-POP-TOTL","3.6M","3532423"
"Isle of Man","IMN","SP-POP-TOTL","64.5K","64528"
"Israel","ISR","SP-POP-TOTL","4.2M","4159000"
"Italy","ITA","SP-POP-TOTL","56.6M","56576718"
"Jamaica","JAM","SP-POP-TOTL","2.3M","2264562"
"Japan","JPN","SP-POP-TOTL","120.1M","120083000"
"Jordan","JOR","SP-POP-TOTL","2.7M","2654688"
"Kazakhstan","KAZ","SP-POP-TOTL","15.9M","15844621"
"Kenya","KEN","SP-POP-TOTL","18.6M","18514906"
"Kiribati","KIR","SP-POP-TOTL","65.3K","65228"
"Korea, Dem. People's Rep.","PRK","SP-POP-TOTL","19.4M","19335043"
"Korea, Rep.","KOR","SP-POP-TOTL","40.5M","40405956"
"Kosovo","XKX","SP-POP-TOTL","1.8M","1756818"
"Kuwait","KWT","SP-POP-TOTL","1.9M","1820688"
"Kyrgyz Republic","KGZ","SP-POP-TOTL","3.9M","3916400"
"Lao PDR","LAO","SP-POP-TOTL","3.7M","3637843"
"Late-demographic dividend","LTE","SP-POP-TOTL","1.8B","1688121991"
"Latin America & Caribbean","LCN","SP-POP-TOTL","391.9M","391832861"
"Latin America & Caribbean (excluding high income)","LAC","SP-POP-TOTL","351.2M","351171705"
"Latin America & the Caribbean (IDA & IBRD countries)","TLA","SP-POP-TOTL","377.8M","377777260"
"Latvia","LVA","SP-POP-TOTL","2.6M","2562047"
"Least developed countries: UN classification","LDC","SP-POP-TOTL","446.0M","445947594"
"Lebanon","LBN","SP-POP-TOTL","3.2M","3152744"
"Lesotho","LSO","SP-POP-TOTL","1.6M","1578986"
"Liberia","LBR","SP-POP-TOTL","2.2M","2173312"
"Libya","LBY","SP-POP-TOTL","3.8M","3773633"
"Liechtenstein","LIE","SP-POP-TOTL","26.6K","26596"
"Lithuania","LTU","SP-POP-TOTL","3.6M","3514205"
"Low & middle income","LMY","SP-POP-TOTL","3.7B","3616009004"
"Low income","LIC","SP-POP-TOTL","250.0M","249991057"
"Lower middle income","LMC","SP-POP-TOTL","1.5B","1475538545"
"Luxembourg","LUX","SP-POP-TOTL","366.0K","365998"
"Macao SAR, China","MAC","SP-POP-TOTL","282.9K","282850"
"Madagascar","MDG","SP-POP-TOTL","10.2M","10134550"
"Malawi","MWI","SP-POP-TOTL","7.4M","7332810"
"Malaysia","MYS","SP-POP-TOTL","14.8M","14759009"
"Maldives","MDV","SP-POP-TOTL","184.2K","184198"
"Mali","MLI","SP-POP-TOTL","8.3M","8208599"
"Malta","MLT","SP-POP-TOTL","330.6K","330593"
"Marshall Islands","MHL","SP-POP-TOTL","36.3K","36264"
"Mauritania","MRT","SP-POP-TOTL","1.7M","1653693"
"Mauritius","MUS","SP-POP-TOTL","1.1M","1012221"
"Mexico","MEX","SP-POP-TOTL","73.6M","73506846"
"Micronesia, Fed. Sts.","FSM","SP-POP-TOTL","87.2K","87176"
"Middle East & North Africa","MEA","SP-POP-TOTL","211.1M","211011301"
"Middle East & North Africa (excluding high income)","MNA","SP-POP-TOTL","193.8M","193686969"
"Middle East & North Africa (IDA & IBRD countries)","TMN","SP-POP-TOTL","193.8M","193686969"
"Middle income","MIC","SP-POP-TOTL","3.5B","3366017947"
"Moldova","MDA","SP-POP-TOTL","2.9M","2820518"
"Monaco","MCO","SP-POP-TOTL","28.4K","28356"
"Mongolia","MNG","SP-POP-TOTL","1.9M","1874349"
"Montenegro","MNE","SP-POP-TOTL","600.9K","600884"
"Morocco","MAR","SP-POP-TOTL","21.7M","21593778"
"Mozambique","MOZ","SP-POP-TOTL","12.4M","12315954"
"Myanmar","MMR","SP-POP-TOTL","35.9M","35899313"
"Namibia","NAM","SP-POP-TOTL","1.1M","1065989"
"Nauru","NRU","SP-POP-TOTL","8.4K","8377"
"Nepal","NPL","SP-POP-TOTL","17.2M","17085242"
"Netherlands","NLD","SP-POP-TOTL","14.5M","14424211"
"New Caledonia","NCL","SP-POP-TOTL","157.6K","157583"
"New Zealand","NZL","SP-POP-TOTL","3.3M","3227100"
"Nicaragua","NIC","SP-POP-TOTL","3.7M","3619104"
"Niger","NER","SP-POP-TOTL","7.0M","6909971"
"Nigeria","NGA","SP-POP-TOTL","82.6M","82526443"
"North America","NAC","SP-POP-TOTL","261.5M","261487222"
"North Macedonia","MKD","SP-POP-TOTL","2.1M","2003399"
"Northern Mariana Islands","MNP","SP-POP-TOTL","27.6K","27575"
"Norway","NOR","SP-POP-TOTL","4.2M","4140099"
"OECD members","OED","SP-POP-TOTL","1.1B","1054395892"
"Oman","OMN","SP-POP-TOTL","1.3M","1247716"
"Other small states","OSS","SP-POP-TOTL","8.4M","8390169"
"Pacific island small states","PSS","SP-POP-TOTL","1.6M","1590058"
"Pakistan","PAK","SP-POP-TOTL","95.2M","95164936"
"Palau","PLW","SP-POP-TOTL","13.3K","13337"
"Panama","PAN","SP-POP-TOTL","2.2M","2150782"
"Papua New Guinea","PNG","SP-POP-TOTL","3.5M","3405198"
"Paraguay","PRY","SP-POP-TOTL","3.5M","3412936"
"Peru","PER","SP-POP-TOTL","19.3M","19174716"
"Philippines","PHL","SP-POP-TOTL","53.8M","53726181"
"Poland","POL","SP-POP-TOTL","37.0M","36904134"
"Portugal","PRT","SP-POP-TOTL","10.0M","9996232"
"Post-demographic dividend","PST","SP-POP-TOTL","931.7M","931624894"
"Pre-demographic dividend","PRE","SP-POP-TOTL","359.3M","359259708"
"Puerto Rico","PRI","SP-POP-TOTL","3.4M","3344190"
"Qatar","QAT","SP-POP-TOTL","347.9K","347878"
"Romania","ROU","SP-POP-TOTL","22.7M","22640547"
"Russian Federation","RUS","SP-POP-TOTL","142.8M","142745000"
"Rwanda","RWA","SP-POP-TOTL","6.2M","6107627"
"Samoa","WSM","SP-POP-TOTL","166.8K","166796"
"San Marino","SMR","SP-POP-TOTL","22.3K","22346"
"Sao Tome and Principe","STP","SP-POP-TOTL","106.4K","106394"
"Saudi Arabia","SAU","SP-POP-TOTL","7.7M","7697307"
"Senegal","SEN","SP-POP-TOTL","6.6M","6499364"
"Serbia","SRB","SP-POP-TOTL","7.9M","7813549"
"Seychelles","SYC","SP-POP-TOTL","64.7K","64717"
"Sierra Leone","SLE","SP-POP-TOTL","3.6M","3558758"
"Singapore","SGP","SP-POP-TOTL","2.8M","2732221"
"Sint Maarten (Dutch part)","SXM","SP-POP-TOTL","17.7K","17694"
"Slovak Republic","SVK","SP-POP-TOTL","5.2M","5127097"
"Slovenia","SVN","SP-POP-TOTL","2.0M","1932154"
"Small states","SST","SP-POP-TOTL","12.4M","12309661"
"Solomon Islands","SLB","SP-POP-TOTL","273.2K","273163"
"Somalia","SOM","SP-POP-TOTL","6.5M","6428389"
"South Africa","ZAF","SP-POP-TOTL","33.9M","33892788"
"South Asia","SAS","SP-POP-TOTL","992.3M","992249656"
"South Asia (IDA & IBRD)","TSA","SP-POP-TOTL","992.3M","992249656"
"South Sudan","SSD","SP-POP-TOTL","4.8M","4750627"
"Spain","ESP","SP-POP-TOTL","38.4M","38330364"
"Sri Lanka","LKA","SP-POP-TOTL","15.5M","15441860"
"St. Kitts and Nevis","KNA","SP-POP-TOTL","42.2K","42113"
"St. Lucia","LCA","SP-POP-TOTL","127.1K","127067"
"St. Martin (French part)","MAF","SP-POP-TOTL","13.8K","13733"
"St. Vincent and the Grenadines","VCT","SP-POP-TOTL","107.7K","107687"
"Sub-Saharan Africa","SSF","SP-POP-TOTL","439.4M","439338948"
"Sub-Saharan Africa (excluding high income)","SSA","SP-POP-TOTL","439.3M","439274231"
"Sub-Saharan Africa (IDA & IBRD countries)","TSS","SP-POP-TOTL","439.4M","439338948"
"Sudan","SDN","SP-POP-TOTL","19.6M","19546528"
"Suriname","SUR","SP-POP-TOTL","382.2K","382193"
"Sweden","SWE","SP-POP-TOTL","8.4M","8336605"
"Switzerland","CHE","SP-POP-TOTL","6.5M","6441865"
"Syrian Arab Republic","SYR","SP-POP-TOTL","10.3M","10258398"
"Tajikistan","TJK","SP-POP-TOTL","4.5M","4480026"
"Tanzania","TZA","SP-POP-TOTL","21.8M","21779066"
"Thailand","THA","SP-POP-TOTL","49.4M","49351708"
"Timor-Leste","TLS","SP-POP-TOTL","686.8K","686777"
"Togo","TGO","SP-POP-TOTL","3.4M","3332837"
"Tonga","TON","SP-POP-TOTL","98.0K","97990"
"Trinidad and Tobago","TTO","SP-POP-TOTL","1.2M","1172984"
"Tunisia","TUN","SP-POP-TOTL","7.3M","7220044"
"Turkiye","TUR","SP-POP-TOTL","49.6M","49574069"
"Turkmenistan","TKM","SP-POP-TOTL","3.2M","3154079"
"Turks and Caicos Islands","TCA","SP-POP-TOTL","9.1K","9107"
"Tuvalu","TUV","SP-POP-TOTL","7.9K","7902"
"Uganda","UGA","SP-POP-TOTL","14.7M","14607677"
"Ukraine","UKR","SP-POP-TOTL","50.9M","50887599"
"United Arab Emirates","ARE","SP-POP-TOTL","1.4M","1305996"
"United Kingdom","GBR","SP-POP-TOTL","56.5M","56422072"
"United States","USA","SP-POP-TOTL","235.9M","235825000"
"Upper middle income","UMC","SP-POP-TOTL","1.9B","1890479402"
"Uruguay","URY","SP-POP-TOTL","3.1M","3002488"
"Uzbekistan","UZB","SP-POP-TOTL","17.5M","17378846"
"Vanuatu","VUT","SP-POP-TOTL","127.2K","127109"
"Venezuela, RB","VEN","SP-POP-TOTL","17.1M","17008841"
"Viet Nam","VNM","SP-POP-TOTL","57.8M","57706067"
"Virgin Islands (U.S.)","VIR","SP-POP-TOTL","100.7K","100600"
"World","WLD","SP-POP-TOTL","4.8B","4766039787"
"Yemen, Rep.","YEM","SP-POP-TOTL","11.1M","11025597"
"Zambia","ZMB","SP-POP-TOTL","6.6M","6580490"
"Zimbabwe","ZWE","SP-POP-TOTL","8.5M","8391488"
"Grand Total","","","49.4B","49354734261"
"```"
