Year,1975,Unnamed: 2,Unnamed: 3,Unnamed: 4
,,,,
Sum of Population,,,Indicator Name,
Country Name,Country Code,Indicator Code,"Population, total",Grand Total
Afghanistan,AFG,SP.POP.TOTL,12773954,12773954
Africa Eastern and Southern,AFE,SP.POP.TOTL,198914573,198914573
Africa Western and Central,AFW,SP.POP.TOTL,138569918,138569918
Albania,ALB,SP.POP.TOTL,2404831,2404831
Algeria,DZA,SP.POP.TOTL,15678596,15678596
American Samoa,ASM,SP.POP.TOTL,29390,29390
Andorra,AND,SP.POP.TOTL,27773,27773
Angola,AGO,SP.POP.TOTL,6842947,6842947
Antigua and Barbuda,ATG,SP.POP.TOTL,63839,63839
Arab World,ARB,SP.POP.TOTL,139495837,139495837
Argentina,ARG,SP.POP.TOTL,25874107,25874107
Armenia,ARM,SP.POP.TOTL,2743660,2743660
Aruba,ABW,SP.POP.TOTL,58295,58295
Australia,AUS,SP.POP.TOTL,13893000,13893000
Austria,AUT,SP.POP.TOTL,7578903,7578903
Azerbaijan,AZE,SP.POP.TOTL,5689050,5689050
"Bahamas, The",BHS,SP.POP.TOTL,209886,209886
Bahrain,BHR,SP.POP.TOTL,283243,283243
Bangladesh,BGD,SP.POP.TOTL,77854351,77854351
Barbados,BRB,SP.POP.TOTL,251175,251175
Belarus,BLR,SP.POP.TOTL,9367000,9367000
Belgium,BEL,SP.POP.TOTL,9800700,9800700
Belize,BLZ,SP.POP.TOTL,130387,130387
Benin,BEN,SP.POP.TOTL,3445407,3445407
Bermuda,BMU,SP.POP.TOTL,53129,53129
Bhutan,BTN,SP.POP.TOTL,365791,365791
Bolivia,BOL,SP.POP.TOTL,5137539,5137539
Bosnia and Herzegovina,BIH,SP.POP.TOTL,3965743,3965743
Botswana,BWA,SP.POP.TOTL,720380,720380
Brazil,BRA,SP.POP.TOTL,107619565,107619565
British Virgin Islands,VGB,SP.POP.TOTL,10606,10606
Brunei Darussalam,BRN,SP.POP.TOTL,158070,158070
Bulgaria,BGR,SP.POP.TOTL,8720742,8720742
Burkina Faso,BFA,SP.POP.TOTL,6147569,6147569
Burundi,BDI,SP.POP.TOTL,3796612,3796612
Cabo Verde,CPV,SP.POP.TOTL,305847,305847
Cambodia,KHM,SP.POP.TOTL,6581371,6581371
Cameroon,CMR,SP.POP.TOTL,7397120,7397120
Canada,CAN,SP.POP.TOTL,23143275,23143275
Caribbean small states,CSS,SP.POP.TOTL,2216264,2216264
Cayman Islands,CYM,SP.POP.TOTL,13788,13788
Central African Republic,CAF,SP.POP.TOTL,2313916,2313916
Central Europe and the Baltics,CEB,SP.POP.TOTL,102860571,102860571
Chad,TCD,SP.POP.TOTL,4167234,4167234
Channel Islands,CHI,SP.POP.TOTL,128781,128781
Chile,CHL,SP.POP.TOTL,10671559,10671559
China,CHN,SP.POP.TOTL,916395000,916395000
Colombia,COL,SP.POP.TOTL,23344644,23344644
Comoros,COM,SP.POP.TOTL,287692,287692
"Congo, Dem. Rep.",COD,SP.POP.TOTL,23021101,23021101
"Congo, Rep.",COG,SP.POP.TOTL,1627032,1627032
Costa Rica,CRI,SP.POP.TOTL,2092719,2092719
Cote d'Ivoire,CIV,SP.POP.TOTL,6776297,6776297
Croatia,HRV,SP.POP.TOTL,4512082,4512082
Cuba,CUB,SP.POP.TOTL,9479726,9479726
Curacao,CUW,SP.POP.TOTL,149129,149129
Cyprus,CYP,SP.POP.TOTL,659405,659405
Czechia,CZE,SP.POP.TOTL,10058620,10058620
Denmark,DNK,SP.POP.TOTL,5059862,5059862
Djibouti,DJI,SP.POP.TOTL,209908,209908
Dominica,DMA,SP.POP.TOTL,71570,71570
Dominican Republic,DOM,SP.POP.TOTL,5046776,5046776
Early-demographic dividend,EAR,SP.POP.TOTL,1407636737,1407636737
East Asia & Pacific,EAS,SP.POP.TOTL,1439633651,1439633651
East Asia & Pacific (excluding high income),EAP,SP.POP.TOTL,1252174248,1252174248
East Asia & Pacific (IDA & IBRD countries),TEA,SP.POP.TOTL,1235222835,1235222835
Ecuador,ECU,SP.POP.TOTL,7118251,7118251
"Egypt, Arab Rep.",EGY,SP.POP.TOTL,38875327,38875327
El Salvador,SLV,SP.POP.TOTL,4120449,4120449
Equatorial Guinea,GNQ,SP.POP.TOTL,287901,287901
Eritrea,ERI,SP.POP.TOTL,1408210,1408210
Estonia,EST,SP.POP.TOTL,1429352,1429352
Eswatini,SWZ,SP.POP.TOTL,507673,507673
Ethiopia,ETH,SP.POP.TOTL,31723252,31723252
Euro area,EMU,SP.POP.TOTL,300516726,300516726
Europe & Central Asia,ECS,SP.POP.TOTL,768080678,768080678
Europe & Central Asia (excluding high income),ECA,SP.POP.TOTL,168594458,168594458
Europe & Central Asia (IDA & IBRD countries),TEC,SP.POP.TOTL,371336064,371336064
European Union,EUU,SP.POP.TOTL,398397694,398397694
Faroe Islands,FRO,SP.POP.TOTL,40568,40568
Fiji,FJI,SP.POP.TOTL,575906,575906
Finland,FIN,SP.POP.TOTL,4711440,4711440
Fragile and conflict affected situations,FCS,SP.POP.TOTL,343774977,343774977
France,FRA,SP.POP.TOTL,54002853,54002853
French Polynesia,PYF,SP.POP.TOTL,134045,134045
Gabon,GAB,SP.POP.TOTL,662197,662197
"Gambia, The",GMB,SP.POP.TOTL,606821,606821
Georgia,GEO,SP.POP.TOTL,4311200,4311200
Germany,DEU,SP.POP.TOTL,78673554,78673554
Ghana,GHA,SP.POP.TOTL,10294308,10294308
Gibraltar,GIB,SP.POP.TOTL,27951,27951
Greece,GRC,SP.POP.TOTL,9046541,9046541
Greenland,GRL,SP.POP.TOTL,49600,49600
Grenada,GRD,SP.POP.TOTL,98126,98126
Guam,GUM,SP.POP.TOTL,99057,99057
Guatemala,GTM,SP.POP.TOTL,6128731,6128731
Guinea,GIN,SP.POP.TOTL,4653876,4653876
Guinea-Bissau,GNB,SP.POP.TOTL,650966,650966
Guyana,GUY,SP.POP.TOTL,745393,745393
Haiti,HTI,SP.POP.TOTL,5099086,5099086
Heavily indebted poor countries (HIPC),HPC,SP.POP.TOTL,242344150,242344150
High income,HIC,SP.POP.TOTL,1058379274,1058379274
Honduras,HND,SP.POP.TOTL,3193234,3193234
"Hong Kong SAR, China",HKG,SP.POP.TOTL,4461600,4461600
Hungary,HUN,SP.POP.TOTL,10540525,10540525
IBRD only,IBD,SP.POP.TOTL,2613194091,2613194091
Iceland,ISL,SP.POP.TOTL,217979,217979
IDA & IBRD total,IBT,SP.POP.TOTL,3197494325,3197494325
IDA blend,IDB,SP.POP.TOTL,180809761,180809761
IDA only,IDX,SP.POP.TOTL,403490473,403490473
IDA total,IDA,SP.POP.TOTL,584300234,584300234
India,IND,SP.POP.TOTL,611309535,611309535
Indonesia,IDN,SP.POP.TOTL,131843848,131843848
"Iran, Islamic Rep.",IRN,SP.POP.TOTL,33802973,33802973
Iraq,IRQ,SP.POP.TOTL,11543639,11543639
Ireland,IRL,SP.POP.TOTL,3189550,3189550
Isle of Man,IMN,SP.POP.TOTL,59959,59959
Israel,ISR,SP.POP.TOTL,3455000,3455000
Italy,ITA,SP.POP.TOTL,55441001,55441001
Jamaica,JAM,SP.POP.TOTL,2018981,2018981
Japan,JPN,SP.POP.TOTL,111573000,111573000
Jordan,JOR,SP.POP.TOTL,1899055,1899055
Kazakhstan,KAZ,SP.POP.TOTL,13700843,13700843
Kenya,KEN,SP.POP.TOTL,13511671,13511671
Kiribati,KIR,SP.POP.TOTL,60987,60987
"Korea, Dem. People's Rep.",PRK,SP.POP.TOTL,16971055,16971055
"Korea, Rep.",KOR,SP.POP.TOTL,35280725,35280725
Kosovo,XKX,SP.POP.TOTL,1397686,1397686
Kuwait,KWT,SP.POP.TOTL,1104863,1104863
Kyrgyz Republic,KGZ,SP.POP.TOTL,3292400,3292400
Lao PDR,LAO,SP.POP.TOTL,3005521,3005521
Late-demographic dividend,LTE,SP.POP.TOTL,1478265786,1478265786
Latin America & Caribbean,LCN,SP.POP.TOTL,321203546,321203546
Latin America & Caribbean (excluding high income),LAC,SP.POP.TOTL,287001121,287001121
Latin America & the Caribbean (IDA & IBRD countries),TLA,SP.POP.TOTL,308171037,308171037
Latvia,LVA,SP.POP.TOTL,2456130,2456130
Least developed countries: UN classification,LDC,SP.POP.TOTL,356845675,356845675
Lebanon,LBN,SP.POP.TOTL,2693191,2693191
Lesotho,LSO,SP.POP.TOTL,1213643,1213643
Liberia,LBR,SP.POP.TOTL,1670913,1670913
Libya,LBY,SP.POP.TOTL,2571556,2571556
Liechtenstein,LIE,SP.POP.TOTL,23846,23846
Lithuania,LTU,SP.POP.TOTL,3301652,3301652
Low & middle income,LMY,SP.POP.TOTL,2990474924,2990474924
Low income,LIC,SP.POP.TOTL,199687439,199687439
Lower middle income,LMC,SP.POP.TOTL,1176045425,1176045425
Luxembourg,LUX,SP.POP.TOTL,358950,358950
"Macao SAR, China",MAC,SP.POP.TOTL,238200,238200
Madagascar,MDG,SP.POP.TOTL,7739336,7739336
Malawi,MWI,SP.POP.TOTL,5287367,5287367
Malaysia,MYS,SP.POP.TOTL,11471914,11471914
Maldives,MDV,SP.POP.TOTL,143158,143158
Mali,MLI,SP.POP.TOTL,6837261,6837261
Malta,MLT,SP.POP.TOTL,304222,304222
Marshall Islands,MHL,SP.POP.TOTL,26154,26154
Mauritania,MRT,SP.POP.TOTL,1277330,1277330
Mauritius,MUS,SP.POP.TOTL,892000,892000
Mexico,MEX,SP.POP.TOTL,58982400,58982400
"Micronesia, Fed. Sts.",FSM,SP.POP.TOTL,67428,67428
Middle East & North Africa,MEA,SP.POP.TOTL,157170677,157170677
Middle East & North Africa (excluding high income),MNA,SP.POP.TOTL,145952255,145952255
Middle East & North Africa (IDA & IBRD countries),TMN,SP.POP.TOTL,145952255,145952255
Middle income,MIC,SP.POP.TOTL,2790787485,2790787485
Moldova,MDA,SP.POP.TOTL,2566998,2566998
Monaco,MCO,SP.POP.TOTL,25500,25500
Mongolia,MNG,SP.POP.TOTL,1488296,1488296
Montenegro,MNE,SP.POP.TOTL,546487,546487
Morocco,MAR,SP.POP.TOTL,17150786,17150786
Mozambique,MOZ,SP.POP.TOTL,9540817,9540817
Myanmar,MMR,SP.POP.TOTL,30176565,30176565
Namibia,NAM,SP.POP.TOTL,881032,881032
Nauru,NRU,SP.POP.TOTL,6987,6987
Nepal,NPL,SP.POP.TOTL,13870695,13870695
Netherlands,NLD,SP.POP.TOTL,13666335,13666335
New Caledonia,NCL,SP.POP.TOTL,137462,137462
New Zealand,NZL,SP.POP.TOTL,3083100,3083100
Nicaragua,NIC,SP.POP.TOTL,2816943,2816943
Niger,NER,SP.POP.TOTL,5317019,5317019
Nigeria,NGA,SP.POP.TOTL,63410815,63410815
North America,NAC,SP.POP.TOTL,239169404,239169404
North Macedonia,MKD,SP.POP.TOTL,1797972,1797972
Northern Mariana Islands,MNP,SP.POP.TOTL,15065,15065
Norway,NOR,SP.POP.TOTL,4007313,4007313
OECD members,OED,SP.POP.TOTL,972242932,972242932
Oman,OMN,SP.POP.TOTL,778864,778864
Other small states,OSS,SP.POP.TOTL,7074031,7074031
Pacific island small states,PSS,SP.POP.TOTL,1303608,1303608
Pakistan,PAK,SP.POP.TOTL,69461175,69461175
Palau,PLW,SP.POP.TOTL,12655,12655
Panama,PAN,SP.POP.TOTL,1732389,1732389
Papua New Guinea,PNG,SP.POP.TOTL,2814820,2814820
Paraguay,PRY,SP.POP.TOTL,2691648,2691648
Peru,PER,SP.POP.TOTL,15333957,15333957
Philippines,PHL,SP.POP.TOTL,42120826,42120826
Poland,POL,SP.POP.TOTL,34015199,34015199
Portugal,PRT,SP.POP.TOTL,9093470,9093470
Post-demographic dividend,PST,SP.POP.TOTL,879088327,879088327
Pre-demographic dividend,PRE,SP.POP.TOTL,278656584,278656584
Puerto Rico,PRI,SP.POP.TOTL,2994000,2994000
Qatar,QAT,SP.POP.TOTL,193087,193087
Romania,ROU,SP.POP.TOTL,21293583,21293583
Russian Federation,RUS,SP.POP.TOTL,134200000,134200000
Rwanda,RWA,SP.POP.TOTL,4607728,4607728
Samoa,WSM,SP.POP.TOTL,153344,153344
San Marino,SMR,SP.POP.TOTL,19046,19046
Sao Tome and Principe,STP,SP.POP.TOTL,86708,86708
Saudi Arabia,SAU,SP.POP.TOTL,4556287,4556287
Senegal,SEN,SP.POP.TOTL,5170810,5170810
Serbia,SRB,SP.POP.TOTL,7368717,7368717
Seychelles,SYC,SP.POP.TOTL,59292,59292
Sierra Leone,SLE,SP.POP.TOTL,2974657,2974657
Singapore,SGP,SP.POP.TOTL,2262600,2262600
Sint Maarten (Dutch part),SXM,SP.POP.TOTL,9094,9094
Slovak Republic,SVK,SP.POP.TOTL,4739105,4739105
Slovenia,SVN,SP.POP.TOTL,1793581,1793581
Small states,SST,SP.POP.TOTL,10593903,10593903
Solomon Islands,SLB,SP.POP.TOTL,200744,200744
Somalia,SOM,SP.POP.TOTL,4257535,4257535
South Africa,ZAF,SP.POP.TOTL,25690940,25690940
South Asia,SAS,SP.POP.TOTL,799327643,799327643
South Asia (IDA & IBRD),TSA,SP.POP.TOTL,799327643,799327643
South Sudan,SSD,SP.POP.TOTL,3821494,3821494
Spain,ESP,SP.POP.TOTL,35757900,35757900
Sri Lanka,LKA,SP.POP.TOTL,13548984,13548984
St. Kitts and Nevis,KNA,SP.POP.TOTL,43606,43606
St. Lucia,LCA,SP.POP.TOTL,110725,110725
St. Martin (French part),MAF,SP.POP.TOTL,7038,7038
St. Vincent and the Grenadines,VCT,SP.POP.TOTL,100387,100387
Sub-Saharan Africa,SSF,SP.POP.TOTL,337484491,337484491
Sub-Saharan Africa (excluding high income),SSA,SP.POP.TOTL,337425199,337425199
Sub-Saharan Africa (IDA & IBRD countries),TSS,SP.POP.TOTL,337484491,337484491
Sudan,SDN,SP.POP.TOTL,14064798,14064798
Suriname,SUR,SP.POP.TOTL,391170,391170
Sweden,SWE,SP.POP.TOTL,8192437,8192437
Switzerland,CHE,SP.POP.TOTL,6338632,6338632
Syrian Arab Republic,SYR,SP.POP.TOTL,7554364,7554364
Tajikistan,TJK,SP.POP.TOTL,3430425,3430425
Tanzania,TZA,SP.POP.TOTL,16138361,16138361
Thailand,THA,SP.POP.TOTL,40940005,40940005
Timor-Leste,TLS,SP.POP.TOTL,598158,598158
Togo,TGO,SP.POP.TOTL,2574622,2574622
Tonga,TON,SP.POP.TOTL,93017,93017
Trinidad and Tobago,TTO,SP.POP.TOTL,1053469,1053469
Tunisia,TUN,SP.POP.TOTL,5839262,5839262
Turkiye,TUR,SP.POP.TOTL,41053126,41053126
Turkmenistan,TKM,SP.POP.TOTL,2494570,2494570
Turks and Caicos Islands,TCA,SP.POP.TOTL,6463,6463
Tuvalu,TUV,SP.POP.TOTL,6117,6117
Uganda,UGA,SP.POP.TOTL,11725240,11725240
Ukraine,UKR,SP.POP.TOTL,48865229,48865229
United Arab Emirates,ARE,SP.POP.TOTL,542856,542856
United Kingdom,GBR,SP.POP.TOTL,56225800,56225800
United States,USA,SP.POP.TOTL,215973000,215973000
Upper middle income,UMC,SP.POP.TOTL,1614742060,1614742060
Uruguay,URY,SP.POP.TOTL,2872320,2872320
Uzbekistan,UZB,SP.POP.TOTL,13598521,13598521
Vanuatu,VUT,SP.POP.TOTL,100269,100269
"Venezuela, RB",VEN,SP.POP.TOTL,13215892,13215892
Viet Nam,VNM,SP.POP.TOTL,46482903,46482903
Virgin Islands (U.S.),VIR,SP.POP.TOTL,94484,94484
World,WLD,SP.POP.TOTL,4062070090,4062070090
"Yemen, Rep.",YEM,SP.POP.TOTL,8133598,8133598
Zambia,ZMB,SP.POP.TOTL,4990086,4990086
Zimbabwe,ZWE,SP.POP.TOTL,6098658,6098658
Grand Total,,,41626981213,41626981213
