Year,1988,Unnamed: 2,Unnamed: 3,Unnamed: 4
,,,,
Sum of Population,,,Indicator Name,
Country Name,Country Code,Indicator Code,"Population, total",Grand Total
Afghanistan,AFG,SP.POP.TOTL,11523298,11523298
Africa Eastern and Southern,AFE,SP.POP.TOTL,294498625,294498625
Africa Western and Central,AFW,SP.POP.TOTL,198485027,198485027
Albania,ALB,SP.POP.TOTL,3142336,3142336
Algeria,DZA,SP.POP.TOTL,24109536,24109536
American Samoa,ASM,SP.POP.TOTL,43615,43615
Andorra,AND,SP.POP.TOTL,49416,49416
Angola,AGO,SP.POP.TOTL,10861291,10861291
Antigua and Barbuda,ATG,SP.POP.TOTL,63623,63623
Arab World,ARB,SP.POP.TOTL,210269696,210269696
Argentina,ARG,SP.POP.TOTL,31780532,31780532
Armenia,ARM,SP.POP.TOTL,3355125,3355125
Aruba,ABW,SP.POP.TOTL,59331,59331
Australia,AUS,SP.POP.TOTL,16532164,16532164
Austria,AUT,SP.POP.TOTL,7585317,7585317
Azerbaijan,AZE,SP.POP.TOTL,6974600,6974600
"Bahamas, The",BHS,SP.POP.TOTL,266448,266448
Bahrain,BHR,SP.POP.TOTL,479929,479929
Bangladesh,BGD,SP.POP.TOTL,107216008,107216008
Barbados,BRB,SP.POP.TOTL,257763,257763
Belarus,BLR,SP.POP.TOTL,10140000,10140000
Belgium,BEL,SP.POP.TOTL,9901664,9901664
Belize,BLZ,SP.POP.TOTL,175180,175180
Benin,BEN,SP.POP.TOTL,4967341,4967341
Bermuda,BMU,SP.POP.TOTL,56699,56699
Bhutan,BTN,SP.POP.TOTL,556986,556986
Bolivia,BOL,SP.POP.TOTL,6835508,6835508
Bosnia and Herzegovina,BIH,SP.POP.TOTL,4414404,4414404
Botswana,BWA,SP.POP.TOTL,1235476,1235476
Brazil,BRA,SP.POP.TOTL,143826357,143826357
British Virgin Islands,VGB,SP.POP.TOTL,14680,14680
Brunei Darussalam,BRN,SP.POP.TOTL,240913,240913
Bulgaria,BGR,SP.POP.TOTL,8981446,8981446
Burkina Faso,BFA,SP.POP.TOTL,8687435,8687435
Burundi,BDI,SP.POP.TOTL,5365327,5365327
Cabo Verde,CPV,SP.POP.TOTL,362329,362329
Cambodia,KHM,SP.POP.TOTL,6812014,6812014
Cameroon,CMR,SP.POP.TOTL,10684968,10684968
Canada,CAN,SP.POP.TOTL,26791747,26791747
Caribbean small states,CSS,SP.POP.TOTL,2380540,2380540
Cayman Islands,CYM,SP.POP.TOTL,23951,23951
Central African Republic,CAF,SP.POP.TOTL,2713965,2713965
Central Europe and the Baltics,CEB,SP.POP.TOTL,110686740,110686740
Chad,TCD,SP.POP.TOTL,5625602,5625602
Channel Islands,CHI,SP.POP.TOTL,140089,140089
Chile,CHL,SP.POP.TOTL,12999424,12999424
China,CHN,SP.POP.TOTL,1101630000,1101630000
Colombia,COL,SP.POP.TOTL,31130524,31130524
Comoros,COM,SP.POP.TOTL,421687,421687
"Congo, Dem. Rep.",COD,SP.POP.TOTL,34382752,34382752
"Congo, Rep.",COG,SP.POP.TOTL,2247653,2247653
Costa Rica,CRI,SP.POP.TOTL,2968103,2968103
Cote d'Ivoire,CIV,SP.POP.TOTL,11275189,11275189
Croatia,HRV,SP.POP.TOTL,4755207,4755207
Cuba,CUB,SP.POP.TOTL,10432585,10432585
Curacao,CUW,SP.POP.TOTL,149254,149254
Cyprus,CYP,SP.POP.TOTL,766235,766235
Czechia,CZE,SP.POP.TOTL,10355276,10355276
Denmark,DNK,SP.POP.TOTL,5129516,5129516
Djibouti,DJI,SP.POP.TOTL,484523,484523
Dominica,DMA,SP.POP.TOTL,70608,70608
Dominican Republic,DOM,SP.POP.TOTL,6855734,6855734
Early-demographic dividend,EAR,SP.POP.TOTL,1947928955,1947928955
East Asia & Pacific,EAS,SP.POP.TOTL,1762935833,1762935833
East Asia & Pacific (excluding high income),EAP,SP.POP.TOTL,1549038591,1549038591
East Asia & Pacific (IDA & IBRD countries),TEA,SP.POP.TOTL,1528559240,1528559240
Ecuador,ECU,SP.POP.TOTL,10010808,10010808
"Egypt, Arab Rep.",EGY,SP.POP.TOTL,55187681,55187681
El Salvador,SLV,SP.POP.TOTL,5195833,5195833
Equatorial Guinea,GNQ,SP.POP.TOTL,439651,439651
Eritrea,ERI,SP.POP.TOTL,1938255,1938255
Estonia,EST,SP.POP.TOTL,1561900,1561900
Eswatini,SWZ,SP.POP.TOTL,799798,799798
Ethiopia,ETH,SP.POP.TOTL,44150825,44150825
Euro area,EMU,SP.POP.TOTL,313272522,313272522
Europe & Central Asia,ECS,SP.POP.TOTL,835601587,835601587
Europe & Central Asia (excluding high income),ECA,SP.POP.TOTL,202990335,202990335
Europe & Central Asia (IDA & IBRD countries),TEC,SP.POP.TOTL,424466137,424466137
European Union,EUU,SP.POP.TOTL,417653885,417653885
Faroe Islands,FRO,SP.POP.TOTL,47355,47355
Fiji,FJI,SP.POP.TOTL,758697,758697
Finland,FIN,SP.POP.TOTL,4946481,4946481
Fragile and conflict affected situations,FCS,SP.POP.TOTL,464963348,464963348
France,FRA,SP.POP.TOTL,57598186,57598186
French Polynesia,PYF,SP.POP.TOTL,195193,195193
Gabon,GAB,SP.POP.TOTL,931020,931020
"Gambia, The",GMB,SP.POP.TOTL,970160,970160
Georgia,GEO,SP.POP.TOTL,4790700,4790700
Germany,DEU,SP.POP.TOTL,78144619,78144619
Ghana,GHA,SP.POP.TOTL,14636568,14636568
Gibraltar,GIB,SP.POP.TOTL,27839,27839
Greece,GRC,SP.POP.TOTL,10036983,10036983
Greenland,GRL,SP.POP.TOTL,54800,54800
Grenada,GRD,SP.POP.TOTL,98308,98308
Guam,GUM,SP.POP.TOTL,132799,132799
Guatemala,GTM,SP.POP.TOTL,8532099,8532099
Guinea,GIN,SP.POP.TOTL,6056574,6056574
Guinea-Bissau,GNB,SP.POP.TOTL,942061,942061
Guyana,GUY,SP.POP.TOTL,759663,759663
Haiti,HTI,SP.POP.TOTL,6578145,6578145
Heavily indebted poor countries (HIPC),HPC,SP.POP.TOTL,342381086,342381086
High income,HIC,SP.POP.TOTL,1163559249,1163559249
Honduras,HND,SP.POP.TOTL,4707677,4707677
"Hong Kong SAR, China",HKG,SP.POP.TOTL,5627600,5627600
Hungary,HUN,SP.POP.TOTL,10596487,10596487
IBRD only,IBD,SP.POP.TOTL,3334875641,3334875641
Iceland,ISL,SP.POP.TOTL,249740,249740
IDA & IBRD total,IBT,SP.POP.TOTL,4165012459,4165012459
IDA blend,IDB,SP.POP.TOTL,271432823,271432823
IDA only,IDX,SP.POP.TOTL,558703995,558703995
IDA total,IDA,SP.POP.TOTL,830136818,830136818
India,IND,SP.POP.TOTL,827342990,827342990
Indonesia,IDN,SP.POP.TOTL,176855065,176855065
"Iran, Islamic Rep.",IRN,SP.POP.TOTL,55072694,55072694
Iraq,IRQ,SP.POP.TOTL,16908819,16908819
Ireland,IRL,SP.POP.TOTL,3524949,3524949
Isle of Man,IMN,SP.POP.TOTL,66680,66680
Israel,ISR,SP.POP.TOTL,4442000,4442000
Italy,ITA,SP.POP.TOTL,56629288,56629288
Jamaica,JAM,SP.POP.TOTL,2345777,2345777
Japan,JPN,SP.POP.TOTL,122578000,122578000
Jordan,JOR,SP.POP.TOTL,3193039,3193039
Kazakhstan,KAZ,SP.POP.TOTL,16781168,16781168
Kenya,KEN,SP.POP.TOTL,21356219,21356219
Kiribati,KIR,SP.POP.TOTL,71427,71427
"Korea, Dem. People's Rep.",PRK,SP.POP.TOTL,20503161,20503161
"Korea, Rep.",KOR,SP.POP.TOTL,42031247,42031247
Kosovo,XKX,SP.POP.TOTL,1917882,1917882
Kuwait,KWT,SP.POP.TOTL,2134707,2134707
Kyrgyz Republic,KGZ,SP.POP.TOTL,4218400,4218400
Lao PDR,LAO,SP.POP.TOTL,4072601,4072601
Late-demographic dividend,LTE,SP.POP.TOTL,1793220326,1793220326
Latin America & Caribbean,LCN,SP.POP.TOTL,424525590,424525590
Latin America & Caribbean (excluding high income),LAC,SP.POP.TOTL,380734762,380734762
Latin America & the Caribbean (IDA & IBRD countries),TLA,SP.POP.TOTL,409945610,409945610
Latvia,LVA,SP.POP.TOTL,2653434,2653434
Least developed countries: UN classification,LDC,SP.POP.TOTL,494400159,494400159
Lebanon,LBN,SP.POP.TOTL,3454649,3454649
Lesotho,LSO,SP.POP.TOTL,1739841,1739841
Liberia,LBR,SP.POP.TOTL,2446941,2446941
Libya,LBY,SP.POP.TOTL,4237755,4237755
Liechtenstein,LIE,SP.POP.TOTL,27948,27948
Lithuania,LTU,SP.POP.TOTL,3655049,3655049
Low & middle income,LMY,SP.POP.TOTL,3934736405,3934736405
Low income,LIC,SP.POP.TOTL,277807413,277807413
Lower middle income,LMC,SP.POP.TOTL,1628976052,1628976052
Luxembourg,LUX,SP.POP.TOTL,373450,373450
"Macao SAR, China",MAC,SP.POP.TOTL,316000,316000
Madagascar,MDG,SP.POP.TOTL,11369462,11369462
Malawi,MWI,SP.POP.TOTL,8753262,8753262
Malaysia,MYS,SP.POP.TOTL,16796605,16796605
Maldives,MDV,SP.POP.TOTL,210885,210885
Mali,MLI,SP.POP.TOTL,8833996,8833996
Malta,MLT,SP.POP.TOTL,347325,347325
Marshall Islands,MHL,SP.POP.TOTL,42321,42321
Mauritania,MRT,SP.POP.TOTL,1855859,1855859
Mauritius,MUS,SP.POP.TOTL,1043239,1043239
Mexico,MEX,SP.POP.TOTL,79695531,79695531
"Micronesia, Fed. Sts.",FSM,SP.POP.TOTL,97097,97097
Middle East & North Africa,MEA,SP.POP.TOTL,239480378,239480378
Middle East & North Africa (excluding high income),MNA,SP.POP.TOTL,218765632,218765632
Middle East & North Africa (IDA & IBRD countries),TMN,SP.POP.TOTL,218765632,218765632
Middle income,MIC,SP.POP.TOTL,3656928992,3656928992
Moldova,MDA,SP.POP.TOTL,2948891,2948891
Monaco,MCO,SP.POP.TOTL,29781,29781
Mongolia,MNG,SP.POP.TOTL,2076322,2076322
Montenegro,MNE,SP.POP.TOTL,607413,607413
Morocco,MAR,SP.POP.TOTL,23500524,23500524
Mozambique,MOZ,SP.POP.TOTL,12800558,12800558
Myanmar,MMR,SP.POP.TOTL,38600927,38600927
Namibia,NAM,SP.POP.TOTL,1209696,1209696
Nauru,NRU,SP.POP.TOTL,9165,9165
Nepal,NPL,SP.POP.TOTL,18638661,18638661
Netherlands,NLD,SP.POP.TOTL,14760094,14760094
New Caledonia,NCL,SP.POP.TOTL,168502,168502
New Zealand,NZL,SP.POP.TOTL,3283400,3283400
Nicaragua,NIC,SP.POP.TOTL,3972320,3972320
Niger,NER,SP.POP.TOTL,7793748,7793748
Nigeria,NGA,SP.POP.TOTL,92020090,92020090
North America,NAC,SP.POP.TOTL,271347446,271347446
North Macedonia,MKD,SP.POP.TOTL,2045737,2045737
Northern Mariana Islands,MNP,SP.POP.TOTL,38519,38519
Norway,NOR,SP.POP.TOTL,4209488,4209488
OECD members,OED,SP.POP.TOTL,1088587717,1088587717
Oman,OMN,SP.POP.TOTL,1588568,1588568
Other small states,OSS,SP.POP.TOTL,9072184,9072184
Pacific island small states,PSS,SP.POP.TOTL,1721206,1721206
Pakistan,PAK,SP.POP.TOTL,108724739,108724739
Palau,PLW,SP.POP.TOTL,14645,14645
Panama,PAN,SP.POP.TOTL,2352848,2352848
Papua New Guinea,PNG,SP.POP.TOTL,3711880,3711880
Paraguay,PRY,SP.POP.TOTL,3820546,3820546
Peru,PER,SP.POP.TOTL,21054702,21054702
Philippines,PHL,SP.POP.TOTL,59739052,59739052
Poland,POL,SP.POP.TOTL,37824487,37824487
Portugal,PRT,SP.POP.TOTL,10019610,10019610
Post-demographic dividend,PST,SP.POP.TOTL,952284317,952284317
Pre-demographic dividend,PRE,SP.POP.TOTL,400820214,400820214
Puerto Rico,PRI,SP.POP.TOTL,3473898,3473898
Qatar,QAT,SP.POP.TOTL,411264,411264
Romania,ROU,SP.POP.TOTL,23057662,23057662
Russian Federation,RUS,SP.POP.TOTL,146857000,146857000
Rwanda,RWA,SP.POP.TOTL,6968071,6968071
Samoa,WSM,SP.POP.TOTL,168346,168346
San Marino,SMR,SP.POP.TOTL,22843,22843
Sao Tome and Principe,STP,SP.POP.TOTL,116939,116939
Saudi Arabia,SAU,SP.POP.TOTL,9629165,9629165
Senegal,SEN,SP.POP.TOTL,7289618,7289618
Serbia,SRB,SP.POP.TOTL,7884218,7884218
Seychelles,SYC,SP.POP.TOTL,68755,68755
Sierra Leone,SLE,SP.POP.TOTL,3934517,3934517
Singapore,SGP,SP.POP.TOTL,2846108,2846108
Sint Maarten (Dutch part),SXM,SP.POP.TOTL,24357,24357
Slovak Republic,SVK,SP.POP.TOTL,5250596,5250596
Slovenia,SVN,SP.POP.TOTL,1995196,1995196
Small states,SST,SP.POP.TOTL,13173930,13173930
Solomon Islands,SLB,SP.POP.TOTL,311265,311265
Somalia,SOM,SP.POP.TOTL,7235360,7235360
South Africa,ZAF,SP.POP.TOTL,38480649,38480649
South Asia,SAS,SP.POP.TOTL,1090292188,1090292188
South Asia (IDA & IBRD),TSA,SP.POP.TOTL,1090292188,1090292188
South Sudan,SSD,SP.POP.TOTL,4848029,4848029
Spain,ESP,SP.POP.TOTL,38766939,38766939
Sri Lanka,LKA,SP.POP.TOTL,16078621,16078621
St. Kitts and Nevis,KNA,SP.POP.TOTL,41062,41062
St. Lucia,LCA,SP.POP.TOTL,135000,135000
St. Martin (French part),MAF,SP.POP.TOTL,23749,23749
St. Vincent and the Grenadines,VCT,SP.POP.TOTL,110658,110658
Sub-Saharan Africa,SSF,SP.POP.TOTL,492983652,492983652
Sub-Saharan Africa (excluding high income),SSA,SP.POP.TOTL,492914897,492914897
Sub-Saharan Africa (IDA & IBRD countries),TSS,SP.POP.TOTL,492983652,492983652
Sudan,SDN,SP.POP.TOTL,21138431,21138431
Suriname,SUR,SP.POP.TOTL,402227,402227
Sweden,SWE,SP.POP.TOTL,8436489,8436489
Switzerland,CHE,SP.POP.TOTL,6593386,6593386
Syrian Arab Republic,SYR,SP.POP.TOTL,11782264,11782264
Tajikistan,TJK,SP.POP.TOTL,5114989,5114989
Tanzania,TZA,SP.POP.TOTL,24769686,24769686
Thailand,THA,SP.POP.TOTL,52969595,52969595
Timor-Leste,TLS,SP.POP.TOTL,730745,730745
Togo,TGO,SP.POP.TOTL,3769742,3769742
Tonga,TON,SP.POP.TOTL,98969,98969
Trinidad and Tobago,TTO,SP.POP.TOTL,1230069,1230069
Tunisia,TUN,SP.POP.TOTL,7974440,7974440
Turkiye,TUR,SP.POP.TOTL,53909626,53909626
Turkmenistan,TKM,SP.POP.TOTL,3559363,3559363
Turks and Caicos Islands,TCA,SP.POP.TOTL,10775,10775
Tuvalu,TUV,SP.POP.TOTL,8518,8518
Uganda,UGA,SP.POP.TOTL,16470483,16470483
Ukraine,UKR,SP.POP.TOTL,51724853,51724853
United Arab Emirates,ARE,SP.POP.TOTL,1681788,1681788
United Kingdom,GBR,SP.POP.TOTL,56928327,56928327
United States,USA,SP.POP.TOTL,244499000,244499000
Upper middle income,UMC,SP.POP.TOTL,2027952940,2027952940
Uruguay,URY,SP.POP.TOTL,3067961,3067961
Uzbekistan,UZB,SP.POP.TOTL,19460630,19460630
Vanuatu,VUT,SP.POP.TOTL,140756,140756
"Venezuela, RB",VEN,SP.POP.TOTL,18871020,18871020
Viet Nam,VNM,SP.POP.TOTL,62843228,62843228
Virgin Islands (U.S.),VIR,SP.POP.TOTL,100952,100952
World,WLD,SP.POP.TOTL,5117166674,5117166674
"Yemen, Rep.",YEM,SP.POP.TOTL,12859708,12859708
Zambia,ZMB,SP.POP.TOTL,7391440,7391440
Zimbabwe,ZWE,SP.POP.TOTL,9583094,9583094
Grand Total,,,53247040590,53247040590
