Employee ID,First Name,Last Name,Birth Date,Hire Date,Release Date,Reports To,Salary,Shift Allowance Facility,Hike Percentage,Dept ID,City,State/Province,Postal Code,Region
100,Ava,Harper,1988-08-28,2024-10-03,,112.0,25517.68,True,0.19,2,Houston,Texas,77095,Central
101,Ella,Eleanor,1980-07-08,2024-12-15,,112.0,45058.9,True,0.63,2,Naperville,Illinois,60540,Central
102,Mark,Ford,1978-09-06,2018-08-15,,111.0,32050.13,False,0.86,2,Huntsville,Texas,77340,Central
103,Bob,Park,1996-07-06,2018-11-11,,112.0,85558.49,True,0.28,2,Laredo,Texas,78041,Central
104,Allan,Miller,1983-01-30,2019-03-31,,105.0,51172.79,True,0.09,2,Westland,Michigan,48185,Central
105,Barbara,King,1981-08-13,2022-05-16,,111.0,60949.45,False,0.66,2,Philadelphia,Pennsylvania,19143,East
106,Dorothy,Goldsmith,1986-08-26,2020-03-23,2025-04-14,105.0,95806.2,True,0.72,2,Newark,Ohio,43055,East
107,Mike,Little,1993-05-18,2017-10-12,,105.0,15113.86,True,0.8,2,Henderson,Kentucky,42420,South
108,Tim,Henchard,1985-01-09,2017-06-04,,110.0,20256.4,False,0.85,2,Athens,Georgia,30605,South
109,Bruno,Ward,1978-05-14,2021-02-03,,102.0,56726.77,True,0.68,2,Los Angeles,California,90049,West
110,Amy,lman,1982-11-12,2022-03-15,,,125000.0,False,0.85,1,San Francisco,California,94109,West
111,Laxman,Prasad,1989-08-13,2024-08-13,,110.0,120000.0,False,0.85,1,Scottsdale,Arizona,85254,West
112,Clara,Richards,1978-04-01,2016-09-17,,111.0,85000.0,False,0.85,1,Las Vegas,Nevada,89115,West
