"```csv"
"EmpId","FirstName","LastName","DateOfBirth","DateOfJoining","DateOfLeaving","ManagerId","Pay","ShiftAllowance","IncrementPercentage","DepartmentId","Place","Region","ZipCode","Zone"
"EMP-100","ava","harper","August 28, 1988","October 03, 2024","","EMP-112","25517.68 USD","YES","19%","Dept-2","Houston","TX","77095","Central"
"EMP-101","ella","eleanor","July 08, 1980","December 15, 2024","","EMP-112","45058.90 USD","YES","63%","Dept-2","Naperville","IL","60540","Central"
"EMP-102","mark","ford","September 06, 1978","August 15, 2018","","EMP-111","32050.13 USD","NO","86%","Dept-2","Huntsville","TX","77340","Central"
"EMP-103","bob","park","July 06, 1996","November 11, 2018","","EMP-112","85558.49 USD","YES","28%","Dept-2","Laredo","TX","78041","Central"
"EMP-104","allan","miller","January 30, 1983","March 31, 2019","","EMP-105","51172.79 USD","YES","9%","Dept-2","Westland","MI","48185","Central"
"EMP-105","barbara","king","August 13, 1981","May 16, 2022","","EMP-111","60949.45 USD","NO","66%","Dept-2","Philadelphia","PA","19143","East"
"EMP-106","dorothy","goldsmith","August 26, 1986","March 23, 2020","April 14, 2025","EMP-105","95806.20 USD","YES","72%","Dept-2","Newark","OH","43055","East"
"EMP-107","mike","little","May 18, 1993","October 12, 2017","","EMP-105","15113.86 USD","YES","80%","Dept-2","Henderson","KY","42420","South"
"EMP-108","tim","henchard","January 09, 1985","June 04, 2017","","EMP-110","20256.40 USD","NO","85%","Dept-2","Athens","GA","30605","South"
"EMP-109","bruno","ward","May 14, 1978","February 03, 2021","","EMP-102","56726.77 USD","YES","68%","Dept-2","Los Angeles","CA","90049","West"
"EMP-110","amy","lman","November 12, 1982","March 15, 2022","","","125000.00 USD","NO","85%","Dept-1","San Francisco","CA","94109","West"
"EMP-111","laxman","prasad","August 13, 1989","August 13, 2024","","EMP-110","120000.00 USD","NO","85%","Dept-1","Scottsdale","AZ","85254","West"
"EMP-112","clara","richards","April 01, 1978","September 17, 2016","","EMP-111","85000.00 USD","NO","85%","Dept-1","Las Vegas","NV","89115","West"
"```"
