"```csv"
"candidate_name","election_date","percentage_estimate","election_cycle","political_party"
"Pence","Jun 27 2023","5.9","2024","Republican"
"Haley","Jun 27 2023","4.0","2024","Republican"
"DeSantis","Jun 27 2023","21.5","2024","Republican"
"T. Scott","Jun 27 2023","3.2","2024","Republican"
"Trump","Jun 27 2023","52.0","2024","Republican"
"Christie","Jun 27 2023","2.3","2024","Republican"
"Hutchinson","Jun 27 2023","0.8","2024","Republican"
"Ramaswamy","Jun 27 2023","2.6","2024","Republican"
"Burgum","Jun 27 2023","0.3","2024","Republican"
"Pence","Jun 26 2023","5.8","2024","Republican"
"Haley","Jun 26 2023","4.1","2024","Republican"
"DeSantis","Jun 26 2023","21.3","2024","Republican"
"T. Scott","Jun 26 2023","3.0","2024","Republican"
"Trump","Jun 26 2023","52.5","2024","Republican"
"Christie","Jun 26 2023","2.2","2024","Republican"
"Hutchinson","Jun 26 2023","0.8","2024","Republican"
"Ramaswamy","Jun 26 2023","2.5","2024","Republican"
"Burgum","Jun 26 2023","0.4","2024","Republican"
"Pence","Jun 25 2023","5.8","2024","Republican"
"Haley","Jun 25 2023","4.1","2024","Republican"
"DeSantis","Jun 25 2023","21.3","2024","Republican"
"T. Scott","Jun 25 2023","3.0","2024","Republican"
"Trump","Jun 25 2023","52.5","2024","Republican"
"Christie","Jun 25 2023","2.2","2024","Republican"
"Hutchinson","Jun 25 2023","0.8","2024","Republican"
"Ramaswamy","Jun 25 2023","2.5","2024","Republican"
"Burgum","Jun 25 2023","0.4","2024","Republican"
"Pence","Jun 24 2023","5.8","2024","Republican"
"Haley","Jun 24 2023","4.1","2024","Republican"
"DeSantis","Jun 24 2023","21.3","2024","Republican"
"T. Scott","Jun 24 2023","3.1","2024","Republican"
"Trump","Jun 24 2023","52.5","2024","Republican"
"Christie","Jun 24 2023","2.0","2024","Republican"
"Hutchinson","Jun 24 2023","0.7","2024","Republican"
"Ramaswamy","Jun 24 2023","2.5","2024","Republican"
"Burgum","Jun 24 2023","0.5","2024","Republican"
"Pence","Jun 23 2023","5.8","2024","Republican"
"Haley","Jun 23 2023","4.1","2024","Republican"
"DeSantis","Jun 23 2023","21.3","2024","Republican"
"T. Scott","Jun 23 2023","3.1","2024","Republican"
"Trump","Jun 23 2023","52.5","2024","Republican"
"Christie","Jun 23 2023","2.0","2024","Republican"
"Hutchinson","Jun 23 2023","0.7","2024","Republican"
"Ramaswamy","Jun 23 2023","2.5","2024","Republican"
"Burgum","Jun 23 2023","0.5","2024","Republican"
"Pence","Jun 22 2023","5.8","2024","Republican"
"Haley","Jun 22 2023","4.1","2024","Republican"
"DeSantis","Jun 22 2023","21.3","2024","Republican"
"T. Scott","Jun 22 2023","3.1","2024","Republican"
"Trump","Jun 22 2023","52.5","2024","Republican"
"Christie","Jun 22 2023","2.0","2024","Republican"
"Hutchinson","Jun 22 2023","0.7","2024","Republican"
"Ramaswamy","Jun 22 2023","2.5","2024","Republican"
"Burgum","Jun 22 2023","0.5","2024","Republican"
"Pence","Jun 21 2023","5.8","2024","Republican"
"Haley","Jun 21 2023","4.1","2024","Republican"
"DeSantis","Jun 21 2023","21.3","2024","Republican"
"T. Scott","Jun 21 2023","3.2","2024","Republican"
"Trump","Jun 21 2023","52.6","2024","Republican"
"Christie","Jun 21 2023","2.0","2024","Republican"
"Hutchinson","Jun 21 2023","0.8","2024","Republican"
"Ramaswamy","Jun 21 2023","2.5","2024","Republican"
"Burgum","Jun 21 2023","0.3","2024","Republican"
"Pence","Jun 20 2023","5.8","2024","Republican"
"Haley","Jun 20 2023","4.1","2024","Republican"
"DeSantis","Jun 20 2023","21.2","2024","Republican"
"T. Scott","Jun 20 2023","3.0","2024","Republican"
"Trump","Jun 20 2023","53.1","2024","Republican"
"Hutchinson","Jun 20 2023","0.9","2024","Republican"
"Ramaswamy","Jun 20 2023","2.6","2024","Republican"
"Pence","Jun 19 2023","5.6","2024","Republican"
"Haley","Jun 19 2023","4.2","2024","Republican"
"DeSantis","Jun 19 2023","20.8","2024","Republican"
"T. Scott","Jun 19 2023","2.9","2024","Republican"
"Trump","Jun 19 2023","53.5","2024","Republican"
"Hutchinson","Jun 19 2023","0.8","2024","Republican"
"Ramaswamy","Jun 19 2023","2.8","2024","Republican"
"Pence","Jun 18 2023","5.6","2024","Republican"
"Haley","Jun 18 2023","4.2","2024","Republican"
"DeSantis","Jun 18 2023","20.8","2024","Republican"
"T. Scott","Jun 18 2023","2.9","2024","Republican"
"Trump","Jun 18 2023","53.5","2024","Republican"
"Hutchinson","Jun 18 2023","0.8","2024","Republican"
"Ramaswamy","Jun 18 2023","2.8","2024","Republican"
"Pence","Jun 17 2023","5.6","2024","Republican"
"Haley","Jun 17 2023","4.2","2024","Republican"
"DeSantis","Jun 17 2023","20.9","2024","Republican"
"T. Scott","Jun 17 2023","2.9","2024","Republican"
"Trump","Jun 17 2023","53.5","2024","Republican"
"Hutchinson","Jun 17 2023","0.8","2024","Republican"
"Ramaswamy","Jun 17 2023","2.8","2024","Republican"
"Pence","Jun 16 2023","5.5","2024","Republican"
"Haley","Jun 16 2023","4.2","2024","Republican"
"DeSantis","Jun 16 2023","21.0","2024","Republican"
"T. Scott","Jun 16 2023","3.0","2024","Republican"
"Trump","Jun 16 2023","53.4","2024","Republican"
"Hutchinson","Jun 16 2023","0.9","2024","Republican"
"Ramaswamy","Jun 16 2023","2.8","2024","Republican"
"Pence","Jun 15 2023","5.5","2024","Republican"
"Haley","Jun 15 2023","4.2","2024","Republican"
"DeSantis","Jun 15 2023","21.4","2024","Republican"
"T. Scott","Jun 15 2023","2.8","2024","Republican"
"Trump","Jun 15 2023","53.4","2024","Republican"
"Hutchinson","Jun 15 2023","0.9","2024","Republican"
"Ramaswamy","Jun 15 2023","2.8","2024","Republican"
"Pence","Jun 14 2023","5.5","2024","Republican"
"Haley","Jun 14 2023","4.2","2024","Republican"
"DeSantis","Jun 14 2023","21.4","2024","Republican"
"T. Scott","Jun 14 2023","2.8","2024","Republican"
"Trump","Jun 14 2023","53.4","2024","Republican"
"Hutchinson","Jun 14 2023","0.9","2024","Republican"
"Ramaswamy","Jun 14 2023","2.8","2024","Republican"
"Pence","Jun 13 2023","5.5","2024","Republican"
"Haley","Jun 13 2023","4.2","2024","Republican"
"DeSantis","Jun 13 2023","21.5","2024","Republican"
"T. Scott","Jun 13 2023","2.8","2024","Republican"
"Trump","Jun 13 2023","53.9","2024","Republican"
"Hutchinson","Jun 13 2023","0.8","2024","Republican"
"Ramaswamy","Jun 13 2023","2.9","2024","Republican"
"Pence","Jun 12 2023","5.3","2024","Republican"
"Haley","Jun 12 2023","4.3","2024","Republican"
"DeSantis","Jun 12 2023","21.5","2024","Republican"
"T. Scott","Jun 12 2023","2.5","2024","Republican"
"Trump","Jun 12 2023","54.7","2024","Republican"
"Hutchinson","Jun 12 2023","0.8","2024","Republican"
"Ramaswamy","Jun 12 2023","2.9","2024","Republican"
"Pence","Jun 11 2023","5.3","2024","Republican"
"Haley","Jun 11 2023","4.3","2024","Republican"
"DeSantis","Jun 11 2023","21.5","2024","Republican"
"T. Scott","Jun 11 2023","2.5","2024","Republican"
"Trump","Jun 11 2023","54.8","2024","Republican"
"Hutchinson","Jun 11 2023","0.8","2024","Republican"
"Ramaswamy","Jun 11 2023","3.0","2024","Republican"
"Pence","Jun 10 2023","5.4","2024","Republican"
"Haley","Jun 10 2023","4.5","2024","Republican"
"DeSantis","Jun 10 2023","21.3","2024","Republican"
"T. Scott","Jun 10 2023","2.2","2024","Republican"
"Trump","Jun 10 2023","53.8","2024","Republican"
"Hutchinson","Jun 10 2023","0.7","2024","Republican"
"Ramaswamy","Jun 10 2023","3.5","2024","Republican"
"Pence","Jun 09 2023","5.4","2024","Republican"
"Haley","Jun 09 2023","4.5","2024","Republican"
"DeSantis","Jun 09 2023","21.3","2024","Republican"
"T. Scott","Jun 09 2023","2.2","2024","Republican"
"Trump","Jun 09 2023","53.8","2024","Republican"
"Hutchinson","Jun 09 2023","0.7","2024","Republican"
"Ramaswamy","Jun 09 2023","3.5","2024","Republican"
"Pence","Jun 08 2023","5.4","2024","Republican"
"Haley","Jun 08 2023","4.5","2024","Republican"
"DeSantis","Jun 08 2023","21.3","2024","Republican"
"T. Scott","Jun 08 2023","2.2","2024","Republican"
"Trump","Jun 08 2023","53.8","2024","Republican"
"Hutchinson","Jun 08 2023","0.7","2024","Republican"
"Ramaswamy","Jun 08 2023","3.5","2024","Republican"
"Pence","Jun 07 2023","5.4","2024","Republican"
"Haley","Jun 07 2023","4.5","2024","Republican"
"DeSantis","Jun 07 2023","21.2","2024","Republican"
"T. Scott","Jun 07 2023","2.2","2024","Republican"
"Trump","Jun 07 2023","53.8","2024","Republican"
"Hutchinson","Jun 07 2023","0.7","2024","Republican"
"Ramaswamy","Jun 07 2023","3.5","2024","Republican"
"Pence","Jun 06 2023","5.4","2024","Republican"
"Haley","Jun 06 2023","4.5","2024","Republican"
"DeSantis","Jun 06 2023","21.3","2024","Republican"
"T. Scott","Jun 06 2023","2.2","2024","Republican"
"Trump","Jun 06 2023","53.7","2024","Republican"
"Hutchinson","Jun 06 2023","0.7","2024","Republican"
"Ramaswamy","Jun 06 2023","3.4","2024","Republican"
"Pence","Jun 05 2023","5.4","2024","Republican"
"Haley","Jun 05 2023","4.5","2024","Republican"
"DeSantis","Jun 05 2023","21.1","2024","Republican"
"T. Scott","Jun 05 2023","2.1","2024","Republican"
"Trump","Jun 05 2023","53.9","2024","Republican"
"Hutchinson","Jun 05 2023","0.7","2024","Republican"
"Ramaswamy","Jun 05 2023","3.5","2024","Republican"
"Pence","Jun 04 2023","5.4","2024","Republican"
"Haley","Jun 04 2023","4.5","2024","Republican"
"DeSantis","Jun 04 2023","21.1","2024","Republican"
"T. Scott","Jun 04 2023","2.1","2024","Republican"
"Trump","Jun 04 2023","53.9","2024","Republican"
"Hutchinson","Jun 04 2023","0.7","2024","Republican"
"Ramaswamy","Jun 04 2023","3.5","2024","Republican"
"Pence","Jun 03 2023","5.4","2024","Republican"
"Haley","Jun 03 2023","4.5","2024","Republican"
"DeSantis","Jun 03 2023","21.1","2024","Republican"
"T. Scott","Jun 03 2023","2.1","2024","Republican"
"Trump","Jun 03 2023","53.9","2024","Republican"
"Hutchinson","Jun 03 2023","0.7","2024","Republican"
"Ramaswamy","Jun 03 2023","3.5","2024","Republican"
"Pence","Jun 02 2023","5.4","2024","Republican"
"Haley","Jun 02 2023","4.5","2024","Republican"
"DeSantis","Jun 02 2023","21.1","2024","Republican"
"T. Scott","Jun 02 2023","2.1","2024","Republican"
"Trump","Jun 02 2023","53.9","2024","Republican"
"Hutchinson","Jun 02 2023","0.7","2024","Republican"
"Ramaswamy","Jun 02 2023","3.5","2024","Republican"
"Pence","Jun 01 2023","5.4","2024","Republican"
"Haley","Jun 01 2023","4.6","2024","Republican"
"DeSantis","Jun 01 2023","20.9","2024","Republican"
"T. Scott","Jun 01 2023","2.0","2024","Republican"
"Trump","Jun 01 2023","54.2","2024","Republican"
"Hutchinson","Jun 01 2023","0.7","2024","Republican"
"Ramaswamy","Jun 01 2023","3.6","2024","Republican"
"Pence","May 31 2023","5.4","2024","Republican"
"Haley","May 31 2023","4.6","2024","Republican"
"DeSantis","May 31 2023","20.9","2024","Republican"
"T. Scott","May 31 2023","2.0","2024","Republican"
"Trump","May 31 2023","54.2","2024","Republican"
"Hutchinson","May 31 2023","0.7","2024","Republican"
"Ramaswamy","May 31 2023","3.6","2024","Republican"
"Pence","May 30 2023","5.5","2024","Republican"
"Haley","May 30 2023","4.6","2024","Republican"
"DeSantis","May 30 2023","20.7","2024","Republican"
"T. Scott","May 30 2023","1.7","2024","Republican"
"Trump","May 30 2023","54.3","2024","Republican"
"Hutchinson","May 30 2023","0.7","2024","Republican"
"Ramaswamy","May 30 2023","3.5","2024","Republican"
"Pence","May 29 2023","5.3","2024","Republican"
"Haley","May 29 2023","4.3","2024","Republican"
"DeSantis","May 29 2023","20.4","2024","Republican"
"T. Scott","May 29 2023","1.6","2024","Republican"
"Trump","May 29 2023","53.9","2024","Republican"
"Hutchinson","May 29 2023","0.7","2024","Republican"
"Ramaswamy","May 29 2023","3.8","2024","Republican"
"Pence","May 28 2023","5.3","2024","Republican"
"Haley","May 28 2023","4.3","2024","Republican"
"DeSantis","May 28 2023","20.4","2024","Republican"
"T. Scott","May 28 2023","1.6","2024","Republican"
"Trump","May 28 2023","53.9","2024","Republican"
"Hutchinson","May 28 2023","0.7","2024","Republican"
"Ramaswamy","May 28 2023","3.8","2024","Republican"
"Pence","May 27 2023","5.3","2024","Republican"
"Haley","May 27 2023","4.3","2024","Republican"
"DeSantis","May 27 2023","20.4","2024","Republican"
"T. Scott","May 27 2023","1.6","2024","Republican"
"Trump","May 27 2023","53.9","2024","Republican"
"Hutchinson","May 27 2023","0.7","2024","Republican"
"Ramaswamy","May 27 2023","3.8","2024","Republican"
"Pence","May 26 2023","5.3","2024","Republican"
"Haley","May 26 2023","4.3","2024","Republican"
"DeSantis","May 26 2023","20.4","2024","Republican"
"T. Scott","May 26 2023","1.6","2024","Republican"
"Trump","May 26 2023","53.9","2024","Republican"
"Hutchinson","May 26 2023","0.7","2024","Republican"
"Ramaswamy","May 26 2023","3.8","2024","Republican"
"Pence","May 25 2023","5.1","2024","Republican"
"Haley","May 25 2023","4.3","2024","Republican"
"DeSantis","May 25 2023","20.7","2024","Republican"
"T. Scott","May 25 2023","1.5","2024","Republican"
"Trump","May 25 2023","54.0","2024","Republican"
"Hutchinson","May 25 2023","0.7","2024","Republican"
"Ramaswamy","May 25 2023","3.5","2024","Republican"
"Pence","May 24 2023","5.3","2024","Republican"
"Haley","May 24 2023","4.2","2024","Republican"
"DeSantis","May 24 2023","20.6","2024","Republican"
"T. Scott","May 24 2023","1.6","2024","Republican"
"Trump","May 24 2023","54.3","2024","Republican"
"Hutchinson","May 24 2023","0.8","2024","Republican"
"Ramaswamy","May 24 2023","3.5","2024","Republican"
"Pence","May 23 2023","5.5","2024","Republican"
"Haley","May 23 2023","4.2","2024","Republican"
"DeSantis","May 23 2023","20.8","2024","Republican"
"Trump","May 23 2023","53.5","2024","Republican"
"Hutchinson","May 23 2023","0.9","2024","Republican"
"Ramaswamy","May 23 2023","3.7","2024","Republican"
"Pence","May 22 2023","5.5","2024","Republican"
"Haley","May 22 2023","3.9","2024","Republican"
"DeSantis","May 22 2023","20.8","2024","Republican"
"Trump","May 22 2023","53.5","2024","Republican"
"Hutchinson","May 22 2023","1.0","2024","Republican"
"Ramaswamy","May 22 2023","3.7","2024","Republican"
"Pence","May 21 2023","5.5","2024","Republican"
"Haley","May 21 2023","3.9","2024","Republican"
"DeSantis","May 21 2023","20.8","2024","Republican"
"Trump","May 21 2023","53.5","2024","Republican"
"Hutchinson","May 21 2023","1.0","2024","Republican"
"Ramaswamy","May 21 2023","3.7","2024","Republican"
"Pence","May 20 2023","5.5","2024","Republican"
"Haley","May 20 2023","3.9","2024","Republican"
"DeSantis","May 20 2023","20.8","2024","Republican"
"Trump","May 20 2023","53.5","2024","Republican"
"Hutchinson","May 20 2023","1.0","2024","Republican"
"Ramaswamy","May 20 2023","3.7","2024","Republican"
"Pence","May 19 2023","5.5","2024","Republican"
"Haley","May 19 2023","3.9","2024","Republican"
"DeSantis","May 19 2023","20.8","2024","Republican"
"Trump","May 19 2023","53.5","2024","Republican"
"Hutchinson","May 19 2023","1.0","2024","Republican"
"Ramaswamy","May 19 2023","3.7","2024","Republican"
"Pence","May 18 2023","5.7","2024","Republican"
"Haley","May 18 2023","4.1","2024","Republican"
"DeSantis","May 18 2023","21.3","2024","Republican"
"Trump","May 18 2023","53.0","2024","Republican"
"Hutchinson","May 18 2023","1.0","2024","Republican"
"Ramaswamy","May 18 2023","3.4","2024","Republican"
"Pence","May 17 2023","5.7","2024","Republican"
"Haley","May 17 2023","4.1","2024","Republican"
"DeSantis","May 17 2023","21.3","2024","Republican"
"Trump","May 17 2023","53.1","2024","Republican"
"Hutchinson","May 17 2023","1.0","2024","Republican"
"Ramaswamy","May 17 2023","3.4","2024","Republican"
"Pence","May 16 2023","5.7","2024","Republican"
"Haley","May 16 2023","4.2","2024","Republican"
"DeSantis","May 16 2023","21.4","2024","Republican"
"Trump","May 16 2023","52.6","2024","Republican"
"Hutchinson","May 16 2023","0.8","2024","Republican"
"Ramaswamy","May "
