Year,2010,Unnamed: 2,Unnamed: 3,Unnamed: 4
,,,,
Sum of Population,,,Indicator Name,
Country Name,Country Code,Indicator Code,"Population, total",Grand Total
Afghanistan,AFG,SP.POP.TOTL,28284089,28284089
Africa Eastern and Southern,AFE,SP.POP.TOTL,530308387,530308387
Africa Western and Central,AFW,SP.POP.TOTL,364358270,364358270
Albania,ALB,SP.POP.TOTL,2913021,2913021
Algeria,DZA,SP.POP.TOTL,36188236,36188236
American Samoa,ASM,SP.POP.TOTL,55228,55228
Andorra,AND,SP.POP.TOTL,80706,80706
Angola,AGO,SP.POP.TOTL,23294825,23294825
Antigua and Barbuda,ATG,SP.POP.TOTL,85320,85320
Arab World,ARB,SP.POP.TOTL,363568534,363568534
Argentina,ARG,SP.POP.TOTL,41288694,41288694
Armenia,ARM,SP.POP.TOTL,3044800,3044800
Aruba,ABW,SP.POP.TOTL,101838,101838
Australia,AUS,SP.POP.TOTL,22031750,22031750
Austria,AUT,SP.POP.TOTL,8363404,8363404
Azerbaijan,AZE,SP.POP.TOTL,9054332,9054332
"Bahamas, The",BHS,SP.POP.TOTL,367478,367478
Bahrain,BHR,SP.POP.TOTL,1228543,1228543
Bangladesh,BGD,SP.POP.TOTL,152201981,152201981
Barbados,BRB,SP.POP.TOTL,275243,275243
Belarus,BLR,SP.POP.TOTL,9483836,9483836
Belgium,BEL,SP.POP.TOTL,10895586,10895586
Belize,BLZ,SP.POP.TOTL,320245,320245
Benin,BEN,SP.POP.TOTL,9797484,9797484
Bermuda,BMU,SP.POP.TOTL,63725,63725
Bhutan,BTN,SP.POP.TOTL,701632,701632
Bolivia,BOL,SP.POP.TOTL,10182345,10182345
Bosnia and Herzegovina,BIH,SP.POP.TOTL,3811472,3811472
Botswana,BWA,SP.POP.TOTL,2033111,2033111
Brazil,BRA,SP.POP.TOTL,193701929,193701929
British Virgin Islands,VGB,SP.POP.TOTL,27675,27675
Brunei Darussalam,BRN,SP.POP.TOTL,392332,392332
Bulgaria,BGR,SP.POP.TOTL,7395599,7395599
Burkina Faso,BFA,SP.POP.TOTL,16176498,16176498
Burundi,BDI,SP.POP.TOTL,9376444,9376444
Cabo Verde,CPV,SP.POP.TOTL,509784,509784
Cambodia,KHM,SP.POP.TOTL,14500726,14500726
Cameroon,CMR,SP.POP.TOTL,19668066,19668066
Canada,CAN,SP.POP.TOTL,34005902,34005902
Caribbean small states,CSS,SP.POP.TOTL,2855621,2855621
Cayman Islands,CYM,SP.POP.TOTL,54099,54099
Central African Republic,CAF,SP.POP.TOTL,4492995,4492995
Central Europe and the Baltics,CEB,SP.POP.TOTL,104421447,104421447
Chad,TCD,SP.POP.TOTL,12312575,12312575
Channel Islands,CHI,SP.POP.TOTL,158621,158621
Chile,CHL,SP.POP.TOTL,17181464,17181464
China,CHN,SP.POP.TOTL,1337705000,1337705000
Colombia,COL,SP.POP.TOTL,44777319,44777319
Comoros,COM,SP.POP.TOTL,654836,654836
"Congo, Dem. Rep.",COD,SP.POP.TOTL,68563038,68563038
"Congo, Rep.",COG,SP.POP.TOTL,4462290,4462290
Costa Rica,CRI,SP.POP.TOTL,4555962,4555962
Cote d'Ivoire,CIV,SP.POP.TOTL,22488065,22488065
Croatia,HRV,SP.POP.TOTL,4295427,4295427
Cuba,CUB,SP.POP.TOTL,11297409,11297409
Curacao,CUW,SP.POP.TOTL,148703,148703
Cyprus,CYP,SP.POP.TOTL,1127816,1127816
Czechia,CZE,SP.POP.TOTL,10474410,10474410
Denmark,DNK,SP.POP.TOTL,5547683,5547683
Djibouti,DJI,SP.POP.TOTL,930251,930251
Dominica,DMA,SP.POP.TOTL,68859,68859
Dominican Republic,DOM,SP.POP.TOTL,9820175,9820175
Early-demographic dividend,EAR,SP.POP.TOTL,2967104472,2967104472
East Asia & Pacific,EAS,SP.POP.TOTL,2214613815,2214613815
East Asia & Pacific (excluding high income),EAP,SP.POP.TOTL,1973602166,1973602166
East Asia & Pacific (IDA & IBRD countries),TEA,SP.POP.TOTL,1948643347,1948643347
Ecuador,ECU,SP.POP.TOTL,15076695,15076695
"Egypt, Arab Rep.",EGY,SP.POP.TOTL,89196072,89196072
El Salvador,SLV,SP.POP.TOTL,6068249,6068249
Equatorial Guinea,GNQ,SP.POP.TOTL,1189085,1189085
Eritrea,ERI,SP.POP.TOTL,2945186,2945186
Estonia,EST,SP.POP.TOTL,1331475,1331475
Eswatini,SWZ,SP.POP.TOTL,1111650,1111650
Ethiopia,ETH,SP.POP.TOTL,90538514,90538514
Euro area,EMU,SP.POP.TOTL,340460814,340460814
Europe & Central Asia,ECS,SP.POP.TOTL,890448752,890448752
Europe & Central Asia (excluding high income),ECA,SP.POP.TOTL,230106440,230106440
Europe & Central Asia (IDA & IBRD countries),TEC,SP.POP.TOTL,442936599,442936599
European Union,EUU,SP.POP.TOTL,441546320,441546320
Faroe Islands,FRO,SP.POP.TOTL,48657,48657
Fiji,FJI,SP.POP.TOTL,910419,910419
Finland,FIN,SP.POP.TOTL,5363352,5363352
Fragile and conflict affected situations,FCS,SP.POP.TOTL,793160547,793160547
France,FRA,SP.POP.TOTL,65026211,65026211
French Polynesia,PYF,SP.POP.TOTL,270580,270580
Gabon,GAB,SP.POP.TOTL,1719879,1719879
"Gambia, The",GMB,SP.POP.TOTL,1926630,1926630
Georgia,GEO,SP.POP.TOTL,3786695,3786695
Germany,DEU,SP.POP.TOTL,81776930,81776930
Ghana,GHA,SP.POP.TOTL,25474995,25474995
Gibraltar,GIB,SP.POP.TOTL,31248,31248
Greece,GRC,SP.POP.TOTL,11121341,11121341
Greenland,GRL,SP.POP.TOTL,56905,56905
Grenada,GRD,SP.POP.TOTL,111586,111586
Guam,GUM,SP.POP.TOTL,166522,166522
Guatemala,GTM,SP.POP.TOTL,14500112,14500112
Guinea,GIN,SP.POP.TOTL,10396086,10396086
Guinea-Bissau,GNB,SP.POP.TOTL,1566347,1566347
Guyana,GUY,SP.POP.TOTL,749256,749256
Haiti,HTI,SP.POP.TOTL,9803294,9803294
Heavily indebted poor countries (HIPC),HPC,SP.POP.TOTL,638796398,638796398
High income,HIC,SP.POP.TOTL,1323506149,1323506149
Honduras,HND,SP.POP.TOTL,8365878,8365878
"Hong Kong SAR, China",HKG,SP.POP.TOTL,7024200,7024200
Hungary,HUN,SP.POP.TOTL,10000023,10000023
IBRD only,IBD,SP.POP.TOTL,4436714947,4436714947
Iceland,ISL,SP.POP.TOTL,318041,318041
IDA & IBRD total,IBT,SP.POP.TOTL,5876645582,5876645582
IDA blend,IDB,SP.POP.TOTL,485934443,485934443
IDA only,IDX,SP.POP.TOTL,953996192,953996192
IDA total,IDA,SP.POP.TOTL,1439930635,1439930635
India,IND,SP.POP.TOTL,1243481564,1243481564
Indonesia,IDN,SP.POP.TOTL,246305322,246305322
"Iran, Islamic Rep.",IRN,SP.POP.TOTL,77420842,77420842
Iraq,IRQ,SP.POP.TOTL,31045366,31045366
Ireland,IRL,SP.POP.TOTL,4560155,4560155
Isle of Man,IMN,SP.POP.TOTL,83873,83873
Israel,ISR,SP.POP.TOTL,7623600,7623600
Italy,ITA,SP.POP.TOTL,59277417,59277417
Jamaica,JAM,SP.POP.TOTL,2748568,2748568
Japan,JPN,SP.POP.TOTL,128070000,128070000
Jordan,JOR,SP.POP.TOTL,7297043,7297043
Kazakhstan,KAZ,SP.POP.TOTL,16836810,16836810
Kenya,KEN,SP.POP.TOTL,41598567,41598567
Kiribati,KIR,SP.POP.TOTL,108704,108704
"Korea, Dem. People's Rep.",PRK,SP.POP.TOTL,24987258,24987258
"Korea, Rep.",KOR,SP.POP.TOTL,49554112,49554112
Kosovo,XKX,SP.POP.TOTL,1788743,1788743
Kuwait,KWT,SP.POP.TOTL,2943372,2943372
Kyrgyz Republic,KGZ,SP.POP.TOTL,5467059,5467059
Lao PDR,LAO,SP.POP.TOTL,6334194,6334194
Late-demographic dividend,LTE,SP.POP.TOTL,2179522412,2179522412
Latin America & Caribbean,LCN,SP.POP.TOTL,587749565,587749565
Latin America & Caribbean (excluding high income),LAC,SP.POP.TOTL,527703442,527703442
Latin America & the Caribbean (IDA & IBRD countries),TLA,SP.POP.TOTL,571822092,571822092
Latvia,LVA,SP.POP.TOTL,2097555,2097555
Least developed countries: UN classification,LDC,SP.POP.TOTL,855348118,855348118
Lebanon,LBN,SP.POP.TOTL,5041288,5041288
Lesotho,LSO,SP.POP.TOTL,1996251,1996251
Liberia,LBR,SP.POP.TOTL,4058890,4058890
Libya,LBY,SP.POP.TOTL,6497839,6497839
Liechtenstein,LIE,SP.POP.TOTL,36022,36022
Lithuania,LTU,SP.POP.TOTL,3097282,3097282
Low & middle income,LMY,SP.POP.TOTL,5648351983,5648351983
Low income,LIC,SP.POP.TOTL,520054110,520054110
Lower middle income,LMC,SP.POP.TOTL,2548857608,2548857608
Luxembourg,LUX,SP.POP.TOTL,506953,506953
"Macao SAR, China",MAC,SP.POP.TOTL,537000,537000
Madagascar,MDG,SP.POP.TOTL,22183340,22183340
Malawi,MWI,SP.POP.TOTL,14826463,14826463
Malaysia,MYS,SP.POP.TOTL,28655776,28655776
Maldives,MDV,SP.POP.TOTL,360792,360792
Mali,MLI,SP.POP.TOTL,15945198,15945198
Malta,MLT,SP.POP.TOTL,414508,414508
Marshall Islands,MHL,SP.POP.TOTL,52044,52044
Mauritania,MRT,SP.POP.TOTL,3390965,3390965
Mauritius,MUS,SP.POP.TOTL,1250400,1250400
Mexico,MEX,SP.POP.TOTL,113623895,113623895
"Micronesia, Fed. Sts.",FSM,SP.POP.TOTL,107540,107540
Middle East & North Africa,MEA,SP.POP.TOTL,397305528,397305528
Middle East & North Africa (excluding high income),MNA,SP.POP.TOTL,349872902,349872902
Middle East & North Africa (IDA & IBRD countries),TMN,SP.POP.TOTL,346086741,346086741
Middle income,MIC,SP.POP.TOTL,5128297873,5128297873
Moldova,MDA,SP.POP.TOTL,2862354,2862354
Monaco,MCO,SP.POP.TOTL,33163,33163
Mongolia,MNG,SP.POP.TOTL,2738622,2738622
Montenegro,MNE,SP.POP.TOTL,619428,619428
Morocco,MAR,SP.POP.TOTL,32467016,32467016
Mozambique,MOZ,SP.POP.TOTL,22999235,22999235
Myanmar,MMR,SP.POP.TOTL,49024382,49024382
Namibia,NAM,SP.POP.TOTL,2109811,2109811
Nauru,NRU,SP.POP.TOTL,10043,10043
Nepal,NPL,SP.POP.TOTL,27341952,27341952
Netherlands,NLD,SP.POP.TOTL,16615394,16615394
New Caledonia,NCL,SP.POP.TOTL,261582,261582
New Zealand,NZL,SP.POP.TOTL,4350700,4350700
Nicaragua,NIC,SP.POP.TOTL,5737450,5737450
Niger,NER,SP.POP.TOTL,16548835,16548835
Nigeria,NGA,SP.POP.TOTL,166642886,166642886
North America,NAC,SP.POP.TOTL,343396770,343396770
North Macedonia,MKD,SP.POP.TOTL,1946298,1946298
Northern Mariana Islands,MNP,SP.POP.TOTL,54091,54091
Norway,NOR,SP.POP.TOTL,4889252,4889252
OECD members,OED,SP.POP.TOTL,1292108663,1292108663
Oman,OMN,SP.POP.TOTL,2757446,2757446
Other small states,OSS,SP.POP.TOTL,12341009,12341009
Pacific island small states,PSS,SP.POP.TOTL,2289399,2289399
Pakistan,PAK,SP.POP.TOTL,199239047,199239047
Palau,PLW,SP.POP.TOTL,18396,18396
Panama,PAN,SP.POP.TOTL,3628535,3628535
Papua New Guinea,PNG,SP.POP.TOTL,7633523,7633523
Paraguay,PRY,SP.POP.TOTL,5737971,5737971
Peru,PER,SP.POP.TOTL,29086019,29086019
Philippines,PHL,SP.POP.TOTL,96337125,96337125
Poland,POL,SP.POP.TOTL,38042794,38042794
Portugal,PRT,SP.POP.TOTL,10573100,10573100
Post-demographic dividend,PST,SP.POP.TOTL,1075615574,1075615574
Pre-demographic dividend,PRE,SP.POP.TOTL,752046672,752046672
Puerto Rico,PRI,SP.POP.TOTL,3721525,3721525
Qatar,QAT,SP.POP.TOTL,1616832,1616832
Romania,ROU,SP.POP.TOTL,20246871,20246871
Russian Federation,RUS,SP.POP.TOTL,142849468,142849468
Rwanda,RWA,SP.POP.TOTL,10317553,10317553
Samoa,WSM,SP.POP.TOTL,193023,193023
San Marino,SMR,SP.POP.TOTL,33270,33270
Sao Tome and Principe,STP,SP.POP.TOTL,181802,181802
Saudi Arabia,SAU,SP.POP.TOTL,23978487,23978487
Senegal,SEN,SP.POP.TOTL,12635413,12635413
Serbia,SRB,SP.POP.TOTL,7291436,7291436
Seychelles,SYC,SP.POP.TOTL,89770,89770
Sierra Leone,SLE,SP.POP.TOTL,6222714,6222714
Singapore,SGP,SP.POP.TOTL,5076732,5076732
Sint Maarten (Dutch part),SXM,SP.POP.TOTL,33794,33794
Slovak Republic,SVK,SP.POP.TOTL,5391428,5391428
Slovenia,SVN,SP.POP.TOTL,2048583,2048583
Small states,SST,SP.POP.TOTL,17486029,17486029
Solomon Islands,SLB,SP.POP.TOTL,532968,532968
Somalia,SOM,SP.POP.TOTL,12261756,12261756
South Africa,ZAF,SP.POP.TOTL,52344051,52344051
South Asia,SAS,SP.POP.TOTL,1672490146,1672490146
South Asia (IDA & IBRD),TSA,SP.POP.TOTL,1672490146,1672490146
South Sudan,SSD,SP.POP.TOTL,9745953,9745953
Spain,ESP,SP.POP.TOTL,46576897,46576897
Sri Lanka,LKA,SP.POP.TOTL,20879089,20879089
St. Kitts and Nevis,KNA,SP.POP.TOTL,46846,46846
St. Lucia,LCA,SP.POP.TOTL,170906,170906
St. Martin (French part),MAF,SP.POP.TOTL,36856,36856
St. Vincent and the Grenadines,VCT,SP.POP.TOTL,109959,109959
Sub-Saharan Africa,SSF,SP.POP.TOTL,894666657,894666657
Sub-Saharan Africa (excluding high income),SSA,SP.POP.TOTL,894576887,894576887
Sub-Saharan Africa (IDA & IBRD countries),TSS,SP.POP.TOTL,894666657,894666657
Sudan,SDN,SP.POP.TOTL,35414399,35414399
Suriname,SUR,SP.POP.TOTL,549923,549923
Sweden,SWE,SP.POP.TOTL,9378126,9378126
Switzerland,CHE,SP.POP.TOTL,7824909,7824909
Syrian Arab Republic,SYR,SP.POP.TOTL,22482421,22482421
Tajikistan,TJK,SP.POP.TOTL,7652141,7652141
Tanzania,TZA,SP.POP.TOTL,44758488,44758488
Thailand,THA,SP.POP.TOTL,68579447,68579447
Timor-Leste,TLS,SP.POP.TOTL,1084679,1084679
Togo,TGO,SP.POP.TOTL,6732590,6732590
Tonga,TON,SP.POP.TOTL,107400,107400
Trinidad and Tobago,TTO,SP.POP.TOTL,1317714,1317714
Tunisia,TUN,SP.POP.TOTL,10765980,10765980
Turkiye,TUR,SP.POP.TOTL,73142150,73142150
Turkmenistan,TKM,SP.POP.TOTL,5564356,5564356
Turks and Caicos Islands,TCA,SP.POP.TOTL,29739,29739
Tuvalu,TUV,SP.POP.TOTL,10614,10614
Uganda,UGA,SP.POP.TOTL,32390802,32390802
Ukraine,UKR,SP.POP.TOTL,46456003,46456003
United Arab Emirates,ARE,SP.POP.TOTL,6869838,6869838
United Kingdom,GBR,SP.POP.TOTL,62766365,62766365
United States,USA,SP.POP.TOTL,309327143,309327143
Upper middle income,UMC,SP.POP.TOTL,2579440265,2579440265
Uruguay,URY,SP.POP.TOTL,3318580,3318580
Uzbekistan,UZB,SP.POP.TOTL,28385506,28385506
Vanuatu,VUT,SP.POP.TOTL,238248,238248
"Venezuela, RB",VEN,SP.POP.TOTL,28813101,28813101
Viet Nam,VNM,SP.POP.TOTL,87455152,87455152
Virgin Islands (U.S.),VIR,SP.POP.TOTL,108357,108357
West Bank and Gaza,PSE,SP.POP.TOTL,3786161,3786161
World,WLD,SP.POP.TOTL,7000671233,7000671233
"Yemen, Rep.",YEM,SP.POP.TOTL,26754387,26754387
Zambia,ZMB,SP.POP.TOTL,13965594,13965594
Zimbabwe,ZWE,SP.POP.TOTL,13356548,13356548
Grand Total,,,74506451210,74506451210
