Year,2018,Unnamed: 2,Unnamed: 3,Unnamed: 4
,,,,
Sum of Population,,,Indicator Name,
Country Name,Country Code,Indicator Code,"Population, total",Grand Total
Afghanistan,AFG,SP.POP.TOTL,36743039,36743039
Africa Eastern and Southern,AFE,SP.POP.TOTL,657801085,657801085
Africa Western and Central,AFW,SP.POP.TOTL,452195915,452195915
Albania,ALB,SP.POP.TOTL,2866376,2866376
Algeria,DZA,SP.POP.TOTL,42505035,42505035
American Samoa,ASM,SP.POP.TOTL,50908,50908
Andorra,AND,SP.POP.TOTL,75162,75162
Angola,AGO,SP.POP.TOTL,31297155,31297155
Antigua and Barbuda,ATG,SP.POP.TOTL,90926,90926
Arab World,ARB,SP.POP.TOTL,435998060,435998060
Argentina,ARG,SP.POP.TOTL,44654882,44654882
Armenia,ARM,SP.POP.TOTL,2969000,2969000
Aruba,ABW,SP.POP.TOTL,108908,108908
Australia,AUS,SP.POP.TOTL,24963258,24963258
Austria,AUT,SP.POP.TOTL,8840521,8840521
Azerbaijan,AZE,SP.POP.TOTL,9939771,9939771
"Bahamas, The",BHS,SP.POP.TOTL,392717,392717
Bahrain,BHR,SP.POP.TOTL,1503091,1503091
Bangladesh,BGD,SP.POP.TOTL,163523103,163523103
Barbados,BRB,SP.POP.TOTL,280711,280711
Belarus,BLR,SP.POP.TOTL,9438785,9438785
Belgium,BEL,SP.POP.TOTL,11427054,11427054
Belize,BLZ,SP.POP.TOTL,380226,380226
Benin,BEN,SP.POP.TOTL,12383347,12383347
Bermuda,BMU,SP.POP.TOTL,63831,63831
Bhutan,BTN,SP.POP.TOTL,759759,759759
Bolivia,BOL,SP.POP.TOTL,11508368,11508368
Bosnia and Herzegovina,BIH,SP.POP.TOTL,3387000,3387000
Botswana,BWA,SP.POP.TOTL,2299141,2299141
Brazil,BRA,SP.POP.TOTL,206107261,206107261
British Virgin Islands,VGB,SP.POP.TOTL,34657,34657
Brunei Darussalam,BRN,SP.POP.TOTL,437810,437810
Bulgaria,BGR,SP.POP.TOTL,7025037,7025037
Burkina Faso,BFA,SP.POP.TOTL,20438288,20438288
Burundi,BDI,SP.POP.TOTL,11859446,11859446
Cabo Verde,CPV,SP.POP.TOTL,513415,513415
Cambodia,KHM,SP.POP.TOTL,16274522,16274522
Cameroon,CMR,SP.POP.TOTL,24806383,24806383
Canada,CAN,SP.POP.TOTL,37072620,37072620
Caribbean small states,CSS,SP.POP.TOTL,3048465,3048465
Cayman Islands,CYM,SP.POP.TOTL,65941,65941
Central African Republic,CAF,SP.POP.TOTL,4878657,4878657
Central Europe and the Baltics,CEB,SP.POP.TOTL,102439383,102439383
Chad,TCD,SP.POP.TOTL,16156531,16156531
Channel Islands,CHI,SP.POP.TOTL,164949,164949
Chile,CHL,SP.POP.TOTL,18893191,18893191
China,CHN,SP.POP.TOTL,1402760000,1402760000
Colombia,COL,SP.POP.TOTL,49024465,49024465
Comoros,COM,SP.POP.TOTL,771590,771590
"Congo, Dem. Rep.",COD,SP.POP.TOTL,90047644,90047644
"Congo, Rep.",COG,SP.POP.TOTL,5483118,5483118
Costa Rica,CRI,SP.POP.TOTL,4957818,4957818
Cote d'Ivoire,CIV,SP.POP.TOTL,27464173,27464173
Croatia,HRV,SP.POP.TOTL,3988775,3988775
Cuba,CUB,SP.POP.TOTL,11227118,11227118
Curacao,CUW,SP.POP.TOTL,159336,159336
Cyprus,CYP,SP.POP.TOTL,1270737,1270737
Czechia,CZE,SP.POP.TOTL,10629928,10629928
Denmark,DNK,SP.POP.TOTL,5793636,5793636
Djibouti,DJI,SP.POP.TOTL,1071882,1071882
Dominica,DMA,SP.POP.TOTL,68174,68174
Dominican Republic,DOM,SP.POP.TOTL,10782053,10782053
Early-demographic dividend,EAR,SP.POP.TOTL,3314245247,3314245247
East Asia & Pacific,EAS,SP.POP.TOTL,2347576325,2347576325
East Asia & Pacific (excluding high income),EAP,SP.POP.TOTL,2100698838,2100698838
East Asia & Pacific (IDA & IBRD countries),TEA,SP.POP.TOTL,2074796982,2074796982
Ecuador,ECU,SP.POP.TOTL,17049547,17049547
"Egypt, Arab Rep.",EGY,SP.POP.TOTL,105682094,105682094
El Salvador,SLV,SP.POP.TOTL,6219807,6219807
Equatorial Guinea,GNQ,SP.POP.TOTL,1616422,1616422
Eritrea,ERI,SP.POP.TOTL,3192760,3192760
Estonia,EST,SP.POP.TOTL,1321977,1321977
Eswatini,SWZ,SP.POP.TOTL,1168929,1168929
Ethiopia,ETH,SP.POP.TOTL,112664152,112664152
Euro area,EMU,SP.POP.TOTL,346105839,346105839
Europe & Central Asia,ECS,SP.POP.TOTL,919738352.5,919738352.5
Europe & Central Asia (excluding high income),ECA,SP.POP.TOTL,246654915.5,246654915.5
Europe & Central Asia (IDA & IBRD countries),TEC,SP.POP.TOTL,460515553.5,460515553.5
European Union,EUU,SP.POP.TOTL,446953938,446953938
Faroe Islands,FRO,SP.POP.TOTL,50998,50998
Fiji,FJI,SP.POP.TOTL,917180,917180
Finland,FIN,SP.POP.TOTL,5515525,5515525
Fragile and conflict affected situations,FCS,SP.POP.TOTL,953648681,953648681
France,FRA,SP.POP.TOTL,67158348,67158348
French Polynesia,PYF,SP.POP.TOTL,279815,279815
Gabon,GAB,SP.POP.TOTL,2212318,2212318
"Gambia, The",GMB,SP.POP.TOTL,2399632,2399632
Georgia,GEO,SP.POP.TOTL,3726549,3726549
Germany,DEU,SP.POP.TOTL,82905782,82905782
Ghana,GHA,SP.POP.TOTL,30637585,30637585
Gibraltar,GIB,SP.POP.TOTL,34854,34854
Greece,GRC,SP.POP.TOTL,10732882,10732882
Greenland,GRL,SP.POP.TOTL,56023,56023
Grenada,GRD,SP.POP.TOTL,115691,115691
Guam,GUM,SP.POP.TOTL,162679,162679
Guatemala,GTM,SP.POP.TOTL,16845685,16845685
Guinea,GIN,SP.POP.TOTL,12704774,12704774
Guinea-Bissau,GNB,SP.POP.TOTL,1922168,1922168
Guyana,GUY,SP.POP.TOTL,791556,791556
Haiti,HTI,SP.POP.TOTL,10962362,10962362
Heavily indebted poor countries (HIPC),HPC,SP.POP.TOTL,802020674,802020674
High income,HIC,SP.POP.TOTL,1379152141,1379152141
Honduras,HND,SP.POP.TOTL,9765210,9765210
"Hong Kong SAR, China",HKG,SP.POP.TOTL,7452600,7452600
Hungary,HUN,SP.POP.TOTL,9775564,9775564
IBRD only,IBD,SP.POP.TOTL,4807550491,4807550491
Iceland,ISL,SP.POP.TOTL,352721,352721
IDA & IBRD total,IBT,SP.POP.TOTL,6518627024.5,6518627024.5
IDA blend,IDB,SP.POP.TOTL,574487740,574487740
IDA only,IDX,SP.POP.TOTL,1136588793.5,1136588793.5
IDA total,IDA,SP.POP.TOTL,1711076533.5,1711076533.5
India,IND,SP.POP.TOTL,1374659064,1374659064
Indonesia,IDN,SP.POP.TOTL,269951846,269951846
"Iran, Islamic Rep.",IRN,SP.POP.TOTL,86117998,86117998
Iraq,IRQ,SP.POP.TOTL,40265624,40265624
Ireland,IRL,SP.POP.TOTL,4867316,4867316
Isle of Man,IMN,SP.POP.TOTL,83805,83805
Israel,ISR,SP.POP.TOTL,8882800,8882800
Italy,ITA,SP.POP.TOTL,60421760,60421760
Jamaica,JAM,SP.POP.TOTL,2820097,2820097
Japan,JPN,SP.POP.TOTL,126811000,126811000
Jordan,JOR,SP.POP.TOTL,10462306,10462306
Kazakhstan,KAZ,SP.POP.TOTL,18932727,18932727
Kenya,KEN,SP.POP.TOTL,50207107,50207107
Kiribati,KIR,SP.POP.TOTL,122084,122084
"Korea, Dem. People's Rep.",PRK,SP.POP.TOTL,25931147,25931147
"Korea, Rep.",KOR,SP.POP.TOTL,51585058,51585058
Kosovo,XKX,SP.POP.TOTL,1797086,1797086
Kuwait,KWT,SP.POP.TOTL,4323515,4323515
Kyrgyz Republic,KGZ,SP.POP.TOTL,6444078.5,6444078.5
Lao PDR,LAO,SP.POP.TOTL,7128045,7128045
Late-demographic dividend,LTE,SP.POP.TOTL,2298520431.5,2298520431.5
Latin America & Caribbean,LCN,SP.POP.TOTL,635680745,635680745
Latin America & Caribbean (excluding high income),LAC,SP.POP.TOTL,572668977,572668977
Latin America & the Caribbean (IDA & IBRD countries),TLA,SP.POP.TOTL,620274430,620274430
Latvia,LVA,SP.POP.TOTL,1927174,1927174
Least developed countries: UN classification,LDC,SP.POP.TOTL,1033110314,1033110314
Lebanon,LBN,SP.POP.TOTL,5984119,5984119
Lesotho,LSO,SP.POP.TOTL,2183603,2183603
Liberia,LBR,SP.POP.TOTL,4944726,4944726
Libya,LBY,SP.POP.TOTL,6849055,6849055
Liechtenstein,LIE,SP.POP.TOTL,38246,38246
Lithuania,LTU,SP.POP.TOTL,2801543,2801543
Low & middle income,LMY,SP.POP.TOTL,6287535114.5,6287535114.5
Low income,LIC,SP.POP.TOTL,642186195,642186195
Lower middle income,LMC,SP.POP.TOTL,2886705487.5,2886705487.5
Luxembourg,LUX,SP.POP.TOTL,607950,607950
"Macao SAR, China",MAC,SP.POP.TOTL,658900,658900
Madagascar,MDG,SP.POP.TOTL,27494926,27494926
Malawi,MWI,SP.POP.TOTL,18528081,18528081
Malaysia,MYS,SP.POP.TOTL,32910967,32910967
Maldives,MDV,SP.POP.TOTL,473099,473099
Mali,MLI,SP.POP.TOTL,20442030,20442030
Malta,MLT,SP.POP.TOTL,484630,484630
Marshall Islands,MHL,SP.POP.TOTL,45285,45285
Mauritania,MRT,SP.POP.TOTL,4337685,4337685
Mauritius,MUS,SP.POP.TOTL,1265577,1265577
Mexico,MEX,SP.POP.TOTL,124573711,124573711
"Micronesia, Fed. Sts.",FSM,SP.POP.TOTL,109909,109909
Middle East & North Africa,MEA,SP.POP.TOTL,466691130,466691130
Middle East & North Africa (excluding high income),MNA,SP.POP.TOTL,404775501,404775501
Middle East & North Africa (IDA & IBRD countries),TMN,SP.POP.TOTL,400206414,400206414
Middle income,MIC,SP.POP.TOTL,5645348919.5,5645348919.5
Moldova,MDA,SP.POP.TOTL,2707203,2707203
Monaco,MCO,SP.POP.TOTL,38154,38154
Mongolia,MNG,SP.POP.TOTL,3208189,3208189
Montenegro,MNE,SP.POP.TOTL,622227,622227
Morocco,MAR,SP.POP.TOTL,35839760,35839760
Mozambique,MOZ,SP.POP.TOTL,29018644,29018644
Myanmar,MMR,SP.POP.TOTL,52272247,52272247
Namibia,NAM,SP.POP.TOTL,2577327,2577327
Nauru,NRU,SP.POP.TOTL,11477,11477
Nepal,NPL,SP.POP.TOTL,28079689,28079689
Netherlands,NLD,SP.POP.TOTL,17231624,17231624
New Caledonia,NCL,SP.POP.TOTL,283541,283541
New Zealand,NZL,SP.POP.TOTL,4900600,4900600
Nicaragua,NIC,SP.POP.TOTL,6400080,6400080
Niger,NER,SP.POP.TOTL,22188069,22188069
Nigeria,NGA,SP.POP.TOTL,204938755,204938755
North America,NAC,SP.POP.TOTL,363974650,363974650
North Macedonia,MKD,SP.POP.TOTL,1889051,1889051
Northern Mariana Islands,MNP,SP.POP.TOTL,49077,49077
Norway,NOR,SP.POP.TOTL,5311916,5311916
OECD members,OED,SP.POP.TOTL,1355260023,1355260023
Oman,OMN,SP.POP.TOTL,4597877,4597877
Other small states,OSS,SP.POP.TOTL,13634874,13634874
Pacific island small states,PSS,SP.POP.TOTL,2542009,2542009
Pakistan,PAK,SP.POP.TOTL,226928892,226928892
Palau,PLW,SP.POP.TOTL,17814,17814
Panama,PAN,SP.POP.TOTL,4167860,4167860
Papua New Guinea,PNG,SP.POP.TOTL,9394513,9394513
Paraguay,PRY,SP.POP.TOTL,6427382,6427382
Peru,PER,SP.POP.TOTL,31897584,31897584
Philippines,PHL,SP.POP.TOTL,109465287,109465287
Poland,POL,SP.POP.TOTL,37974750,37974750
Portugal,PRT,SP.POP.TOTL,10283822,10283822
Post-demographic dividend,PST,SP.POP.TOTL,1110512190,1110512190
Pre-demographic dividend,PRE,SP.POP.TOTL,946317177,946317177
Puerto Rico,PRI,SP.POP.TOTL,3193354,3193354
Qatar,QAT,SP.POP.TOTL,2580734,2580734
Romania,ROU,SP.POP.TOTL,19473970,19473970
Russian Federation,RUS,SP.POP.TOTL,145398106,145398106
Rwanda,RWA,SP.POP.TOTL,12487996,12487996
Samoa,WSM,SP.POP.TOTL,207582,207582
San Marino,SMR,SP.POP.TOTL,34522,34522
Sao Tome and Principe,STP,SP.POP.TOTL,210187,210187
Saudi Arabia,SAU,SP.POP.TOTL,30196281,30196281
Senegal,SEN,SP.POP.TOTL,15914498,15914498
Serbia,SRB,SP.POP.TOTL,6982604,6982604
Seychelles,SYC,SP.POP.TOTL,96762,96762
Sierra Leone,SLE,SP.POP.TOTL,7554563,7554563
Singapore,SGP,SP.POP.TOTL,5638676,5638676
Sint Maarten (Dutch part),SXM,SP.POP.TOTL,39712,39712
Slovak Republic,SVK,SP.POP.TOTL,5446771,5446771
Slovenia,SVN,SP.POP.TOTL,2073894,2073894
Small states,SST,SP.POP.TOTL,19225348,19225348
Solomon Islands,SLB,SP.POP.TOTL,709101,709101
Somalia,SOM,SP.POP.TOTL,15452487,15452487
South Africa,ZAF,SP.POP.TOTL,58613001,58613001
South Asia,SAS,SP.POP.TOTL,1852836645,1852836645
South Asia (IDA & IBRD),TSA,SP.POP.TOTL,1852836645,1852836645
South Sudan,SSD,SP.POP.TOTL,10122977,10122977
Spain,ESP,SP.POP.TOTL,46797754,46797754
Sri Lanka,LKA,SP.POP.TOTL,21670000,21670000
St. Kitts and Nevis,KNA,SP.POP.TOTL,47008,47008
St. Lucia,LCA,SP.POP.TOTL,177017,177017
St. Martin (French part),MAF,SP.POP.TOTL,36012,36012
St. Vincent and the Grenadines,VCT,SP.POP.TOTL,104926,104926
Sub-Saharan Africa,SSF,SP.POP.TOTL,1109997000,1109997000
Sub-Saharan Africa (excluding high income),SSA,SP.POP.TOTL,1109900238,1109900238
Sub-Saharan Africa (IDA & IBRD countries),TSS,SP.POP.TOTL,1109997000,1109997000
Sudan,SDN,SP.POP.TOTL,44230596,44230596
Suriname,SUR,SP.POP.TOTL,599513,599513
Sweden,SWE,SP.POP.TOTL,10175214,10175214
Switzerland,CHE,SP.POP.TOTL,8514329,8514329
Syrian Arab Republic,SYR,SP.POP.TOTL,19577845,19577845
Tajikistan,TJK,SP.POP.TOTL,9307333,9307333
Tanzania,TZA,SP.POP.TOTL,57437145,57437145
Thailand,THA,SP.POP.TOTL,71376079,71376079
Timor-Leste,TLS,SP.POP.TOTL,1275959,1275959
Togo,TGO,SP.POP.TOTL,8258778,8258778
Tonga,TON,SP.POP.TOTL,105567,105567
Trinidad and Tobago,TTO,SP.POP.TOTL,1359193,1359193
Tunisia,TUN,SP.POP.TOTL,11765514,11765514
Turkiye,TUR,SP.POP.TOTL,81407204,81407204
Turkmenistan,TKM,SP.POP.TOTL,6655524,6655524
Turks and Caicos Islands,TCA,SP.POP.TOTL,41559,41559
Tuvalu,TUV,SP.POP.TOTL,10751,10751
Uganda,UGA,SP.POP.TOTL,41565831,41565831
Ukraine,UKR,SP.POP.TOTL,45208907,45208907
United Arab Emirates,ARE,SP.POP.TOTL,9346701,9346701
United Kingdom,GBR,SP.POP.TOTL,66460344,66460344
United States,USA,SP.POP.TOTL,326838199,326838199
Upper middle income,UMC,SP.POP.TOTL,2758643432,2758643432
Uruguay,URY,SP.POP.TOTL,3394534,3394534
Uzbekistan,UZB,SP.POP.TOTL,32373490,32373490
Vanuatu,VUT,SP.POP.TOTL,285259,285259
"Venezuela, RB",VEN,SP.POP.TOTL,29807592,29807592
Viet Nam,VNM,SP.POP.TOTL,96237319,96237319
Virgin Islands (U.S.),VIR,SP.POP.TOTL,107001,107001
West Bank and Gaza,PSE,SP.POP.TOTL,4569087,4569087
World,WLD,SP.POP.TOTL,7696494847.5,7696494847.5
"Yemen, Rep.",YEM,SP.POP.TOTL,34085182,34085182
Zambia,ZMB,SP.POP.TOTL,17973569,17973569
Zimbabwe,ZWE,SP.POP.TOTL,15034452,15034452
Grand Total,,,82660717288,82660717288
