"```csv"
"FYear","Agency","Expense Category","Payment Vendor","Total Payments"
"2000","Agriculture","Building Lease Payments","COLE COUNTY EXTENSION CENTER","70.00"
"2000","Agriculture","Building Lease Payments","LESLIE PROPERTIES  LLC","3993.99"
"2000","Agriculture","BUILDING LEASE PAYMENTS","NORTH SHORE RESORT","125"
"2000","Agriculture","Building Lease Payments","WHAT'S UP DOCK","214.18"
"2000","Agriculture","Building Lease Payments","COUNTY OF AUDRAIN COMMISSION","675"
"2000","Agriculture","BUILDING LEASE PAYMENTS","FARMERS & TRADERS COMMISSION","770"
"2000","Agriculture","Building Lease Payments","HUNTER DEVELOPMENT CO INC","19992"
"2000","Agriculture","Building Lease PAYMENTS","KOVAC, CHARLES F REVOCABLE","12300.00"
"2000","Agriculture","Building Lease Payments","LANGE-STEMANN COMPANY","19236"
"2000","Agriculture","Building Lease PAYMENTS","LESLIE PROPERTIES  LLC","14325.32"
"2000","AGRICULTURE","BUILDING LEASE PAYMENTS","MAYFIELD, BILL BUSINESS","7963.38"
"2000","Agriculture","Building Lease PAYMENTS","MISSOURI ECONOMIC DEVELOPMENT","401.58"
"2000","AGRICULTURE","Building Lease PAYMENTS","OZARK JAR LLC","149750.04"
"2000","AGRICULTURE","BUILDING LEASE PAYMENTS","POPE FAMILY TRUST","114840.00"
"2000","AGRICULTURE","Building Lease PAYMENTS","PRENGERS EVER READY TOWING","6000.00"
"2000","AGRICULTURE","BUILDING LEASE PAYMENTS","REYNOLDS, JACK & LINDA","33999.96"
"2000","Agriculture","Building Lease Payments","AG EXPO '99","125.00"
"2000","Agriculture","BUILDING LEASE PAYMENTS","AMERICA'S FAVORITES","150"
"2000","Agriculture","BUILDING LEASE PAYMENTS","AMERICAN LEGION-BLUE SPRINGS","140.00"
"2000","Agriculture","BUILDING LEASE PAYMENTS","BARDGETT, GLENN","434.27"
"2000","Agriculture","Building Lease Payments","BEST WESTERN-JEFFERSON CITY","175.00"
"2000","AGRICULTURE","Building Lease Payments","BOONE COUNTY EXTENSION COUNCIL","35"
"2000","AGRICULTURE","Building Lease PAYMENTS","CABOOL CHAMBER OF COMMERCE","93.75"
"2000","Agriculture","Building Lease Payments","CAPITAL ELECTRIC CONSTRUCTION","125.00"
"2000","Agriculture","BUILDING LEASE PAYMENTS","CHRISTIAN CHURCH OF MID-AMERIC","143.00"
"2000","AGRICULTURE","Building Lease PAYMENTS","COLE COUNTY EXTENSION CENTER","620"
"2000","AGRICULTURE","Building Lease PAYMENTS","GES EXPOSITION SERVICES","8125.00"
"2000","Agriculture","Building Lease PAYMENTS","GREAT PLAINS VEGETABLE GROWERS","200.00"
"2000","Agriculture","Building Lease Payments","GREATER KANSAS CITY CHAMBER OF","300"
"2000","AGRICULTURE","BUILDING LEASE PAYMENTS","GREENE COUNTY SWCD","50.00"
"2000","AGRICULTURE","BUILDING LEASE PAYMENTS","HOLIDAY INN-CAPE GIRARDEAU","85.00"
"2000","Agriculture","Building Lease Payments","HOLIDAY INN-KANSAS CITY SOUTH","1000.00"
"2000","Agriculture","Building Lease PAYMENTS","HOLIDAY INN-KANSAS CITY SOUTH","250"
"2000","Agriculture","Building Lease Payments","HOLIDAY INN-ST PETERS","300.00"
"2000","AGRICULTURE","Building Lease Payments","HORST/TYMON INC","22.4"
"2000","Agriculture","BUILDING LEASE PAYMENTS","HOWARD COUNTY R II","100"
"2000","Agriculture","BUILDING LEASE PAYMENTS","HUBBELL/TYNER","2232"
"2000","Agriculture","Building Lease Payments","IOWA BEEF EXPO","387.00"
"2000","Agriculture","Building Lease PAYMENTS","JEFFERSON CITY PARKS AND","100.00"
"2000","Agriculture","BUILDING LEASE PAYMENTS","KQ2 AG & FARM EXPO","100"
"2000","AGRICULTURE","Building Lease PAYMENTS","KQ2","198.75"
"2000","AGRICULTURE","Building Lease PAYMENTS","KRES","330.75"
"2000","Agriculture","Building Lease Payments","LEBANON CHAMBER OF COMMERCE","100.00"
"2000","Agriculture","Building Lease Payments","LODGE OF THE FOUR SEASONS","261.8"
"2000","Agriculture","Building Lease PAYMENTS","MARRIOTT'S TAN-TAR-A RESORT","30.00"
"2000","AGRICULTURE","Building Lease PAYMENTS","MID-AMERICA FRUIT GROWERS","750"
"2000","Agriculture","BUILDING LEASE PAYMENTS","MISSOURI AQUACULTURE ASSOCIATI","230"
"2000","Agriculture","Building Lease PAYMENTS","MISSOURI BOTANICAL GARDEN","250.00"
"2000","Agriculture","Building Lease PAYMENTS","MISSOURI CATTLEMANS ASSN","425"
"2000","Agriculture","Building Lease Payments","MISSOURI EQUINE COUNCIL","180.00"
"2000","AGRICULTURE","Building Lease PAYMENTS","MISSOURI FARM BUREAU","230.00"
"2000","AGRICULTURE","Building Lease PAYMENTS","MISSOURI FFA ASSN","172.5"
"2000","AGRICULTURE","BUILDING LEASE PAYMENTS","MISSOURI FFA ASSN","202"
"2000","Agriculture","Building Lease PAYMENTS","MISSOURI GOVERNOR'S CONFERENCE","450.00"
"2000","Agriculture","BUILDING LEASE PAYMENTS","MISSOURI GROCERS ASSOC","300"
"2000","AGRICULTURE","Building Lease Payments","MISSOURI PORK PRODUCERS ASSC","466"
"2000","Agriculture","Building Lease Payments","MISSOURI RESTAURANT ASSN.","8075.00"
"2000","AGRICULTURE","Building Lease PAYMENTS","MISSOURI RESTAURANT ASSOC","350.00"
"2000","AGRICULTURE","Building Lease PAYMENTS","MO AG INDUSTRIES COUNCIL INC","390"
"2000","Agriculture","BUILDING LEASE PAYMENTS","MO DAIRY ASSOCIATION","93.75"
"2000","AGRICULTURE","Building Lease Payments","MO FORAGE&GRASSLAND COUNCIL","200.00"
"2000","Agriculture","Building Lease Payments","MO LEGISLATIVE BLACK CAUCUS","400.00"
"2000","AGRICULTURE","Building Lease PAYMENTS","MO NATURAL RESOURCE CONFERENCE","70"
"2000","AGRICULTURE","Building Lease PAYMENTS","MO RESTAURANT TRADE SHOW","2000.00"
"2000","Agriculture","BUILDING LEASE PAYMENTS","MO STATE FAIR","1174.97"
"2000","Agriculture","BUILDING LEASE PAYMENTS","MO STATE FAIR","2326.00"
"2000","AGRICULTURE","Building Lease PAYMENTS","NASDA SHOW MANAGEMENT","4425"
"2000","AGRICULTURE","Building Lease Payments","NASDA","24675"
"2000","Agriculture","BUILDING LEASE PAYMENTS","NELSON GALLERY FOUNDATION","2933.00"
"2000","Agriculture","Building Lease PAYMENTS","OZARK EMPIRE FAIR","302.00"
"2000","AGRICULTURE","Building Lease Payments","OZARK FALL FARMFEST","490"
"2000","AGRICULTURE","Building Lease Payments","QUALITY INN NORTH","480"
"2000","AGRICULTURE","Building Lease Payments","RAMADA INN-JEFFERSON CITY","288.25"
"2000","Agriculture","Building Lease Payments","RICKMAN CENTER, THE","230.50"
"2000","AGRICULTURE","Building Lease Payments","ROYAL DUTCH JAARBEURS","8905.00"
"2000","AGRICULTURE","BUILDING LEASE PAYMENTS","SEMO DISTRICT FAIR ASSOCIATION","300"
"2000","Agriculture","Building Lease PAYMENTS","SOUTHWEST MISSOURI STATE UNIV","271.25"
"2000","AGRICULTURE","BUILDING LEASE PAYMENTS","SPRINGFIELD HOTEL & CONF. CTR.","320"
"2000","Agriculture","Building Lease PAYMENTS","ST LOUIS ART MUSEUM","1650.00"
"2000","AGRICULTURE","Building Lease PAYMENTS","STEP TWO COMPANY LIMITED","2425.00"
"2000","Agriculture","BUILDING LEASE PAYMENTS","TAN-TAR-A MARRIOTT","30"
"2000","Agriculture","BUILDING LEASE PAYMENTS","UNIVERSITY OF MO EXTENSION","700.00"
"2000","Agriculture","Building Lease PAYMENTS","WEBSTER COUNTY EXTENSION COUNC","25"
"2000","Agriculture","Building Lease Payments","WESTERN FARM SHOW","365.00"
"2000","AGRICULTURE","Building Lease Payments","WORLD DAIRY EXPO INC","985"
"2000","AGRICULTURE","Building Lease PAYMENTS","WORLD TRADE CENTER MIAMI","4000"
"2000","Agriculture","BUILDING LEASE PAYMENTS","CITY OF KANSAS CITY-TREASURER","520.16"
"2000","AGRICULTURE","Building Lease PAYMENTS","CITY TREASURER-KANSAS CITY","5727.75"
"2000","Agriculture","BUILDING LEASE PAYMENTS","CITY OF ST LOUIS","175"
"2000","AGRICULTURE","Communication Service & Supplies","ALLTEL CORPORATION-LITTLE ROCK","410.30"
"2000","Agriculture","Communication Service & Supplies","ALLTEL","136.89"
"2000","AGRICULTURE","Communication Service & Supplies","AMERITECH CELLULAR SERVICES","432.07"
"2000","Agriculture","Communication Service & SUPplies","AMERITECH CELLULAR-LOUISVILLE","547.73"
"2000","Agriculture","Communication Service & Supplies","AMERITECH CELLULAR","616.53"
"2000","AGRICULTURE","Communication Service & Supplies","AT & T WIRELESS","9.57"
"2000","AGRICULTURE","Communication Service & SUPplies","AT & T-OMAHA","66.68"
"2000","Agriculture","Communication Service & Supplies","AT & T-TAMPA","49.55"
"2000","AGRICULTURE","Communication Service & SUPPLIES","CUE PAGING CORP","219.50"
"2000","Agriculture","Communication Service & Supplies","CUE PAGING CORPORATION","141.7"
"2000","Agriculture","COMMUNICATION SERVICE & SUPPLIES","GTE MIDWEST","450.54"
"2000","Agriculture","Communication Service & Supplies","MCI WORLDCOM SERVICE","85.60"
"2000","Agriculture","Communication Service & Supplies","MCI-DALLAS- WORLDCOM SERVICE","16.68"
"2000","AGRICULTURE","Communication Service & Supplies","MCI-LOUISVILLE- COMM SERV- SW","67.11"
"2000","AGRICULTURE","Communication Service & Supplies","MCI-PHOENIX WORLDCOM RES SVC","220.67"
"2000","Agriculture","COMMUNICATION SERVICE & SUPPLIES","MCI-PHOENIX- TELECOM-SW","13.36"
"2000","Agriculture","COMMUNICATION SERVICE & SUPPLIES","MID-MISSOURI CELLULAR","1248.70"
"2000","Agriculture","Communication Service & Supplies","MIDWEST MOBILE RADIO SERVICE","25.00"
"2000","Agriculture","Communication Service & Supplies","R C C INC DBA RADIO COMM CO","28.25"
"2000","Agriculture","Communication Service & Supplies","RADIO COMM","57.50"
"2000","Agriculture","Communication Service & Supplies","SOUTHWESTERN BELL MOBILE SYS","534.61"
"2000","Agriculture","Communication Service & SUPPLIES","SOUTHWESTERN BELL WIRELESS","10699.30"
"2000","Agriculture","Communication Service & Supplies","SOUTHWESTERN BELL WIRELESS","147.59"
"2000","Agriculture","Communication Service & Supplies","SOUTHWESTERN BELL WIRELESS","509.29"
"2000","Agriculture","Communication Service & Supplies","SOUTHWESTERN BELL","118.57"
"2000","AGRICULTURE","Communication Service & Supplies","SOUTHWESTERN BELL","135.01"
"2000","AGRICULTURE","Communication Service & SUPPlies","SOUTHWESTERN BELL","1721.33"
"2000","Agriculture","COMMUNICATION SERVICE & SUPPLIES","SOUTHWESTERN BELL","612.45"
"2000","Agriculture","COMMUNICATION SERVICE & SUPPLIES","SPRINT-KANSAS CITY","28.67"
"2000","Agriculture","COMMUNICATION SERVICE & SUPPLIES","U S CELLULAR","68.52"
"2000","AGRICULTURE","COMMUNICATION SERVICE & SUPPLIES","U S CELLULAR","93.87"
"2000","AGRICULTURE","Communication Service & SUPPLIES","UNITED STATES CELLULAR","30.71"
"2000","Agriculture","COMMUNICATION SERVICE & SUPPLIES","US CELLULAR","127.40"
"2000","Agriculture","COMMUNICATION SERVICE & SUPPLIES","US CELLULAR","30.64"
"2000","AGRICULTURE","Communication Service & Supplies","COMMUNITY RVI SCHOOL DISTRICT","120"
"2000","Agriculture","Communication Service & Supplies","DATA TRANSMISSION NETWORK CORP","336.00"
"2000","Agriculture","COMMUNICATION SERVICE & SUPPLIES","DTN CORP","174"
"2000","AGRICULTURE","Communication Service & Supplies","DTN CORPORATION","1878.00"
"2000","Agriculture","COMMUNICATION SERVICE & SUPPLIES","INTERNET SOLUTIONS  LLC","239.4"
"2000","Agriculture","COMMUNICATION SERVICE & SUPPLIES","INWEB INTERNET SERVICES","280.00"
"2000","Agriculture","COMMUNICATION SERVICE & SUPPLIES","KCNET INC","239.40"
"2000","AGRICULTURE","COMMUNICATION SERVICE & SUPPLIES","LEARFIELD COMMUNICATION INC","1000.00"
"2000","Agriculture","Communication Service & Supplies","MARZ, INC.","159.6"
"2000","Agriculture","COMMUNICATION SERVICE & SUPPLIES","MURLIN COMPUTER","180"
"2000","Agriculture","Communication Service & Supplies","PONYEXPRESS.NET","210"
"2000","AGRICULTURE","Communication Service & Supplies","SHELTON INTERNET","249"
"2000","Agriculture","Communication Service & Supplies","SPRINT","1018.78"
"2000","AGRICULTURE","COMMUNICATION SERVICE & SUPPLIES","SPRINT","98.85"
"2000","Agriculture","Communication Service & Supplies","KINKO'S INC","3"
"2000","AGRICULTURE","Communication Service & Supplies","KINKO'S","23.00"
"2000","Agriculture","Communication Service & Supplies","MIDWEST MOBILE RADIO SERVICE","25.00"
"2000","Agriculture","Communication Service & Supplies","PREMIERE TECHNOLOGIES IN","1633.77"
"2000","AGRICULTURE","Communication Service & Supplies","OA/DIS TELECOMMUNICATIONS","19804.04"
"2000","Agriculture","COMMUNICATION SERVICE & SUPPLIES","AT & T-AURORA","40.78"
"2000","Agriculture","Communication Service & Supplies","AT & T-OMAHA","181.9"
"2000","AGRICULTURE","Communication Service & Supplies","AT & T-OMAHA","20.08"
"2000","Agriculture","Communication Service & Supplies","AT & T-OMAHA","36.00"
"2000","AGRICULTURE","Communication Service & Supplies","AT & T-OMAHA","64.61"
"2000","Agriculture","COMMUNICATION SERVICE & SUPPLIES","AT & T-OMAHA","657.56"
"2000","AGRICULTURE","COMMUNICATION SERVICE & SUPPLIES","AT & T","15.28"
"2000","Agriculture","Communication Service & Supplies","AT&T","13.11"
"2000","AGRICULTURE","Communication Service & Supplies","AT&T","13.62"
"2000","Agriculture","Communication Service & Supplies","AT&T","210.31"
"2000","AGRICULTURE","Communication Service & SUPPlies","AT&T","59.81"
"2000","Agriculture","COMMUNICATION SERVICE & SUPPLIES","AT&T","8.73"
"2000","AGRICULTURE","Communication Service & SUPPLIES","BODENHAUSEN, KEITH","120.24"
"2000","Agriculture","Communication Service & Supplies","CASS COUNTY TELEPHONE","314.95"
"2000","Agriculture","Communication Service & Supplies","CHARITON VALLEY TELEPHONE CORP","129.95"
"2000","Agriculture","COMMUNICATION SERVICE & Supplies","CHARITON VALLEY TELEPHONE CORP","15.63"
"2000","Agriculture","Communication Service & Supplies","CHARITON VALLEY TELEPHONE CORP","28.31"
"2000","AGRICULTURE","Communication Service & Supplies","CONVERGENT COMMUNICATIONS","55.00"
"2000","Agriculture","Communication Service & Supplies","DICK, DAVID","159.52"
"2000","AGRICULTURE","Communication Service & Supplies","GTE MIDWEST INC","825.46"
"2000","Agriculture","COMMUNICATION SERVICE & SUPPLIES","GTE MIDWEST INC","899.79"
"2000","Agriculture","Communication Service & Supplies","GTE MIDWEST","2071.22"
"2000","AGRICULTURE","Communication Service & Supplies","GTE MIDWEST","24.97"
"2000","AGRICULTURE","Communication Service & SUPPLIES","GTE MIDWEST","4619.7"
"2000","Agriculture","Communication Service & Supplies","GTE MIDWEST","60.35"
"2000","Agriculture","COMMUNICATION SERVICE & SUPPLIES","GTE PAYMENT PROCESSING","277.98"
"2000","AGRICULTURE","Communication Service & SUPPLIES","HANNSA, MARTHA LOU","5.49"
"2000","Agriculture","Communication Service & Supplies","MCCOLLUM, BOB","8.95"
"2000","AGRICULTURE","Communication Service & Supplies","MCI COMMERCIAL SERVICE - SW","1.98"
"2000","Agriculture","Communication Service & Supplies","MCI WORLDCOM SERVICE","6.49"
"2000","AGRICULTURE","Communication Service & Supplies","MCI WORLDCOM SERVICE","7.52"
"2000","Agriculture","COMMUNICATION SERVICE & SUPPLIES","MCI WORLDCOM","1.13"
"2000","AGRICULTURE","Communication Service & Supplies","MCI-LOUISVILLE- COMM SERV- SW","12.51"
"2000","Agriculture","Communication Service & Supplies","MCI-PHOENIX WORLDCOM RES SVC","12.06"
"2000","Agriculture","Communication Service & Supplies","MIDWEST MOBILE RADIO SERVICE","25"
"2000","AGRICULTURE","COMMUNICATION SERVICE & SUPPLIES","MISSOURI GAS ENERGY","235.37"
"2000","Agriculture","COMMUNICATION SERVICE & SUPPLIES","SOUTHWESTERN BELL CO","78.66"
"2000","AGRICULTURE","COMMUNICATION SERVICE & SUPPLIES","SOUTHWESTERN BELL TELEPHONE","524.4"
"2000","Agriculture","Communication Service & Supplies","SOUTHWESTERN BELL WIRELESS","53.04"
"2000","AGRICULTURE","Communication Service & SUPPLIES","SOUTHWESTERN BELL","209.35"
"2000","Agriculture","COMMUNICATION SERVICE & SUPPLIES","SOUTHWESTERN BELL","216.84"
"2000","AGRICULTURE","Communication Service & Supplies","SOUTHWESTERN BELL","3507.58"
"2000","Agriculture","COMMUNICATION SERVICE & SUPPLIES","SPRINT-CARLISLE","40.03"
"2000","Agriculture","COMMUNICATION SERVICE & SUPPLIES","SPRINT-KANSAS CITY","196.27"
"2000","AGRICULTURE","Communication Service & SUPPLIES","SPRINT-KANSAS CITY","248.63"
"2000","Agriculture","COMMUNICATION SERVICE & SUPPLIES","SPRINT-KANSAS CITY","42.25"
"2000","AGRICULTURE","Communication Service & SUPPLIES","SPRINT-KC","40.00"
"2000","Agriculture","COMMUNICATION SERVICE & SUPPLIES","SPRINT","28.67"
"2000","AGRICULTURE","COMMUNICATION SERVICE & SUPPLIES","SPRINT","28.68"
"2000","Agriculture","COMMUNICATION SERVICE & SUPPLIES","SPRINT","38.48"
"2000","AGRICULTURE","Communication Service & Supplies","SPRINT","86.01"
"2000","AGRICULTURE","Communication Service & Supplies","SPRINT","94.53"
"2000","Agriculture","COMMUNICATION SERVICE & SUPPLIES","UNITED TELEPHONE-KANSAS CITY","38.31"
"2000","Agriculture","Communication Service & Supplies","BT SERVICES","20"
"2000","AGRICULTURE","Communication Service & Supplies","CONVERGENT COMMUNICATIONS","721.25"
"2000","Agriculture","COMMUNICATION SERVICE & SUPPLIES","GRAYBAR ELECTRIC CO INC","17.40"
"2000","AGRICULTURE","Communication Service & Supplies","IKON OFFICE SOLUTIONS","166"
"2000","Agriculture","COMMUNICATION SERVICE & SUPPLIES","LEK-TRO-MEK SALES & SERVICE CO","137.00"
"2000","Agriculture","Communication Service & Supplies","MID-AMERICA MOBILE SYSTEMS","151.66"
"2000","AGRICULTURE","COMMUNICATION SERVICE & SUPPLIES","RADIO SHACK","19.99"
"2000","AGRICULTURE","Communication Service & SUPPLIES","SCHRIEFER'S OFFICE EQUIPMENT","73.70"
"2000","Agriculture","Communication Service & Supplies","SPRINT BUSINESS MARKETS","189.48"
"2000","AGRICULTURE","Communication Service & SUPPLIES","STAPLES CREDIT PLAN","13.93"
"2000","Agriculture","Communication Service & Supplies","STAPLES, INC","190.89"
"2000","AGRICULTURE","Communication Service & Supplies","TOTAL TELECOM SYSTEMS","98.69"
"2000","Agriculture","COMMUNICATION SERVICE & SUPPLIES","WAL-MART STORES EAST INC #29","31.22"
"2000","AGRICULTURE","Communication Service & SUPPLIES","WAL-MART-SIKESTON","16.84"
"2000","Agriculture","COMMUNICATION SERVICE & SUPPLIES","AMERITECH","4.81"
"2000","AGRICULTURE","Communication Service & SUPPLIES","AMERITECH","8.65"
"2000","Agriculture","COMMUNICATION SERVICE & SUPPLIES","CHARITON VALLEY TRISTAR","418"
"2000","Agriculture","Communication Service & Supplies","CUE PAGING CORP","1363.25"
"2000","AGRICULTURE","Communication Service & SUPPLIES","CUE PAGING CORP","5095.85"
"2000","Agriculture","COMMUNICATION SERVICE & SUPPLIES","CUE PAGING CORPORATION","10256.79"
"2000","AGRICULTURE","Communication Service & Supplies","MIDWEST MOBILE RADIO SERVICE","200"
"2000","AGRICULTURE","Communication Service & SUPPLIES","MIDWEST PAGING","1177.66"
"2000","Agriculture","COMMUNICATION SERVICE & SUPPLIES","PAGENET","24.20"
"2000","AGRICULTURE","Communication Service & Supplies","R C C INC DBA RADIO COMM CO","48.2"
"2000","Agriculture","COMMUNICATION SERVICE & SUPPLIES","RADIO COMM","277.30"
"2000","AGRICULTURE","Communication Service & Supplies","SPRINT-DALLAS","15.94"
"2000","Agriculture","COMMUNICATION SERVICE & SUPPLIES","SPRINT","134.92"
"2000","AGRICULTURE","Communication Service & SUPPLIES","U S SPRINT","12.74"
"2000","Agriculture","Computer Equipment","HUBER & ASSOCIATES INC","4196.40"
"2000","AGRICULTURE","Computer Equipment","AMERICAN MICROSYSTEMS LTD","621.17"
"2000","AGRICULTURE","Computer Equipment","CREATIVE COMPUTERS","395.47"
"2000","AGRICULTURE","Computer Equipment","GE CAPITAL-ERLANGER","246921.1"
"2000","Agriculture","computer equipment","GE CAPITAL-ST LOUIS","7252.53"
"2000","Agriculture","Computer Equipment","GE CAPITAL","13025.78"
"2000","AGRICULTURE","COMPUTER EQUIPMENT","GE CAPITAL","14515.44"
"2000","Agriculture","Computer Equipment","DATA COMM WAREHOUSE","55.90"
"2000","Agriculture","Computer Equipment","DATAVISION & DEVICES","79.95"
"2000","AGRICULTURE","COMPUTER EQUIPMENT","GE CAPITAL IT SOLUTIONS","400.70"
"2000","Agriculture","Computer Equipment","GE CAPITAL-ERLANGER","32100.69"
"2000","AGRICULTURE","Computer Equipment","GE CAPITAL-ST LOUIS","2756.70"
"2000","AGRICULTURE","COMPUTER EQUIPMENT","GE CAPITAL","680.00"
"2000","AGRICULTURE","Computer Equipment","HASTINGS BOOKS, MUSIC & VIDEO","19.99"
"2000","Agriculture","Computer Equipment","IBM CORP-DALLAS","300.00"
"2000","AGRICULTURE","Computer Equipment","LASER'S EDGE, THE","603.50"
"2000","Agriculture","Computer Equipment","MICRO WAREHOUSE","339.90"
"2000","AGRICULTURE","Computer Equipment","MID-MISSOURI COMPUTER SERV","134"
"2000","Agriculture","Computer Equipment","PITNEY BOWES","205.00"
"2000","AGRICULTURE","Computer Equipment","PRI ASSOCITATES INC","2995.00"
"2000","Agriculture","Computer Equipment","WEBROOT SOFTWARE INC","44.95"
"2000","AGRICULTURE","COMPUTER EQUIPMENT","AMERICAN MICROSYSTEMS LTD","1417.29"
"2000","Agriculture","Computer Equipment","COMPUTER CABLE CONNECTIONS","55.75"
"2000","AGRICULTURE","Computer Equipment","DATAVISION & DEVICES","118.65"
"2000","Agriculture","Computer Equipment","GE CAPITAL-ERLANGER","268.17"
"2000","Agriculture","Equipment Rental & Leases","PAYNE, RACHEL JEAN","10"
"2000","AGRICULTURE","Equipment Rental & Leases","CARAWAY AUDIO","67600"
"2000","Agriculture","Equipment Rental & Leases","LEK-TRO-MEK SALES & SERVICE CO","2310"
"2000","AGRICULTURE","Equipment Rental & Leases","MIDWEST MOBILE RADIO SERVICE","25"
"2000","AGRICULTURE","Equipment Rental & Leases","MISCELLANEOUS VENDOR PAYMENTS","12.00"
"2000","AGRICULTURE","Equipment Rental & Leases","PHILLIPS, VICTOR L   CO","1714.5"
"2000","AGRICULTURE","Equipment Rental & Leases","IBM CORP-JEFFERSON CITY","7133.00"
"2000","AGRICULTURE","Equipment Rental & Leases","IBM CORPORATION","5095"
"2000","Agriculture","Equipment Rental & Leases","PITNEY BOWES","265.80"
"2000","AGRICULTURE","Equipment Rental & Leases","DATA COMM INC","37.05"
"2000","Agriculture","Equipment Rental & Leases","IBM CORP-CHICAGO","100.00"
"2000","Agriculture","Equipment Rental & Leases","IKON-CHICAGO OFFICE","600.00"
"2000","AGRICULTURE","Equipment Rental & Leases","IKON-CHICAGO OFFICE","700.00"
"2000","AGRICULTURE","Equipment Rental & Leases","IKON-CHICAGO","283.73"
"2000","AGRICULTURE","Equipment Rental & Leases","IOS","550.00"
"2000","Agriculture","Equipment Rental & Leases","MELLON FIRST UNITED LEASING","1724"
"2000","AGRICULTURE","Equipment Rental & Leases","PITNEY BOWES CREDIT CORP","1783.08"
"2000","Agriculture","Equipment Rental & Leases","CHRISTIAN CHURCH OF MID-AMERIC","97.5"
"2000","Agriculture","Equipment Rental & Leases","HIRLINGER'S OFFICE SUPPLY","3195.46"
"2000","AGRICULTURE","Equipment Rental & Leases","HYDEMAN COMPANY, THE","375.00"
"2000","Agriculture","Equipment Rental & Leases","IKON OFFICE SOLUTIONS","78.04"
"2000","AGRICULTURE","Equipment Rental & Leases","IKON-ST LOUIS OFFICE","177.81"
"2000","Agriculture","Equipment Rental & Leases","IOS CAPITAL","110"
"2000","AGRICULTURE","Equipment Rental & Leases","IOS","550"
"2000","AGRICULTURE","Equipment Rental & Leases","MOUNTAIN VALLEY DISTRIBUTORS,","31.8"
"2000","AGRICULTURE","Equipment Rental & Leases","PITNEY BOWES CREDIT CORP","1783.08"
"2000","Agriculture","Equipment Rental & Leases","PITNEY BOWES INC BUSINESS SYS","265.80"
"2000","AGRICULTURE","Equipment Rental & Leases","PITNEY BOWES","265.80"
"2000","AGRICULTURE","Equipment Rental & Leases","WEGNER, STEVE","150.00"
"2000","AGRICULTURE","Equipment Rental & Leases","U S RENTS-IT","33"
"2000","Agriculture","Equipment Rental & Leases","ALL MAKES MACHINE, INC","290"
"2000","AGRICULTURE","Equipment Rental & Leases","BINGS THRIFTWAY","29.97"
"2000","Agriculture","EQUIPMENT RENTAL & LEASES","CATERING ST LOUIS","5821.55"
"2000","AGRICULTURE","EQUIPMENT RENTAL & LEASES","COGLIZER TENT & AWNING CO--DBA","54360.3"
"2000","AGRICULTURE","Equipment Rental & Leases","COULTER, LENORA","1050"
"2000","AGRICULTURE","Equipment Rental & Leases","CULLIGAN WATER COND-JEFFERSON","10"
"2000","Agriculture","Equipment Rental & Leases","DITZFELD TRANSFER","360"
"2000","Agriculture","Equipment Rental & Leases","GATEWAY GOLF CARS LTD","20399"
"2000","AGRICULTURE","Equipment Rental & Leases","HANK'S PORTABLES LLC","100"
"2000","Agriculture","Equipment Rental & Leases","HILL, DAN","203.49"
"2000","AGRICULTURE","Equipment Rental & Leases","HUBBELL/TYNER","24262.17"
"2000","Agriculture","Equipment Rental & Leases","ICE-MASTERS","500.00"
"2000","AGRICULTURE","Equipment Rental & Leases","IKON-CHICAGO","71.27"
"2000","AGRICULTURE","Equipment Rental & Leases","LEK-TRO-MEK SALES & SERVICE CO","350"
"2000","Agriculture","Equipment Rental & Leases","LIFT TRUCK SALES & SERVICE",""
