"```csv"
"Payment Year","Department","Service Type","Supplier","Total Payments (USD)"
"Year: 2001","Conservation","R & M","JONES SMALL ENGINES","Total: 21"
"Year: 2001","Conservation","R & M","CALVIN B JONES","Total: 60"
"Year: 2001","Conservation","R & M","JOPLIN FREIGHTLINER SALES","Total: 3547"
"Year: 2001","Conservation","R & M","JR'S AUTO BODY","Total: 495"
"Year: 2001","Conservation","R & M","JR'S STANDARD","Total: 20"
"Year: 2001","Conservation","R & M","K & H AUTO SUPPLY","Total: 24"
"Year: 2001","Conservation","R & M","K & L REPAIR, INC","Total: 36"
"Year: 2001","Conservation","R & M","K & M AUTOMOTIVE","Total: 89"
"Year: 2001","Conservation","R & M","K & M TURBO WASH","Total: 50"
"Year: 2001","Conservation","R & M","K AND D WHOLESALE TIRE","Total: 77"
"Year: 2001","Conservation","R & M","KASTEN SWAP SHOP","Total: 79"
"Year: 2001","Conservation","R & M","KCR INTERNATIONAL TRUCKS INC","Total: 43"
"Year: 2001","Conservation","R & M","KEARNEY KWIK LUBE & CAR WASH","Total: 5"
"Year: 2001","Conservation","R & M","KEARNEY STREET TRUCK WASH","Total: 38"
"Year: 2001","Conservation","R & M","MIKE FORD KEHOE INC","Total: 3521"
"Year: 2001","Conservation","R & M","MIKE LINCOLN KEHOE MERCURY","Total: 1372"
"Year: 2001","Conservation","R & M","KEITH'S MFA SERVICE","Total: 199"
"Year: 2001","Conservation","R & M","KEN'S BODY & RADIATOR REPAIR","Total: 295"
"Year: 2001","Conservation","R & M","KEN'S FASTLUBE","Total: 73"
"Year: 2001","Conservation","R & M","KENNEY'S SERVICE","Total: 61"
"Year: 2001","Conservation","R & M","KIM SUPPLY INC","Total: 72"
"Year: 2001","Conservation","R & M","KIMBERLING CITY TIRE CO","Total: 195"
"Year: 2001","Conservation","R & M","KING AUTO GLASS INC","Total: 330"
"Year: 2001","Conservation","R & M","KIRKSVILLE AUTO GLASS","Total: 269"
"Year: 2001","Conservation","R & M","KIRKSVILLE BRAKE & MUFFLER","Total: 16"
"Year: 2001","Conservation","R & M","KJ'S QUICK LUBE LLC","Total: 92"
"Year: 2001","Conservation","R & M","KNAPHEIDE TRUCK EQUIPMENT CO","Total: 8226"
"Year: 2001","Conservation","R & M","KNIGHT & MAHER INC","Total: 215"
"Year: 2001","Conservation","R & M","KNIGHTON'S BODY SHOP, INC","Total: 1972"
"Year: 2001","Conservation","R & M","KRIBS FORD INC","Total: 1514"
"Year: 2001","Conservation","R & M","RANDALL E KRIEGEL","Total: 145"
"Year: 2001","Conservation","R & M","KRIGBAUM TRAILER & EQUIPMENT","Total: 273"
"Year: 2001","Conservation","R & M","JAMES T KUENZLE","Total: 31"
"Year: 2001","Conservation","R & M","KWIK LUBE & CAR WASH","Total: 20"
"Year: 2001","Conservation","R & M","KWIK LUBE LUBE & OIL","Total: 88"
"Year: 2001","Conservation","R & M","L & B AUTO DETAILING","Total: 115"
"Year: 2001","Conservation","R & M","L & L AUTO SERVICE INC","Total: 79"
"Year: 2001","Conservation","R & M","L & L ENTERPRISES LLC","Total: 459"
"Year: 2001","Conservation","R & M","L & M TIRE LLC","Total: 35"
"Year: 2001","Conservation","R & M","L & M TIRE SERVICE INC","Total: 7"
"Year: 2001","Conservation","R & M","LACKEY AUTO BODY","Total: 945"
"Year: 2001","Conservation","R & M","LAKE DETAIL","Total: 185"
"Year: 2001","Conservation","R & M","LAKESIDE AUTO PARTS & SERVICE","Total: 256"
"Year: 2001","Conservation","R & M","CHARLES M LANCASTER","Total: 10"
"Year: 2001","Conservation","R & M","LANING BROS INC","Total: 23"
"Year: 2001","Conservation","R & M","LARRY'S AUTO GLASS","Total: 183"
"Year: 2001","Conservation","R & M","LARRY'S AUTO REPAIR","Total: 381"
"Year: 2001","Conservation","R & M","LARRY'S QUICK LUBE","Total: 57"
"Year: 2001","Conservation","R & M","LARRYS QUALITY AUTOMOTIVE","Total: 170"
"Year: 2001","Conservation","R & M","LARSON COLLISION CENTER","Total: 250"
"Year: 2001","Conservation","R & M","LAUKEMPER MOTOR CO","Total: 995"
"Year: 2001","Conservation","R & M","LAUKEMPER MOTORS INC","Total: 22"
"Year: 2001","Conservation","R & M","LEA & CARSTEN GLASS SERVICE","Total: 2225"
"Year: 2001","Conservation","R & M","LEE'S LAWN & GARDEN","Total: 67"
"Year: 2001","Conservation","R & M","LEE'S TIRE CO","Total: 25"
"Year: 2001","Conservation","R & M","LEE'S TIRE CO","Total: 32"
"Year: 2001","Conservation","R & M","THOMAS W LEEKER","Total: 35"
"Year: 2001","Conservation","R & M","LEHMAN BODY SHOP","Total: 466"
"Year: 2001","Conservation","R & M","WILLIAM O   JR LENHART","Total: 130"
"Year: 2001","Conservation","R & M","STEVEN M LENZ","Total: 47"
"Year: 2001","Conservation","R & M","LERCHE FIRESTONE DEALER STORE","Total: 70"
"Year: 2001","Conservation","R & M","LES JACOBS FORD MERCURY","Total: 1215"
"Year: 2001","Conservation","R & M","LES'S AUTO CENTER","Total: 55"
"Year: 2001","Conservation","R & M","LEWIS SERVICE","Total: 65"
"Year: 2001","Conservation","R & M","LIBBY MACHINE","Total: 217"
"Year: 2001","Conservation","R & M","LIBERTY GLASS CO INC","Total: 220"
"Year: 2001","Conservation","R & M","LICKING MOTOR CO","Total: 510"
"Year: 2001","Conservation","R & M","LIFT TRUCK SALES & SERVICE","Total: 122"
"Year: 2001","Conservation","R & M","LINDSAY'S SUPER LUBE SERVICE","Total: 174"
"Year: 2001","Conservation","R & M","GENE LINDSEY","Total: 240"
"Year: 2001","Conservation","R & M","LINN LASER WASH","Total: 100"
"Year: 2001","Conservation","R & M","LIVENGOOD'S TRANSMISSION","Total: 2927"
"Year: 2001","Conservation","R & M","LIVINGSTON WRECKER SERVICE","Total: 30"
"Year: 2001","Conservation","R & M","LIVONIA MINI MALL","Total: 368"
"Year: 2001","Conservation","R & M","LLOYD BELT CHRYSLER INC","Total: 316"
"Year: 2001","Conservation","R & M","J M LOE","Total: 225"
"Year: 2001","Conservation","R & M","LONG FORD SALES INC","Total: 1701"
"Year: 2001","Conservation","R & M","LORCH OIL CO","Total: 9"
"Year: 2001","Conservation","R & M","DAN LOVE","Total: 88"
"Year: 2001","Conservation","R & M","LOWRY'S AUTO CENTER & WRECKER","Total: 725"
"Year: 2001","Conservation","R & M","LUBE & TIRE CENTER","Total: 7"
"Year: 2001","Conservation","R & M","LUTESVILLE MOTOR COMPANY INC","Total: 1753"
"Year: 2001","Conservation","R & M","M & K SERVICE & TOWING","Total: 20"
"Year: 2001","Conservation","R & M","M & O MOTORS","Total: 2039"
"Year: 2001","Conservation","R & M","M & S AUTO REFINISHING &","Total: 2064"
"Year: 2001","Conservation","R & M","M & S MOTORS INC","Total: 191"
"Year: 2001","Conservation","R & M","JOE FORD MACHENS","Total: 1948"
"Year: 2001","Conservation","R & M","MACON TIRE & AUTO SERVICE","Total: 50"
"Year: 2001","Conservation","R & M","MACZUK CHRYSLER INC","Total: 601"
"Year: 2001","Conservation","R & M","MADISON COUNTY OIL CO INC","Total: 10"
"Year: 2001","Conservation","R & M","MAHON'S EASTSIDE GLASS","Total: 192"
"Year: 2001","Conservation","R & M","MAPLES FORD MERCURY INC","Total: 111"
"Year: 2001","Conservation","R & M","MARK'S AUTO SERVICE","Total: 53"
"Year: 2001","Conservation","R & M","MARK'S MOBILE GLASS, INC","Total: 21"
"Year: 2001","Conservation","R & M","MARK'S MOBILE GLASS","Total: 675"
"Year: 2001","Conservation","R & M","MAROLF'S TIRE & RADIATOR SHOP","Total: 226"
"Year: 2001","Conservation","R & M","MARSHALL CHRYSLER CENTER","Total: 768"
"Year: 2001","Conservation","R & M","MARTENS TRAILER SALES & SERV","Total: 93"
"Year: 2001","Conservation","R & M","MARTIN DISTRIBUTING","Total: 9"
"Year: 2001","Conservation","R & M","MARTIN'S AUTO SERVICE","Total: 113"
"Year: 2001","Conservation","R & M","MARTIN, E A MACHINERY CO","Total: 244"
"Year: 2001","Conservation","R & M","MARVIN'S GARAGE","Total: 46"
"Year: 2001","Conservation","R & M","MASCO INC","Total: 290"
"Year: 2001","Conservation","R & M","MASTERS SERVICE CENTER","Total: 475"
"Year: 2001","Conservation","R & M","MATT'S AUTO CLINIC","Total: 65"
"Year: 2001","Conservation","R & M","MAVERICK GLASS CO.","","Total: 284"
"Year: 2001","Conservation","R & M","MAY SERVICE INC","Total: 148"
"Year: 2001","Conservation","R & M","MAZE AUTO BODY CARSTAR WEST","Total: 7204"
"Year: 2001","Conservation","R & M","MCCARTY MOTORS","Total: 393"
"Year: 2001","Conservation","R & M","MCCORMACK'S MFA SERVICE","Total: 70"
"Year: 2001","Conservation","R & M","MCCORMACKS SERVICE","Total: 6"
"Year: 2001","Conservation","R & M","MCCULLOUGH TIRE COMPANY INC","Total: 91"
"Year: 2001","Conservation","R & M","MCCURDY, DAVID L","Total: 110"
"Year: 2001","Conservation","R & M","MCDANIEL, TIM","Total: 88"
"Year: 2001","Conservation","R & M","MCDOWELL FORD INC","Total: 88"
"Year: 2001","Conservation","R & M","MCKENZIE AUTOMOTIVE","Total: 30"
"Year: 2001","Conservation","R & M","MCKNIGHT TIRE","Total: 365"
"Year: 2001","Conservation","R & M","MCLAIN, TRAVIS R","Total: 43"
"Year: 2001","Conservation","R & M","MEADVILLE MFA","Total: 330"
"Year: 2001","Conservation","R & M","MEADVILLE MFA","Total: 49"
"Year: 2001","Conservation","R & M","MEADVILLE MFA","Total: 488"
"Year: 2001","Conservation","R & M","MEEKS BUILDING CENTER","Total: 9"
"Year: 2001","Conservation","R & M","MERX SERVICE STATION","Total: 25"
"Year: 2001","Conservation","R & M","MERX SUPREME STATION","Total: 48"
"Year: 2001","Conservation","R & M","METRO FORD INC","Total: 416"
"Year: 2001","Conservation","R & M","MEYERS, JOHN D","Total: 65"
"Year: 2001","Conservation","R & M","MFA OIL CO-COLUMBIA","Total: 10"
"Year: 2001","Conservation","R & M","MFA OIL CO-COLUMBIA","Total: 71"
"Year: 2001","Conservation","R & M","MFA TIRE & AUTO-BRANSON","Total: 43"
"Year: 2001","Conservation","R & M","MFA TIRE & AUTO-SPRINGFIELD","Total: 390"
"Year: 2001","Conservation","R & M","MICHEL, JIMMEY MOTORS INC","Total: 188"
"Year: 2001","Conservation","R & M","MID-VALLEY AUTOMOTIVE","Total: 34"
"Year: 2001","Conservation","R & M","MIDAS MUFFLER & BRAKE SHOP","Total: 143"
"Year: 2001","Conservation","R & M","MIDWEST FABRICATIONS","Total: 40"
"Year: 2001","Conservation","R & M","MIDWEST KENWORTH","Total: 836"
"Year: 2001","Conservation","R & M","MIDWEST TIRE & SERVICE INC","Total: 73"
"Year: 2001","Conservation","R & M","MIDWEST TIRE OUTLET","Total: 30"
"Year: 2001","Conservation","R & M","MIKE'S AUTO REPAIR","Total: 547"
"Year: 2001","Conservation","R & M","MIKE'S GARAGE","Total: 145"
"Year: 2001","Conservation","R & M","MIKE'S TIRE SERVICE","Total: 428"
"Year: 2001","Conservation","R & M","MILES AND SONS TOWING","Total: 100"
"Year: 2001","Conservation","R & M","MILLER TIRE SERVICE","Total: 32"
"Year: 2001","Conservation","R & M","MILLER'S GARAGE","Total: 19"
"Year: 2001","Conservation","R & M","MILLER, ED AUTO SUPPLY INC","Total: 36"
"Year: 2001","Conservation","R & M","MILLER, GARY R","Total: 160"
"Year: 2001","Conservation","R & M","MILLER, JACK CHRYSLER","Total: 1789"
"Year: 2001","Conservation","R & M","MILLS, WILLIAM T","Total: 39"
"Year: 2001","Conservation","R & M","MISSOURI DIV OF FIRE SAFETY","Total: 20"
"Year: 2001","Conservation","R & M","MITCHELL'S 66","Total: 670"
"Year: 2001","Conservation","R & M","MO BLVD TOUCHLESS CAR WASH","Total: 174"
"Year: 2001","Conservation","R & M","MO BLVD TOUCHLESS CAR WASH","Total: 845"
"Year: 2001","Conservation","R & M","MO BLVD TOUCHLESS CARWASH","Total: 77"
"Year: 2001","Conservation","R & M","MO RADIATOR REPAIR","Total: 46"
"Year: 2001","Conservation","R & M","MO RIVER TIRE COMPANY","Total: 107"
"Year: 2001","Conservation","R & M","MO-ARK GLASS","Total: 25"
"Year: 2001","Conservation","R & M","MOBERLY MOTOR CO INC","Total: 52"
"Year: 2001","Conservation","R & M","MONETT LIGHTENING LUBE","Total: 42"
"Year: 2001","Conservation","R & M","MONROE TIRE & BATTERY","Total: 376"
"Year: 2001","Conservation","R & M","MONTGOMERY AUTOMOTIVE INC","Total: 1595"
"Year: 2001","Conservation","R & M","MOORE'S AUTO ELECTRIC","Total: 34"
"Year: 2001","Conservation","R & M","MOORE'S AUTO SERVICE","Total: 226"
"Year: 2001","Conservation","R & M","MORLAN DODGE INC","Total: 52"
"Year: 2001","Conservation","R & M","MOTTER'S 66","Total: 9"
"Year: 2001","Conservation","R & M","MOTTER'S TIRE & AUTO","Total: 133"
"Year: 2001","Conservation","R & M","MR DENT","Total: 3653"
"Year: 2001","Conservation","R & M","MUFFLER EXPRESS AND AUTOMOTIVE","Total: 30"
"Year: 2001","Conservation","R & M","MURL'S PLACE","Total: 612"
"Year: 2001","Conservation","R & M","MURPHY MOTOR INC","Total: 540"
"Year: 2001","Conservation","R & M","NAPA AUTO & TRUCK SUPPLY-TROY","Total: 12"
"Year: 2001","Conservation","R & M","NASH & SON 66","Total: 56"
"Year: 2001","Conservation","R & M","NASH & SONS PHILLIPS 66","Total: 160"
"Year: 2001","Conservation","R & M","NEEDHAM, PHIL S","Total: 130"
"Year: 2001","Conservation","R & M","NEW LONDON 66, KEVIN SAUL","Total: 145"
"Year: 2001","Conservation","R & M","NEWCOMB, GARY R","Total: 190"
"Year: 2001","Conservation","R & M","NICHOLS, STEVEN W","Total: 54"
"Year: 2001","Conservation","R & M","NODAWAY GLASS & MIRROR","Total: 353"
"Year: 2001","Conservation","R & M","NOEL'S TIRE & SERVICE CENTER","Total: 41"
"Year: 2001","Conservation","R & M","NORTH COUNTRY FORD-MERCURY INC","Total: 574"
"Year: 2001","Conservation","R & M","NORTH COUNTRY FORD/MERCURY","Total: 51"
"Year: 2001","Conservation","R & M","NORTHTOWN COLLISION INC","Total: 2977"
"Year: 2001","Conservation","R & M","NORTHWEST FORD LINCOLN MERCURY","Total: 244"
"Year: 2001","Conservation","R & M","NORTHWEST POWER SALES","Total: 271"
"Year: 2001","Conservation","R & M","NORWOOD #1 CARWASH & MINI","Total: 32"
"Year: 2001","Conservation","R & M","NOVUS","Total: 372"
"Year: 2001","Conservation","R & M","O K TIRE STORES","Total: 9"
"Year: 2001","Conservation","R & M","OK AUTOMOTIVE","Total: 184"
"Year: 2001","Conservation","R & M","OK TIRE & AUTOMOTIVE","Total: 14"
"Year: 2001","Conservation","R & M","OK TIRE STORE","Total: 192"
"Year: 2001","Conservation","R & M","OSIA AUTOMOTIVE","Total: 20"
"Year: 2001","Conservation","R & M","OSIA, GLEN","Total: 108"
"Year: 2001","Conservation","R & M","OTTEN SMALL ENGINE SERVICE","Total: 50"
"Year: 2001","Conservation","R & M","OZARK AUTO & WINDSHIELD","Total: 559"
"Year: 2001","Conservation","R & M","OZARK AUTO GLASS","Total: 4090"
"Year: 2001","Conservation","R & M","OZARK BODY WORKS, INC.","Total: 296"
"Year: 2001","Conservation","R & M","OZARK KENWORTH","Total: 279"
"Year: 2001","Conservation","R & M","OZARK KENWORTH","Total: 4491"
"Year: 2001","Conservation","R & M","OZARK POWER CENTER  INC","Total: 248"
"Year: 2001","Conservation","R & M","OZARK QUICK LUBE","Total: 1856"
"Year: 2001","Conservation","R & M","OZARKO TIRE CENTERS, INC.","Total: 582"
"Year: 2001","Conservation","R & M","P'S GAS & MORE","Total: 71"
"Year: 2001","Conservation","R & M","PARKERS BRAKE SERVICE","Total: 46"
"Year: 2001","Conservation","R & M","PARSONS TIRE & BATTERY SERVICE","Total: 104"
"Year: 2001","Conservation","R & M","PARSONS' TIRE, AUTO SALE & SER","Total: 184"
"Year: 2001","Conservation","R & M","PATTERSON, KEVIN","Total: 42"
"Year: 2001","Conservation","R & M","PAUL'S GARAGE","Total: 71"
"Year: 2001","Conservation","R & M","PENNINGTON, SHAWN A","Total: 50"
"Year: 2001","Conservation","R & M","PERRIGO TIRE & ALIGNMENT","Total: 30"
"Year: 2001","Conservation","R & M","PERRY, MICHAEL","Total: 111"
"Year: 2001","Conservation","R & M","PERRYVILLE TIRE CENTER","Total: 187"
"Year: 2001","Conservation","R & M","PETTIJOHN FORD-MERCURY SALES","Total: 1055"
"Year: 2001","Conservation","R & M","PHILIPS, PHIL W","Total: 163"
"Year: 2001","Conservation","R & M","PHILLIPS & SONS TIRE SERVICE","Total: 18"
"Year: 2001","Conservation","R & M","PINE CREST MUFFLER AND SERVICE","Total: 100"
"Year: 2001","Conservation","R & M","PIPES, CURTIS H","Total: 40"
"Year: 2001","Conservation","R & M","PIT LANE SUPER LUBE","Total: 509"
"Year: 2001","Conservation","R & M","PLAZA TIRE SERVICE INC","Total: 293"
"Year: 2001","Conservation","R & M","POKORNY, JAMES D","Total: 138"
"Year: 2001","Conservation","R & M","PRATT'S REPAIR SHOP","Total: 44"
"Year: 2001","Conservation","R & M","PRATT, JOHN D","Total: 260"
"Year: 2001","Conservation","R & M","PRECISION SMALL ENGINES INC","Total: 72"
"Year: 2001","Conservation","R & M","PREMIUM AUTO BODY, INC","Total: 680"
"Year: 2001","Conservation","R & M","PRENGER'S QUICK LUBE","Total: 395"
"Year: 2001","Conservation","R & M","PRENGER'S TOP GUN","Total: 78"
"Year: 2001","Conservation","R & M","PRICE-GNARDE FORD-MERCURY INC","Total: 2405"
"Year: 2001","Conservation","R & M","PRINCETON AUTO PARTS","Total: 23"
"Year: 2001","Conservation","R & M","PRINCETON TIRE & SERVICE","Total: 244"
"Year: 2001","Conservation","R & M","PRO AUTO BODY","Total: 300"
"Year: 2001","Conservation","R & M","PRO LUBE-N-TUNE","Total: 54"
"Year: 2001","Conservation","R & M","PRO LUBE","Total: 147"
"Year: 2001","Conservation","R & M","PRO LUBE","Total: 220"
"Year: 2001","Conservation","R & M","PRO LUBE","Total: 24"
"Year: 2001","Conservation","R & M","PROCUREMENT CARD PAYMENT","Total: 35384"
"Year: 2001","Conservation","R & M","PROFESSIONAL INDUSTRIAL TIRE","Total: 360"
"Year: 2001","Conservation","R & M","PROTECTED (PUBLIC SAFETY)","Total: 106"
"Year: 2001","Conservation","R & M","PURCELL TIRE & RUBBER COMPANY","Total: 40"
"Year: 2001","Conservation","R & M","PURCELL TIRE & RUBBER-CRYSTAL","Total: 20"
"Year: 2001","Conservation","R & M","PURCELL TIRE & RUBBER-LEBANON","Total: 253"
"Year: 2001","Conservation","R & M","PURCELL TIRE & RUBBER-ST LOUIS","Total: 378"
"Year: 2001","Conservation","R & M","PURCELL TIRE CO INC- CAPE GIRA","Total: 15"
"Year: 2001","Conservation","R & M","PURCELL TIRE CO-ST LOUIS","Total: 272"
"Year: 2001","Conservation","R & M","PURCELL TIRE CO-ST LOUIS","Total: 75"
"Year: 2001","Conservation","R & M","PUTNAM TIRE AND MUFFLER","Total: 7"
"Year: 2001","Conservation","R & M","PUXICO FARM TIRE SERVICE","Total: 202"
"Year: 2001","Conservation","R & M","PYLE'S WELDING","Total: 90"
"Year: 2001","Conservation","R & M","QUALITY FORD INC","Total: 100"
"Year: 2001","Conservation","R & M","QUALITY LUBE","Total: 290"
"Year: 2001","Conservation","R & M","QUALITY MUFFLER","Total: 311"
"Year: 2001","Conservation","R & M","QUALITY TRUCK WASHES INC","Total: 108"
"Year: 2001","Conservation","R & M","QUICK LUBE SPECIALTIES","Total: 156"
"Year: 2001","Conservation","R & M","QUICK STOP LUBE & OIL","Total: 531"
"Year: 2001","Conservation","R & M","QWIK LUBE'N OIL","Total: 2033"
"Year: 2001","Conservation","R & M","QWIK LUBE'N OIL","Total: 262"
"Year: 2001","Conservation","R & M","R & S AUT0MOTIVE FAMILY","Total: 2420"
"Year: 2001","Conservation","R & M","RABEN TIRE CO INC","Total: 404"
"Year: 2001","Conservation","R & M","RABEN TIRE CO","Total: 10"
"Year: 2001","Conservation","R & M","RABEN TIRE CO","Total: 123"
"Year: 2001","Conservation","R & M","RABEN TIRE COMPANY","Total: 60"
"Year: 2001","Conservation","R & M","RADFORD CARWASHES INC","Total: 218"
"Year: 2001","Conservation","R & M","RADFORD'S BODY SHOP","Total: 262"
"Year: 2001","Conservation","R & M","RAINBOW CAR WASH","Total: 95"
"Year: 2001","Conservation","R & M","RANDY'S AUTO SERVICE","Total: 139"
"Year: 2001","Conservation","R & M","RAPID LUBE & TIRE INC","Total: 357"
"Year: 2001","Conservation","R & M","RAY'S ENGINE, MACHINE & TRANS","Total: 32"
"Year: 2001","Conservation","R & M","RAY'S SMALL ENGINE","Total: 61"
"Year: 2001","Conservation","R & M","RAY'S WELDING","Total: 125"
"Year: 2001","Conservation","R & M","RAY-CARROLL COUNTY GRAIN GROW","Total: 8"
"Year: 2001","Conservation","R & M","RAY-CARROLL COUNTY","Total: 8"
"Year: 2001","CONSERVATION","R & M","RAYSIK, JIM INC","Total: 2086"
"Year: 2001","Conservation","R & M","RAYTOWN DODGE","Total: 310"
"Year: 2001","Conservation","R & M","RECTOR, JOHN MOTORS","Total: 1062"
"Year: 2001","Conservation","R & M","REDFIELD COLLISION CENTER","Total: 1908"
"Year: 2001","Conservation","R & M","RELIABLE CHEVROLET","Total: 71"
"Year: 2001","Conservation","R & M","REPUBLIC FORD INC","Total: 523"
"Year: 2001","Conservation","R & M","REYNOLDS AMOCO","Total: 264"
"Year: 2001","Conservation","R & M","RHYNO PERFORMANCE","Total: 99"
"Year: 2001","Conservation","R & M","RICE TIRE","Total: 80"
"Year: 2001","Conservation","R & M","RICE, SCOTT","Total: 173"
"Year: 2001","Conservation","R & M","RICH HILL T"
