"```csv"
"Month Reported","Start Date","Incident Start Time","Restoration Date","Restoration Time","Affected Area","Regional Authority","Alert Reason","Incident Category","Demand Reduction (MW)","Customers Impacted"
"Product-January","2015/01/07","17:00","2015/01/08","8:35","Product-Tennessee","Product-SERC","Product-Public appeal to reduce the use of electricity","Product-Severe Weather - Winter","Unknown","Unknown"
"Product-January","2015/01/07","17:00","2015/01/08","8:35","Product-Tennessee, Kentucky, Virginia, North Carolina, Georgia, Alabama, Missouri","Product-SERC","Product-Public appeal to reduce the use of electricity","Product-Severe Weather - Winter","Unknown","Unknown"
"Product-January","2015/01/22","4:24","2015/01/22","5:55","Product-Portland, Oregon","Product-WECC","Product-Suspected Physical Attack","Product-Vandalism","Unknown","Unknown"
"Product-January","2015/01/26","2:39PM","2015/01/26","2:40PM","Product-Cave Junction, Oregon","Product-WECC","Product-Suspected Physical Attack","Product-Vandalism","Unknown","Unknown"
"Product-January","2015/01/27","10:30","2015/01/27","10:31","Product-Kountze, Texas","Product-SERC","Product-Suspected Physical Attack","Product-Sabotage","0","0"
"Product-February","2015/02/01","11:24","2015/02/01","11:44","Product-Weber County, Utah","Product-WECC","Product-Suspected Physical Attack","Product-Vandalism","Unknown","Unknown"
"Product-February","2015/02/02","09:40","2015/02/02","9:41","Product-Conroe, Texas","Product-TRE","Product-Suspected Physical Attack","Product-Sabotage","Unknown","Unknown"
"Product-February","2015/02/04","11:55","2015/02/04","11:56","Product-Vollmers, California","Product-WECC","Product-Suspected Physical Attack","Product-Vandalism","Unknown","Unknown"
"Product-February","2015/02/05","8:15","2015/02/05","8:17","Product-Cameron, Arizona","Product-WECC","Product-Suspected Physical Attack","Product-Vandalism","Unknown","Unknown"
"Product-February","2015/02/05","11:20","2015/02/05","11:21","Product-Dunismuir, California","Product-WECC","Product-Suspected Physical Attack","Product-Vandalism","Unknown","Unknown"
"Product-February","2015/02/06","8:58PM","Unknown","Unknown","Product-Northern California","Product-WECC","Product-Loss of electric service to more than 50,000 customers for 1 hour or more","Product-Severe Weather - Wind","Unknown","65K"
"Product-February","2015/02/09","11:30","2015/02/09","1:15PM","Product-Colorado Springs, Colorado","Product-WECC","Product-Suspected Physical Attack","Product-Sabotage","Unknown","Unknown"
"Product-February","2015/02/16","9:41PM","2015/02/18","7:00","Product-Northern/North Eastern, Georgia","Product-SERC","Product-Loss of electric service to more than 50,000 customers for 1 hour or more","Product-Severe Weather - Winter","0.62K","186035"
"Product-February","2015/02/16","9:00PM","2015/02/18","2:00PM","Product-Tennessee, Kentucky, Virginia, North Carolina, Georgia, Alabama, Missouri","Product-SERC","Product-Loss of electric service to more than 50,000 customers for 1 hour or more","Product-Severe Weather - Winter","Unknown","67189"
"Product-February","2015/02/17","09:00","2015/02/18","11:00PM","Product-North Carolina, South Carolina","Product-SERC","Product-Loss of electric service to more than 50,000 customers for 1 hour or more","Product-Severe Weather - Winter","Unknown","52K"
"Product-February","2015/02/17","2:12","2015/02/18","4:00PM","Product-North Carolina, South Carolina","Product-SERC","Product-Loss of electric service to more than 50,000 customers for 1 hour or more","Product-Severe Weather - Winter","Unknown","68000"
"Product-February","2015/02/17","6:20","2015/02/17","7:30","Product-Prescott Valley, Arizona","Product-WECC","Product-Suspected Physical Attack","Product-Vandalism","Unknown","Unknown"
"Product-February","2015/02/18","15:00","2015/02/20","9:00","Product-Tennessee, Kentucky, Virginia, North Carolina, Georgia, Alabama, Missouri","Product-SERC","Product-Public appeal to reduce the use of electricity","Product-Severe Weather - Winter","Unknown","Unknown"
"Product-February","2015/02/19","2:30PM","2015/02/19","3:20PM","Product-Winslow, Arizona","Product-WECC","Product-Suspected Physical Attack","Product-Vandalism","Unknown","Unknown"
"Product-February","2015/02/20","06:00","2015/02/20","10:00","Product-North Carolina, South Carolina","Product-SERC","Product-System-wide voltage reductions of 3 percent or more","Product-Severe Weather - Winter","Unknown","Unknown"
"Product-February","2015/02/21","08:34","2015/02/21","12:45","Product-Fentress County, Tennessee","Product-SERC","Product-Loss of electric service to more than 50,000 customers for 1 hour or more","Product-Severe Weather - Winter","Unknown","50000"
"Product-February","2015/02/26","03:12","2015/02/26","8:00PM","Product-North Carolina, South Carolina","Product-SERC","Product-Loss of electric service to more than 50,000 customers for 1 hour or more","Product-Severe Weather - Winter","Unknown","124000"
"Product-February","2015/02/26","03:30","2015/02/27","12:00","Product-North Carolina","Product-SERC","Product-Loss of electric service to more than 50,000 customers for 1 hour or more","Product-Severe Weather - Winter","0.4K","103776"
"Product-March","2015/03/04","09:05","2015/03/04","2:15PM","Product-Johnson City , Tennessee","Product-SERC","Product-Suspected Physical Attack","Product-Vandalism","Unknown","Unknown"
"Product-March","2015/03/09","11:50PM","2015/03/10","10:53","Product-Washington","Product-WECC","Product-Suspected Physical Attack","Product-Vandalism","Unknown","Unknown"
"Product-March","2015/03/15","3:30PM","2015/03/15","7:00PM","Product-Greater Portland & Salem , Oregon","Product-WECC","Product-Loss of electric service to more than 50,000 customers for 1 hour or more","Product-Severe Weather - Wind","0.21K","71K"
"Product-March","2015/03/16","07:31","2015/03/16","10:06","Product-Winona , Minnesota","Product-MRO","Product-Suspected Physical Attack","Product-Sabotage","0.02K","5941"
"Product-March","2015/03/19","6:30PM","2015/03/19","9:37PM","Product-Southwest Kansas","Product-SPP","Product-Suspected Physical Attack","Product-Vandalism","Unknown","Unknown"
"Product-March","2015/03/22","4:25PM","2015/03/22","4:26PM","Product-West Virginia","Product-RFC","Product-Suspected Physical Attack","Product-Vandalism","0.024K","0"
"Product-March","2015/03/26","3:21PM","2015/03/26","4:59PM","Product-Contra Costa County, California","Product-WECC","Product-Electrical System Separation (Islanding) where part or parts of a power grid remain(s) operational","Product-System Operations","0.015K","Unknown"
"Product-March","2015/03/29","04:26","2015/03/29","09:21","Product-California","Product-WECC","Product-Suspected Physical Attack","Product-Vandalism","Unknown","Unknown"
"Product-April","2015/04/01","6:25PM","2015/04/01","6:26PM","Product-San Juan County, Utah","Product-WECC","Product-Suspected Physical Attack","Product-Vandalism","Unknown","37"
"Product-April","2015/04/02","07:04","2015/04/02","08:57","Product-San Juan County, Utah","Product-WECC","Product-Suspected Physical Attack","Product-Vandalism","0.006K","5763"
"Product-April","2015/04/03","02:00","2015/04/03","07:48","Product-Harvey, Reno, and Sedgwick Counties, Kansas","Product-SPP","Product-Loss of electric service to more than 50,000 customers for 1 hour or more","Product-Severe Weather - Thunderstorms","Unknown","70K"
"Product-April","2015/04/06","08:12","2015/04/06","12:08","Product-Butte County, California","Product-WECC","Product-Loss of electric service to more than 50,000 customers for 1 hour or more","Product-System Operations","Unknown","80000"
"Product-April","2015/04/07","12:30","2015/04/07","5:34PM","Product-Unknown","Product-RFC","Product-Uncontrolled loss of 300 Megawatts or more of firm system loads for more than 15 minutes from a single incident","Product-System Operations","Unknown","Unknown"
"Product-April","2015/04/07","3:34PM","2015/04/07","3:46PM","Product-California","Product-WECC","Product-Electrical System Separation (Islanding) where part or parts of a power grid remain(s) operational","Product-System Operations","0","0"
"Product-April","2015/04/17","9:30PM","2015/04/19","11:50PM","Product-Houston, Texas","Product-TRE","Product-Loss of electric service to more than 50,000 customers for 1 hour or more","Product-Severe Weather","Unknown","280982"
"Product-April","2015/04/17","09:16","2015/04/17","11:00","Product-Canada","Product-WECC","Product-Electrical System Separation (Islanding) where part or parts of a power grid remain(s) operational","Product-System Operations","9.3K","Unknown"
"Product-April","2015/04/18","9:00PM","2015/04/21","04:00","Product-Dallas, Fort Worth, Texas","Product-TRE","Product-Loss of electric service to more than 50,000 customers for 1 hour or more","Product-Severe Weather","Unknown","89K"
"Product-April","2015/04/24","7:10PM","2015/04/26","4:00PM","Product-Dallas, Fort Worth, Texas","Product-TRE","Product-Loss of electric service to more than 50,000 customers for 1 hour or more","Product-Severe Weather","Unknown","57000"
"Product-April","2015/04/27","10:30","2015/04/28","6:45PM","Product-Louisiana and Texas","Product-SERC","Product-Loss of electric service to more than 50,000 customers for 1 hour or more","Product-Severe Weather","Unknown","199000"
"Product-May","2015/05/02","10:51PM","2015/05/03","0:26","Product-Franklin County, Tennessee","Product-SERC","Product-Suspected Physical Attack","Product-Vandalism","0.001K","215"
"Product-May","2015/05/04","3:25PM","2015/05/04","3:26PM","Product-Salt Lake County, Utah","Product-WECC","Product-Suspected Physical Attack","Product-Vandalism","Unknown","Unknown"
"Product-May","2015/05/11","08:32","2015/05/11","08:33","Product-Shasta County, California","Product-WECC","Product-Suspected Physical Attack","Product-Sabotage","0","0"
"Product-May","2015/05/12","00:40","2015/05/12","00:45","Product-Coahoma County, Mississippi","Product-SERC","Product-Suspected Physical Attack","Product-Sabotage","0","0"
"Product-May","2015/05/18","3:28PM","2015/05/18","3:47PM","Product-Washington","Product-WECC","Product-Electrical System Separation (Islanding) where part or parts of a power grid remain(s) operational","Product-Severe Weather","0.275K","0"
"Product-May","2015/05/25","6:00PM","2015/05/29","7:15","Product-North Texas","Product-TRE","Product-Loss of electric service to more than 50,000 customers for 1 hour or more","Product-Severe Weather","Unknown","454000"
"Product-May","2015/05/25","10:45PM","2015/05/28","1:25","Product-Fort Bend County, & Harris County ,Texas","Product-TRE","Product-Loss of electric service to more than 50,000 customers for 1 hour or more","Product-Severe Weather","Unknown","61000"
"Product-May","2015/05/25","8:30PM","2015/05/26","6:30PM","Product-Texas","Product-SPP","Product-Loss of electric service to more than 50,000 customers for 1 hour or more","Product-Severe Weather","Unknown","57531"
"Product-May","2015/05/25","8:30PM","Unknown","Unknown","Product-Texas, Louisiana, Arkansas","Product-SPP","Product-Loss of electric service to more than 50,000 customers for 1 hour or more","Product-Severe Weather","Unknown","57351"
"Product-May","2015/05/26","05:30","2015/05/27","7:00PM","Product-Texas, Louisiana, Arkansas, Mississippi","Product-SERC","Product-Loss of electric service to more than 50,000 customers for 1 hour or more","Product-Severe Weather","Unknown","78515"
"Product-June","2015/06/01","0:27","2015/06/01","02:15","Product-Daviess County, Kentucky","Product-SERC","Product-Suspected Physical Attack","Product-Vandalism","0.002K","110"
"Product-June","2015/06/01","7:19PM","2015/06/02","08:36","Product-California","Product-WECC","Product-Electrical System Separation (Islanding) where part or parts of a power grid remain(s) operational","Product-System Operations","0.005K","484"
"Product-June","2015/06/02","6:58PM","2015/06/02","7:24PM","Product-California","Product-WECC","Product-Electrical System Separation (Islanding) where part or parts of a power grid remain(s) operational","Product-System Operations","0.005K","727"
"Product-June","2015/06/03","3:00PM","2015/06/05","5:00PM","Product-Texas","Product-TRE","Product-Public appeal to reduce the use of electricity","Product-System Operations","Unknown","Unknown"
"Product-June","2015/06/07","1:54PM","2015/06/07","2:13PM","Product-Shelby County, Tennessee","Product-SERC","Product-Uncontrolled loss of 300 Megawatts or more of firm system loads for more than 15 minutes from a single incidentSystem-wide voltage reductions of 3 percent or more","Product-System Operations","0.926K","Unknown"
"Product-June","2015/06/07","1:52PM","2015/06/07","2:13PM","Product-Tennessee","Product-SERC","Product-Uncontrolled loss of 300 Megawatts or more of firm system loads for more than 15 minutes from a single incident","Product-System Operations","Unknown","Unknown"
"Product-June","2015/06/08","0:00","Unknown","Unknown","Product-Merced County, California","Product-WECC","Product-Fuel supply emergencies that could impact electric power system adequacy or reliability","Product-System Operations","0.176K","Unknown"
"Product-June","2015/06/20","1:52PM","2015/06/20","3:30PM","Product-Solano County, California","Product-WECC","Product-Suspected Physical Attack","Product-Vandalism","Unknown","0"
"Product-June","2015/06/23","6:00PM","2015/06/30","6:00PM","Product-Gloucester County, Burlington County, Atlantic County, Cape May County, New Jersey","Product-RFC","Product-Loss of electric service to more than 50,000 customers for 1 hour or more","Product-Severe Weather","Unknown","263000"
"Product-June","2015/06/23","5:06PM","2015/06/26","4:00PM","Product-New Castle County, Delaware","Product-RFC","Product-Loss of electric service to more than 50,000 customers for 1 hour or more","Product-Severe Weather","Unknown","65000"
"Product-June","2015/06/23","5:30PM","2015/06/23","7:00PM","Product-Delaware County, PA; Chester County, PA","Product-RFC","Product-Loss of electric service to more than 50,000 customers for 1 hour or more","Product-Severe Weather","Unknown","200000"
"Product-June","2015/06/23","6:30PM","2015/06/24","05:00","Product-Connecticut, Maine, Massachusetts, New Hampshire, Rhode Island, Vermont","Product-NPCC","Product-Loss of electric service to more than 50,000 customers for 1 hour or more","Product-Severe Weather","Unknown","62442"
"Product-June","2015/06/23","6:18PM","2015/06/23","8:30PM","Product-New Jersey","Product-RFC","Product-Load shedding of 100 Megawatts or more implemented under emergency operational policyLoss of electric service to more than 50,000 customers for 1 hour or more","Product-System Operations","0.198K","156338"
"Product-June","2015/06/23","6:26PM","Unknown","Unknown","Product-New Jersey","Product-NPCC","Product-Loss of electric service to more than 50,000 customers for 1 hour or more","Product-Severe Weather","0.09K","73K"
"Product-June","2015/06/26","02:00","Unknown","Unknown","Product-Kansas","Product-SPP","Product-Loss of electric service to more than 50,000 customers for 1 hour or more","Product-Severe Weather","Unknown","110000"
"Product-June","2015/06/27","5:00PM","2015/06/30","5:18PM","Product-Wayne County, Michigan","Product-RFC","Product-Loss of electric service to more than 50,000 customers for 1 hour or more","Product-Severe Weather","Unknown","68000"
"Product-June","2015/06/29","7:21PM","2015/06/29","7:42PM","Product-Washington","Product-WECC","Product-Electrical System Separation (Islanding) where part or parts of a power grid remain(s) operational","Product-Severe Weather","0","0"
"Product-June","2015/06/30","2:00PM","2015/06/30","9:00PM","Product-California","Product-WECC","Product-Public appeal to reduce the use of electricity","Product-Severe Weather","Unknown","Unknown"
"Product-June","2015/06/30","10:50","2015/07/01","9:00PM","Product-California","Product-WECC","Product-Public appeal to reduce the use of electricity","Product-Severe Weather","Unknown","Unknown"
"Product-July","2015/07/03","08:30","2015/07/03","2:30PM","Product-Butte County, California","Product-WECC","Product-Suspected Physical Attack","Product-Suspicious Activity","0","0"
"Product-July","2015/07/03","5:17PM","2015/07/03","11:30PM","Product-Texas","Product-TRE","Product-Uncontrolled loss of 300 Megawatts or more of firm system loads for more than 15 minutes from a single incident","Product-System Operations","0.35K","30000"
"Product-July","2015/07/13","2:14PM","2015/07/16","06:00","Product-Ohio, Kentucky","Product-RFC","Product-Loss of electric service to more than 50,000 customers for 1 hour or more","Product-Severe Weather","0.48K","68339"
"Product-July","2015/07/13","7:40PM","2015/07/15","12:15","Product-Virginia","Product-RFC","Product-Loss of electric service to more than 50,000 customers for 1 hour or more","Product-Severe Weather","Unknown","52739"
"Product-July","2015/07/14","3:29PM","2015/07/15","11:55","Product-Arkansas","Product-SPP","Product-Uncontrolled loss of 300 Megawatts or more of firm system loads for more than 15 minutes from a single incident","Product-Severe Weather","Unknown","Unknown"
"Product-July","2015/07/14","8:00PM","2015/07/15","9:23","Product-Alabama","Product-SERC","Product-Loss of electric service to more than 50,000 customers for 1 hour or more","Product-Severe Weather","0.366K","111644"
"Product-July","2015/07/15","02:00","2015/07/15","2:55","Product-California","Product-WECC","Product-Uncontrolled loss of 300 Megawatts or more of firm system loads for more than 15 minutes from a single incident","Product-System Operations","0.36K","0"
"Product-July","2015/07/16","4:45PM","2015/07/16","5:48PM","Product-Texas","Product-SPP","Product-Load shedding of 100 Megawatts or more implemented under emergency operational policy","Product-System Operations","0.117K","17311"
"Product-July","2015/07/18","02:00","2015/07/19","07:00","Product-Henepin and Ramsey County, Minnesota","Product-MRO","Product-Loss of electric service to more than 50,000 customers for 1 hour or more","Product-Severe Weather","0.25K","250000"
"Product-July","2015/07/18","6:26PM","2015/07/18","9:03PM","Product-California","Product-WECC","Product-Electrical System Separation (Islanding) where part or parts of a power grid remain(s) operational","Product-System Operations","0.03K","70"
"Product-July","2015/07/18","7:59PM","2015/07/18","10:45PM","Product-California","Product-WECC","Product-Loss of electric service to more than 50,000 customers for 1 hour or more","Product-Severe Weather","0.16K","78164"
"Product-July","2015/07/21","12:47","2015/07/21","1:12PM","Product-Washington","Product-WECC","Product-Load shedding of 100 Megawatts or more implemented under emergency operational policy","Product-System Operations","0.2K","Unknown"
"Product-July","2015/07/27","03:52","2015/07/27","4:36","Product-California","Product-WECC","Product-Electrical System Separation (Islanding) where part or parts of a power grid remain(s) operational","Product-System Operations","Unknown","484"
"Product-July","2015/07/28","12:05","2015/07/28","12:26","Product-Puerto Rico","","Product-System-wide voltage reductions of 3 percent or more","Product-System Operations","0.15K","Unknown"
"Product-July","2015/07/29","4:45PM","2015/07/29","9:00PM","Product-New York","Product-NPCC","Product-Fuel supply emergencies that could impact electric power system adequacy or reliability","Product-System Operations","0.5K","0"
"Product-July","2015/07/30","09:50","2015/07/30","7:00PM","Product-Texas","Product-TRE","Product-Public appeal to reduce the use of electricity","Product-System Operations","Unknown","Unknown"
"Product-July","2015/07/30","1:00PM","Unknown","Unknown","Product-Tennessee","Product-SERC","Product-Suspected Physical Attack","Product-Vandalism","0","0"
"Product-July","2015/07/31","10:55","Unknown","Unknown","Product-Washington","Product-WECC","Product-Electrical System Separation (Islanding) where part or parts of a power grid remain(s) operational","Product-System Operations","0.009K","0"
"Product-August","2015/08/02","5:45PM","2015/08/04","03:00","Product-Michigan: Emmet County; Grand Traverse County; Leelanau County; Kalkaska County; Benzie County; Manistee County; Wexford County; Missaukee County; Mecosta County;","Product-RFC","Product-Loss of electric service to more than 50,000 customers for 1 hour or more","Product-Severe Weather","Unknown","162000"
"Product-August","2015/08/03","0:30","2015/08/03","02:00","Product-Illinois","Product-RFC","Product-Loss of electric service to more than 50,000 customers for 1 hour or more","Product-Severe Weather","Unknown","115000"
"Product-August","2015/08/03","01:00","2015/08/05","0:00","Product-Michigan","Product-RFC","Product-Loss of electric service to more than 50,000 customers for 1 hour or more","Product-Severe Weather","Unknown","72520"
"Product-August","2015/08/03","08:27","2015/08/04","1:18","Product-Arizona: New Mexico","Product-WECC","Product-Suspected Physical Attack","Product-Sabotage","0","Unknown"
"Product-August","2015/08/04","07:17","2015/08/05","12:52","Product-Massachusetts: Rhode Island:","Product-NPCC","Product-Loss of electric service to more than 50,000 customers for 1 hour or more","Product-Severe Weather","Unknown","132K"
"Product-August","2015/08/11","7:30PM","2015/08/13","04:05","Product-Texas: Houston;","Product-TRE","Product-Loss of electric service to more than 50,000 customers for 1 hour or more","Product-Severe Weather","Unknown","100000"
"Product-August","2015/08/13","3:15PM","2015/08/13","7:00PM","Product-Texas: Williamson County;","Product-TRE","Product-Public appeal to reduce the use of electricity","Product-Other","Unknown","Unknown"
"Product-August","2015/08/27","9:51PM","2015/08/28","6:00PM","Product-Puerto Rico","Product-WECC","Product-Uncontrolled loss of 300 Megawatts or more of firm system loads for more than 15 minutes from a single incident / Loss of electric service to more than 50,000 customers for 1 hour or more","Product-System Operations","0.36K","Unknown"
"Product-August","2015/08/29","10:00","Unknown","Unknown","Product-Washington","Product-WECC","Product-Loss of electric service to more than 50,000 customers for 1 hour or more","Product-Severe Weather","Unknown","500000"
"Product-August","2015/08/29","11:00","2015/09/04","3:00PM","Product-King County, Skagit County, Whatcom County, Kitsap County, Pierce County, Thurston County, Island County, Washington","Product-WECC","Product-Loss of electric service to more than 50,000 customers for 1 hour or more","Product-Severe Weather","0.25K","250000"
"Product-August","201"
