Year,2004,Unnamed: 2,Unnamed: 3,Unnamed: 4
,,,,
Sum of Population,,,Indicator Name,
Country Name,Country Code,Indicator Code,"Population, total",Grand Total
Afghanistan,AFG,SP.POP.TOTL,23560654,23560654
Africa Eastern and Southern,AFE,SP.POP.TOTL,450928044,450928044
Africa Western and Central,AFW,SP.POP.TOTL,307725100,307725100
Albania,ALB,SP.POP.TOTL,3026939,3026939
Algeria,DZA,SP.POP.TOTL,32628286,32628286
American Samoa,ASM,SP.POP.TOTL,56818,56818
Andorra,AND,SP.POP.TOTL,74325,74325
Angola,AGO,SP.POP.TOTL,18600423,18600423
Antigua and Barbuda,ATG,SP.POP.TOTL,78719,78719
Arab World,ARB,SP.POP.TOTL,315060277,315060277
Argentina,ARG,SP.POP.TOTL,38815916,38815916
Armenia,ARM,SP.POP.TOTL,3164900,3164900
Aruba,ABW,SP.POP.TOTL,95138,95138
Australia,AUS,SP.POP.TOTL,19932722,19932722
Austria,AUT,SP.POP.TOTL,8171966,8171966
Azerbaijan,AZE,SP.POP.TOTL,8306500,8306500
"Bahamas, The",BHS,SP.POP.TOTL,339782,339782
Bahrain,BHR,SP.POP.TOTL,823741,823741
Bangladesh,BGD,SP.POP.TOTL,142902856,142902856
Barbados,BRB,SP.POP.TOTL,267298,267298
Belarus,BLR,SP.POP.TOTL,9730146,9730146
Belgium,BEL,SP.POP.TOTL,10421137,10421137
Belize,BLZ,SP.POP.TOTL,271688,271688
Benin,BEN,SP.POP.TOTL,8159094,8159094
Bermuda,BMU,SP.POP.TOTL,62555,62555
Bhutan,BTN,SP.POP.TOTL,650544,650544
Bolivia,BOL,SP.POP.TOTL,9204287,9204287
Bosnia and Herzegovina,BIH,SP.POP.TOTL,4140987,4140987
Botswana,BWA,SP.POP.TOTL,1807146,1807146
Brazil,BRA,SP.POP.TOTL,182675143,182675143
British Virgin Islands,VGB,SP.POP.TOTL,22881,22881
Brunei Darussalam,BRN,SP.POP.TOTL,352911,352911
Bulgaria,BGR,SP.POP.TOTL,7716860,7716860
Burkina Faso,BFA,SP.POP.TOTL,13500533,13500533
Burundi,BDI,SP.POP.TOTL,7310656,7310656
Cabo Verde,CPV,SP.POP.TOTL,479370,479370
Cambodia,KHM,SP.POP.TOTL,13244731,13244731
Cameroon,CMR,SP.POP.TOTL,16610487,16610487
Canada,CAN,SP.POP.TOTL,31938807,31938807
Caribbean small states,CSS,SP.POP.TOTL,2735189,2735189
Cayman Islands,CYM,SP.POP.TOTL,45352,45352
Central African Republic,CAF,SP.POP.TOTL,4192826,4192826
Central Europe and the Baltics,CEB,SP.POP.TOTL,106331716,106331716
Chad,TCD,SP.POP.TOTL,9920036,9920036
Channel Islands,CHI,SP.POP.TOTL,152039,152039
Chile,CHL,SP.POP.TOTL,16187322,16187322
China,CHN,SP.POP.TOTL,1296075000,1296075000
Colombia,COL,SP.POP.TOTL,41543171,41543171
Comoros,COM,SP.POP.TOTL,580704,580704
"Congo, Dem. Rep.",COD,SP.POP.TOTL,56997741,56997741
"Congo, Rep.",COG,SP.POP.TOTL,3565554,3565554
Costa Rica,CRI,SP.POP.TOTL,4200078,4200078
Cote d'Ivoire,CIV,SP.POP.TOTL,19595000,19595000
Croatia,HRV,SP.POP.TOTL,4304600,4304600
Cuba,CUB,SP.POP.TOTL,11238756,11238756
Curacao,CUW,SP.POP.TOTL,134192,134192
Cyprus,CYP,SP.POP.TOTL,1017875,1017875
Czechia,CZE,SP.POP.TOTL,10197101,10197101
Denmark,DNK,SP.POP.TOTL,5404523,5404523
Djibouti,DJI,SP.POP.TOTL,826124,826124
Dominica,DMA,SP.POP.TOTL,68649,68649
Dominican Republic,DOM,SP.POP.TOTL,9104892,9104892
Early-demographic dividend,EAR,SP.POP.TOTL,2693184997,2693184997
East Asia & Pacific,EAS,SP.POP.TOTL,2118747885,2118747885
East Asia & Pacific (excluding high income),EAP,SP.POP.TOTL,1883675167,1883675167
East Asia & Pacific (IDA & IBRD countries),TEA,SP.POP.TOTL,1859450104,1859450104
Ecuador,ECU,SP.POP.TOTL,13608701,13608701
"Egypt, Arab Rep.",EGY,SP.POP.TOTL,79477443,79477443
El Salvador,SLV,SP.POP.TOTL,6004671,6004671
Equatorial Guinea,GNQ,SP.POP.TOTL,899917,899917
Eritrea,ERI,SP.POP.TOTL,2598284,2598284
Estonia,EST,SP.POP.TOTL,1362550,1362550
Eswatini,SWZ,SP.POP.TOTL,1073159,1073159
Ethiopia,ETH,SP.POP.TOTL,76077206,76077206
Euro area,EMU,SP.POP.TOTL,331997265,331997265
Europe & Central Asia,ECS,SP.POP.TOTL,872926624.5,872926624.5
Europe & Central Asia (excluding high income),ECA,SP.POP.TOTL,222413289.5,222413289.5
Europe & Central Asia (IDA & IBRD countries),TEC,SP.POP.TOTL,438136035.5,438136035.5
European Union,EUU,SP.POP.TOTL,434050396,434050396
Faroe Islands,FRO,SP.POP.TOTL,48384,48384
Fiji,FJI,SP.POP.TOTL,874366,874366
Finland,FIN,SP.POP.TOTL,5228172,5228172
Fragile and conflict affected situations,FCS,SP.POP.TOTL,685830138,685830138
France,FRA,SP.POP.TOTL,62707588,62707588
French Polynesia,PYF,SP.POP.TOTL,255654,255654
Gabon,GAB,SP.POP.TOTL,1421609,1421609
"Gambia, The",GMB,SP.POP.TOTL,1621312,1621312
Georgia,GEO,SP.POP.TOTL,3927340,3927340
Germany,DEU,SP.POP.TOTL,82516260,82516260
Ghana,GHA,SP.POP.TOTL,21868298,21868298
Gibraltar,GIB,SP.POP.TOTL,28715,28715
Greece,GRC,SP.POP.TOTL,10955141,10955141
Greenland,GRL,SP.POP.TOTL,56911,56911
Grenada,GRD,SP.POP.TOTL,109323,109323
Guam,GUM,SP.POP.TOTL,163810,163810
Guatemala,GTM,SP.POP.TOTL,12807402,12807402
Guinea,GIN,SP.POP.TOTL,9062726,9062726
Guinea-Bissau,GNB,SP.POP.TOTL,1349563,1349563
Guyana,GUY,SP.POP.TOTL,762418,762418
Haiti,HTI,SP.POP.TOTL,8910263,8910263
Heavily indebted poor countries (HIPC),HPC,SP.POP.TOTL,539803501,539803501
High income,HIC,SP.POP.TOTL,1277825278,1277825278
Honduras,HND,SP.POP.TOTL,7298994,7298994
"Hong Kong SAR, China",HKG,SP.POP.TOTL,6783500,6783500
Hungary,HUN,SP.POP.TOTL,10107146,10107146
IBRD only,IBD,SP.POP.TOTL,4168676771,4168676771
Iceland,ISL,SP.POP.TOTL,292074,292074
IDA & IBRD total,IBT,SP.POP.TOTL,5417128228.5,5417128228.5
IDA blend,IDB,SP.POP.TOTL,416552454,416552454
IDA only,IDX,SP.POP.TOTL,831899003.5,831899003.5
IDA total,IDA,SP.POP.TOTL,1248451457.5,1248451457.5
India,IND,SP.POP.TOTL,1135991513,1135991513
Indonesia,IDN,SP.POP.TOTL,227926649,227926649
"Iran, Islamic Rep.",IRN,SP.POP.TOTL,70256316,70256316
Iraq,IRQ,SP.POP.TOTL,27577878,27577878
Ireland,IRL,SP.POP.TOTL,4070262,4070262
Isle of Man,IMN,SP.POP.TOTL,78792,78792
Israel,ISR,SP.POP.TOTL,6809000,6809000
Italy,ITA,SP.POP.TOTL,57685327,57685327
Jamaica,JAM,SP.POP.TOTL,2672225,2672225
Japan,JPN,SP.POP.TOTL,127761000,127761000
Jordan,JOR,SP.POP.TOTL,5882061,5882061
Kazakhstan,KAZ,SP.POP.TOTL,15850159,15850159
Kenya,KEN,SP.POP.TOTL,34713455,34713455
Kiribati,KIR,SP.POP.TOTL,96085,96085
"Korea, Dem. People's Rep.",PRK,SP.POP.TOTL,24254943,24254943
"Korea, Rep.",KOR,SP.POP.TOTL,48082519,48082519
Kosovo,XKX,SP.POP.TOTL,1822773,1822773
Kuwait,KWT,SP.POP.TOTL,2157320,2157320
Kyrgyz Republic,KGZ,SP.POP.TOTL,5104712.5,5104712.5
Lao PDR,LAO,SP.POP.TOTL,5781626,5781626
Late-demographic dividend,LTE,SP.POP.TOTL,2099412662.5,2099412662.5
Latin America & Caribbean,LCN,SP.POP.TOTL,548455563,548455563
Latin America & Caribbean (excluding high income),LAC,SP.POP.TOTL,492232564,492232564
Latin America & the Caribbean (IDA & IBRD countries),TLA,SP.POP.TOTL,532556401,532556401
Latvia,LVA,SP.POP.TOTL,2263122,2263122
Least developed countries: UN classification,LDC,SP.POP.TOTL,742717957,742717957
Lebanon,LBN,SP.POP.TOTL,4599279,4599279
Lesotho,LSO,SP.POP.TOTL,1971129,1971129
Liberia,LBR,SP.POP.TOTL,3156892,3156892
Libya,LBY,SP.POP.TOTL,5736693,5736693
Liechtenstein,LIE,SP.POP.TOTL,34447,34447
Lithuania,LTU,SP.POP.TOTL,3377075,3377075
Low & middle income,LMY,SP.POP.TOTL,5188460859.5,5188460859.5
Low income,LIC,SP.POP.TOTL,437382851,437382851
Lower middle income,LMC,SP.POP.TOTL,2293999532.5,2293999532.5
Luxembourg,LUX,SP.POP.TOTL,458095,458095
"Macao SAR, China",MAC,SP.POP.TOTL,454700,454700
Madagascar,MDG,SP.POP.TOTL,18606608,18606608
Malawi,MWI,SP.POP.TOTL,12500737,12500737
Malaysia,MYS,SP.POP.TOTL,25256772,25256772
Maldives,MDV,SP.POP.TOTL,301413,301413
Mali,MLI,SP.POP.TOTL,13102409,13102409
Malta,MLT,SP.POP.TOTL,401268,401268
Marshall Islands,MHL,SP.POP.TOTL,51791,51791
Mauritania,MRT,SP.POP.TOTL,2868664,2868664
Mauritius,MUS,SP.POP.TOTL,1221003,1221003
Mexico,MEX,SP.POP.TOTL,104394131,104394131
"Micronesia, Fed. Sts.",FSM,SP.POP.TOTL,111925,111925
Middle East & North Africa,MEA,SP.POP.TOTL,348239858,348239858
Middle East & North Africa (excluding high income),MNA,SP.POP.TOTL,310771929,310771929
Middle East & North Africa (IDA & IBRD countries),TMN,SP.POP.TOTL,307535303,307535303
Middle income,MIC,SP.POP.TOTL,4751078008.5,4751078008.5
Moldova,MDA,SP.POP.TOTL,2896023,2896023
Monaco,MCO,SP.POP.TOTL,32307,32307
Mongolia,MNG,SP.POP.TOTL,2508412,2508412
Montenegro,MNE,SP.POP.TOTL,613353,613353
Morocco,MAR,SP.POP.TOTL,29953018,29953018
Mozambique,MOZ,SP.POP.TOTL,19840313,19840313
Myanmar,MMR,SP.POP.TOTL,47068772,47068772
Namibia,NAM,SP.POP.TOTL,1942082,1942082
Nauru,NRU,SP.POP.TOTL,10060,10060
Nepal,NPL,SP.POP.TOTL,26016656,26016656
Netherlands,NLD,SP.POP.TOTL,16281779,16281779
New Caledonia,NCL,SP.POP.TOTL,240852,240852
New Zealand,NZL,SP.POP.TOTL,4087500,4087500
Nicaragua,NIC,SP.POP.TOTL,5272912,5272912
Niger,NER,SP.POP.TOTL,13265836,13265836
Nigeria,NGA,SP.POP.TOTL,141057045,141057045
North America,NAC,SP.POP.TOTL,324806660,324806660
North Macedonia,MKD,SP.POP.TOTL,2016186,2016186
Northern Mariana Islands,MNP,SP.POP.TOTL,63938,63938
Norway,NOR,SP.POP.TOTL,4591910,4591910
OECD members,OED,SP.POP.TOTL,1237753724,1237753724
Oman,OMN,SP.POP.TOTL,2404821,2404821
Other small states,OSS,SP.POP.TOTL,11194800,11194800
Pacific island small states,PSS,SP.POP.TOTL,2145505,2145505
Pakistan,PAK,SP.POP.TOTL,171286000,171286000
Palau,PLW,SP.POP.TOTL,19820,19820
Panama,PAN,SP.POP.TOTL,3251155,3251155
Papua New Guinea,PNG,SP.POP.TOTL,6328041,6328041
Paraguay,PRY,SP.POP.TOTL,5388175,5388175
Peru,PER,SP.POP.TOTL,27852190,27852190
Philippines,PHL,SP.POP.TOTL,86394504,86394504
Poland,POL,SP.POP.TOTL,38182222,38182222
Portugal,PRT,SP.POP.TOTL,10483861,10483861
Post-demographic dividend,PST,SP.POP.TOTL,1041747900,1041747900
Pre-demographic dividend,PRE,SP.POP.TOTL,632445407,632445407
Puerto Rico,PRI,SP.POP.TOTL,3826878,3826878
Qatar,QAT,SP.POP.TOTL,773332,773332
Romania,ROU,SP.POP.TOTL,21451748,21451748
Russian Federation,RUS,SP.POP.TOTL,144067316,144067316
Rwanda,RWA,SP.POP.TOTL,8816844,8816844
Samoa,WSM,SP.POP.TOTL,186249,186249
San Marino,SMR,SP.POP.TOTL,29457,29457
Sao Tome and Principe,STP,SP.POP.TOTL,157705,157705
Saudi Arabia,SAU,SP.POP.TOTL,19669480,19669480
Senegal,SEN,SP.POP.TOTL,10975704,10975704
Serbia,SRB,SP.POP.TOTL,7463157,7463157
Seychelles,SYC,SP.POP.TOTL,82475,82475
Sierra Leone,SLE,SP.POP.TOTL,5355717,5355717
Singapore,SGP,SP.POP.TOTL,4166664,4166664
Sint Maarten (Dutch part),SXM,SP.POP.TOTL,31690,31690
Slovak Republic,SVK,SP.POP.TOTL,5372280,5372280
Slovenia,SVN,SP.POP.TOTL,1997012,1997012
Small states,SST,SP.POP.TOTL,16075494,16075494
Solomon Islands,SLB,SP.POP.TOTL,474611,474611
Somalia,SOM,SP.POP.TOTL,10280998,10280998
South Africa,ZAF,SP.POP.TOTL,48991421,48991421
South Asia,SAS,SP.POP.TOTL,1520797241,1520797241
South Asia (IDA & IBRD),TSA,SP.POP.TOTL,1520797241,1520797241
South Sudan,SSD,SP.POP.TOTL,7233041,7233041
Spain,ESP,SP.POP.TOTL,42921895,42921895
Sri Lanka,LKA,SP.POP.TOTL,20087605,20087605
St. Kitts and Nevis,KNA,SP.POP.TOTL,46315,46315
St. Lucia,LCA,SP.POP.TOTL,164239,164239
St. Martin (French part),MAF,SP.POP.TOTL,33171,33171
St. Vincent and the Grenadines,VCT,SP.POP.TOTL,112835,112835
Sub-Saharan Africa,SSF,SP.POP.TOTL,758653144,758653144
Sub-Saharan Africa (excluding high income),SSA,SP.POP.TOTL,758570669,758570669
Sub-Saharan Africa (IDA & IBRD countries),TSS,SP.POP.TOTL,758653144,758653144
Sudan,SDN,SP.POP.TOTL,30556637,30556637
Suriname,SUR,SP.POP.TOTL,513923,513923
Sweden,SWE,SP.POP.TOTL,8993531,8993531
Switzerland,CHE,SP.POP.TOTL,7389625,7389625
Syrian Arab Republic,SYR,SP.POP.TOTL,18336875,18336875
Tajikistan,TJK,SP.POP.TOTL,6790547,6790547
Tanzania,TZA,SP.POP.TOTL,38109668,38109668
Thailand,THA,SP.POP.TOTL,65452047,65452047
Timor-Leste,TLS,SP.POP.TOTL,929074,929074
Togo,TGO,SP.POP.TOTL,5696508,5696508
Tonga,TON,SP.POP.TOTL,105071,105071
Trinidad and Tobago,TTO,SP.POP.TOTL,1345380,1345380
Tunisia,TUN,SP.POP.TOTL,10166163,10166163
Turkiye,TUR,SP.POP.TOTL,68592617,68592617
Turkmenistan,TKM,SP.POP.TOTL,4958093,4958093
Turks and Caicos Islands,TCA,SP.POP.TOTL,22856,22856
Tuvalu,TUV,SP.POP.TOTL,9816,9816
Uganda,UGA,SP.POP.TOTL,27154515,27154515
Ukraine,UKR,SP.POP.TOTL,47979507,47979507
United Arab Emirates,ARE,SP.POP.TOTL,4428967,4428967
United Kingdom,GBR,SP.POP.TOTL,59987905,59987905
United States,USA,SP.POP.TOTL,292805298,292805298
Upper middle income,UMC,SP.POP.TOTL,2457078476,2457078476
Uruguay,URY,SP.POP.TOTL,3283148,3283148
Uzbekistan,UZB,SP.POP.TOTL,26029350,26029350
Vanuatu,VUT,SP.POP.TOTL,205711,205711
"Venezuela, RB",VEN,SP.POP.TOTL,26340838,26340838
Viet Nam,VNM,SP.POP.TOTL,80338971,80338971
Virgin Islands (U.S.),VIR,SP.POP.TOTL,108466,108466
West Bank and Gaza,PSE,SP.POP.TOTL,3236626,3236626
World,WLD,SP.POP.TOTL,6492626975.5,6492626975.5
"Yemen, Rep.",YEM,SP.POP.TOTL,22095167,22095167
Zambia,ZMB,SP.POP.TOTL,11338198,11338198
Zimbabwe,ZWE,SP.POP.TOTL,12365896,12365896
Grand Total,,,68679705516,68679705516
