"```csv"
"Event Start","Restoration Time","Affected Area","NERC","Alerts","Incident","Demand (MW)","Customers"
"Jan 01 2023 00:00","Jan 01 2023 01:00","California","WECC","High Voltage","Equipment Failure","1000","100000"
"Feb 15 2023 12:00","Feb 15 2023 13:30","Texas","ERCOT","Load Shedding","Severe Weather","500","50000"
"Mar 01 2023 06:00","Mar 01 2023 07:00","New York","NPCC","Transmission Overload","Cyber Attack","250","25000"
"Apr 10 2023 18:00","Apr 10 2023 20:00","Florida","SERC","Generator Outage","Fuel Shortage","125","12500"
"May 20 2023 09:00","May 20 2023 10:30","Illinois","MRO","Voltage Instability","Human Error","62.5","6250"
"Jun 05 2023 15:00","Jun 05 2023 16:00","Pennsylvania","RFC","Frequency Excursion","Lightning Strike","31.25","3125"
"Jul 12 2023 21:00","Jul 12 2023 22:30","Ohio","SERC","Blackout","Public Appeal","15.625","1562"
"Aug 28 2023 03:00","Aug 28 2023 04:00","Georgia","FRCC","Emergency","Unknown","7.8125","781"
"Sep 18 2023 11:00","Sep 18 2023 12:30","Michigan","RFC","Under Voltage","Grid Collapse","3.90625","390"
"Oct 03 2023 17:00","Oct 03 2023 19:00","Washington","WECC","Overload","Sabotage","1.953125","195"
"Nov 22 2023 02:00","Nov 22 2023 03:00","Massachusetts","NPCC","System Separation","Vandalism","0.9765625","97"
"Dec 31 2023 23:00","Jan 01 2024 00:30","Colorado","WECC","Automatic Load Shedding","Infrastructure Failure","0.48828125","48"
"1/1/24 0:00","1/1/24 1:00","Arizona","WECC","Emergency Condition","Wildfire","0.244140625","24"
"2/15/24 12:00","2/15/24 13:30","Nevada","WECC","Load Shedding","Earthquake","0.1220703125","12"
"3/1/24 6:00","3/1/24 7:00","Idaho","WECC","Transmission Overload","Tornado","0.06103515625","6"
"4/10/24 18:00","4/10/24 20:00","Utah","WECC","Generator Outage","Volcano","0.030517578125","3"
"5/20/24 9:00","5/20/24 10:30","Oregon","WECC","Voltage Instability","Flood","0.0152587890625","1"
"6/5/24 15:00","6/5/24 16:00","Montana","WECC","Frequency Excursion","Drought","0.00762939453125","0"
"7/12/24 21:00","7/12/24 22:30","Wyoming","WECC","Blackout","Heat Wave","0.003814697265625","0"
"8/28/24 3:00","8/28/24 4:00","New Mexico","WECC","Emergency","Cold Wave","0.0019073486328125","0"
"9/18/24 11:00","9/18/24 12:30","Alaska","WECC","Under Voltage","Blizzard","0.00095367431640625","0"
"10/3/24 17:00","10/3/24 19:00","Hawaii","WECC","Overload","Tsunami","0.000476837158203125","0"
"11/22/24 2:00","11/22/24 3:00","Oklahoma","SERC","System Separation","Hurricane","0.0002384185791015625","0"
"12/31/24 23:00","1/1/25 0:30","Arkansas","SERC","Automatic Load Shedding","Ice Storm","0.00011920928955078125","0"
"```"
