Year,1971,Unnamed: 2,Unnamed: 3,Unnamed: 4
,,,,
Sum of Population,,,Indicator Name,
Country Name,Country Code,Indicator Code,"Population, total",Grand Total
Afghanistan,AFG,SP.POP.TOTL,11567667,11567667
Africa Eastern and Southern,AFE,SP.POP.TOTL,177022314,177022314
Africa Western and Central,AFW,SP.POP.TOTL,125072948,125072948
Albania,ALB,SP.POP.TOTL,2187853,2187853
Algeria,DZA,SP.POP.TOTL,14098936,14098936
American Samoa,ASM,SP.POP.TOTL,27533,27533
Andorra,AND,SP.POP.TOTL,21442,21442
Angola,AGO,SP.POP.TOTL,5991102,5991102
Antigua and Barbuda,ATG,SP.POP.TOTL,64729,64729
Arab World,ARB,SP.POP.TOTL,123950810,123950810
Argentina,ARG,SP.POP.TOTL,24257208,24257208
Armenia,ARM,SP.POP.TOTL,2525345,2525345
Aruba,ABW,SP.POP.TOTL,58781,58781
Australia,AUS,SP.POP.TOTL,12937000,12937000
Austria,AUT,SP.POP.TOTL,7500482,7500482
Azerbaijan,AZE,SP.POP.TOTL,5282950,5282950
"Bahamas, The",BHS,SP.POP.TOTL,190857,190857
Bahrain,BHR,SP.POP.TOTL,230733,230733
Bangladesh,BGD,SP.POP.TOTL,70276758,70276758
Barbados,BRB,SP.POP.TOTL,249168,249168
Belarus,BLR,SP.POP.TOTL,9115576,9115576
Belgium,BEL,SP.POP.TOTL,9673162,9673162
Belize,BLZ,SP.POP.TOTL,122805,122805
Benin,BEN,SP.POP.TOTL,3134767,3134767
Bermuda,BMU,SP.POP.TOTL,52607,52607
Bhutan,BTN,SP.POP.TOTL,319211,319211
Bolivia,BOL,SP.POP.TOTL,4694342,4694342
Bosnia and Herzegovina,BIH,SP.POP.TOTL,3809376,3809376
Botswana,BWA,SP.POP.TOTL,600481,600481
Brazil,BRA,SP.POP.TOTL,97739273,97739273
British Virgin Islands,VGB,SP.POP.TOTL,10095,10095
Brunei Darussalam,BRN,SP.POP.TOTL,137921,137921
Bulgaria,BGR,SP.POP.TOTL,8536395,8536395
Burkina Faso,BFA,SP.POP.TOTL,5707999,5707999
Burundi,BDI,SP.POP.TOTL,3617289,3617289
Cabo Verde,CPV,SP.POP.TOTL,294046,294046
Cambodia,KHM,SP.POP.TOTL,6620880,6620880
Cameroon,CMR,SP.POP.TOTL,6624408,6624408
Canada,CAN,SP.POP.TOTL,21962032,21962032
Caribbean small states,CSS,SP.POP.TOTL,2145975,2145975
Cayman Islands,CYM,SP.POP.TOTL,11098,11098
Central African Republic,CAF,SP.POP.TOTL,2141450,2141450
Central Europe and the Baltics,CEB,SP.POP.TOTL,99635258,99635258
Chad,TCD,SP.POP.TOTL,3807316,3807316
Channel Islands,CHI,SP.POP.TOTL,124555,124555
Chile,CHL,SP.POP.TOTL,10009701,10009701
China,CHN,SP.POP.TOTL,841105000,841105000
Colombia,COL,SP.POP.TOTL,21319096,21319096
Comoros,COM,SP.POP.TOTL,251865,251865
"Congo, Dem. Rep.",COD,SP.POP.TOTL,20695569,20695569
"Congo, Rep.",COG,SP.POP.TOTL,1441039,1441039
Costa Rica,CRI,SP.POP.TOTL,1888539,1888539
Cote d'Ivoire,CIV,SP.POP.TOTL,5650868,5650868
Croatia,HRV,SP.POP.TOTL,4431275,4431275
Cuba,CUB,SP.POP.TOTL,8979085,8979085
Curacao,CUW,SP.POP.TOTL,147389,147389
Cyprus,CYP,SP.POP.TOTL,654050,654050
Czechia,CZE,SP.POP.TOTL,9826815,9826815
Denmark,DNK,SP.POP.TOTL,4963126,4963126
Djibouti,DJI,SP.POP.TOTL,155136,155136
Dominica,DMA,SP.POP.TOTL,69532,69532
Dominican Republic,DOM,SP.POP.TOTL,4524234,4524234
Early-demographic dividend,EAR,SP.POP.TOTL,1276141826,1276141826
East Asia & Pacific,EAS,SP.POP.TOTL,1322855661,1322855661
East Asia & Pacific (excluding high income),EAP,SP.POP.TOTL,1146649477,1146649477
East Asia & Pacific (IDA & IBRD countries),TEA,SP.POP.TOTL,1131095541,1131095541
Ecuador,ECU,SP.POP.TOTL,6340052,6340052
"Egypt, Arab Rep.",EGY,SP.POP.TOTL,35433368,35433368
El Salvador,SLV,SP.POP.TOTL,3757523,3757523
Equatorial Guinea,GNQ,SP.POP.TOTL,315940,315940
Eritrea,ERI,SP.POP.TOTL,1276154,1276154
Estonia,EST,SP.POP.TOTL,1376955,1376955
Eswatini,SWZ,SP.POP.TOTL,453183,453183
Ethiopia,ETH,SP.POP.TOTL,28600106,28600106
Euro area,EMU,SP.POP.TOTL,293516097,293516097
Europe & Central Asia,ECS,SP.POP.TOTL,744432963,744432963
Europe & Central Asia (excluding high income),ECA,SP.POP.TOTL,158428591,158428591
Europe & Central Asia (IDA & IBRD countries),TEC,SP.POP.TOTL,355796328,355796328
European Union,EUU,SP.POP.TOTL,388553371,388553371
Faroe Islands,FRO,SP.POP.TOTL,38703,38703
Fiji,FJI,SP.POP.TOTL,541121,541121
Finland,FIN,SP.POP.TOTL,4612124,4612124
Fragile and conflict affected situations,FCS,SP.POP.TOTL,313117526,313117526
France,FRA,SP.POP.TOTL,52499553,52499553
French Polynesia,PYF,SP.POP.TOTL,117945,117945
Gabon,GAB,SP.POP.TOTL,608348,608348
"Gambia, The",GMB,SP.POP.TOTL,539388,539388
Georgia,GEO,SP.POP.TOTL,4163000,4163000
Germany,DEU,SP.POP.TOTL,78312842,78312842
Ghana,GHA,SP.POP.TOTL,9176264,9176264
Gibraltar,GIB,SP.POP.TOTL,27020,27020
Greece,GRC,SP.POP.TOTL,8831036,8831036
Greenland,GRL,SP.POP.TOTL,47200,47200
Grenada,GRD,SP.POP.TOTL,98648,98648
Guam,GUM,SP.POP.TOTL,90466,90466
Guatemala,GTM,SP.POP.TOTL,5538355,5538355
Guinea,GIN,SP.POP.TOTL,4355200,4355200
Guinea-Bissau,GNB,SP.POP.TOTL,586221,586221
Guyana,GUY,SP.POP.TOTL,712662,712662
Haiti,HTI,SP.POP.TOTL,4723244,4723244
Heavily indebted poor countries (HIPC),HPC,SP.POP.TOTL,217344674,217344674
High income,HIC,SP.POP.TOTL,1020995733,1020995733
Honduras,HND,SP.POP.TOTL,2834616,2834616
"Hong Kong SAR, China",HKG,SP.POP.TOTL,4045300,4045300
Hungary,HUN,SP.POP.TOTL,10367537,10367537
IBRD only,IBD,SP.POP.TOTL,2401008150,2401008150
Iceland,ISL,SP.POP.TOTL,206098,206098
IDA & IBRD total,IBT,SP.POP.TOTL,2926951963,2926951963
IDA blend,IDB,SP.POP.TOTL,161705247,161705247
IDA only,IDX,SP.POP.TOTL,364238566,364238566
IDA total,IDA,SP.POP.TOTL,525943813,525943813
India,IND,SP.POP.TOTL,558096387,558096387
Indonesia,IDN,SP.POP.TOTL,118833702,118833702
"Iran, Islamic Rep.",IRN,SP.POP.TOTL,30029071,30029071
Iraq,IRQ,SP.POP.TOTL,10077809,10077809
Ireland,IRL,SP.POP.TOTL,2992050,2992050
Isle of Man,IMN,SP.POP.TOTL,56427,56427
Israel,ISR,SP.POP.TOTL,3069000,3069000
Italy,ITA,SP.POP.TOTL,54073490,54073490
Jamaica,JAM,SP.POP.TOTL,1903728,1903728
Japan,JPN,SP.POP.TOTL,105697000,105697000
Jordan,JOR,SP.POP.TOTL,1645145,1645145
Kazakhstan,KAZ,SP.POP.TOTL,12684813,12684813
Kenya,KEN,SP.POP.TOTL,11788904,11788904
Kiribati,KIR,SP.POP.TOTL,58652,58652
"Korea, Dem. People's Rep.",PRK,SP.POP.TOTL,15572457,15572457
"Korea, Rep.",KOR,SP.POP.TOTL,32882704,32882704
Kosovo,XKX,SP.POP.TOTL,1273021,1273021
Kuwait,KWT,SP.POP.TOTL,865076,865076
Kyrgyz Republic,KGZ,SP.POP.TOTL,3022300,3022300
Lao PDR,LAO,SP.POP.TOTL,2734628,2734628
Late-demographic dividend,LTE,SP.POP.TOTL,1366487769,1366487769
Latin America & Caribbean,LCN,SP.POP.TOTL,292033454,292033454
Latin America & Caribbean (excluding high income),LAC,SP.POP.TOTL,260576635,260576635
Latin America & the Caribbean (IDA & IBRD countries),TLA,SP.POP.TOTL,279784152,279784152
Latvia,LVA,SP.POP.TOTL,2376389,2376389
Least developed countries: UN classification,LDC,SP.POP.TOTL,322517398,322517398
Lebanon,LBN,SP.POP.TOTL,2446314,2446314
Lesotho,LSO,SP.POP.TOTL,1056246,1056246
Liberia,LBR,SP.POP.TOTL,1504077,1504077
Libya,LBY,SP.POP.TOTL,2153534,2153534
Liechtenstein,LIE,SP.POP.TOTL,21600,21600
Lithuania,LTU,SP.POP.TOTL,3179041,3179041
Low & middle income,LMY,SP.POP.TOTL,2725875950,2725875950
Low income,LIC,SP.POP.TOTL,179913361,179913361
Lower middle income,LMC,SP.POP.TOTL,1068013246,1068013246
Luxembourg,LUX,SP.POP.TOTL,342421,342421
"Macao SAR, China",MAC,SP.POP.TOTL,247400,247400
Madagascar,MDG,SP.POP.TOTL,6868868,6868868
Malawi,MWI,SP.POP.TOTL,4751434,4751434
Malaysia,MYS,SP.POP.TOTL,10423453,10423453
Maldives,MDV,SP.POP.TOTL,127035,127035
Mali,MLI,SP.POP.TOTL,6377944,6377944
Malta,MLT,SP.POP.TOTL,302700,302700
Marshall Islands,MHL,SP.POP.TOTL,23366,23366
Mauritania,MRT,SP.POP.TOTL,1133702,1133702
Mauritius,MUS,SP.POP.TOTL,839230,839230
Mexico,MEX,SP.POP.TOTL,52412558,52412558
"Micronesia, Fed. Sts.",FSM,SP.POP.TOTL,60636,60636
Middle East & North Africa,MEA,SP.POP.TOTL,140022784,140022784
Middle East & North Africa (excluding high income),MNA,SP.POP.TOTL,130683752,130683752
Middle East & North Africa (IDA & IBRD countries),TMN,SP.POP.TOTL,130683752,130683752
Middle income,MIC,SP.POP.TOTL,2545962589,2545962589
Moldova,MDA,SP.POP.TOTL,2460611,2460611
Monaco,MCO,SP.POP.TOTL,24576,24576
Mongolia,MNG,SP.POP.TOTL,1330071,1330071
Montenegro,MNE,SP.POP.TOTL,515449,515449
Morocco,MAR,SP.POP.TOTL,15527225,15527225
Mozambique,MOZ,SP.POP.TOTL,8456317,8456317
Myanmar,MMR,SP.POP.TOTL,27807219,27807219
Namibia,NAM,SP.POP.TOTL,780584,780584
Nauru,NRU,SP.POP.TOTL,6762,6762
Nepal,NPL,SP.POP.TOTL,12710061,12710061
Netherlands,NLD,SP.POP.TOTL,13194497,13194497
New Caledonia,NCL,SP.POP.TOTL,114514,114514
New Zealand,NZL,SP.POP.TOTL,2853000,2853000
Nicaragua,NIC,SP.POP.TOTL,2499825,2499825
Niger,NER,SP.POP.TOTL,4776225,4776225
Nigeria,NGA,SP.POP.TOTL,57214684,57214684
North America,NAC,SP.POP.TOTL,229675639,229675639
North Macedonia,MKD,SP.POP.TOTL,1691216,1691216
Northern Mariana Islands,MNP,SP.POP.TOTL,11271,11271
Norway,NOR,SP.POP.TOTL,3903039,3903039
OECD members,OED,SP.POP.TOTL,930596384,930596384
Oman,OMN,SP.POP.TOTL,681119,681119
Other small states,OSS,SP.POP.TOTL,6579022,6579022
Pacific island small states,PSS,SP.POP.TOTL,1205879,1205879
Pakistan,PAK,SP.POP.TOTL,61847899,61847899
Palau,PLW,SP.POP.TOTL,11759,11759
Panama,PAN,SP.POP.TOTL,1556081,1556081
Papua New Guinea,PNG,SP.POP.TOTL,2566421,2566421
Paraguay,PRY,SP.POP.TOTL,2442537,2442537
Peru,PER,SP.POP.TOTL,13838067,13838067
Philippines,PHL,SP.POP.TOTL,38518659,38518659
Poland,POL,SP.POP.TOTL,32783500,32783500
Portugal,PRT,SP.POP.TOTL,8643756,8643756
Post-demographic dividend,PST,SP.POP.TOTL,849553629,849553629
Pre-demographic dividend,PRE,SP.POP.TOTL,249344292,249344292
Puerto Rico,PRI,SP.POP.TOTL,2762190,2762190
Qatar,QAT,SP.POP.TOTL,131346,131346
Romania,ROU,SP.POP.TOTL,20461567,20461567
Russian Federation,RUS,SP.POP.TOTL,131155000,131155000
Rwanda,RWA,SP.POP.TOTL,4100044,4100044
Samoa,WSM,SP.POP.TOTL,142503,142503
San Marino,SMR,SP.POP.TOTL,18419,18419
Sao Tome and Principe,STP,SP.POP.TOTL,79330,79330
Saudi Arabia,SAU,SP.POP.TOTL,3724031,3724031
Senegal,SEN,SP.POP.TOTL,4601864,4601864
Serbia,SRB,SP.POP.TOTL,7211716,7211716
Seychelles,SYC,SP.POP.TOTL,54695,54695
Sierra Leone,SLE,SP.POP.TOTL,2763222,2763222
Singapore,SGP,SP.POP.TOTL,2112900,2112900
Sint Maarten (Dutch part),SXM,SP.POP.TOTL,6888,6888
Slovak Republic,SVK,SP.POP.TOTL,4557449,4557449
Slovenia,SVN,SP.POP.TOTL,1738335,1738335
Small states,SST,SP.POP.TOTL,9930876,9930876
Solomon Islands,SLB,SP.POP.TOTL,180637,180637
Somalia,SOM,SP.POP.TOTL,3837691,3837691
South Africa,ZAF,SP.POP.TOTL,22942143,22942143
South Asia,SAS,SP.POP.TOTL,727496928,727496928
South Asia (IDA & IBRD),TSA,SP.POP.TOTL,727496928,727496928
South Sudan,SSD,SP.POP.TOTL,3468646,3468646
Spain,ESP,SP.POP.TOTL,34224490,34224490
Sri Lanka,LKA,SP.POP.TOTL,12551910,12551910
St. Kitts and Nevis,KNA,SP.POP.TOTL,44206,44206
St. Lucia,LCA,SP.POP.TOTL,104564,104564
St. Martin (French part),MAF,SP.POP.TOTL,6228,6228
St. Vincent and the Grenadines,VCT,SP.POP.TOTL,96872,96872
Sub-Saharan Africa,SSF,SP.POP.TOTL,302095262,302095262
Sub-Saharan Africa (excluding high income),SSA,SP.POP.TOTL,302040567,302040567
Sub-Saharan Africa (IDA & IBRD countries),TSS,SP.POP.TOTL,302095262,302095262
Sudan,SDN,SP.POP.TOTL,12105539,12105539
Suriname,SUR,SP.POP.TOTL,391932,391932
Sweden,SWE,SP.POP.TOTL,8098334,8098334
Switzerland,CHE,SP.POP.TOTL,6213399,6213399
Syrian Arab Republic,SYR,SP.POP.TOTL,6598094,6598094
Tajikistan,TJK,SP.POP.TOTL,3028837,3028837
Tanzania,TZA,SP.POP.TOTL,13971451,13971451
Thailand,THA,SP.POP.TOTL,36937387,36937387
Timor-Leste,TLS,SP.POP.TOTL,562966,562966
Togo,TGO,SP.POP.TOTL,2317976,2317976
Tonga,TON,SP.POP.TOTL,85896,85896
Trinidad and Tobago,TTO,SP.POP.TOTL,1002585,1002585
Tunisia,TUN,SP.POP.TOTL,5261658,5261658
Turkiye,TUR,SP.POP.TOTL,37518611,37518611
Turkmenistan,TKM,SP.POP.TOTL,2253119,2253119
Turks and Caicos Islands,TCA,SP.POP.TOTL,5754,5754
Tuvalu,TUV,SP.POP.TOTL,5685,5685
Uganda,UGA,SP.POP.TOTL,10618206,10618206
Ukraine,UKR,SP.POP.TOTL,47573287,47573287
United Arab Emirates,ARE,SP.POP.TOTL,335027,335027
United Kingdom,GBR,SP.POP.TOTL,55896223,55896223
United States,USA,SP.POP.TOTL,207661000,207661000
Upper middle income,UMC,SP.POP.TOTL,1477949343,1477949343
Uruguay,URY,SP.POP.TOTL,2806462,2806462
Uzbekistan,UZB,SP.POP.TOTL,12111511,12111511
Vanuatu,VUT,SP.POP.TOTL,88862,88862
"Venezuela, RB",VEN,SP.POP.TOTL,11741008,11741008
Viet Nam,VNM,SP.POP.TOTL,42449276,42449276
Virgin Islands (U.S.),VIR,SP.POP.TOTL,70937,70937
World,WLD,SP.POP.TOTL,3758612691,3758612691
"Yemen, Rep.",YEM,SP.POP.TOTL,7257462,7257462
Zambia,ZMB,SP.POP.TOTL,4442525,4442525
Zimbabwe,ZWE,SP.POP.TOTL,5374712,5374712
Grand Total,,,38337530358,38337530358
