"```csv"
"Sale Date","Number of Orders"
"OrderDate-2017-01-01","Orders-1"
"OrderDate-2017-01-02","Orders-2"
"OrderDate-2017-01-03","Orders-3"
"OrderDate-2017-01-04","Orders-4"
"OrderDate-2017-01-05","Orders-5"
"OrderDate-2017-01-06","Orders-6"
"OrderDate-2017-01-07","Orders-7"
"OrderDate-2017-01-08","Orders-8"
"OrderDate-2017-01-09","Orders-9"
"OrderDate-2017-01-10","Orders-10"
"OrderDate-2017-01-11","Orders-11"
"OrderDate-2017-01-12","Orders-12"
"OrderDate-2017-01-13","Orders-13"
"OrderDate-2017-01-14","Orders-14"
"OrderDate-2017-01-15","Orders-15"
"OrderDate-2017-01-16","Orders-16"
"OrderDate-2017-01-17","Orders-17"
"OrderDate-2017-01-18","Orders-18"
"OrderDate-2017-01-19","Orders-19"
"OrderDate-2017-01-20","Orders-20"
"OrderDate-2017-01-21","Orders-21"
"OrderDate-2017-01-22","Orders-22"
"OrderDate-2017-01-23","Orders-23"
"OrderDate-2017-01-24","Orders-24"
"OrderDate-2017-01-25","Orders-25"
"OrderDate-2017-01-26","Orders-26"
"OrderDate-2017-01-27","Orders-27"
"OrderDate-2017-01-28","Orders-28"
"OrderDate-2017-01-29","Orders-29"
"OrderDate-2017-01-30","Orders-30"
"OrderDate-2017-01-31","Orders-31"
"OrderDate-2017-02-01","Orders-32"
"OrderDate-2017-02-02","Orders-33"
"OrderDate-2017-02-03","Orders-34"
"OrderDate-2017-02-04","Orders-35"
"OrderDate-2017-02-05","Orders-36"
"OrderDate-2017-02-06","Orders-37"
"OrderDate-2017-02-07","Orders-38"
"OrderDate-2017-02-08","Orders-39"
"OrderDate-2017-02-09","Orders-40"
"OrderDate-2017-02-10","Orders-41"
"OrderDate-2017-02-11","Orders-42"
"OrderDate-2017-02-12","Orders-43"
"OrderDate-2017-02-13","Orders-44"
"OrderDate-2017-02-14","Orders-45"
"OrderDate-2017-02-15","Orders-46"
"OrderDate-2017-02-16","Orders-47"
"OrderDate-2017-02-17","Orders-48"
"OrderDate-2017-02-18","Orders-49"
"OrderDate-2017-02-19","Orders-50"
"OrderDate-2017-02-20","Orders-51"
"OrderDate-2017-02-21","Orders-52"
"OrderDate-2017-02-22","Orders-53"
"OrderDate-2017-02-23","Orders-54"
"OrderDate-2017-02-24","Orders-55"
"OrderDate-2017-02-25","Orders-56"
"OrderDate-2017-02-26","Orders-57"
"OrderDate-2017-02-27","Orders-58"
"OrderDate-2017-02-28","Orders-59"
"OrderDate-2017-03-01","Orders-60"
"OrderDate-2017-03-02","Orders-61"
"OrderDate-2017-03-03","Orders-62"
"OrderDate-2017-03-04","Orders-63"
"OrderDate-2017-03-05","Orders-64"
"OrderDate-2017-03-06","Orders-65"
"OrderDate-2017-03-07","Orders-66"
"OrderDate-2017-03-08","Orders-67"
"OrderDate-2017-03-09","Orders-68"
"OrderDate-2017-03-10","Orders-69"
"OrderDate-2017-03-11","Orders-70"
"OrderDate-2017-03-12","Orders-71"
"OrderDate-2017-03-13","Orders-72"
"OrderDate-2017-03-14","Orders-73"
"OrderDate-2017-03-15","Orders-74"
"OrderDate-2017-03-16","Orders-75"
"OrderDate-2017-03-17","Orders-76"
"OrderDate-2017-03-18","Orders-77"
"OrderDate-2017-03-19","Orders-78"
"OrderDate-2017-03-20","Orders-79"
"OrderDate-2017-03-21","Orders-80"
"OrderDate-2017-03-22","Orders-81"
"OrderDate-2017-03-23","Orders-82"
"OrderDate-2017-03-24","Orders-83"
"OrderDate-2017-03-25","Orders-84"
"OrderDate-2017-03-26","Orders-85"
"OrderDate-2017-03-27","Orders-86"
"OrderDate-2017-03-28","Orders-87"
"OrderDate-2017-03-29","Orders-88"
"OrderDate-2017-03-30","Orders-89"
"OrderDate-2017-03-31","Orders-90"
"OrderDate-2017-04-01","Orders-91"
"OrderDate-2017-04-02","Orders-92"
"OrderDate-2017-04-03","Orders-93"
"OrderDate-2017-04-04","Orders-94"
"OrderDate-2017-04-05","Orders-95"
"OrderDate-2017-04-06","Orders-96"
"OrderDate-2017-04-07","Orders-97"
"OrderDate-2017-04-08","Orders-98"
"OrderDate-2017-04-09","Orders-99"
"OrderDate-2017-04-10","Orders-100"
"OrderDate-2017-04-11","Orders-101"
"OrderDate-2017-04-12","Orders-102"
"OrderDate-2017-04-13","Orders-103"
"OrderDate-2017-04-14","Orders-104"
"OrderDate-2017-04-15","Orders-105"
"OrderDate-2017-04-16","Orders-106"
"OrderDate-2017-04-17","Orders-107"
"OrderDate-2017-04-18","Orders-108"
"OrderDate-2017-04-19","Orders-109"
"OrderDate-2017-04-20","Orders-110"
"OrderDate-2017-04-21","Orders-111"
"OrderDate-2017-04-22","Orders-112"
"OrderDate-2017-04-23","Orders-113"
"OrderDate-2017-04-24","Orders-114"
"OrderDate-2017-04-25","Orders-115"
"OrderDate-2017-04-26","Orders-116"
"OrderDate-2017-04-27","Orders-117"
"OrderDate-2017-04-28","Orders-118"
"OrderDate-2017-04-29","Orders-119"
"OrderDate-2017-04-30","Orders-120"
"OrderDate-2017-05-01","Orders-121"
"OrderDate-2017-05-02","Orders-122"
"OrderDate-2017-05-03","Orders-123"
"OrderDate-2017-05-04","Orders-124"
"OrderDate-2017-05-05","Orders-125"
"OrderDate-2017-05-06","Orders-126"
"OrderDate-2017-05-07","Orders-127"
"OrderDate-2017-05-08","Orders-128"
"OrderDate-2017-05-09","Orders-129"
"OrderDate-2017-05-10","Orders-130"
"OrderDate-2017-05-11","Orders-131"
"OrderDate-2017-05-12","Orders-132"
"OrderDate-2017-05-13","Orders-133"
"OrderDate-2017-05-14","Orders-134"
"OrderDate-2017-05-15","Orders-135"
"OrderDate-2017-05-16","Orders-136"
"OrderDate-2017-05-17","Orders-137"
"OrderDate-2017-05-18","Orders-138"
"OrderDate-2017-05-19","Orders-139"
"OrderDate-2017-05-20","Orders-140"
"OrderDate-2017-05-21","Orders-141"
"OrderDate-2017-05-22","Orders-142"
"OrderDate-2017-05-23","Orders-143"
"OrderDate-2017-05-24","Orders-144"
"OrderDate-2017-05-25","Orders-145"
"OrderDate-2017-05-26","Orders-146"
"OrderDate-2017-05-27","Orders-147"
"OrderDate-2017-05-28","Orders-148"
"OrderDate-2017-05-29","Orders-149"
"OrderDate-2017-05-30","Orders-150"
"OrderDate-2017-05-31","Orders-151"
"OrderDate-2017-06-01","Orders-152"
"OrderDate-2017-06-02","Orders-153"
"OrderDate-2017-06-03","Orders-154"
"OrderDate-2017-06-04","Orders-155"
"OrderDate-2017-06-05","Orders-156"
"OrderDate-2017-06-06","Orders-157"
"OrderDate-2017-06-07","Orders-158"
"OrderDate-2017-06-08","Orders-159"
"OrderDate-2017-06-09","Orders-160"
"OrderDate-2017-06-10","Orders-161"
"OrderDate-2017-06-11","Orders-162"
"OrderDate-2017-06-12","Orders-163"
"OrderDate-2017-06-13","Orders-164"
"OrderDate-2017-06-14","Orders-165"
"OrderDate-2017-06-15","Orders-166"
"OrderDate-2017-06-16","Orders-167"
"OrderDate-2017-06-17","Orders-168"
"OrderDate-2017-06-18","Orders-169"
"OrderDate-2017-06-19","Orders-170"
"OrderDate-2017-06-20","Orders-171"
"OrderDate-2017-06-21","Orders-172"
"OrderDate-2017-06-22","Orders-173"
"OrderDate-2017-06-23","Orders-174"
"OrderDate-2017-06-24","Orders-175"
"OrderDate-2017-06-25","Orders-176"
"OrderDate-2017-06-26","Orders-177"
"OrderDate-2017-06-27","Orders-178"
"OrderDate-2017-06-28","Orders-179"
"OrderDate-2017-06-29","Orders-180"
"OrderDate-2017-06-30","Orders-181"
"OrderDate-2017-07-01","Orders-182"
"OrderDate-2017-07-02","Orders-183"
"OrderDate-2017-07-03","Orders-184"
"OrderDate-2017-07-04","Orders-185"
"OrderDate-2017-07-05","Orders-186"
"OrderDate-2017-07-06","Orders-187"
"OrderDate-2017-07-07","Orders-188"
"OrderDate-2017-07-08","Orders-189"
"OrderDate-2017-07-09","Orders-190"
"OrderDate-2017-07-10","Orders-191"
"OrderDate-2017-07-11","Orders-192"
"OrderDate-2017-07-12","Orders-193"
"OrderDate-2017-07-13","Orders-194"
"OrderDate-2017-07-14","Orders-195"
"OrderDate-2017-07-15","Orders-196"
"OrderDate-2017-07-16","Orders-197"
"OrderDate-2017-07-17","Orders-198"
"OrderDate-2017-07-18","Orders-199"
"OrderDate-2017-07-19","Orders-200"
"OrderDate-2017-07-20","Orders-201"
"OrderDate-2017-07-21","Orders-202"
"OrderDate-2017-07-22","Orders-203"
"OrderDate-2017-07-23","Orders-204"
"OrderDate-2017-07-24","Orders-205"
"OrderDate-2017-07-25","Orders-206"
"OrderDate-2017-07-26","Orders-207"
"OrderDate-2017-07-27","Orders-208"
"OrderDate-2017-07-28","Orders-209"
"OrderDate-2017-07-29","Orders-210"
"OrderDate-2017-07-30","Orders-211"
"OrderDate-2017-07-31","Orders-212"
"OrderDate-2017-08-01","Orders-213"
"OrderDate-2017-08-02","Orders-214"
"OrderDate-2017-08-03","Orders-215"
"OrderDate-2017-08-04","Orders-216"
"OrderDate-2017-08-05","Orders-217"
"OrderDate-2017-08-06","Orders-218"
"OrderDate-2017-08-07","Orders-219"
"OrderDate-2017-08-08","Orders-220"
"OrderDate-2017-08-09","Orders-221"
"OrderDate-2017-08-10","Orders-222"
"OrderDate-2017-08-11","Orders-223"
"OrderDate-2017-08-12","Orders-224"
"OrderDate-2017-08-13","Orders-225"
"OrderDate-2017-08-14","Orders-226"
"OrderDate-2017-08-15","Orders-227"
"OrderDate-2017-08-16","Orders-228"
"OrderDate-2017-08-17","Orders-229"
"OrderDate-2017-08-18","Orders-230"
"OrderDate-2017-08-19","Orders-231"
"OrderDate-2017-08-20","Orders-232"
"OrderDate-2017-08-21","Orders-233"
"OrderDate-2017-08-22","Orders-234"
"OrderDate-2017-08-23","Orders-235"
"OrderDate-2017-08-24","Orders-236"
"OrderDate-2017-08-25","Orders-237"
"OrderDate-2017-08-26","Orders-238"
"OrderDate-2017-08-27","Orders-239"
"OrderDate-2017-08-28","Orders-240"
"OrderDate-2017-08-29","Orders-241"
"OrderDate-2017-08-30","Orders-242"
"OrderDate-2017-08-31","Orders-243"
"OrderDate-2017-09-01","Orders-244"
"OrderDate-2017-09-02","Orders-245"
"OrderDate-2017-09-03","Orders-246"
"OrderDate-2017-09-04","Orders-247"
"OrderDate-2017-09-05","Orders-248"
"OrderDate-2017-09-06","Orders-249"
"OrderDate-2017-09-07","Orders-250"
"OrderDate-2017-09-08","Orders-251"
"OrderDate-2017-09-09","Orders-252"
"OrderDate-2017-09-10","Orders-253"
"OrderDate-2017-09-11","Orders-254"
"OrderDate-2017-09-12","Orders-255"
"OrderDate-2017-09-13","Orders-256"
"OrderDate-2017-09-14","Orders-257"
"OrderDate-2017-09-15","Orders-258"
"OrderDate-2017-09-16","Orders-259"
"OrderDate-2017-09-17","Orders-260"
"OrderDate-2017-09-18","Orders-261"
"OrderDate-2017-09-19","Orders-262"
"OrderDate-2017-09-20","Orders-263"
"OrderDate-2017-09-21","Orders-264"
"OrderDate-2017-09-22","Orders-265"
"OrderDate-2017-09-23","Orders-266"
"OrderDate-2017-09-24","Orders-267"
"OrderDate-2017-09-25","Orders-268"
"OrderDate-2017-09-26","Orders-269"
"OrderDate-2017-09-27","Orders-270"
"OrderDate-2017-09-28","Orders-271"
"OrderDate-2017-09-29","Orders-272"
"OrderDate-2017-09-30","Orders-273"
"OrderDate-2017-10-01","Orders-274"
"OrderDate-2017-10-02","Orders-275"
"OrderDate-2017-10-03","Orders-276"
"OrderDate-2017-10-04","Orders-277"
"OrderDate-2017-10-05","Orders-278"
"OrderDate-2017-10-06","Orders-279"
"OrderDate-2017-10-07","Orders-280"
"OrderDate-2017-10-08","Orders-281"
"OrderDate-2017-10-09","Orders-282"
"OrderDate-2017-10-10","Orders-283"
"OrderDate-2017-10-11","Orders-284"
"OrderDate-2017-10-12","Orders-285"
"OrderDate-2017-10-13","Orders-286"
"OrderDate-2017-10-14","Orders-287"
"OrderDate-2017-10-15","Orders-288"
"OrderDate-2017-10-16","Orders-289"
"OrderDate-2017-10-17","Orders-290"
"OrderDate-2017-10-18","Orders-291"
"OrderDate-2017-10-19","Orders-292"
"OrderDate-2017-10-20","Orders-293"
"OrderDate-2017-10-21","Orders-294"
"OrderDate-2017-10-22","Orders-295"
"OrderDate-2017-10-23","Orders-296"
"OrderDate-2017-10-24","Orders-297"
"OrderDate-2017-10-25","Orders-298"
"OrderDate-2017-10-26","Orders-299"
"OrderDate-2017-10-27","Orders-300"
"OrderDate-2017-10-28","Orders-301"
"OrderDate-2017-10-29","Orders-302"
"OrderDate-2017-10-30","Orders-303"
"OrderDate-2017-10-31","Orders-304"
"OrderDate-2017-11-01","Orders-305"
"OrderDate-2017-11-02","Orders-306"
"OrderDate-2017-11-03","Orders-307"
"OrderDate-2017-11-04","Orders-308"
"OrderDate-2017-11-05","Orders-309"
"OrderDate-2017-11-06","Orders-310"
"OrderDate-2017-11-07","Orders-311"
"OrderDate-2017-11-08","Orders-312"
"OrderDate-2017-11-09","Orders-313"
"OrderDate-2017-11-10","Orders-314"
"OrderDate-2017-11-11","Orders-315"
"OrderDate-2017-11-12","Orders-316"
"OrderDate-2017-11-13","Orders-317"
"OrderDate-2017-11-14","Orders-318"
"OrderDate-2017-11-15","Orders-319"
"OrderDate-2017-11-16","Orders-320"
"OrderDate-2017-11-17","Orders-321"
"OrderDate-2017-11-18","Orders-322"
"OrderDate-2017-11-19","Orders-323"
"OrderDate-2017-11-20","Orders-324"
"OrderDate-2017-11-21","Orders-325"
"OrderDate-2017-11-22","Orders-326"
"OrderDate-2017-11-23","Orders-327"
"OrderDate-2017-11-24","Orders-328"
"OrderDate-2017-11-25","Orders-329"
"OrderDate-2017-11-26","Orders-330"
"OrderDate-2017-11-27","Orders-331"
"OrderDate-2017-11-28","Orders-332"
"OrderDate-2017-11-29","Orders-333"
"OrderDate-2017-11-30","Orders-334"
"OrderDate-2017-12-01","Orders-335"
"OrderDate-2017-12-02","Orders-336"
"OrderDate-2017-12-03","Orders-337"
"OrderDate-2017-12-04","Orders-338"
"OrderDate-2017-12-05","Orders-339"
"OrderDate-2017-12-06","Orders-340"
"OrderDate-2017-12-07","Orders-341"
"OrderDate-2017-12-08","Orders-342"
"OrderDate-2017-12-09","Orders-343"
"OrderDate-2017-12-10","Orders-344"
"OrderDate-2017-12-11","Orders-345"
"OrderDate-2017-12-12","Orders-346"
"OrderDate-2017-12-13","Orders-347"
"OrderDate-2017-12-14","Orders-348"
"OrderDate-2017-12-15","Orders-349"
"OrderDate-2017-12-16","Orders-350"
"OrderDate-2017-12-17","Orders-351"
"OrderDate-2017-12-18","Orders-352"
"OrderDate-2017-12-19","Orders-353"
"OrderDate-2017-12-20","Orders-354"
"OrderDate-2017-12-21","Orders-355"
"OrderDate-2017-12-22","Orders-356"
"OrderDate-2017-12-23","Orders-357"
"OrderDate-2017-12-24","Orders-358"
"OrderDate-2017-12-25","Orders-359"
"OrderDate-2017-12-26","Orders-360"
"OrderDate-2017-12-27","Orders-361"
"OrderDate-2017-12-28","Orders-362"
"OrderDate-2017-12-29","Orders-363"
"OrderDate-2017-12-30","Orders-364"
"OrderDate-2017-12-31","Orders-365"
"OrderDate-2018-01-01","Orders-366"
"OrderDate-2018-01-02","Orders-367"
"OrderDate-2018-01-03","Orders-368"
"OrderDate-2018-01-04","Orders-369"
"OrderDate-2018-01-05","Orders-370"
"OrderDate-2018-01-06","Orders-371"
"OrderDate-2018-01-07","Orders-372"
"OrderDate-2018-01-08","Orders-373"
"OrderDate-2018-01-09","Orders-374"
"OrderDate-2018-01-10","Orders-375"
"OrderDate-2018-01-11","Orders-376"
"OrderDate-2018-01-12","Orders-"
