"```csv"
"censusYear","year1995","unnamed2","unnamed3","unnamed4"
"","","","",""
"indicator_sum","","","indicatorName",""
"country","countryCode","indicatorCode","populationTotal","grandTotal"
"Afgha","AFG","SP.POP.TOTL","17,065,836","17065836"
"Africa EastSouth","AFE","SP.POP.TOTL","356,580,375","356580375"
"Africa WestCentral","AFW","SP.POP.TOTL","239,801,875","239801875"
"Alba","ALB","SP.POP.TOTL","3,187,784","3187784"
"Alger","DZA","SP.POP.TOTL","28,470,191","28470191"
"American Samoa","ASM","SP.POP.TOTL","52,316","52316"
"Andor","AND","SP.POP.TOTL","63,912","63912"
"Angl","AGO","SP.POP.TOTL","13,699,778","13699778"
"Antigua Bar","ATG","SP.POP.TOTL","68,189","68189"
"Arab World","ARB","SP.POP.TOTL","253,952,538","253952538"
"Argentin","ARG","SP.POP.TOTL","35,070,020","35070020"
"Armen","ARM","SP.POP.TOTL","3,307,581","3307581"
"Aruba","ABW","SP.POP.TOTL","79,805","79805"
"Austra","AUS","SP.POP.TOTL","18,004,882","18004882"
"Austr","AUT","SP.POP.TOTL","7,948,278","7948278"
"Azerbaija","AZE","SP.POP.TOTL","7,684,850","7684850"
"Bahamas","BHS","SP.POP.TOTL","301,461","301461"
"Bahrai","BHR","SP.POP.TOTL","558,879","558879"
"Banglade","BGD","SP.POP.TOTL","122,600,370","122600370"
"Barbado","BRB","SP.POP.TOTL","262,039","262039"
"Belaru","BLR","SP.POP.TOTL","10,193,831","10193831"
"Belgiu","BEL","SP.POP.TOTL","10,136,811","10136811"
"Belize","BLZ","SP.POP.TOTL","204,146","204146"
"Beni","BEN","SP.POP.TOTL","6,226,773","6226773"
"Bermuda","BMU","SP.POP.TOTL","59,526","59526"
"Bhuta","BTN","SP.POP.TOTL","547,989","547989"
"Bolivi","BOL","SP.POP.TOTL","7,874,676","7874676"
"Bosnia Herze","BIH","SP.POP.TOTL","3,715,564","3715564"
"Botswan","BWA","SP.POP.TOTL","1,498,836","1498836"
"Brazil","BRA","SP.POP.TOTL","161,735,073","161735073"
"British Virgin Islands","VGB","SP.POP.TOTL","17,840","17840"
"Brunei Darus","BRN","SP.POP.TOTL","291,195","291195"
"Bulgari","BGR","SP.POP.TOTL","8,406,067","8406067"
"Burkina Fas","BFA","SP.POP.TOTL","10,386,722","10386722"
"Burund","BDI","SP.POP.TOTL","6,066,316","6066316"
"Cabo Verde","CPV","SP.POP.TOTL","418,104","418104"
"Cambodi","KHM","SP.POP.TOTL","10,018,497","10018497"
"Cameroo","CMR","SP.POP.TOTL","13,058,516","13058516"
"Canada","CAN","SP.POP.TOTL","29,302,311","29302311"
"Caribbean small states","CSS","SP.POP.TOTL","2,500,748","2500748"
"Cayman Isl","CYM","SP.POP.TOTL","32,743","32743"
"Central African Repu","CAF","SP.POP.TOTL","3,348,052","3348052"
"Central Europe Balti","CEB","SP.POP.TOTL","109,864,246","109864246"
"Chad","TCD","SP.POP.TOTL","7,089,064","7089064"
"Channel Isl","CHI","SP.POP.TOTL","145,247","145247"
"Chil","CHL","SP.POP.TOTL","14,527,381","14527381"
"Chin","CHN","SP.POP.TOTL","1,204,855,000","1204855000"
"Colombi","COL","SP.POP.TOTL","35,804,662","35804662"
"Comoro","COM","SP.POP.TOTL","490,586","490586"
"Congo Dem Rep","COD","SP.POP.TOTL","44,433,704","44433704"
"Congo Rep","COG","SP.POP.TOTL","2,749,461","2749461"
"Costa Ric","CRI","SP.POP.TOTL","3,535,176","3535176"
"Cote d'Ivo","CIV","SP.POP.TOTL","14,855,565","14855565"
"Croati","HRV","SP.POP.TOTL","4,620,030","4620030"
"Cuba","CUB","SP.POP.TOTL","10,925,362","10925362"
"Curaca","CUW","SP.POP.TOTL","145,139","145139"
"Cypru","CYP","SP.POP.TOTL","862,695","862695"
"Czech","CZE","SP.POP.TOTL","10,327,253","10327253"
"Denmar","DNK","SP.POP.TOTL","5,233,373","5233373"
"Djibout","DJI","SP.POP.TOTL","633,074","633074"
"Dominic","DMA","SP.POP.TOTL","69,469","69469"
"Dominican Repu","DOM","SP.POP.TOTL","7,888,115","7888115"
"Early Demo Div","EAR","SP.POP.TOTL","2,273,692,181","2273692181"
"East Asia Paci","EAS","SP.POP.TOTL","1,941,185,229","1941185229"
"East Asia Paci Exclu High Inco","EAP","SP.POP.TOTL","1,716,602,413","1716602413"
"East Asia Paci IDA IBRD countri","TEA","SP.POP.TOTL","1,693,960,469","1693960469"
"Ecuado","ECU","SP.POP.TOTL","11,590,514","11590514"
"Egypt Ara","EGY","SP.POP.TOTL","65,652,622","65652622"
"El Salva","SLV","SP.POP.TOTL","5,762,131","5762131"
"Equatorial Guine","GNQ","SP.POP.TOTL","571,264","571264"
"Eritre","ERI","SP.POP.TOTL","2,025,267","2025267"
"Estoni","EST","SP.POP.TOTL","1,436,634","1436634"
"Eswatin","SWZ","SP.POP.TOTL","970,433","970433"
"Ethiopi","ETH","SP.POP.TOTL","57,537,335","57537335"
"Euro are","EMU","SP.POP.TOTL","321,808,185","321808185"
"Europe Central Asi","ECS","SP.POP.TOTL","859,504,753","859504753"
"Europe Central Asi Exclu High Inco","ECA","SP.POP.TOTL","215,114,964","215114964"
"Europe Central Asi IDA IBRD countri","TEC","SP.POP.TOTL","437,796,116","437796116"
"European Unio","EUU","SP.POP.TOTL","426,210,050","426210050"
"Faroe Isl","FRO","SP.POP.TOTL","43,610","43610"
"Fij","FJI","SP.POP.TOTL","798,746","798746"
"Finlan","FIN","SP.POP.TOTL","5,107,790","5107790"
"Fragile Conf Affe Situat","FCS","SP.POP.TOTL","556,179,028","556179028"
"Franc","FRA","SP.POP.TOTL","59,541,294","59541294"
"French Polynes","PYF","SP.POP.TOTL","222,118","222118"
"Gabo","GAB","SP.POP.TOTL","1,123,213","1123213"
"The Gambia","GMB","SP.POP.TOTL","1,264,313","1264313"
"Georgia","GEO","SP.POP.TOTL","4,657,722","4657722"
"Germa","DEU","SP.POP.TOTL","81,678,051","81678051"
"Ghan","GHA","SP.POP.TOTL","17,399,017","17399017"
"Gibralta","GIB","SP.POP.TOTL","27,377","27377"
"Greec","GRC","SP.POP.TOTL","10,562,153","10562153"
"Greenlan","GRL","SP.POP.TOTL","55,800","55800"
"Grenad","GRD","SP.POP.TOTL","103,869","103869"
"Gua","GUM","SP.POP.TOTL","150,054","150054"
"Guatema","GTM","SP.POP.TOTL","10,312,996","10312996"
"Guine","GIN","SP.POP.TOTL","7,553,249","7553249"
"Guinea Bissa","GNB","SP.POP.TOTL","1,119,949","1119949"
"Guyaa","GUY","SP.POP.TOTL","758,388","758388"
"Hait","HTI","SP.POP.TOTL","7,562,546","7562546"
"Heavily Indebted Poor Countri Hipc","HPC","SP.POP.TOTL","418,830,100","418830100"
"High Inco","HIC","SP.POP.TOTL","1,218,521,009","1218521009"
"Hondu","HND","SP.POP.TOTL","5,739,637","5739637"
"Hong Kong Sar Chin","HKG","SP.POP.TOTL","6,156,100","6156100"
"Hunga","HUN","SP.POP.TOTL","10,328,965","10328965"
"Ibrd Onl","IBD","SP.POP.TOTL","3,728,290,191","3728290191"
"Icelan","ISL","SP.POP.TOTL","267,468","267468"
"IDA Ibrd total","IBT","SP.POP.TOTL","4,727,566,480","4727566480"
"Ida blen","IDB","SP.POP.TOTL","330,471,649","330471649"
"IDA onl","IDX","SP.POP.TOTL","668,804,640","668804640"
"IDA tota","IDA","SP.POP.TOTL","999,276,289","999276289"
"India","IND","SP.POP.TOTL","960,301,044","960301044"
"Indonesi","IDN","SP.POP.TOTL","199,888,057","199888057"
"Iran Islamic Rep","IRN","SP.POP.TOTL","62,205,567","62205567"
"Ira","IRQ","SP.POP.TOTL","20,825,860","20825860"
"Irelan","IRL","SP.POP.TOTL","3,608,841","3608841"
"Isle of ma","IMN","SP.POP.TOTL","71,513","71513"
"Isra","ISR","SP.POP.TOTL","5,545,000","5545000"
"Ital","ITA","SP.POP.TOTL","56,844,303","56844303"
"Jamaic","JAM","SP.POP.TOTL","2,500,151","2500151"
"Japa","JPN","SP.POP.TOTL","125,472,000","125472000"
"Jorda","JOR","SP.POP.TOTL","4,752,096","4752096"
"Kazakhsta","KAZ","SP.POP.TOTL","16,730,536","16730536"
"Ken","KEN","SP.POP.TOTL","26,601,751","26601751"
"Kiribat","KIR","SP.POP.TOTL","81,234","81234"
"Korea Dem Rep","PRK","SP.POP.TOTL","22,669,304","22669304"
"Korea rep","KOR","SP.POP.TOTL","45,092,991","45092991"
"Kosov","XKX","SP.POP.TOTL","2,137,514","2137514"
"Kuwait","KWT","SP.POP.TOTL","1,681,513","1681513"
"Kyrgyz Repu","KGZ","SP.POP.TOTL","4,560,454","4560454"
"Lao pdr","LAO","SP.POP.TOTL","4,929,409","4929409"
"Late Demogr Dividend","LTE","SP.POP.TOTL","1,952,702,058","1952702058"
"Latin America Caribbea","LCN","SP.POP.TOTL","481,309,028","481309028"
"Latin America Caribbea Exclu High Inco","LAC","SP.POP.TOTL","431,803,515","431803515"
"Latin America the Caribbea IDA IBRD countri","TLA","SP.POP.TOTL","465,939,463","465939463"
"Latvi","LVA","SP.POP.TOTL","2,485,056","2485056"
"Least Developed Countri Un Classificat","LDC","SP.POP.TOTL","593,609,643","593609643"
"Lebano","LBN","SP.POP.TOTL","3,960,735","3960735"
"Lesoth","LSO","SP.POP.TOTL","1,951,437","1951437"
"Liberi","LBR","SP.POP.TOTL","2,169,162","2169162"
"Liby","LBY","SP.POP.TOTL","4,906,843","4906843"
"Liechtenstei","LIE","SP.POP.TOTL","30,776","30776"
"Lithuani","LTU","SP.POP.TOTL","3,629,102","3629102"
"Low middle in","LMY","SP.POP.TOTL","4,495,790,686","4495790686"
"Low in","LIC","SP.POP.TOTL","338,706,481","338706481"
"Lower Middle Inco","LMC","SP.POP.TOTL","1,914,934,189","1914934189"
"Luxembour","LUX","SP.POP.TOTL","408,625","408625"
"Macao Sar Chin","MAC","SP.POP.TOTL","409,300","409300"
"Madagasca","MDG","SP.POP.TOTL","14,051,275","14051275"
"Malaw","MWI","SP.POP.TOTL","10,150,117","10150117"
"Malaysi","MYS","SP.POP.TOTL","20,330,599","20330599"
"Maldiv","MDV","SP.POP.TOTL","256,649","256649"
"Mal","MLI","SP.POP.TOTL","10,185,365","10185365"
"Malt","MLT","SP.POP.TOTL","377,419","377419"
"Marshall Isl","MHL","SP.POP.TOTL","48,266","48266"
"Mauritani","MRT","SP.POP.TOTL","2,312,017","2312017"
"Mauritius","MUS","SP.POP.TOTL","1,122,457","1122457"
"Mexic","MEX","SP.POP.TOTL","90,862,455","90862455"
"Micronesia Fed St","FSM","SP.POP.TOTL","110,230","110230"
"Middle East North Afric","MEA","SP.POP.TOTL","287,320,771","287320771"
"Middle East North Afric Exclu High Inco","MNA","SP.POP.TOTL","260,799,200","260799200"
"Middle East North Afric IDA IBRD countri","TMN","SP.POP.TOTL","258,324,534","258324534"
"Middle Inco","MIC","SP.POP.TOTL","4,157,084,205","4157084205"
"Moldov","MDA","SP.POP.TOTL","2,953,200","2953200"
"Monac","MCO","SP.POP.TOTL","31,609","31609"
"Mongoli","MNG","SP.POP.TOTL","2,224,945","2224945"
"Montenegr","MNE","SP.POP.TOTL","611,712","611712"
"Morocc","MAR","SP.POP.TOTL","26,399,429","26399429"
"Mozambiqu","MOZ","SP.POP.TOTL","15,960,530","15960530"
"Myanma","MMR","SP.POP.TOTL","42,605,338","42605338"
"Namibi","NAM","SP.POP.TOTL","1,602,170","1602170"
"Nauru","NRU","SP.POP.TOTL","10,165","10165"
"Nepal","NPL","SP.POP.TOTL","22,245,439","22245439"
"Netherlan","NLD","SP.POP.TOTL","15,459,006","15459006"
"New Caledoni","NCL","SP.POP.TOTL","200,379","200379"
"New Zealan","NZL","SP.POP.TOTL","3,673,400","3673400"
"Nicaragu","NIC","SP.POP.TOTL","4,642,931","4642931"
"Niger","NER","SP.POP.TOTL","9,714,529","9714529"
"Nigeria","NGA","SP.POP.TOTL","110,819,428","110819428"
"North Americ","NAC","SP.POP.TOTL","295,639,837","295639837"
"North Macedoni","MKD","SP.POP.TOTL","1,998,534","1998534"
"Northern Mariana Isl","MNP","SP.POP.TOTL","48,176","48176"
"Norwa","NOR","SP.POP.TOTL","4,359,184","4359184"
"Oecd member","OED","SP.POP.TOTL","1,158,068,699","1158068699"
"Oma","OMN","SP.POP.TOTL","2,120,528","2120528"
"Other Small State","OSS","SP.POP.TOTL","9,948,797","9948797"
"Pacific Isl Small Stat","PSS","SP.POP.TOTL","1,901,782","1901782"
"Pakista","PAK","SP.POP.TOTL","134,582,253","134582253"
"Palau","PLW","SP.POP.TOTL","17,195","17195"
"Panam","PAN","SP.POP.TOTL","2,724,557","2724557"
"Papua New Guine","PNG","SP.POP.TOTL","4,644,278","4644278"
"Paragua","PRY","SP.POP.TOTL","4,579,806","4579806"
"Peru","PER","SP.POP.TOTL","24,348,919","24348919"
"Philippine","PHL","SP.POP.TOTL","70,546,246","70546246"
"Polan","POL","SP.POP.TOTL","38,594,998","38594998"
"Portug","PRT","SP.POP.TOTL","10,026,176","10026176"
"Post Demograph Div","PST","SP.POP.TOTL","995,338,472","995338472"
"Pre Demograph Div","PRE","SP.POP.TOTL","490,118,620","490118620"
"Puerto Ric","PRI","SP.POP.TOTL","3,683,103","3683103"
"Qata","QAT","SP.POP.TOTL","514,325","514325"
"Romania","ROU","SP.POP.TOTL","22,684,270","22684270"
"Russian Federa","RUS","SP.POP.TOTL","148,375,787","148375787"
"Rwand","RWA","SP.POP.TOTL","5,674,118","5674118"
"Samo","WSM","SP.POP.TOTL","174,571","174571"
"San Marino","SMR","SP.POP.TOTL","25,158","25158"
"Sao Tome Principle","STP","SP.POP.TOTL","134,895","134895"
"Saudi Ar","SAU","SP.POP.TOTL","13,289,245","13289245"
"Senega","SEN","SP.POP.TOTL","8,848,101","8848101"
"Serbi","SRB","SP.POP.TOTL","7,628,264","7628264"
"Seychelle","SYC","SP.POP.TOTL","75,304","75304"
"Sierra Leon","SLE","SP.POP.TOTL","4,179,179","4179179"
"Singapor","SGP","SP.POP.TOTL","3,524,506","3524506"
"Sint Maarten Dutch par","SXM","SP.POP.TOTL","31,772","31772"
"Slovak Repu","SVK","SP.POP.TOTL","5,361,999","5361999"
"Sloveni","SVN","SP.POP.TOTL","1,989,872","1989872"
"Small state","SST","SP.POP.TOTL","14,351,327","14351327"
"Solomon Isl","SLB","SP.POP.TOTL","384,733","384733"
"Somali","SOM","SP.POP.TOTL","7,285,007","7285007"
"South Afric","ZAF","SP.POP.TOTL","44,541,554","44541554"
"South Asi","SAS","SP.POP.TOTL","1,275,163,648","1275163648"
"South Asi IDA IBR","TSA","SP.POP.TOTL","1,275,163,648","1275163648"
"South Suda","SSD","SP.POP.TOTL","5,225,836","5225836"
"Spai","ESP","SP.POP.TOTL","39,724,050","39724050"
"Sri Lank","LKA","SP.POP.TOTL","17,564,068","17564068"
"St Kitts Nevi","KNA","SP.POP.TOTL","42,326","42326"
"St Luci","LCA","SP.POP.TOTL","148,208","148208"
"St Martin French par","MAF","SP.POP.TOTL","29,470","29470"
"St Vincent Grenadin","VCT","SP.POP.TOTL","113,047","113047"
"Sub Saharan Afric","SSF","SP.POP.TOTL","596,382,250","596382250"
"Sub Saharan Afric Exclu High Inco","SSA","SP.POP.TOTL","596,306,946","596306946"
"Sub Saharan Afric IDA IBRD countri","TSS","SP.POP.TOTL","596,382,250","596382250"
"Suda","SDN","SP.POP.TOTL","24,672,143","24672143"
"Surinam","SUR","SP.POP.TOTL","429,606","429606"
"Swede","SWE","SP.POP.TOTL","8,826,939","8826939"
"Switzerlan","CHE","SP.POP.TOTL","7,040,687","7040687"
"Syrian Arab Repu","SYR","SP.POP.TOTL","14,616,801","14616801"
"Tajikista","TJK","SP.POP.TOTL","5,948,584","5948584"
"Tanzani","TZA","SP.POP.TOTL","30,383,497","30383497"
"Thailan","THA","SP.POP.TOTL","59,098,232","59098232"
"Timor Lest","TLS","SP.POP.TOTL","868,146","868146"
"Tog","TGO","SP.POP.TOTL","4,410,832","4410832"
"Tong","TON","SP.POP.TOTL","100,225","100225"
"Trinidad Tobag","TTO","SP.POP.TOTL","1,295,169","1295169"
"Tunisi","TUN","SP.POP.TOTL","9,161,258","9161258"
"Turkey","TUR","SP.POP.TOTL","61,024,503","61024503"
"Turkmenista","TKM","SP.POP.TOTL","4,191,203","4191203"
"Turks Caicos Isl","TCA","SP.POP.TOTL","15,052","15052"
"Tuvalu","TUV","SP.POP.TOTL","9,280","9280"
"Ugand","UGA","SP.POP.TOTL","20,665,667","20665667"
"Ukrain","UKR","SP.POP.TOTL","51,665,539","51665539"
"United Arab Emirat","ARE","SP.POP.TOTL","2,434,662","2434662"
"United Kingdo","GBR","SP.POP.TOTL","58,019,030","58019030"
"United State","USA","SP.POP.TOTL","266,278,000","266278000"
"Upper Middle Inco","UMC","SP.POP.TOTL","2,242,150,016","2242"
