Year,1995,Unnamed: 2,Unnamed: 3,Unnamed: 4
,,,,
Sum of Population,,,Indicator Name,
Country Name,Country Code,Indicator Code,"Population, total",Grand Total
Afghanistan,AFG,SP.POP.TOTL,17065836,17065836
Africa Eastern and Southern,AFE,SP.POP.TOTL,356580375,356580375
Africa Western and Central,AFW,SP.POP.TOTL,239801875,239801875
Albania,ALB,SP.POP.TOTL,3187784,3187784
Algeria,DZA,SP.POP.TOTL,28470191,28470191
American Samoa,ASM,SP.POP.TOTL,52316,52316
Andorra,AND,SP.POP.TOTL,63912,63912
Angola,AGO,SP.POP.TOTL,13699778,13699778
Antigua and Barbuda,ATG,SP.POP.TOTL,68189,68189
Arab World,ARB,SP.POP.TOTL,253952538,253952538
Argentina,ARG,SP.POP.TOTL,35070020,35070020
Armenia,ARM,SP.POP.TOTL,3307581,3307581
Aruba,ABW,SP.POP.TOTL,79805,79805
Australia,AUS,SP.POP.TOTL,18004882,18004882
Austria,AUT,SP.POP.TOTL,7948278,7948278
Azerbaijan,AZE,SP.POP.TOTL,7684850,7684850
"Bahamas, The",BHS,SP.POP.TOTL,301461,301461
Bahrain,BHR,SP.POP.TOTL,558879,558879
Bangladesh,BGD,SP.POP.TOTL,122600370,122600370
Barbados,BRB,SP.POP.TOTL,262039,262039
Belarus,BLR,SP.POP.TOTL,10193831,10193831
Belgium,BEL,SP.POP.TOTL,10136811,10136811
Belize,BLZ,SP.POP.TOTL,204146,204146
Benin,BEN,SP.POP.TOTL,6226773,6226773
Bermuda,BMU,SP.POP.TOTL,59526,59526
Bhutan,BTN,SP.POP.TOTL,547989,547989
Bolivia,BOL,SP.POP.TOTL,7874676,7874676
Bosnia and Herzegovina,BIH,SP.POP.TOTL,3715564,3715564
Botswana,BWA,SP.POP.TOTL,1498836,1498836
Brazil,BRA,SP.POP.TOTL,161735073,161735073
British Virgin Islands,VGB,SP.POP.TOTL,17840,17840
Brunei Darussalam,BRN,SP.POP.TOTL,291195,291195
Bulgaria,BGR,SP.POP.TOTL,8406067,8406067
Burkina Faso,BFA,SP.POP.TOTL,10386722,10386722
Burundi,BDI,SP.POP.TOTL,6066316,6066316
Cabo Verde,CPV,SP.POP.TOTL,418104,418104
Cambodia,KHM,SP.POP.TOTL,10018497,10018497
Cameroon,CMR,SP.POP.TOTL,13058516,13058516
Canada,CAN,SP.POP.TOTL,29302311,29302311
Caribbean small states,CSS,SP.POP.TOTL,2500748,2500748
Cayman Islands,CYM,SP.POP.TOTL,32743,32743
Central African Republic,CAF,SP.POP.TOTL,3348052,3348052
Central Europe and the Baltics,CEB,SP.POP.TOTL,109864246,109864246
Chad,TCD,SP.POP.TOTL,7089064,7089064
Channel Islands,CHI,SP.POP.TOTL,145247,145247
Chile,CHL,SP.POP.TOTL,14527381,14527381
China,CHN,SP.POP.TOTL,1204855000,1204855000
Colombia,COL,SP.POP.TOTL,35804662,35804662
Comoros,COM,SP.POP.TOTL,490586,490586
"Congo, Dem. Rep.",COD,SP.POP.TOTL,44433704,44433704
"Congo, Rep.",COG,SP.POP.TOTL,2749461,2749461
Costa Rica,CRI,SP.POP.TOTL,3535176,3535176
Cote d'Ivoire,CIV,SP.POP.TOTL,14855565,14855565
Croatia,HRV,SP.POP.TOTL,4620030,4620030
Cuba,CUB,SP.POP.TOTL,10925362,10925362
Curacao,CUW,SP.POP.TOTL,145139,145139
Cyprus,CYP,SP.POP.TOTL,862695,862695
Czechia,CZE,SP.POP.TOTL,10327253,10327253
Denmark,DNK,SP.POP.TOTL,5233373,5233373
Djibouti,DJI,SP.POP.TOTL,633074,633074
Dominica,DMA,SP.POP.TOTL,69469,69469
Dominican Republic,DOM,SP.POP.TOTL,7888115,7888115
Early-demographic dividend,EAR,SP.POP.TOTL,2273692181,2273692181
East Asia & Pacific,EAS,SP.POP.TOTL,1941185229,1941185229
East Asia & Pacific (excluding high income),EAP,SP.POP.TOTL,1716602413,1716602413
East Asia & Pacific (IDA & IBRD countries),TEA,SP.POP.TOTL,1693960469,1693960469
Ecuador,ECU,SP.POP.TOTL,11590514,11590514
"Egypt, Arab Rep.",EGY,SP.POP.TOTL,65652622,65652622
El Salvador,SLV,SP.POP.TOTL,5762131,5762131
Equatorial Guinea,GNQ,SP.POP.TOTL,571264,571264
Eritrea,ERI,SP.POP.TOTL,2025267,2025267
Estonia,EST,SP.POP.TOTL,1436634,1436634
Eswatini,SWZ,SP.POP.TOTL,970433,970433
Ethiopia,ETH,SP.POP.TOTL,57537335,57537335
Euro area,EMU,SP.POP.TOTL,321808185,321808185
Europe & Central Asia,ECS,SP.POP.TOTL,859504753,859504753
Europe & Central Asia (excluding high income),ECA,SP.POP.TOTL,215114964,215114964
Europe & Central Asia (IDA & IBRD countries),TEC,SP.POP.TOTL,437796116,437796116
European Union,EUU,SP.POP.TOTL,426210050,426210050
Faroe Islands,FRO,SP.POP.TOTL,43610,43610
Fiji,FJI,SP.POP.TOTL,798746,798746
Finland,FIN,SP.POP.TOTL,5107790,5107790
Fragile and conflict affected situations,FCS,SP.POP.TOTL,556179028,556179028
France,FRA,SP.POP.TOTL,59541294,59541294
French Polynesia,PYF,SP.POP.TOTL,222118,222118
Gabon,GAB,SP.POP.TOTL,1123213,1123213
"Gambia, The",GMB,SP.POP.TOTL,1264313,1264313
Georgia,GEO,SP.POP.TOTL,4657722,4657722
Germany,DEU,SP.POP.TOTL,81678051,81678051
Ghana,GHA,SP.POP.TOTL,17399017,17399017
Gibraltar,GIB,SP.POP.TOTL,27377,27377
Greece,GRC,SP.POP.TOTL,10562153,10562153
Greenland,GRL,SP.POP.TOTL,55800,55800
Grenada,GRD,SP.POP.TOTL,103869,103869
Guam,GUM,SP.POP.TOTL,150054,150054
Guatemala,GTM,SP.POP.TOTL,10312996,10312996
Guinea,GIN,SP.POP.TOTL,7553249,7553249
Guinea-Bissau,GNB,SP.POP.TOTL,1119949,1119949
Guyana,GUY,SP.POP.TOTL,758388,758388
Haiti,HTI,SP.POP.TOTL,7562546,7562546
Heavily indebted poor countries (HIPC),HPC,SP.POP.TOTL,418830100,418830100
High income,HIC,SP.POP.TOTL,1218521009,1218521009
Honduras,HND,SP.POP.TOTL,5739637,5739637
"Hong Kong SAR, China",HKG,SP.POP.TOTL,6156100,6156100
Hungary,HUN,SP.POP.TOTL,10328965,10328965
IBRD only,IBD,SP.POP.TOTL,3728290191,3728290191
Iceland,ISL,SP.POP.TOTL,267468,267468
IDA & IBRD total,IBT,SP.POP.TOTL,4727566480,4727566480
IDA blend,IDB,SP.POP.TOTL,330471649,330471649
IDA only,IDX,SP.POP.TOTL,668804640,668804640
IDA total,IDA,SP.POP.TOTL,999276289,999276289
India,IND,SP.POP.TOTL,960301044,960301044
Indonesia,IDN,SP.POP.TOTL,199888057,199888057
"Iran, Islamic Rep.",IRN,SP.POP.TOTL,62205567,62205567
Iraq,IRQ,SP.POP.TOTL,20825860,20825860
Ireland,IRL,SP.POP.TOTL,3608841,3608841
Isle of Man,IMN,SP.POP.TOTL,71513,71513
Israel,ISR,SP.POP.TOTL,5545000,5545000
Italy,ITA,SP.POP.TOTL,56844303,56844303
Jamaica,JAM,SP.POP.TOTL,2500151,2500151
Japan,JPN,SP.POP.TOTL,125472000,125472000
Jordan,JOR,SP.POP.TOTL,4752096,4752096
Kazakhstan,KAZ,SP.POP.TOTL,16730536,16730536
Kenya,KEN,SP.POP.TOTL,26601751,26601751
Kiribati,KIR,SP.POP.TOTL,81234,81234
"Korea, Dem. People's Rep.",PRK,SP.POP.TOTL,22669304,22669304
"Korea, Rep.",KOR,SP.POP.TOTL,45092991,45092991
Kosovo,XKX,SP.POP.TOTL,2137514,2137514
Kuwait,KWT,SP.POP.TOTL,1681513,1681513
Kyrgyz Republic,KGZ,SP.POP.TOTL,4560454,4560454
Lao PDR,LAO,SP.POP.TOTL,4929409,4929409
Late-demographic dividend,LTE,SP.POP.TOTL,1952702058,1952702058
Latin America & Caribbean,LCN,SP.POP.TOTL,481309028,481309028
Latin America & Caribbean (excluding high income),LAC,SP.POP.TOTL,431803515,431803515
Latin America & the Caribbean (IDA & IBRD countries),TLA,SP.POP.TOTL,465939463,465939463
Latvia,LVA,SP.POP.TOTL,2485056,2485056
Least developed countries: UN classification,LDC,SP.POP.TOTL,593609643,593609643
Lebanon,LBN,SP.POP.TOTL,3960735,3960735
Lesotho,LSO,SP.POP.TOTL,1951437,1951437
Liberia,LBR,SP.POP.TOTL,2169162,2169162
Libya,LBY,SP.POP.TOTL,4906843,4906843
Liechtenstein,LIE,SP.POP.TOTL,30776,30776
Lithuania,LTU,SP.POP.TOTL,3629102,3629102
Low & middle income,LMY,SP.POP.TOTL,4495790686,4495790686
Low income,LIC,SP.POP.TOTL,338706481,338706481
Lower middle income,LMC,SP.POP.TOTL,1914934189,1914934189
Luxembourg,LUX,SP.POP.TOTL,408625,408625
"Macao SAR, China",MAC,SP.POP.TOTL,409300,409300
Madagascar,MDG,SP.POP.TOTL,14051275,14051275
Malawi,MWI,SP.POP.TOTL,10150117,10150117
Malaysia,MYS,SP.POP.TOTL,20330599,20330599
Maldives,MDV,SP.POP.TOTL,256649,256649
Mali,MLI,SP.POP.TOTL,10185365,10185365
Malta,MLT,SP.POP.TOTL,377419,377419
Marshall Islands,MHL,SP.POP.TOTL,48266,48266
Mauritania,MRT,SP.POP.TOTL,2312017,2312017
Mauritius,MUS,SP.POP.TOTL,1122457,1122457
Mexico,MEX,SP.POP.TOTL,90862455,90862455
"Micronesia, Fed. Sts.",FSM,SP.POP.TOTL,110230,110230
Middle East & North Africa,MEA,SP.POP.TOTL,287320771,287320771
Middle East & North Africa (excluding high income),MNA,SP.POP.TOTL,260799200,260799200
Middle East & North Africa (IDA & IBRD countries),TMN,SP.POP.TOTL,258324534,258324534
Middle income,MIC,SP.POP.TOTL,4157084205,4157084205
Moldova,MDA,SP.POP.TOTL,2953200,2953200
Monaco,MCO,SP.POP.TOTL,31609,31609
Mongolia,MNG,SP.POP.TOTL,2224945,2224945
Montenegro,MNE,SP.POP.TOTL,611712,611712
Morocco,MAR,SP.POP.TOTL,26399429,26399429
Mozambique,MOZ,SP.POP.TOTL,15960530,15960530
Myanmar,MMR,SP.POP.TOTL,42605338,42605338
Namibia,NAM,SP.POP.TOTL,1602170,1602170
Nauru,NRU,SP.POP.TOTL,10165,10165
Nepal,NPL,SP.POP.TOTL,22245439,22245439
Netherlands,NLD,SP.POP.TOTL,15459006,15459006
New Caledonia,NCL,SP.POP.TOTL,200379,200379
New Zealand,NZL,SP.POP.TOTL,3673400,3673400
Nicaragua,NIC,SP.POP.TOTL,4642931,4642931
Niger,NER,SP.POP.TOTL,9714529,9714529
Nigeria,NGA,SP.POP.TOTL,110819428,110819428
North America,NAC,SP.POP.TOTL,295639837,295639837
North Macedonia,MKD,SP.POP.TOTL,1998534,1998534
Northern Mariana Islands,MNP,SP.POP.TOTL,48176,48176
Norway,NOR,SP.POP.TOTL,4359184,4359184
OECD members,OED,SP.POP.TOTL,1158068699,1158068699
Oman,OMN,SP.POP.TOTL,2120528,2120528
Other small states,OSS,SP.POP.TOTL,9948797,9948797
Pacific island small states,PSS,SP.POP.TOTL,1901782,1901782
Pakistan,PAK,SP.POP.TOTL,134582253,134582253
Palau,PLW,SP.POP.TOTL,17195,17195
Panama,PAN,SP.POP.TOTL,2724557,2724557
Papua New Guinea,PNG,SP.POP.TOTL,4644278,4644278
Paraguay,PRY,SP.POP.TOTL,4579806,4579806
Peru,PER,SP.POP.TOTL,24348919,24348919
Philippines,PHL,SP.POP.TOTL,70546246,70546246
Poland,POL,SP.POP.TOTL,38594998,38594998
Portugal,PRT,SP.POP.TOTL,10026176,10026176
Post-demographic dividend,PST,SP.POP.TOTL,995338472,995338472
Pre-demographic dividend,PRE,SP.POP.TOTL,490118620,490118620
Puerto Rico,PRI,SP.POP.TOTL,3683103,3683103
Qatar,QAT,SP.POP.TOTL,514325,514325
Romania,ROU,SP.POP.TOTL,22684270,22684270
Russian Federation,RUS,SP.POP.TOTL,148375787,148375787
Rwanda,RWA,SP.POP.TOTL,5674118,5674118
Samoa,WSM,SP.POP.TOTL,174571,174571
San Marino,SMR,SP.POP.TOTL,25158,25158
Sao Tome and Principe,STP,SP.POP.TOTL,134895,134895
Saudi Arabia,SAU,SP.POP.TOTL,13289245,13289245
Senegal,SEN,SP.POP.TOTL,8848101,8848101
Serbia,SRB,SP.POP.TOTL,7628264,7628264
Seychelles,SYC,SP.POP.TOTL,75304,75304
Sierra Leone,SLE,SP.POP.TOTL,4179179,4179179
Singapore,SGP,SP.POP.TOTL,3524506,3524506
Sint Maarten (Dutch part),SXM,SP.POP.TOTL,31772,31772
Slovak Republic,SVK,SP.POP.TOTL,5361999,5361999
Slovenia,SVN,SP.POP.TOTL,1989872,1989872
Small states,SST,SP.POP.TOTL,14351327,14351327
Solomon Islands,SLB,SP.POP.TOTL,384733,384733
Somalia,SOM,SP.POP.TOTL,7285007,7285007
South Africa,ZAF,SP.POP.TOTL,44541554,44541554
South Asia,SAS,SP.POP.TOTL,1275163648,1275163648
South Asia (IDA & IBRD),TSA,SP.POP.TOTL,1275163648,1275163648
South Sudan,SSD,SP.POP.TOTL,5225836,5225836
Spain,ESP,SP.POP.TOTL,39724050,39724050
Sri Lanka,LKA,SP.POP.TOTL,17564068,17564068
St. Kitts and Nevis,KNA,SP.POP.TOTL,42326,42326
St. Lucia,LCA,SP.POP.TOTL,148208,148208
St. Martin (French part),MAF,SP.POP.TOTL,29470,29470
St. Vincent and the Grenadines,VCT,SP.POP.TOTL,113047,113047
Sub-Saharan Africa,SSF,SP.POP.TOTL,596382250,596382250
Sub-Saharan Africa (excluding high income),SSA,SP.POP.TOTL,596306946,596306946
Sub-Saharan Africa (IDA & IBRD countries),TSS,SP.POP.TOTL,596382250,596382250
Sudan,SDN,SP.POP.TOTL,24672143,24672143
Suriname,SUR,SP.POP.TOTL,429606,429606
Sweden,SWE,SP.POP.TOTL,8826939,8826939
Switzerland,CHE,SP.POP.TOTL,7040687,7040687
Syrian Arab Republic,SYR,SP.POP.TOTL,14616801,14616801
Tajikistan,TJK,SP.POP.TOTL,5948584,5948584
Tanzania,TZA,SP.POP.TOTL,30383497,30383497
Thailand,THA,SP.POP.TOTL,59098232,59098232
Timor-Leste,TLS,SP.POP.TOTL,868146,868146
Togo,TGO,SP.POP.TOTL,4410832,4410832
Tonga,TON,SP.POP.TOTL,100225,100225
Trinidad and Tobago,TTO,SP.POP.TOTL,1295169,1295169
Tunisia,TUN,SP.POP.TOTL,9161258,9161258
Turkiye,TUR,SP.POP.TOTL,61024503,61024503
Turkmenistan,TKM,SP.POP.TOTL,4191203,4191203
Turks and Caicos Islands,TCA,SP.POP.TOTL,15052,15052
Tuvalu,TUV,SP.POP.TOTL,9280,9280
Uganda,UGA,SP.POP.TOTL,20665667,20665667
Ukraine,UKR,SP.POP.TOTL,51665539,51665539
United Arab Emirates,ARE,SP.POP.TOTL,2434662,2434662
United Kingdom,GBR,SP.POP.TOTL,58019030,58019030
United States,USA,SP.POP.TOTL,266278000,266278000
Upper middle income,UMC,SP.POP.TOTL,2242150016,2242150016
Uruguay,URY,SP.POP.TOTL,3189440,3189440
Uzbekistan,UZB,SP.POP.TOTL,22917589,22917589
Vanuatu,VUT,SP.POP.TOTL,167137,167137
"Venezuela, RB",VEN,SP.POP.TOTL,22193821,22193821
Viet Nam,VNM,SP.POP.TOTL,72049940,72049940
Virgin Islands (U.S.),VIR,SP.POP.TOTL,107818,107818
West Bank and Gaza,PSE,SP.POP.TOTL,2474666,2474666
World,WLD,SP.POP.TOTL,5736505516,5736505516
"Yemen, Rep.",YEM,SP.POP.TOTL,16740058,16740058
Zambia,ZMB,SP.POP.TOTL,8785763,8785763
Zimbabwe,ZWE,SP.POP.TOTL,10974599,10974599
Grand Total,,,60133506586,60133506586
