"```csv"
"businessID","person_Id","contactCode","uniqueID","dateModified"
"Product-292","Product-291","Contact-11","7D4D2DBC-4A44-48F5-911D-A63ABAFD5120","2017/12/13"
"Product-294","Product-293","Contact-11","3EA25B65-9579-4260-977D-D6F00D7D20EE","2017/12/13"
"Product-296","Product-295","Contact-11","DADAC1FF-3351-4827-9AE0-95004885C193","2017/12/13"
"Product-298","Product-297","Contact-11","B924F26F-6446-45D1-A92B-6F418374F075","2017/12/13"
"Product-300","Product-299","Contact-11","5BA4E7BE-8D29-46A2-B68D-67B1615B124A","2017/12/13"
"Product-302","Product-301","Contact-11","6CC8F248-8D96-4AFD-ADCC-61D93E8DE3B1","2017/12/13"
"Product-304","Product-303","Contact-11","33B4DA81-4448-481F-BF7C-357EA4D23F21","2017/12/13"
"Product-306","Product-305","Contact-11","70D35526-7C2F-470F-98CB-F9299A754F16","2017/12/13"
"Product-308","Product-307","Contact-14","DA33B75D-32FB-432D-A275-9E9D32E78F3E","2017/12/13"
"Product-310","Product-309","Contact-14","C2DEE145-A902-477E-AB21-29659AC3E97E","2017/12/13"
"Product-312","Product-311","Contact-14","4020DEAE-56F6-47DF-96C1-A01F3DE2305C","2017/12/13"
"Product-314","Product-313","Contact-14","9EF858DE-EABA-4A53-9B28-FC699D789957","2017/12/13"
"Product-316","Product-315","Contact-11","E3F641EA-02D1-4B59-BE3F-97785D4DAB4D","2017/12/13"
"Product-318","Product-317","Contact-11","DEB6D69A-7A6C-4820-B48D-67DC990A2A20","2017/12/13"
"Product-320","Product-319","Contact-11","C7BBF9BA-A676-41AD-ADC0-64A3190A50AF","2017/12/13"
"Product-322","Product-321","Contact-11","299E6EC8-5AA4-4E78-8EF1-35B125523BD3","2017/12/13"
"Product-324","Product-323","Contact-11","800EAF50-A564-4A2D-B06B-D920F7780C8B","2017/12/13"
"Product-326","Product-325","Contact-11","25CD8C2C-375F-4267-BF52-ACCE99255B42","2017/12/13"
"Product-328","Product-327","Contact-14","3F34DD3E-B7D5-4E44-A44C-D85B06299EDD","2017/12/13"
"Product-330","Product-329","Contact-14","2B8DADDC-5547-402C-9E88-12B70FF867C5","2017/12/13"
"Product-332","Product-331","Contact-11","3E139BDB-4810-464E-9283-DECD32939688","2017/12/13"
"Product-334","Product-333","Contact-11","79B81988-81DB-4C09-ABBA-DFD0328105C0","2017/12/13"
"Product-336","Product-335","Contact-11","F860BD9F-D951-490E-8180-68647B3AF8FF","2017/12/13"
"Product-338","Product-337","Contact-14","FBD31093-D7DA-4E73-A451-65D735AA7A5D","2017/12/13"
"Product-340","Product-339","Contact-14","E47DA956-BD09-4538-8C96-A54184103E37","2017/12/13"
"Product-342","Product-341","Contact-11","684329F0-A72D-48B8-AB03-DF71CDDE7D06","2017/12/13"
"Product-344","Product-343","Contact-11","0E667419-C7BB-4ABA-BE17-78801A6D929C","2017/12/13"
"Product-346","Product-345","Contact-14","6324CF53-A7B0-4009-A717-93FBCE96BE49","2017/12/13"
"Product-348","Product-347","Contact-14","F264A712-713C-4F49-90E4-F472799D372C","2017/12/13"
"Product-350","Product-349","Contact-11","4DA3D351-1BF0-4CE7-933E-49130672217F","2017/12/13"
"Product-352","Product-351","Contact-11","A1E6D0FE-3A15-4ACC-B70C-E5C025F8C672","2017/12/13"
"Product-354","Product-353","Contact-14","E3B65838-39FE-40EA-8A81-50CDBAD14547","2017/12/13"
"Product-356","Product-355","Contact-14","AE565833-864E-4F7C-870D-320D66D87CC0","2017/12/13"
"Product-358","Product-357","Contact-14","B35E6AE5-AA16-4491-8351-96C52F813E59","2017/12/13"
"Product-360","Product-359","Contact-14","ED90B8B3-A1EA-4114-80CE-36194F313A61","2017/12/13"
"Product-362","Product-361","Contact-14","DC638543-D8A6-45BB-9ED4-1BA1B9AFAAF5","2017/12/13"
"Product-364","Product-363","Contact-15","5C2B656B-4FCD-48F5-9490-475E6C913E7B","2017/12/13"
"Product-366","Product-365","Contact-15","D3789A2C-716B-4C68-BF7C-32B50065CB0F","2017/12/13"
"Product-368","Product-367","Contact-15","30530E6E-95E4-418A-9E33-D91E45E1CEEA","2017/12/13"
"Product-370","Product-369","Contact-11","1FC1EB22-9273-4FDE-800B-CC9854EBCE02","2017/12/13"
"Product-372","Product-371","Contact-11","21E336DB-B9B6-40F6-9860-733BD49E5C9B","2017/12/13"
"Product-374","Product-373","Contact-14","7F796271-4766-43B6-9E1C-32D7A6B56D95","2017/12/13"
"Product-376","Product-375","Contact-14","FBCAA1C0-0919-430F-A8A3-2C028561B89D","2017/12/13"
"Product-378","Product-377","Contact-15","D863E894-B7F7-4F04-9A95-318A32717E40","2017/12/13"
"Product-380","Product-379","Contact-15","2FDF5E10-BD87-4F59-881F-5BA8D00AD803","2017/12/13"
"Product-382","Product-381","Contact-11","BD4A26C1-864E-4DA7-BF95-8D7B014C8F30","2017/12/13"
"Product-384","Product-383","Contact-11","F7C042F2-3BF2-438C-A3F4-04C38CF70DC7","2017/12/13"
"Product-386","Product-385","Contact-11","74EBD106-BE6F-4405-8239-C6CFE21D8AA7","2017/12/13"
"Product-388","Product-387","Contact-15","5EAE3335-6344-40B2-BC17-F0A2FCB46D83","2017/12/13"
"Product-390","Product-389","Contact-15","2019BB4F-830D-4A17-9643-5DD983F975C2","2017/12/13"
"Product-392","Product-391","Contact-15","480A6031-F252-4624-97D1-3019065E6DDF","2017/12/13"
"Product-394","Product-393","Contact-11","E7D3DACF-B948-4D60-A3D8-D41AD7C26935","2017/12/13"
"Product-396","Product-395","Contact-11","FB0F5338-9494-4CDE-B23A-0C6AB8EB818F","2017/12/13"
"Product-398","Product-397","Contact-11","333865B8-61D8-491F-AD90-69F168F912FC","2017/12/13"
"Product-400","Product-399","Contact-15","C5B54296-1BB8-4F3F-98D0-5C574FE31AF7","2017/12/13"
"Product-402","Product-401","Contact-15","E9ABD738-DD0B-4CD4-AF1C-A30395EAB63B","2017/12/13"
"Product-404","Product-403","Contact-15","EB03B2B1-44FA-40B4-9FF5-CA9B84222CBE","2017/12/13"
"Product-406","Product-405","Contact-11","17B5E184-3F53-4667-BD9C-01349A40E78C","2017/12/13"
"Product-408","Product-407","Contact-11","A315AD94-37B6-4CA8-9BCC-F1301F93ABBC","2017/12/13"
"Product-410","Product-409","Contact-15","41F91829-511C-41B4-A0DC-92F0690CFCB6","2017/12/13"
"Product-412","Product-411","Contact-15","3B7C82BC-9AC9-48F0-9909-A88503D79441","2017/12/13"
"Product-414","Product-413","Contact-15","509E8E9C-D28E-4D4A-B3FE-EA06C619D9CD","2017/12/13"
"Product-416","Product-415","Contact-11","70C54F8A-7D4A-4C9A-9715-64950B02C961","2017/12/13"
"Product-418","Product-417","Contact-11","DD1FDE3B-80CD-4F07-AFC0-39ED599FE70B","2017/12/13"
"Product-420","Product-419","Contact-14","92E0FA0F-AE90-47CB-B876-F9454C31EA90","2017/12/13"
"Product-422","Product-421","Contact-14","B4E63792-5574-4F7D-A523-998067A535A3","2017/12/13"
"Product-424","Product-423","Contact-15","634700A9-CDA4-4F08-B0D9-C6CE34CC125A","2017/12/13"
"Product-426","Product-425","Contact-15","2F09DB7F-65A2-44C7-98BC-E3E3C51EFDC8","2017/12/13"
"Product-428","Product-427","Contact-15","E6232583-AFCE-4F5F-BAC8-A5B06664FF70","2017/12/13"
"Product-430","Product-429","Contact-11","13DEB0A3-955A-4A10-8967-693F8F997CB0","2017/12/13"
"Product-432","Product-431","Contact-11","48E8A5B2-4CB8-4499-AEA9-2247E33B73B4","2017/12/13"
"Product-434","Product-433","Contact-11","24BD32B1-1EBF-47BB-9ABD-C04A1D81A19E","2017/12/13"
"Product-436","Product-435","Contact-11","3B218536-6495-457D-84CC-3C11FD5142B9","2017/12/13"
"Product-438","Product-437","Contact-11","9A618F3B-A74B-4A55-B1D4-A646E9F031AC","2017/12/13"
"Product-440","Product-439","Contact-11","6F95C549-5F77-4781-AE42-C8DCD6E3801E","2017/12/13"
"Product-442","Product-441","Contact-11","E8F20067-FCF1-49AC-A865-A6E3D39565B4","2017/12/13"
"Product-444","Product-443","Contact-11","7FAB1AA3-009F-49B2-88AB-23B8501BE643","2017/12/13"
"Product-446","Product-445","Contact-11","C6F282B7-3C61-45E3-BFDC-F5759468E54A","2017/12/13"
"Product-448","Product-447","Contact-15","DF410B36-588A-437F-818D-EFA37392CB05","2017/12/13"
"Product-450","Product-449","Contact-15","25A287AA-A9BE-495E-8C1A-44729A598148","2017/12/13"
"Product-452","Product-451","Contact-15","729DBB82-ED84-42F2-91C2-EC78980AAE81","2017/12/13"
"Product-454","Product-453","Contact-15","A88D38C2-555D-4B52-946C-19B0D5E3E987","2017/12/13"
"Product-456","Product-455","Contact-15","FBB75991-E5E9-40C1-B04D-BA4D868F4785","2017/12/13"
"Product-458","Product-457","Contact-15","AE66FC40-0FF3-4D0A-8556-ED43C0E75E2E","2017/12/13"
"Product-460","Product-459","Contact-14","0A43DF68-A7BE-45EC-83B7-FCB97799B91B","2017/12/13"
"Product-462","Product-461","Contact-14","45AB073D-1359-4C5C-86EA-A88EEFB7FF6D","2017/12/13"
"Product-464","Product-463","Contact-14","B4290ADF-B4AD-4F11-8EC6-CC5816DD341A","2017/12/13"
"Product-466","Product-465","Contact-15","3C475491-9655-4037-99E0-553A1C9F0690","2017/12/13"
"Product-468","Product-467","Contact-15","6EE52D26-F6FA-48AB-8E23-EC993459AB57","2017/12/13"
"Product-470","Product-469","Contact-15","4FF4E821-6317-4FD7-97C9-503E01E6F03B","2017/12/13"
"Product-472","Product-471","Contact-14","59EFC73A-6863-4635-B27F-2470116442BB","2017/12/13"
"Product-474","Product-473","Contact-14","ED149A29-71C3-4CAB-A7F1-A4BE14D2B728","2017/12/13"
"Product-476","Product-475","Contact-14","6F02E4A5-AAEE-4CB1-AFD4-14AD326F6EC5","2017/12/13"
"Product-478","Product-477","Contact-14","B11E92D1-4857-44D1-9DBB-3B7AC268A168","2017/12/13"
"Product-480","Product-479","Contact-14","5222158C-33A5-4647-8DDF-9FC97097C3E9","2017/12/13"
"Product-482","Product-481","Contact-14","147D1ABC-259D-4D61-BD36-D8B9A3DD2C41","2017/12/13"
"Product-484","Product-483","Contact-15","7696EB76-B2BD-477E-B3D9-24820DC05F51","2017/12/13"
"Product-486","Product-485","Contact-15","F98BB138-4A7C-4EDA-81B6-5883F8802BD7","2017/12/13"
"Product-488","Product-487","Contact-15","AD449824-295E-4206-BD1E-BD2B1C40BBEA","2017/12/13"
"Product-490","Product-489","Contact-11","70A6A65B-7CDC-4543-8FAA-2E85611BFD6D","2017/12/13"
"Product-492","Product-491","Contact-11","D0F1AF66-3771-4FBE-9E3D-598A07AD65A2","2017/12/13"
"Product-494","Product-493","Contact-11","05591982-37D3-4573-837E-1E22BA505E55","2017/12/13"
"Product-496","Product-495","Contact-15","297F31BF-856E-4611-B96D-4B2175B60602","2017/12/13"
"Product-498","Product-497","Contact-15","D9A4597B-E7B9-4DDA-A0F3-A58D65A08D93","2017/12/13"
"Product-500","Product-499","Contact-15","A7799A5A-5F6E-4C8A-A2AB-B4145A7C64DC","2017/12/13"
"Product-502","Product-501","Contact-15","F4FA9121-3C10-40FF-BBED-4B8FDC51EC21","2017/12/13"
"Product-504","Product-503","Contact-15","EDC2CCDE-94F0-49DD-900F-273D0759A4BE","2017/12/13"
"Product-506","Product-505","Contact-15","16A22928-DB85-4248-9BF4-67B3F04638E5","2017/12/13"
"Product-508","Product-507","Contact-11","9469D670-7BD2-4DC6-8AB4-3BF10565FB37","2017/12/13"
"Product-510","Product-509","Contact-11","21A138C7-A5BB-4C44-A4A1-5B44A37E0EF1","2017/12/13"
"Product-512","Product-511","Contact-15","BCE0B468-E495-4AD6-8B5F-602954F2A55D","2017/12/13"
"Product-514","Product-513","Contact-15","8E581ED6-84C4-4BA8-BBC9-D1ACA8A8F8D9","2017/12/13"
"Product-516","Product-515","Contact-11","9D458542-012D-4E03-A8C7-DE6C07497B61","2017/12/13"
"Product-518","Product-517","Contact-11","5D5721EA-84D4-42B9-AFD2-F05FCD3DC16A","2017/12/13"
"Product-520","Product-519","Contact-11","0AC1244A-7CFE-4EAB-B0CD-96CD711ECE9E","2017/12/13"
"Product-522","Product-521","Contact-14","0D667194-343E-48AB-B636-BBEC46B26344","2017/12/13"
"Product-524","Product-523","Contact-14","8B00A710-7EB2-469B-842B-14EE6D43C58F","2017/12/13"
"Product-526","Product-525","Contact-14","BC5D2E56-3018-4564-9953-A5A036522409","2017/12/13"
"Product-528","Product-527","Contact-15","4845412C-A5F9-4647-AE10-9D50904A289B","2017/12/13"
"Product-528","Product-2009","Contact-14","BF0D55D9-9D51-4849-AFA2-1E81BD3312B9","2017/12/13"
"Product-530","Product-529","Contact-15","E22D3ECD-AAB0-4C19-A0D5-9012E2010BAD","2017/12/13"
"Product-530","Product-2008","Contact-11","619400F2-F097-480D-A171-9F6F4CD0043C","2017/12/13"
"Product-532","Product-531","Contact-15","60885963-7955-4785-BF50-1F490A35EC4E","2017/12/13"
"Product-532","Product-2007","Contact-11","5AB491C0-764F-4D33-B502-42BC5833D7C2","2017/12/13"
"Product-534","Product-533","Contact-14","D90B188C-2B3D-47A8-84A6-756701778F53","2017/12/13"
"Product-536","Product-535","Contact-14","2E4D090F-9E65-479B-B021-93AD772CD346","2017/12/13"
"Product-538","Product-537","Contact-14","E2899E31-BB2E-43C3-A373-4A5BAC33062B","2017/12/13"
"Product-540","Product-539","Contact-14","C6F04C9E-C446-423E-BB29-"
